country_name,country_code,year,co2_emissions
Aruba,ABW,1926,0.0
Aruba,ABW,1927,0.0
Aruba,ABW,1928,0.0
Aruba,ABW,1929,0.0
Aruba,ABW,1930,0.0
Aruba,ABW,1931,0.0
Aruba,ABW,1932,0.0
Aruba,ABW,1933,0.0
Aruba,ABW,1934,0.0
Aruba,ABW,1935,0.0
Aruba,ABW,1936,0.0
Aruba,ABW,1937,0.0
Aruba,ABW,1938,0.0
Aruba,ABW,1939,0.0
Aruba,ABW,1940,0.0
Aruba,ABW,1941,0.0
Aruba,ABW,1942,0.0
Aruba,ABW,1943,0.0
Aruba,ABW,1944,0.0
Aruba,ABW,1945,0.0
Aruba,ABW,1946,0.0
Aruba,ABW,1947,0.0
Aruba,ABW,1948,0.0
Aruba,ABW,1949,0.0
Aruba,ABW,1950,409579.0
Aruba,ABW,1951,645962.0
Aruba,ABW,1952,372977.0
Aruba,ABW,1953,431663.0
Aruba,ABW,1954,873142.0
Aruba,ABW,1955,722234.0
Aruba,ABW,1956,934078.0
Aruba,ABW,1957,637987.0
Aruba,ABW,1958,558852.0
Aruba,ABW,1959,719371.0
Aruba,ABW,1960,618561.0
Aruba,ABW,1961,645553.0
Aruba,ABW,1962,708942.0
Aruba,ABW,1963,679088.0
Aruba,ABW,1964,660275.0
Aruba,ABW,1965,592387.0
Aruba,ABW,1966,553944.0
Aruba,ABW,1967,682359.0
Aruba,ABW,1968,634510.0
Aruba,ABW,1969,830405.0
Aruba,ABW,1970,928761.0
Aruba,ABW,1971,808321.0
Aruba,ABW,1972,783783.0
Aruba,ABW,1973,869461.0
Aruba,ABW,1974,788077.0
Aruba,ABW,1975,570712.0
Aruba,ABW,1976,1219127.0
Aruba,ABW,1977,636760.0
Aruba,ABW,1978,542289.0
Aruba,ABW,1979,568871.0
Aruba,ABW,1980,585435.0
Aruba,ABW,1981,557625.0
Aruba,ABW,1982,623468.0
Aruba,ABW,1983,320425.0
Aruba,ABW,1984,800142.0
Aruba,ABW,1985,936532.0
Aruba,ABW,1986,179536.0
Aruba,ABW,1987,447008.0
Aruba,ABW,1988,611888.0
Aruba,ABW,1989,648528.0
Aruba,ABW,1990,487312.0
Aruba,ABW,1991,531280.0
Aruba,ABW,1992,538608.0
Aruba,ABW,1993,648528.0
Aruba,ABW,1994,659520.0
Aruba,ABW,1995,710816.0
Aruba,ABW,1996,721808.0
Aruba,ABW,1997,758448.0
Aruba,ABW,1998,806080.0
Aruba,ABW,1999,809744.0
Aruba,ABW,2000,2377936.0
Aruba,ABW,2001,2407248.0
Aruba,ABW,2002,2436560.0
Aruba,ABW,2003,2561136.0
Aruba,ABW,2004,2616096.0
Aruba,ABW,2005,2715024.0
Aruba,ABW,2006,2711360.0
Aruba,ABW,2007,2821280.0
Aruba,ABW,2008,2656400.0
Aruba,ABW,2009,2627088.0
Aruba,ABW,2010,2506176.0
Aruba,ABW,2011,2495184.0
Aruba,ABW,2012,1344688.0
Aruba,ABW,2013,861040.0
Aruba,ABW,2014,872032.0
Aruba,ABW,2015,897680.0
Aruba,ABW,2016,883024.0
Aruba,ABW,2017,890352.0
Aruba,ABW,2018,868368.0
Aruba,ABW,2019,831728.0
Aruba,ABW,2020,820736.0
Aruba,ABW,2021,861040.0
Aruba,ABW,2022,888381.0
Aruba,ABW,2023,886584.0
Aruba,ABW,2024,920644.0
Afghanistan,AFG,1949,14656.0
Afghanistan,AFG,1950,84272.0
Afghanistan,AFG,1951,91600.0
Afghanistan,AFG,1952,91600.0
Afghanistan,AFG,1953,106256.0
Afghanistan,AFG,1954,106256.0
Afghanistan,AFG,1955,153888.0
Afghanistan,AFG,1956,183200.0
Afghanistan,AFG,1957,293120.0
Afghanistan,AFG,1958,329760.0
Afghanistan,AFG,1959,384571.0
Afghanistan,AFG,1960,413885.0
Afghanistan,AFG,1961,490798.0
Afghanistan,AFG,1962,688594.0
Afghanistan,AFG,1963,706736.0
Afghanistan,AFG,1964,838551.0
Afghanistan,AFG,1965,1006917.0
Afghanistan,AFG,1966,1091159.0
Afghanistan,AFG,1967,1281865.0
Afghanistan,AFG,1968,1223391.0
Afghanistan,AFG,1969,941232.0
Afghanistan,AFG,1970,1670397.0
Afghanistan,AFG,1971,1893554.0
Afghanistan,AFG,1972,1530347.0
Afghanistan,AFG,1973,1635454.0
Afghanistan,AFG,1974,1913152.0
Afghanistan,AFG,1975,2121383.0
Afghanistan,AFG,1976,1980859.0
Afghanistan,AFG,1977,2384175.0
Afghanistan,AFG,1978,2153300.0
Afghanistan,AFG,1979,2232754.0
Afghanistan,AFG,1980,1756302.0
Afghanistan,AFG,1981,1978463.0
Afghanistan,AFG,1982,2094580.9
Afghanistan,AFG,1983,2519954.0
Afghanistan,AFG,1984,2821540.0
Afghanistan,AFG,1985,3501422.0
Afghanistan,AFG,1986,3133645.0
Afghanistan,AFG,1987,3113826.0
Afghanistan,AFG,1988,2856896.0
Afghanistan,AFG,1989,2764855.0
Afghanistan,AFG,1990,2024326.1
Afghanistan,AFG,1991,1914301.0
Afghanistan,AFG,1992,1482054.0
Afghanistan,AFG,1993,1486943.0
Afghanistan,AFG,1994,1453829.0
Afghanistan,AFG,1995,1417327.0
Afghanistan,AFG,1996,1370104.0
Afghanistan,AFG,1997,1304152.0
Afghanistan,AFG,1998,1278504.0
Afghanistan,AFG,1999,1091640.0
Afghanistan,AFG,2000,1047127.94
Afghanistan,AFG,2001,1069098.0
Afghanistan,AFG,2002,1341065.0
Afghanistan,AFG,2003,1559679.0
Afghanistan,AFG,2004,1237247.0
Afghanistan,AFG,2005,1889507.0
Afghanistan,AFG,2006,2159318.0
Afghanistan,AFG,2007,2799909.0
Afghanistan,AFG,2008,4254490.0
Afghanistan,AFG,2009,6388232.0
Afghanistan,AFG,2010,8364803.5
Afghanistan,AFG,2011,11409623.0
Afghanistan,AFG,2012,9731202.0
Afghanistan,AFG,2013,8891447.0
Afghanistan,AFG,2014,8697668.0
Afghanistan,AFG,2015,9384400.0
Afghanistan,AFG,2016,8605932.0
Afghanistan,AFG,2017,9311054.0
Afghanistan,AFG,2018,10191504.0
Afghanistan,AFG,2019,10400110.0
Afghanistan,AFG,2020,11118626.0
Afghanistan,AFG,2021,9868841.0
Afghanistan,AFG,2022,10169889.0
Afghanistan,AFG,2023,10516319.0
Afghanistan,AFG,2024,10825998.0
Angola,AGO,1950,186864.0
Angola,AGO,1951,249152.0
Angola,AGO,1952,311440.0
Angola,AGO,1953,274681.0
Angola,AGO,1954,347904.0
Angola,AGO,1955,413735.0
Angola,AGO,1956,501611.0
Angola,AGO,1957,618681.0
Angola,AGO,1958,592885.0
Angola,AGO,1959,618592.0
Angola,AGO,1960,548951.0
Angola,AGO,1961,453707.0
Angola,AGO,1962,1179127.0
Angola,AGO,1963,1149723.0
Angola,AGO,1964,1222914.0
Angola,AGO,1965,1186155.0
Angola,AGO,1966,1552466.0
Angola,AGO,1967,991815.0
Angola,AGO,1968,1669539.0
Angola,AGO,1969,2783093.0
Angola,AGO,1970,3577917.0
Angola,AGO,1971,3405383.0
Angola,AGO,1972,4500532.0
Angola,AGO,1973,4873664.0
Angola,AGO,1974,4866398.0
Angola,AGO,1975,4408811.0
Angola,AGO,1976,3280042.0
Angola,AGO,1977,3527511.0
Angola,AGO,1978,5399808.0
Angola,AGO,1979,5489191.0
Angola,AGO,1980,5334352.0
Angola,AGO,1981,5266774.0
Angola,AGO,1982,4635179.0
Angola,AGO,1983,5100535.0
Angola,AGO,1984,4985847.0
Angola,AGO,1985,4676114.0
Angola,AGO,1986,4633840.0
Angola,AGO,1987,5786029.0
Angola,AGO,1988,5049306.0
Angola,AGO,1989,4922750.0
Angola,AGO,1990,5089864.0
Angola,AGO,1991,5064054.0
Angola,AGO,1992,5164449.0
Angola,AGO,1993,5748389.0
Angola,AGO,1994,11353248.0
Angola,AGO,1995,12616650.0
Angola,AGO,1996,15248957.0
Angola,AGO,1997,15884249.0
Angola,AGO,1998,16513294.0
Angola,AGO,1999,17261278.0
Angola,AGO,2000,15995108.0
Angola,AGO,2001,15908461.0
Angola,AGO,2002,16080002.0
Angola,AGO,2003,17484428.0
Angola,AGO,2004,17015688.0
Angola,AGO,2005,15386819.0
Angola,AGO,2006,17144838.0
Angola,AGO,2007,17587936.0
Angola,AGO,2008,18750156.0
Angola,AGO,2009,20668332.0
Angola,AGO,2010,22983320.0
Angola,AGO,2011,23397032.0
Angola,AGO,2012,25940960.0
Angola,AGO,2013,25709742.0
Angola,AGO,2014,26092148.0
Angola,AGO,2015,27505228.0
Angola,AGO,2016,25465634.0
Angola,AGO,2017,23600984.0
Angola,AGO,2018,23278050.0
Angola,AGO,2019,22210076.0
Angola,AGO,2020,16549341.0
Angola,AGO,2021,19218562.0
Angola,AGO,2022,21089004.0
Angola,AGO,2023,21674816.0
Angola,AGO,2024,22333584.0
Anguilla,AIA,1990,43968.0
Anguilla,AIA,1991,43968.0
Anguilla,AIA,1992,47632.0
Anguilla,AIA,1993,54960.0
Anguilla,AIA,1994,54960.0
Anguilla,AIA,1995,54960.0
Anguilla,AIA,1996,58624.0
Anguilla,AIA,1997,58624.0
Anguilla,AIA,1998,65952.0
Anguilla,AIA,1999,69616.0
Anguilla,AIA,2000,80608.0
Anguilla,AIA,2001,84272.0
Anguilla,AIA,2002,84272.0
Anguilla,AIA,2003,87936.0
Anguilla,AIA,2004,98928.0
Anguilla,AIA,2005,109920.0
Anguilla,AIA,2006,120912.0
Anguilla,AIA,2007,124576.0
Anguilla,AIA,2008,124576.0
Anguilla,AIA,2009,124576.0
Anguilla,AIA,2010,128240.01
Anguilla,AIA,2011,124576.0
Anguilla,AIA,2012,120912.0
Anguilla,AIA,2013,113584.0
Anguilla,AIA,2014,120912.0
Anguilla,AIA,2015,135568.0
Anguilla,AIA,2016,139232.0
Anguilla,AIA,2017,128240.01
Anguilla,AIA,2018,131904.0
Anguilla,AIA,2019,142896.0
Anguilla,AIA,2020,135568.0
Anguilla,AIA,2021,139232.0
Anguilla,AIA,2022,142896.0
Anguilla,AIA,2023,142607.0
Anguilla,AIA,2024,148085.0
Albania,ALB,1933,7328.0
Albania,ALB,1934,7328.0
Albania,ALB,1935,18320.0
Albania,ALB,1936,128209.99
Albania,ALB,1937,296725.0
Albania,ALB,1938,348080.0
Albania,ALB,1939,432352.0
Albania,ALB,1940,692496.0
Albania,ALB,1941,626485.0
Albania,ALB,1942,743792.0
Albania,ALB,1943,461664.0
Albania,ALB,1944,153888.0
Albania,ALB,1945,120912.0
Albania,ALB,1946,483648.0
Albania,ALB,1947,926992.0
Albania,ALB,1948,703488.0
Albania,ALB,1949,1014928.0
Albania,ALB,1950,296725.0
Albania,ALB,1951,402981.0
Albania,ALB,1952,373669.0
Albania,ALB,1953,413973.0
Albania,ALB,1954,501909.03
Albania,ALB,1955,663006.0
Albania,ALB,1956,838789.0
Albania,ALB,1957,1505607.0
Albania,ALB,1958,1201465.0
Albania,ALB,1959,1443319.0
Albania,ALB,1960,2022231.1
Albania,ALB,1961,2278533.0
Albania,ALB,1962,2461733.0
Albania,ALB,1963,2080617.0
Albania,ALB,1964,2014694.9
Albania,ALB,1965,2172159.0
Albania,ALB,1966,2549579.0
Albania,ALB,1967,2677493.0
Albania,ALB,1968,3069214.0
Albania,ALB,1969,3241303.0
Albania,ALB,1970,3739486.0
Albania,ALB,1971,4348023.0
Albania,ALB,1972,5637977.0
Albania,ALB,1973,5286406.0
Albania,ALB,1974,4341512.0
Albania,ALB,1975,4591172.0
Albania,ALB,1976,4947198.0
Albania,ALB,1977,5717343.0
Albania,ALB,1978,6491245.0
Albania,ALB,1979,7583971.0
Albania,ALB,1980,5170837.0
Albania,ALB,1981,7343090.0
Albania,ALB,1982,7307607.0
Albania,ALB,1983,7630809.0
Albania,ALB,1984,7825903.0
Albania,ALB,1985,7881540.0
Albania,ALB,1986,8058077.0
Albania,ALB,1987,7447292.0
Albania,ALB,1988,7329222.0
Albania,ALB,1989,8986169.0
Albania,ALB,1990,5520602.0
Albania,ALB,1991,4290226.0
Albania,ALB,1992,2517116.0
Albania,ALB,1993,2337999.0
Albania,ALB,1994,1923806.0
Albania,ALB,1995,2089065.1
Albania,ALB,1996,2017508.0
Albania,ALB,1997,1543009.0
Albania,ALB,1998,1754709.0
Albania,ALB,1999,2986196.0
Albania,ALB,2000,3024926.0
Albania,ALB,2001,3220656.0
Albania,ALB,2002,3748272.0
Albania,ALB,2003,4303499.0
Albania,ALB,2004,4176684.0
Albania,ALB,2005,4261413.0
Albania,ALB,2006,3910715.0
Albania,ALB,2007,4003596.8
Albania,ALB,2008,4448339.0
Albania,ALB,2009,4369912.0
Albania,ALB,2010,4816841.0
Albania,ALB,2011,5175444.0
Albania,ALB,2012,4930006.0
Albania,ALB,2013,5346089.0
Albania,ALB,2014,6072489.0
Albania,ALB,2015,4712144.0
Albania,ALB,2016,4555035.0
Albania,ALB,2017,5343792.0
Albania,ALB,2018,5194860.0
Albania,ALB,2019,4940528.0
Albania,ALB,2020,4865033.0
Albania,ALB,2021,5137011.0
Albania,ALB,2022,4498282.0
Albania,ALB,2023,4417333.0
Albania,ALB,2024,4444448.0
Andorra,AND,1990,403040.0
Andorra,AND,1991,403040.0
Andorra,AND,1992,403040.0
Andorra,AND,1993,406704.0
Andorra,AND,1994,403040.0
Andorra,AND,1995,425024.0
Andorra,AND,1996,454336.0
Andorra,AND,1997,465328.0
Andorra,AND,1998,490976.0
Andorra,AND,1999,512960.03
Andorra,AND,2000,523952.0
Andorra,AND,2001,523952.0
Andorra,AND,2002,531280.0
Andorra,AND,2003,534944.0
Andorra,AND,2004,564256.0
Andorra,AND,2005,578912.0
Andorra,AND,2006,545936.0
Andorra,AND,2007,538608.0
Andorra,AND,2008,538608.0
Andorra,AND,2009,516623.97
Andorra,AND,2010,516623.97
Andorra,AND,2011,490976.0
Andorra,AND,2012,487312.0
Andorra,AND,2013,476320.0
Andorra,AND,2014,461664.0
Andorra,AND,2015,465328.0
Andorra,AND,2016,472656.0
Andorra,AND,2017,472656.0
Andorra,AND,2018,498304.0
Andorra,AND,2019,490976.0
Andorra,AND,2020,377392.0
Andorra,AND,2021,414032.0
Andorra,AND,2022,423408.0
Andorra,AND,2023,418098.0
Andorra,AND,2024,424663.0
United Arab Emirates,ARE,1959,10992.0
United Arab Emirates,ARE,1960,10992.0
United Arab Emirates,ARE,1961,10992.0
United Arab Emirates,ARE,1962,18320.0
United Arab Emirates,ARE,1963,21984.0
United Arab Emirates,ARE,1964,18320.0
United Arab Emirates,ARE,1965,21984.0
United Arab Emirates,ARE,1966,25648.0
United Arab Emirates,ARE,1967,916000.0
United Arab Emirates,ARE,1968,1242096.0
United Arab Emirates,ARE,1969,20507408.0
United Arab Emirates,ARE,1970,15234912.0
United Arab Emirates,ARE,1971,21166928.0
United Arab Emirates,ARE,1972,23434944.0
United Arab Emirates,ARE,1973,30605392.0
United Arab Emirates,ARE,1974,31301552.0
United Arab Emirates,ARE,1975,31045072.0
United Arab Emirates,ARE,1976,39617840.0
United Arab Emirates,ARE,1977,38752944.0
United Arab Emirates,ARE,1978,44769150.0
United Arab Emirates,ARE,1979,36567700.0
United Arab Emirates,ARE,1980,36859310.0
United Arab Emirates,ARE,1981,36810030.0
United Arab Emirates,ARE,1982,36817668.0
United Arab Emirates,ARE,1983,35289464.0
United Arab Emirates,ARE,1984,46306212.0
United Arab Emirates,ARE,1985,49828110.0
United Arab Emirates,ARE,1986,47156028.0
United Arab Emirates,ARE,1987,47605804.0
United Arab Emirates,ARE,1988,48273984.0
United Arab Emirates,ARE,1989,54384260.0
United Arab Emirates,ARE,1990,51907936.0
United Arab Emirates,ARE,1991,56895576.0
United Arab Emirates,ARE,1992,58005216.0
United Arab Emirates,ARE,1993,65832140.0
United Arab Emirates,ARE,1994,75350420.0
United Arab Emirates,ARE,1995,72873750.0
United Arab Emirates,ARE,1996,75836120.0
United Arab Emirates,ARE,1997,73297510.0
United Arab Emirates,ARE,1998,80624520.0
United Arab Emirates,ARE,1999,77844060.0
United Arab Emirates,ARE,2000,112276810.0
United Arab Emirates,ARE,2001,101895540.0
United Arab Emirates,ARE,2002,85213030.0
United Arab Emirates,ARE,2003,107105830.0
United Arab Emirates,ARE,2004,112468610.0
United Arab Emirates,ARE,2005,115273290.0
United Arab Emirates,ARE,2006,122723180.0
United Arab Emirates,ARE,2007,134103150.0
United Arab Emirates,ARE,2008,155030380.0
United Arab Emirates,ARE,2009,169088110.0
United Arab Emirates,ARE,2010,185848400.0
United Arab Emirates,ARE,2011,198518190.0
United Arab Emirates,ARE,2012,208323570.0
United Arab Emirates,ARE,2013,214188060.0
United Arab Emirates,ARE,2014,214530340.0
United Arab Emirates,ARE,2015,225044830.0
United Arab Emirates,ARE,2016,227897730.0
United Arab Emirates,ARE,2017,196492830.0
United Arab Emirates,ARE,2018,204104800.0
United Arab Emirates,ARE,2019,204058080.0
United Arab Emirates,ARE,2020,215266180.0
United Arab Emirates,ARE,2021,212172960.0
United Arab Emirates,ARE,2022,207103410.0
United Arab Emirates,ARE,2023,210425100.0
United Arab Emirates,ARE,2024,221988080.0
Argentina,ARG,1856,16651.0
Argentina,ARG,1857,40757.0
Argentina,ARG,1858,52768.0
Argentina,ARG,1859,33825.0
Argentina,ARG,1860,41522.0
Argentina,ARG,1861,50365.0
Argentina,ARG,1862,41491.0
Argentina,ARG,1863,61083.0
Argentina,ARG,1864,51953.0
Argentina,ARG,1865,89168.0
Argentina,ARG,1866,141423.0
Argentina,ARG,1867,101799.0
Argentina,ARG,1868,150623.0
Argentina,ARG,1869,174755.0
Argentina,ARG,1870,160446.0
Argentina,ARG,1871,173509.0
Argentina,ARG,1872,169208.0
Argentina,ARG,1873,187797.0
Argentina,ARG,1874,222817.0
Argentina,ARG,1875,129876.0
Argentina,ARG,1876,127019.0
Argentina,ARG,1877,100473.0
Argentina,ARG,1878,80873.0
Argentina,ARG,1879,191650.0
Argentina,ARG,1880,194096.0
Argentina,ARG,1881,308238.0
Argentina,ARG,1882,344096.0
Argentina,ARG,1883,481405.0
Argentina,ARG,1884,657415.0
Argentina,ARG,1885,761540.0
Argentina,ARG,1886,784439.0
Argentina,ARG,1887,1207669.0
Argentina,ARG,1888,1198649.0
Argentina,ARG,1889,1967535.0
Argentina,ARG,1890,1452580.0
Argentina,ARG,1891,1083523.0
Argentina,ARG,1892,1684981.0
Argentina,ARG,1893,1670885.0
Argentina,ARG,1894,1947204.0
Argentina,ARG,1895,2339746.0
Argentina,ARG,1896,2283952.0
Argentina,ARG,1897,2237196.0
Argentina,ARG,1898,2226631.0
Argentina,ARG,1899,2642508.0
Argentina,ARG,1900,2025777.1
Argentina,ARG,1901,2407750.0
Argentina,ARG,1902,2554854.0
Argentina,ARG,1903,2922669.0
Argentina,ARG,1904,3738865.0
Argentina,ARG,1905,4654740.0
Argentina,ARG,1906,6213628.0
Argentina,ARG,1907,5458138.0
Argentina,ARG,1908,5894652.0
Argentina,ARG,1909,5465079.0
Argentina,ARG,1910,6925234.0
Argentina,ARG,1911,8444686.0
Argentina,ARG,1912,8567421.0
Argentina,ARG,1913,9346873.0
Argentina,ARG,1914,8294103.5
Argentina,ARG,1915,5521730.0
Argentina,ARG,1916,4215235.0
Argentina,ARG,1917,2411352.0
Argentina,ARG,1918,1569276.0
Argentina,ARG,1919,3410035.0
Argentina,ARG,1920,5608900.0
Argentina,ARG,1921,4760872.0
Argentina,ARG,1922,6055772.0
Argentina,ARG,1923,7343099.0
Argentina,ARG,1924,9863518.0
Argentina,ARG,1925,10156537.0
Argentina,ARG,1926,10323330.0
Argentina,ARG,1927,12499041.0
Argentina,ARG,1928,12190790.0
Argentina,ARG,1929,12606970.0
Argentina,ARG,1930,12338452.0
Argentina,ARG,1931,12465657.0
Argentina,ARG,1932,12897623.0
Argentina,ARG,1933,13524040.0
Argentina,ARG,1934,14660483.0
Argentina,ARG,1935,14432186.0
Argentina,ARG,1936,15316796.0
Argentina,ARG,1937,16408022.0
Argentina,ARG,1938,16175169.0
Argentina,ARG,1939,16484650.0
Argentina,ARG,1940,15647855.0
Argentina,ARG,1941,13940459.0
Argentina,ARG,1942,13479180.0
Argentina,ARG,1943,14076890.0
Argentina,ARG,1944,13951808.0
Argentina,ARG,1945,13665986.0
Argentina,ARG,1946,13702418.0
Argentina,ARG,1947,14514933.0
Argentina,ARG,1948,17391620.0
Argentina,ARG,1949,15364626.0
Argentina,ARG,1950,29921192.0
Argentina,ARG,1951,34962916.0
Argentina,ARG,1952,36098704.0
Argentina,ARG,1953,35134740.0
Argentina,ARG,1954,36750356.0
Argentina,ARG,1955,39559988.0
Argentina,ARG,1956,44296736.0
Argentina,ARG,1957,47607776.0
Argentina,ARG,1958,44192510.0
Argentina,ARG,1959,48948800.0
Argentina,ARG,1960,48764500.0
Argentina,ARG,1961,51126708.0
Argentina,ARG,1962,53640124.0
Argentina,ARG,1963,50032660.0
Argentina,ARG,1964,55670040.0
Argentina,ARG,1965,58804852.0
Argentina,ARG,1966,63072668.0
Argentina,ARG,1967,65475984.0
Argentina,ARG,1968,69009220.0
Argentina,ARG,1969,77248870.0
Argentina,ARG,1970,82648000.0
Argentina,ARG,1971,88850160.0
Argentina,ARG,1972,90072616.0
Argentina,ARG,1973,93984430.0
Argentina,ARG,1974,95492190.0
Argentina,ARG,1975,94860450.0
Argentina,ARG,1976,99718050.0
Argentina,ARG,1977,100728890.0
Argentina,ARG,1978,102583410.0
Argentina,ARG,1979,110649040.0
Argentina,ARG,1980,108695224.0
Argentina,ARG,1981,102008616.0
Argentina,ARG,1982,103388130.0
Argentina,ARG,1983,105182110.0
Argentina,ARG,1984,106491760.0
Argentina,ARG,1985,100569300.0
Argentina,ARG,1986,104198744.0
Argentina,ARG,1987,114935944.0
Argentina,ARG,1988,121464450.0
Argentina,ARG,1989,117066980.0
Argentina,ARG,1990,112188296.0
Argentina,ARG,1991,117726930.0
Argentina,ARG,1992,121514170.0
Argentina,ARG,1993,118020980.0
Argentina,ARG,1994,118506770.0
Argentina,ARG,1995,125415496.0
Argentina,ARG,1996,131445544.0
Argentina,ARG,1997,136617010.0
Argentina,ARG,1998,139505300.0
Argentina,ARG,1999,148344580.0
Argentina,ARG,2000,143354820.0
Argentina,ARG,2001,135003970.0
Argentina,ARG,2002,124930110.0
Argentina,ARG,2003,134421000.0
Argentina,ARG,2004,157235150.0
Argentina,ARG,2005,161727950.0
Argentina,ARG,2006,174341660.0
Argentina,ARG,2007,173763580.0
Argentina,ARG,2008,187595540.0
Argentina,ARG,2009,178378450.0
Argentina,ARG,2010,186121300.0
Argentina,ARG,2011,189883820.0
Argentina,ARG,2012,191714580.0
Argentina,ARG,2013,189524850.0
Argentina,ARG,2014,188539180.0
Argentina,ARG,2015,191808800.0
Argentina,ARG,2016,190020500.0
Argentina,ARG,2017,187068020.0
Argentina,ARG,2018,182483460.0
Argentina,ARG,2019,180427660.0
Argentina,ARG,2020,164612720.0
Argentina,ARG,2021,190196930.0
Argentina,ARG,2022,183768140.0
Argentina,ARG,2023,178406990.0
Argentina,ARG,2024,171059260.0
Armenia,ARM,1830,41.0
Armenia,ARM,1831,49.0
Armenia,ARM,1832,32.0
Armenia,ARM,1833,41.0
Armenia,ARM,1850,250.99998
Armenia,ARM,1855,762.0
Armenia,ARM,1858,1070.0
Armenia,ARM,1859,1134.0
Armenia,ARM,1860,1499.0
Armenia,ARM,1861,1904.0
Armenia,ARM,1862,1718.0
Armenia,ARM,1863,1799.0
Armenia,ARM,1864,2018.0
Armenia,ARM,1865,1929.0
Armenia,ARM,1866,6094.0
Armenia,ARM,1867,6993.0
Armenia,ARM,1868,5818.0
Armenia,ARM,1869,7893.0
Armenia,ARM,1870,8565.0
Armenia,ARM,1871,11563.0
Armenia,ARM,1872,11871.0
Armenia,ARM,1873,11142.0
Armenia,ARM,1874,13524.0
Armenia,ARM,1875,15567.0
Armenia,ARM,1876,19326.0
Armenia,ARM,1877,19724.0
Armenia,ARM,1878,25777.0
Armenia,ARM,1879,26449.0
Armenia,ARM,1880,31028.0
Armenia,ARM,1881,32681.0
Armenia,ARM,1882,34423.0
Armenia,ARM,1883,39180.0
Armenia,ARM,1884,39779.0
Armenia,ARM,1885,43329.0
Armenia,ARM,1886,44439.0
Armenia,ARM,1887,47024.0
Armenia,ARM,1888,49050.0
Armenia,ARM,1889,52972.0
Armenia,ARM,1890,59989.0
Armenia,ARM,1891,66050.0
Armenia,ARM,1892,69916.0
Armenia,ARM,1893,81949.0
Armenia,ARM,1894,83464.0
Armenia,ARM,1895,95903.0
Armenia,ARM,1896,97629.0
Armenia,ARM,1897,112880.0
Armenia,ARM,1898,126598.0
Armenia,ARM,1899,146865.0
Armenia,ARM,1900,166370.0
Armenia,ARM,1901,170802.0
Armenia,ARM,1902,164968.0
Armenia,ARM,1903,161370.0
Armenia,ARM,1904,179538.0
Armenia,ARM,1905,160260.0
Armenia,ARM,1906,182795.0
Armenia,ARM,1907,204747.0
Armenia,ARM,1908,206003.0
Armenia,ARM,1909,217461.0
Armenia,ARM,1910,213264.0
Armenia,ARM,1911,221108.0
Armenia,ARM,1912,250465.98
Armenia,ARM,1913,272086.0
Armenia,ARM,1914,245564.0
Armenia,ARM,1915,225394.0
Armenia,ARM,1916,240232.0
Armenia,ARM,1917,221091.0
Armenia,ARM,1918,88172.0
Armenia,ARM,1919,75312.0
Armenia,ARM,1920,68676.0
Armenia,ARM,1921,74478.0
Armenia,ARM,1922,90830.0
Armenia,ARM,1923,100336.0
Armenia,ARM,1924,119540.0
Armenia,ARM,1925,117985.0
Armenia,ARM,1926,170948.0
Armenia,ARM,1927,212534.0
Armenia,ARM,1928,233329.0
Armenia,ARM,1929,251329.98
Armenia,ARM,1930,343219.0
Armenia,ARM,1931,412689.0
Armenia,ARM,1932,464280.0
Armenia,ARM,1933,519633.0
Armenia,ARM,1934,627919.0
Armenia,ARM,1935,709677.0
Armenia,ARM,1936,812362.0
Armenia,ARM,1937,831618.0
Armenia,ARM,1938,877843.0
Armenia,ARM,1939,888652.0
Armenia,ARM,1940,1065485.0
Armenia,ARM,1941,936020.0
Armenia,ARM,1942,513580.97
Armenia,ARM,1943,536003.0
Armenia,ARM,1944,777305.0
Armenia,ARM,1945,819320.0
Armenia,ARM,1946,918206.0
Armenia,ARM,1947,1104409.0
Armenia,ARM,1948,1172923.0
Armenia,ARM,1949,1332696.0
Armenia,ARM,1950,1483024.0
Armenia,ARM,1951,1605536.0
Armenia,ARM,1952,1718954.0
Armenia,ARM,1953,1818004.0
Armenia,ARM,1954,1983702.0
Armenia,ARM,1955,2249097.0
Armenia,ARM,1956,2468464.0
Armenia,ARM,1957,2702102.0
Armenia,ARM,1958,2885781.0
Armenia,ARM,1959,3034020.0
Armenia,ARM,1960,3159567.0
Armenia,ARM,1961,3262113.0
Armenia,ARM,1962,3428950.0
Armenia,ARM,1963,3682205.0
Armenia,ARM,1964,3920262.0
Armenia,ARM,1965,4160606.8
Armenia,ARM,1966,4395587.0
Armenia,ARM,1967,4601464.0
Armenia,ARM,1968,4736134.0
Armenia,ARM,1969,4936462.0
Armenia,ARM,1970,5190815.0
Armenia,ARM,1971,5518527.0
Armenia,ARM,1972,5813298.0
Armenia,ARM,1973,6067397.0
Armenia,ARM,1974,6307709.0
Armenia,ARM,1975,6637796.0
Armenia,ARM,1976,6895225.0
Armenia,ARM,1977,7132641.0
Armenia,ARM,1978,7382617.0
Armenia,ARM,1979,7443525.0
Armenia,ARM,1980,7734904.0
Armenia,ARM,1981,7600476.0
Armenia,ARM,1982,7745151.0
Armenia,ARM,1983,7861092.0
Armenia,ARM,1984,7935474.0
Armenia,ARM,1985,8551112.0
Armenia,ARM,1986,8142524.5
Armenia,ARM,1987,8169481.5
Armenia,ARM,1988,9298551.0
Armenia,ARM,1989,9418273.0
Armenia,ARM,1990,9003210.0
Armenia,ARM,1991,7382952.0
Armenia,ARM,1992,5723698.0
Armenia,ARM,1993,2510247.0
Armenia,ARM,1994,2684702.0
Armenia,ARM,1995,3362694.0
Armenia,ARM,1996,2500312.0
Armenia,ARM,1997,3252761.0
Armenia,ARM,1998,3419094.0
Armenia,ARM,1999,3040204.0
Armenia,ARM,2000,3491407.0
Armenia,ARM,2001,3532701.0
Armenia,ARM,2002,3076793.0
Armenia,ARM,2003,3455560.0
Armenia,ARM,2004,3691197.0
Armenia,ARM,2005,4376169.0
Armenia,ARM,2006,4401590.0
Armenia,ARM,2007,5100210.0
Armenia,ARM,2008,5574790.0
Armenia,ARM,2009,4363500.0
Armenia,ARM,2010,4256414.0
Armenia,ARM,2011,4968878.0
Armenia,ARM,2012,5748252.0
Armenia,ARM,2013,5535127.0
Armenia,ARM,2014,5604113.0
Armenia,ARM,2015,5469204.0
Armenia,ARM,2016,5206677.0
Armenia,ARM,2017,5536589.0
Armenia,ARM,2018,5822122.0
Armenia,ARM,2019,6284110.0
Armenia,ARM,2020,6795190.0
Armenia,ARM,2021,7350704.0
Armenia,ARM,2022,7698773.0
Armenia,ARM,2023,7430228.0
Armenia,ARM,2024,7430715.0
Antarctica,ATA,1987,3664.0
Antarctica,ATA,1988,7328.0
Antarctica,ATA,1989,7328.0
Antarctica,ATA,1990,10992.0
Antarctica,ATA,1991,14656.0
Antarctica,ATA,1992,14656.0
Antarctica,ATA,1993,14656.0
Antarctica,ATA,1994,14656.0
Antarctica,ATA,1995,3664.0
Antarctica,ATA,1996,3664.0
Antarctica,ATA,1997,3664.0
Antarctica,ATA,1998,3664.0
Antarctica,ATA,1999,3664.0
Antarctica,ATA,2000,3664.0
Antarctica,ATA,2001,3664.0
Antarctica,ATA,2002,3664.0
Antarctica,ATA,2003,3664.0
Antarctica,ATA,2004,7328.0
Antarctica,ATA,2005,7328.0
Antarctica,ATA,2006,7328.0
Antarctica,ATA,2007,10992.0
Antarctica,ATA,2008,0.0
Antarctica,ATA,2009,0.0
Antarctica,ATA,2010,0.0
Antarctica,ATA,2011,0.0
Antarctica,ATA,2012,0.0
Antarctica,ATA,2013,0.0
Antarctica,ATA,2014,0.0
Antarctica,ATA,2015,0.0
Antarctica,ATA,2016,0.0
Antarctica,ATA,2017,0.0
Antarctica,ATA,2018,0.0
Antarctica,ATA,2019,0.0
Antarctica,ATA,2020,0.0
Antarctica,ATA,2021,0.0
Antarctica,ATA,2022,0.0
Antarctica,ATA,2023,0.0
Antarctica,ATA,2024,0.0
Antigua and Barbuda,ATG,1950,12213.0
Antigua and Barbuda,ATG,1951,19541.0
Antigua and Barbuda,ATG,1952,14656.0
Antigua and Barbuda,ATG,1953,17099.0
Antigua and Barbuda,ATG,1954,12213.0
Antigua and Barbuda,ATG,1955,21984.0
Antigua and Barbuda,ATG,1956,21984.0
Antigua and Barbuda,ATG,1957,21984.0
Antigua and Barbuda,ATG,1958,29312.0
Antigua and Barbuda,ATG,1959,29312.0
Antigua and Barbuda,ATG,1960,36640.0
Antigua and Barbuda,ATG,1961,47632.0
Antigua and Barbuda,ATG,1962,102592.0
Antigua and Barbuda,ATG,1963,84272.0
Antigua and Barbuda,ATG,1964,91600.0
Antigua and Barbuda,ATG,1965,150224.0
Antigua and Barbuda,ATG,1966,348080.0
Antigua and Barbuda,ATG,1967,564256.0
Antigua and Barbuda,ATG,1968,989280.0
Antigua and Barbuda,ATG,1969,1256752.0
Antigua and Barbuda,ATG,1970,461664.0
Antigua and Barbuda,ATG,1971,425024.0
Antigua and Barbuda,ATG,1972,373728.0
Antigua and Barbuda,ATG,1973,329760.0
Antigua and Barbuda,ATG,1974,428688.0
Antigua and Barbuda,ATG,1975,707152.0
Antigua and Barbuda,ATG,1976,403040.0
Antigua and Barbuda,ATG,1977,465328.0
Antigua and Barbuda,ATG,1978,490976.0
Antigua and Barbuda,ATG,1979,406704.0
Antigua and Barbuda,ATG,1980,142896.0
Antigua and Barbuda,ATG,1981,106256.0
Antigua and Barbuda,ATG,1982,293120.0
Antigua and Barbuda,ATG,1983,84272.0
Antigua and Barbuda,ATG,1984,146560.0
Antigua and Barbuda,ATG,1985,249152.0
Antigua and Barbuda,ATG,1986,249152.0
Antigua and Barbuda,ATG,1987,274800.0
Antigua and Barbuda,ATG,1988,285792.0
Antigua and Barbuda,ATG,1989,285792.0
Antigua and Barbuda,ATG,1990,241824.0
Antigua and Barbuda,ATG,1991,249152.0
Antigua and Barbuda,ATG,1992,249152.0
Antigua and Barbuda,ATG,1993,256480.02
Antigua and Barbuda,ATG,1994,267472.0
Antigua and Barbuda,ATG,1995,271136.0
Antigua and Barbuda,ATG,1996,285792.0
Antigua and Barbuda,ATG,1997,307776.0
Antigua and Barbuda,ATG,1998,322432.0
Antigua and Barbuda,ATG,1999,344416.0
Antigua and Barbuda,ATG,2000,355408.0
Antigua and Barbuda,ATG,2001,373728.0
Antigua and Barbuda,ATG,2002,403040.0
Antigua and Barbuda,ATG,2003,432352.0
Antigua and Barbuda,ATG,2004,450672.0
Antigua and Barbuda,ATG,2005,479984.0
Antigua and Barbuda,ATG,2006,516623.97
Antigua and Barbuda,ATG,2007,534944.0
Antigua and Barbuda,ATG,2008,538608.0
Antigua and Barbuda,ATG,2009,556928.0
Antigua and Barbuda,ATG,2010,549600.0
Antigua and Barbuda,ATG,2011,545936.0
Antigua and Barbuda,ATG,2012,556928.0
Antigua and Barbuda,ATG,2013,556928.0
Antigua and Barbuda,ATG,2014,567920.0
Antigua and Barbuda,ATG,2015,578912.0
Antigua and Barbuda,ATG,2016,593568.0
Antigua and Barbuda,ATG,2017,600896.0
Antigua and Barbuda,ATG,2018,615552.0
Antigua and Barbuda,ATG,2019,637536.0
Antigua and Barbuda,ATG,2020,615552.0
Antigua and Barbuda,ATG,2021,633872.0
Antigua and Barbuda,ATG,2022,641832.0
Antigua and Barbuda,ATG,2023,640533.0
Antigua and Barbuda,ATG,2024,665140.0
Australia,AUS,1750,0.0
Australia,AUS,1751,0.0
Australia,AUS,1752,0.0
Australia,AUS,1753,0.0
Australia,AUS,1754,0.0
Australia,AUS,1755,0.0
Australia,AUS,1756,0.0
Australia,AUS,1757,0.0
Australia,AUS,1758,0.0
Australia,AUS,1759,0.0
Australia,AUS,1760,0.0
Australia,AUS,1761,0.0
Australia,AUS,1762,0.0
Australia,AUS,1763,0.0
Australia,AUS,1764,0.0
Australia,AUS,1765,0.0
Australia,AUS,1766,0.0
Australia,AUS,1767,0.0
Australia,AUS,1768,0.0
Australia,AUS,1769,0.0
Australia,AUS,1770,0.0
Australia,AUS,1771,0.0
Australia,AUS,1772,0.0
Australia,AUS,1773,0.0
Australia,AUS,1774,0.0
Australia,AUS,1775,0.0
Australia,AUS,1776,0.0
Australia,AUS,1777,0.0
Australia,AUS,1778,0.0
Australia,AUS,1779,0.0
Australia,AUS,1780,0.0
Australia,AUS,1781,0.0
Australia,AUS,1782,0.0
Australia,AUS,1783,0.0
Australia,AUS,1784,0.0
Australia,AUS,1785,0.0
Australia,AUS,1786,0.0
Australia,AUS,1787,0.0
Australia,AUS,1788,0.0
Australia,AUS,1789,0.0
Australia,AUS,1790,0.0
Australia,AUS,1791,0.0
Australia,AUS,1792,0.0
Australia,AUS,1793,0.0
Australia,AUS,1794,0.0
Australia,AUS,1795,0.0
Australia,AUS,1796,0.0
Australia,AUS,1797,0.0
Australia,AUS,1798,0.0
Australia,AUS,1799,0.0
Australia,AUS,1800,0.0
Australia,AUS,1801,0.0
Australia,AUS,1802,0.0
Australia,AUS,1803,0.0
Australia,AUS,1804,0.0
Australia,AUS,1805,236.0
Australia,AUS,1806,661.0
Australia,AUS,1807,629.0
Australia,AUS,1808,787.0
Australia,AUS,1809,1259.0
Australia,AUS,1810,1259.0
Australia,AUS,1811,2203.0
Australia,AUS,1812,2203.0
Australia,AUS,1813,2832.0
Australia,AUS,1814,3451.0
Australia,AUS,1815,2753.0
Australia,AUS,1816,2281.0
Australia,AUS,1817,2045.0
Australia,AUS,1818,1888.0
Australia,AUS,1819,3540.0
Australia,AUS,1820,6160.0
Australia,AUS,1821,3147.0
Australia,AUS,1822,3934.0002
Australia,AUS,1823,4720.0
Australia,AUS,1824,4720.0
Australia,AUS,1825,2870.0
Australia,AUS,1826,6360.0
Australia,AUS,1827,5902.0
Australia,AUS,1828,3786.0
Australia,AUS,1829,6031.0
Australia,AUS,1830,5748.0
Australia,AUS,1831,1421.0
Australia,AUS,1832,11239.0
Australia,AUS,1833,10718.0
Australia,AUS,1834,13358.0
Australia,AUS,1835,19498.0
Australia,AUS,1836,19897.0
Australia,AUS,1837,25305.0
Australia,AUS,1838,27094.0
Australia,AUS,1839,33487.0
Australia,AUS,1840,47605.0
Australia,AUS,1841,54819.0
Australia,AUS,1842,62779.0
Australia,AUS,1843,40692.0
Australia,AUS,1844,36374.0
Australia,AUS,1845,35125.0
Australia,AUS,1846,61308.0
Australia,AUS,1847,64088.0
Australia,AUS,1848,71507.0
Australia,AUS,1849,76336.0
Australia,AUS,1850,112052.0
Australia,AUS,1851,106379.0
Australia,AUS,1852,106055.0
Australia,AUS,1853,152321.0
Australia,AUS,1854,183526.0
Australia,AUS,1855,215678.0
Australia,AUS,1856,298886.0
Australia,AUS,1857,331100.0
Australia,AUS,1858,340483.0
Australia,AUS,1859,484948.0
Australia,AUS,1860,599769.0
Australia,AUS,1861,560575.0
Australia,AUS,1862,787635.0
Australia,AUS,1863,720450.0
Australia,AUS,1864,903160.0
Australia,AUS,1865,973508.0
Australia,AUS,1866,1280060.0
Australia,AUS,1867,1239852.0
Australia,AUS,1868,1532259.0
Australia,AUS,1869,1464684.0
Australia,AUS,1870,1402391.0
Australia,AUS,1871,1440910.0
Australia,AUS,1872,1636610.0
Australia,AUS,1873,1930549.0
Australia,AUS,1874,2125629.0
Australia,AUS,1875,2142736.0
Australia,AUS,1876,2158161.0
Australia,AUS,1877,2372097.0
Australia,AUS,1878,2561644.0
Australia,AUS,1879,2577875.0
Australia,AUS,1880,2417483.0
Australia,AUS,1881,2905113.0
Australia,AUS,1882,3449765.0
Australia,AUS,1883,4146751.0
Australia,AUS,1884,4531928.0
Australia,AUS,1885,4871322.0
Australia,AUS,1886,4829301.0
Australia,AUS,1887,5022818.0
Australia,AUS,1888,5609240.0
Australia,AUS,1889,6250296.0
Australia,AUS,1890,5450851.0
Australia,AUS,1891,6884677.0
Australia,AUS,1892,6459545.0
Australia,AUS,1893,5773102.0
Australia,AUS,1894,6521718.0
Australia,AUS,1895,6750805.0
Australia,AUS,1896,7167209.0
Australia,AUS,1897,7906717.0
Australia,AUS,1898,8513916.0
Australia,AUS,1899,8696603.0
Australia,AUS,1900,10167600.0
Australia,AUS,1901,11439008.0
Australia,AUS,1902,11395040.0
Australia,AUS,1903,11224408.0
Australia,AUS,1904,11543990.0
Australia,AUS,1905,12052433.0
Australia,AUS,1906,14358062.0
Australia,AUS,1907,15486985.0
Australia,AUS,1908,16792072.0
Australia,AUS,1909,14580129.0
Australia,AUS,1910,17707020.0
Australia,AUS,1911,19526794.0
Australia,AUS,1912,21211162.0
Australia,AUS,1913,22801300.0
Australia,AUS,1914,24922456.0
Australia,AUS,1915,22269420.0
Australia,AUS,1916,19853626.0
Australia,AUS,1917,21334476.0
Australia,AUS,1918,23364628.0
Australia,AUS,1919,22185334.0
Australia,AUS,1920,26306108.0
Australia,AUS,1921,23785314.0
Australia,AUS,1922,24921644.0
Australia,AUS,1923,25684384.0
Australia,AUS,1924,28190650.0
Australia,AUS,1925,29631932.0
Australia,AUS,1926,29587222.0
Australia,AUS,1927,31269102.0
Australia,AUS,1928,29018580.0
Australia,AUS,1929,26906062.0
Australia,AUS,1930,25899494.0
Australia,AUS,1931,22551372.0
Australia,AUS,1932,23050902.0
Australia,AUS,1933,24781530.0
Australia,AUS,1934,26208724.0
Australia,AUS,1935,28957930.0
Australia,AUS,1936,31513688.0
Australia,AUS,1937,33755788.0
Australia,AUS,1938,33696736.0
Australia,AUS,1939,37983664.0
Australia,AUS,1940,35346490.0
Australia,AUS,1941,39334720.0
Australia,AUS,1942,42027110.0
Australia,AUS,1943,41193708.0
Australia,AUS,1944,41026970.0
Australia,AUS,1945,39159604.0
Australia,AUS,1946,42740160.0
Australia,AUS,1947,44776696.0
Australia,AUS,1948,47012696.0
Australia,AUS,1949,48064290.0
Australia,AUS,1950,55635580.0
Australia,AUS,1951,61051396.0
Australia,AUS,1952,62406330.0
Australia,AUS,1953,63002892.0
Australia,AUS,1954,67920610.0
Australia,AUS,1955,71946230.0
Australia,AUS,1956,75471416.0
Australia,AUS,1957,75474500.0
Australia,AUS,1958,77928984.0
Australia,AUS,1959,83068130.0
Australia,AUS,1960,87440610.0
Australia,AUS,1961,87008340.0
Australia,AUS,1962,90908610.0
Australia,AUS,1963,95994510.0
Australia,AUS,1964,103544750.0
Australia,AUS,1965,113606344.0
Australia,AUS,1966,115736220.0
Australia,AUS,1967,122280584.0
Australia,AUS,1968,128768060.0
Australia,AUS,1969,136413540.0
Australia,AUS,1970,147862780.0
Australia,AUS,1971,151117890.0
Australia,AUS,1972,153598260.0
Australia,AUS,1973,170141920.0
Australia,AUS,1974,166182740.0
Australia,AUS,1975,173101520.0
Australia,AUS,1976,169803060.0
Australia,AUS,1977,181912910.0
Australia,AUS,1978,191051580.0
Australia,AUS,1979,192321940.0
Australia,AUS,1980,204370200.0
Australia,AUS,1981,213809920.0
Australia,AUS,1982,218000900.0
Australia,AUS,1983,207645390.0
Australia,AUS,1984,217514610.0
Australia,AUS,1985,224557460.0
Australia,AUS,1986,224040290.0
Australia,AUS,1987,234598320.0
Australia,AUS,1988,240737040.0
Australia,AUS,1989,256838110.0
Australia,AUS,1990,278061000.0
Australia,AUS,1991,279437380.0
Australia,AUS,1992,284433440.0
Australia,AUS,1993,288780400.0
Australia,AUS,1994,293613280.0
Australia,AUS,1995,304962300.0
Australia,AUS,1996,311850880.0
Australia,AUS,1997,320242530.0
Australia,AUS,1998,334037800.0
Australia,AUS,1999,343876200.0
Australia,AUS,2000,349897630.0
Australia,AUS,2001,357667780.0
Australia,AUS,2002,362424930.0
Australia,AUS,2003,370784420.0
Australia,AUS,2004,382004900.0
Australia,AUS,2005,385081500.0
Australia,AUS,2006,391372540.0
Australia,AUS,2007,398896260.0
Australia,AUS,2008,404279300.0
Australia,AUS,2009,406977100.0
Australia,AUS,2010,405025950.0
Australia,AUS,2011,403874400.0
Australia,AUS,2012,405005120.0
Australia,AUS,2013,397849900.0
Australia,AUS,2014,392609600.0
Australia,AUS,2015,400589200.0
Australia,AUS,2016,409666340.0
Australia,AUS,2017,413407840.0
Australia,AUS,2018,414780580.0
Australia,AUS,2019,414925300.0
Australia,AUS,2020,398546900.0
Australia,AUS,2021,388472300.0
Australia,AUS,2022,384078430.0
Australia,AUS,2023,384316060.0
Australia,AUS,2024,386732380.0
Austria,AUT,1807,168544.0
Austria,AUT,1819,252815.98
Austria,AUT,1820,333424.0
Austria,AUT,1821,359072.0
Austria,AUT,1822,366400.0
Austria,AUT,1823,348080.0
Austria,AUT,1824,399376.0
Austria,AUT,1825,403040.0
Austria,AUT,1826,458000.0
Austria,AUT,1827,476320.0
Austria,AUT,1828,458000.0
Austria,AUT,1829,476320.0
Austria,AUT,1830,494640.0
Austria,AUT,1831,479984.0
Austria,AUT,1832,512960.03
Austria,AUT,1833,428688.0
Austria,AUT,1834,586240.0
Austria,AUT,1835,633872.0
Austria,AUT,1836,674176.0
Austria,AUT,1837,707152.0
Austria,AUT,1838,850048.0
Austria,AUT,1839,1058896.0
Austria,AUT,1840,1168816.0
Austria,AUT,1841,1319040.0
Austria,AUT,1842,1458272.0
Austria,AUT,1843,1267744.0
Austria,AUT,1844,1593840.0
Austria,AUT,1845,1799024.0
Austria,AUT,1846,2114128.0
Austria,AUT,1847,2081152.0
Austria,AUT,1848,2333968.0
Austria,AUT,1849,2260688.0
Austria,AUT,1850,2326640.0
Austria,AUT,1851,2333968.0
Austria,AUT,1852,2810288.0
Austria,AUT,1853,3224320.0
Austria,AUT,1854,3176688.0
Austria,AUT,1855,3700640.0
Austria,AUT,1856,4231920.0
Austria,AUT,1857,4873120.0
Austria,AUT,1858,7243728.0
Austria,AUT,1859,5866064.0
Austria,AUT,1860,6148192.0
Austria,AUT,1861,6379024.0
Austria,AUT,1862,6353376.0
Austria,AUT,1863,5877056.0
Austria,AUT,1864,5074640.0
Austria,AUT,1865,5353104.0
Austria,AUT,1866,3594384.0
Austria,AUT,1867,4913424.0
Austria,AUT,1868,6071248.0
Austria,AUT,1869,6485280.0
Austria,AUT,1870,7364640.0
Austria,AUT,1871,10141952.0
Austria,AUT,1872,10006384.0
Austria,AUT,1873,10728192.0
Austria,AUT,1874,9152672.0
Austria,AUT,1875,7859280.0
Austria,AUT,1876,8090111.5
Austria,AUT,1877,7284032.0
Austria,AUT,1878,7240064.0
Austria,AUT,1879,8863216.0
Austria,AUT,1880,23647456.0
Austria,AUT,1881,10314160.0
Austria,AUT,1882,10599952.0
Austria,AUT,1883,11761440.0
Austria,AUT,1884,11460992.0
Austria,AUT,1885,12047232.0
Austria,AUT,1886,11369392.0
Austria,AUT,1887,12256080.0
Austria,AUT,1888,11951968.0
Austria,AUT,1889,12875296.0
Austria,AUT,1890,13036512.0
Austria,AUT,1891,14945456.0
Austria,AUT,1892,14465472.0
Austria,AUT,1893,17700784.0
Austria,AUT,1894,18129472.0
Austria,AUT,1895,20371840.0
Austria,AUT,1896,21298832.0
Austria,AUT,1897,23020912.0
Austria,AUT,1898,24453536.0
Austria,AUT,1899,24816272.0
Austria,AUT,1900,27696176.0
Austria,AUT,1901,28352032.0
Austria,AUT,1902,25695632.0
Austria,AUT,1903,25699296.0
Austria,AUT,1904,27208864.0
Austria,AUT,1905,28608512.0
Austria,AUT,1906,34177790.0
Austria,AUT,1907,42696590.0
Austria,AUT,1908,60030976.0
Austria,AUT,1909,43641904.0
Austria,AUT,1910,58785216.0
Austria,AUT,1911,49141570.0
Austria,AUT,1912,51688050.0
Austria,AUT,1913,60983616.0
Austria,AUT,1914,49654530.0
Austria,AUT,1915,35342944.0
Austria,AUT,1916,9086720.0
Austria,AUT,1917,3451488.0
Austria,AUT,1918,3337904.0
Austria,AUT,1919,3015472.0
Austria,AUT,1920,14527760.0
Austria,AUT,1921,19338592.0
Austria,AUT,1922,18587472.0
Austria,AUT,1923,17777728.0
Austria,AUT,1924,20093376.0
Austria,AUT,1925,18990512.0
Austria,AUT,1926,18620448.0
Austria,AUT,1927,20122688.0
Austria,AUT,1928,21190466.0
Austria,AUT,1929,24172726.0
Austria,AUT,1930,18863498.0
Austria,AUT,1931,18102606.0
Austria,AUT,1932,15171198.0
Austria,AUT,1933,14229847.0
Austria,AUT,1934,13753408.0
Austria,AUT,1935,13921714.0
Austria,AUT,1936,13591954.0
Austria,AUT,1937,15258836.0
Austria,AUT,1938,5786503.0
Austria,AUT,1939,6335720.0
Austria,AUT,1940,7343022.0
Austria,AUT,1941,7973112.0
Austria,AUT,1942,8545348.0
Austria,AUT,1943,9611216.0
Austria,AUT,1944,9390832.0
Austria,AUT,1945,4561680.0
Austria,AUT,1946,12760137.0
Austria,AUT,1947,17630040.0
Austria,AUT,1948,24487262.0
Austria,AUT,1949,26574256.0
Austria,AUT,1950,20945440.0
Austria,AUT,1951,23322830.0
Austria,AUT,1952,22117730.0
Austria,AUT,1953,21758514.0
Austria,AUT,1954,24542354.0
Austria,AUT,1955,29110290.0
Austria,AUT,1956,28245288.0
Austria,AUT,1957,29222774.0
Austria,AUT,1958,28127150.0
Austria,AUT,1959,27946542.0
Austria,AUT,1960,30824784.0
Austria,AUT,1961,31860686.0
Austria,AUT,1962,33908950.0
Austria,AUT,1963,36996856.0
Austria,AUT,1964,38940580.0
Austria,AUT,1965,38184520.0
Austria,AUT,1966,39245444.0
Austria,AUT,1967,39955876.0
Austria,AUT,1968,42330116.0
Austria,AUT,1969,44675230.0
Austria,AUT,1970,50672004.0
Austria,AUT,1971,52102070.0
Austria,AUT,1972,56100684.0
Austria,AUT,1973,60044836.0
Austria,AUT,1974,57326936.0
Austria,AUT,1975,54239144.0
Austria,AUT,1976,58229440.0
Austria,AUT,1977,56015676.0
Austria,AUT,1978,57248468.0
Austria,AUT,1979,61346972.0
Austria,AUT,1980,52054240.0
Austria,AUT,1981,55862204.0
Austria,AUT,1982,53598264.0
Austria,AUT,1983,51697550.0
Austria,AUT,1984,54247024.0
Austria,AUT,1985,54402960.0
Austria,AUT,1986,53765172.0
Austria,AUT,1987,57406892.0
Austria,AUT,1988,52962868.0
Austria,AUT,1989,53718110.0
Austria,AUT,1990,62191450.0
Austria,AUT,1991,65790084.0
Austria,AUT,1992,60291068.0
Austria,AUT,1993,60710530.0
Austria,AUT,1994,61080120.0
Austria,AUT,1995,64063036.0
Austria,AUT,1996,67410310.0
Austria,AUT,1997,67304890.0
Austria,AUT,1998,66936904.0
Austria,AUT,1999,65667700.0
Austria,AUT,2000,66204024.0
Austria,AUT,2001,70190730.0
Austria,AUT,2002,71988380.0
Austria,AUT,2003,77411930.0
Austria,AUT,2004,77715920.0
Austria,AUT,2005,79095480.0
Austria,AUT,2006,76796200.0
Austria,AUT,2007,74092160.0
Austria,AUT,2008,73466480.0
Austria,AUT,2009,67301760.0
Austria,AUT,2010,72000250.0
Austria,AUT,2011,69891710.0
Austria,AUT,2012,67260344.0
Austria,AUT,2013,67758860.0
Austria,AUT,2014,64158736.0
Austria,AUT,2015,66357780.0
Austria,AUT,2016,67218740.0
Austria,AUT,2017,69601480.0
Austria,AUT,2018,66566510.0
Austria,AUT,2019,67951230.0
Austria,AUT,2020,62179828.0
Austria,AUT,2021,65751344.0
Austria,AUT,2022,61454140.0
Austria,AUT,2023,56908956.0
Austria,AUT,2024,56367656.0
Azerbaijan,AZE,1830,244.0
Azerbaijan,AZE,1831,293.0
Azerbaijan,AZE,1832,195.0
Azerbaijan,AZE,1833,244.0
Azerbaijan,AZE,1850,1513.0
Azerbaijan,AZE,1855,4588.0
Azerbaijan,AZE,1858,6443.0
Azerbaijan,AZE,1859,6834.0
Azerbaijan,AZE,1860,9030.0
Azerbaijan,AZE,1861,11471.0
Azerbaijan,AZE,1862,10348.0
Azerbaijan,AZE,1863,10836.0
Azerbaijan,AZE,1864,12154.0
Azerbaijan,AZE,1865,11617.0
Azerbaijan,AZE,1866,36706.0
Azerbaijan,AZE,1867,42125.0
Azerbaijan,AZE,1868,35047.0
Azerbaijan,AZE,1869,47543.0
Azerbaijan,AZE,1870,51594.0
Azerbaijan,AZE,1871,69654.0
Azerbaijan,AZE,1872,71509.0
Azerbaijan,AZE,1873,67116.0
Azerbaijan,AZE,1874,81467.0
Azerbaijan,AZE,1875,93767.0
Azerbaijan,AZE,1876,116416.0
Azerbaijan,AZE,1877,118808.0
Azerbaijan,AZE,1878,155270.0
Azerbaijan,AZE,1879,159322.0
Azerbaijan,AZE,1880,186900.0
Azerbaijan,AZE,1881,196858.0
Azerbaijan,AZE,1882,207352.0
Azerbaijan,AZE,1883,236005.0
Azerbaijan,AZE,1884,239617.0
Azerbaijan,AZE,1885,260997.0
Azerbaijan,AZE,1886,267684.0
Azerbaijan,AZE,1887,283255.0
Azerbaijan,AZE,1888,295458.0
Azerbaijan,AZE,1889,319083.0
Azerbaijan,AZE,1890,361354.0
Azerbaijan,AZE,1891,397865.0
Azerbaijan,AZE,1892,421148.0
Azerbaijan,AZE,1893,493633.0
Azerbaijan,AZE,1894,502761.0
Azerbaijan,AZE,1895,577687.0
Azerbaijan,AZE,1896,588084.0
Azerbaijan,AZE,1897,679948.0
Azerbaijan,AZE,1898,762586.0
Azerbaijan,AZE,1899,884665.0
Azerbaijan,AZE,1900,1002154.0
Azerbaijan,AZE,1901,1028854.0
Azerbaijan,AZE,1902,993710.0
Azerbaijan,AZE,1903,972038.0
Azerbaijan,AZE,1904,1081474.0
Azerbaijan,AZE,1905,965350.0
Azerbaijan,AZE,1906,1101096.0
Azerbaijan,AZE,1907,1233327.0
Azerbaijan,AZE,1908,1240893.0
Azerbaijan,AZE,1909,1309913.0
Azerbaijan,AZE,1910,1284628.0
Azerbaijan,AZE,1911,1331878.0
Azerbaijan,AZE,1912,1508723.0
Azerbaijan,AZE,1913,1638953.0
Azerbaijan,AZE,1914,1479192.0
Azerbaijan,AZE,1915,1357699.0
Azerbaijan,AZE,1916,1447074.0
Azerbaijan,AZE,1917,1331780.0
Azerbaijan,AZE,1918,531121.0
Azerbaijan,AZE,1919,453657.0
Azerbaijan,AZE,1920,413680.0
Azerbaijan,AZE,1921,448629.0
Azerbaijan,AZE,1922,547131.0
Azerbaijan,AZE,1923,604387.0
Azerbaijan,AZE,1924,720071.0
Azerbaijan,AZE,1925,710699.0
Azerbaijan,AZE,1926,1029732.94
Azerbaijan,AZE,1927,1280235.0
Azerbaijan,AZE,1928,1409964.0
Azerbaijan,AZE,1929,1519208.0
Azerbaijan,AZE,1930,2072706.0
Azerbaijan,AZE,1931,2491565.0
Azerbaijan,AZE,1932,2803983.0
Azerbaijan,AZE,1933,3136463.0
Azerbaijan,AZE,1934,3790901.0
Azerbaijan,AZE,1935,4285813.0
Azerbaijan,AZE,1936,4907672.0
Azerbaijan,AZE,1937,5022835.0
Azerbaijan,AZE,1938,5301856.0
Azerbaijan,AZE,1939,5366987.0
Azerbaijan,AZE,1940,6432842.0
Azerbaijan,AZE,1941,5651822.0
Azerbaijan,AZE,1942,3093641.0
Azerbaijan,AZE,1943,3228703.0
Azerbaijan,AZE,1944,4682220.0
Azerbaijan,AZE,1945,4939774.0
Azerbaijan,AZE,1946,5539265.0
Azerbaijan,AZE,1947,6664238.0
Azerbaijan,AZE,1948,7081391.0
Azerbaijan,AZE,1949,8046942.5
Azerbaijan,AZE,1950,8958562.0
Azerbaijan,AZE,1951,9700539.0
Azerbaijan,AZE,1952,10387678.0
Azerbaijan,AZE,1953,10988576.0
Azerbaijan,AZE,1954,11993061.0
Azerbaijan,AZE,1955,13599574.0
Azerbaijan,AZE,1956,14926952.0
Azerbaijan,AZE,1957,16344170.0
Azerbaijan,AZE,1958,17459154.0
Azerbaijan,AZE,1959,18360296.0
Azerbaijan,AZE,1960,19123186.0
Azerbaijan,AZE,1961,19740956.0
Azerbaijan,AZE,1962,20741828.0
Azerbaijan,AZE,1963,22265128.0
Azerbaijan,AZE,1964,23697204.0
Azerbaijan,AZE,1965,25146586.0
Azerbaijan,AZE,1966,26562486.0
Azerbaijan,AZE,1967,27792428.0
Azerbaijan,AZE,1968,28591258.0
Azerbaijan,AZE,1969,29789120.0
Azerbaijan,AZE,1970,31322516.0
Azerbaijan,AZE,1971,33259742.0
Azerbaijan,AZE,1972,35009700.0
Azerbaijan,AZE,1973,36506640.0
Azerbaijan,AZE,1974,37916876.0
Azerbaijan,AZE,1975,39871480.0
Azerbaijan,AZE,1976,41410064.0
Azerbaijan,AZE,1977,42823400.0
Azerbaijan,AZE,1978,44305510.0
Azerbaijan,AZE,1979,44676224.0
Azerbaijan,AZE,1980,46427660.0
Azerbaijan,AZE,1981,45572824.0
Azerbaijan,AZE,1982,46435732.0
Azerbaijan,AZE,1983,47105884.0
Azerbaijan,AZE,1984,47533536.0
Azerbaijan,AZE,1985,51248280.0
Azerbaijan,AZE,1986,53371876.0
Azerbaijan,AZE,1987,50586390.0
Azerbaijan,AZE,1988,51596316.0
Azerbaijan,AZE,1989,51586880.0
Azerbaijan,AZE,1990,51344710.0
Azerbaijan,AZE,1991,50074016.0
Azerbaijan,AZE,1992,56174400.0
Azerbaijan,AZE,1993,48406096.0
Azerbaijan,AZE,1994,41944856.0
Azerbaijan,AZE,1995,33309350.0
Azerbaijan,AZE,1996,31242310.0
Azerbaijan,AZE,1997,29842898.0
Azerbaijan,AZE,1998,31784872.0
Azerbaijan,AZE,1999,28821594.0
Azerbaijan,AZE,2000,29765310.0
Azerbaijan,AZE,2001,28415460.0
Azerbaijan,AZE,2002,28570334.0
Azerbaijan,AZE,2003,30487584.0
Azerbaijan,AZE,2004,32253040.0
Azerbaijan,AZE,2005,34193560.0
Azerbaijan,AZE,2006,34521828.0
Azerbaijan,AZE,2007,30036786.0
Azerbaijan,AZE,2008,33036510.0
Azerbaijan,AZE,2009,29102576.0
Azerbaijan,AZE,2010,27549052.0
Azerbaijan,AZE,2011,30210230.0
Azerbaijan,AZE,2012,32770066.0
Azerbaijan,AZE,2013,33558890.0
Azerbaijan,AZE,2014,34344760.0
Azerbaijan,AZE,2015,34683330.0
Azerbaijan,AZE,2016,34726970.0
Azerbaijan,AZE,2017,34698280.0
Azerbaijan,AZE,2018,34576230.0
Azerbaijan,AZE,2019,37752550.0
Azerbaijan,AZE,2020,36237164.0
Azerbaijan,AZE,2021,38299644.0
Azerbaijan,AZE,2022,41174576.0
Azerbaijan,AZE,2023,42748196.0
Azerbaijan,AZE,2024,39830140.0
Burundi,BDI,1950,8794.0
Burundi,BDI,1951,8794.0
Burundi,BDI,1952,16331.0
Burundi,BDI,1953,15075.0
Burundi,BDI,1954,6281.0
Burundi,BDI,1955,7537.0
Burundi,BDI,1956,8794.0
Burundi,BDI,1957,10050.0
Burundi,BDI,1958,10050.0
Burundi,BDI,1959,38943.0
Burundi,BDI,1960,36431.0
Burundi,BDI,1961,47737.0
Burundi,BDI,1962,43968.0
Burundi,BDI,1963,47632.0
Burundi,BDI,1964,47632.0
Burundi,BDI,1965,36640.0
Burundi,BDI,1966,47632.0
Burundi,BDI,1967,47632.0
Burundi,BDI,1968,54960.0
Burundi,BDI,1969,73280.0
Burundi,BDI,1970,62288.0
Burundi,BDI,1971,73280.0
Burundi,BDI,1972,73280.0
Burundi,BDI,1973,73280.0
Burundi,BDI,1974,91600.0
Burundi,BDI,1975,76944.0
Burundi,BDI,1976,87936.0
Burundi,BDI,1977,98928.0
Burundi,BDI,1978,102592.0
Burundi,BDI,1979,109920.0
Burundi,BDI,1980,146560.0
Burundi,BDI,1981,157552.0
Burundi,BDI,1982,157552.0
Burundi,BDI,1983,205184.0
Burundi,BDI,1984,219840.0
Burundi,BDI,1985,230832.0
Burundi,BDI,1986,234496.0
Burundi,BDI,1987,249152.0
Burundi,BDI,1988,227168.0
Burundi,BDI,1989,267472.0
Burundi,BDI,1990,208848.0
Burundi,BDI,1991,238160.0
Burundi,BDI,1992,216176.0
Burundi,BDI,1993,227168.0
Burundi,BDI,1994,234496.0
Burundi,BDI,1995,238160.0
Burundi,BDI,1996,241824.0
Burundi,BDI,1997,249152.0
Burundi,BDI,1998,249152.0
Burundi,BDI,1999,252815.98
Burundi,BDI,2000,271136.0
Burundi,BDI,2001,205184.0
Burundi,BDI,2002,212512.0
Burundi,BDI,2003,168544.0
Burundi,BDI,2004,197856.0
Burundi,BDI,2005,157552.0
Burundi,BDI,2006,186864.0
Burundi,BDI,2007,186864.0
Burundi,BDI,2008,201520.0
Burundi,BDI,2009,216176.0
Burundi,BDI,2010,333424.0
Burundi,BDI,2011,414032.0
Burundi,BDI,2012,392048.0
Burundi,BDI,2013,436016.0
Burundi,BDI,2014,355126.0
Burundi,BDI,2015,355408.0
Burundi,BDI,2016,428688.0
Burundi,BDI,2017,516498.03
Burundi,BDI,2018,645097.0
Burundi,BDI,2019,685168.0
Burundi,BDI,2020,739430.0
Burundi,BDI,2021,771677.0
Burundi,BDI,2022,877523.0
Burundi,BDI,2023,900716.0
Burundi,BDI,2024,916664.0
Belgium,BEL,1802,6397344.0
Belgium,BEL,1830,6195824.0
Belgium,BEL,1831,4462752.0
Belgium,BEL,1832,4715568.0
Belgium,BEL,1833,4565344.0
Belgium,BEL,1834,4407792.0
Belgium,BEL,1835,4759536.0
Belgium,BEL,1836,5598592.0
Belgium,BEL,1837,5997968.0
Belgium,BEL,1838,6122544.0
Belgium,BEL,1839,6708784.0
Belgium,BEL,1840,7727376.0
Belgium,BEL,1841,7390288.0
Belgium,BEL,1842,7679744.0
Belgium,BEL,1843,7111824.0
Belgium,BEL,1844,7800656.0
Belgium,BEL,1845,8218352.5
Belgium,BEL,1846,8965808.0
Belgium,BEL,1847,9317552.0
Belgium,BEL,1848,8284303.5
Belgium,BEL,1849,8734976.0
Belgium,BEL,1850,9332208.0
Belgium,BEL,1851,10167600.0
Belgium,BEL,1852,11409696.0
Belgium,BEL,1853,11787088.0
Belgium,BEL,1854,13058496.0
Belgium,BEL,1855,13377264.0
Belgium,BEL,1856,13212384.0
Belgium,BEL,1857,13754656.0
Belgium,BEL,1858,14450816.0
Belgium,BEL,1859,14897824.0
Belgium,BEL,1860,15212928.0
Belgium,BEL,1861,16458689.0
Belgium,BEL,1862,16345104.0
Belgium,BEL,1863,17228128.0
Belgium,BEL,1864,18081840.0
Belgium,BEL,1865,19060128.0
Belgium,BEL,1866,20529392.0
Belgium,BEL,1867,22233152.0
Belgium,BEL,1868,20100704.0
Belgium,BEL,1869,21650576.0
Belgium,BEL,1870,24746656.0
Belgium,BEL,1871,23717072.0
Belgium,BEL,1872,25589376.0
Belgium,BEL,1873,28106544.0
Belgium,BEL,1874,25915472.0
Belgium,BEL,1875,26930400.0
Belgium,BEL,1876,26318512.0
Belgium,BEL,1877,25050768.0
Belgium,BEL,1878,27238176.0
Belgium,BEL,1879,27732816.0
Belgium,BEL,1880,30425856.0
Belgium,BEL,1881,30631040.0
Belgium,BEL,1882,32437394.0
Belgium,BEL,1883,34382976.0
Belgium,BEL,1884,33870016.0
Belgium,BEL,1885,33082256.0
Belgium,BEL,1886,32103970.0
Belgium,BEL,1887,33968944.0
Belgium,BEL,1888,36053760.0
Belgium,BEL,1889,36834190.0
Belgium,BEL,1890,39824016.0
Belgium,BEL,1891,37779504.0
Belgium,BEL,1892,37728210.0
Belgium,BEL,1893,36075744.0
Belgium,BEL,1894,39831344.0
Belgium,BEL,1895,40131790.0
Belgium,BEL,1896,42278896.0
Belgium,BEL,1897,43744496.0
Belgium,BEL,1898,45085520.0
Belgium,BEL,1899,47126370.0
Belgium,BEL,1900,49665520.0
Belgium,BEL,1901,46708670.0
Belgium,BEL,1902,48855776.0
Belgium,BEL,1903,52629696.0
Belgium,BEL,1904,50350690.0
Belgium,BEL,1905,50266416.0
Belgium,BEL,1906,57495490.0
Belgium,BEL,1907,58323550.0
Belgium,BEL,1908,57847230.0
Belgium,BEL,1909,57762960.0
Belgium,BEL,1910,61287730.0
Belgium,BEL,1911,61687104.0
Belgium,BEL,1912,64775856.0
Belgium,BEL,1913,68014830.0
Belgium,BEL,1914,40575136.0
Belgium,BEL,1915,34419616.0
Belgium,BEL,1916,45792670.0
Belgium,BEL,1917,36247950.0
Belgium,BEL,1918,33723456.0
Belgium,BEL,1919,44869344.0
Belgium,BEL,1920,55154190.0
Belgium,BEL,1921,50533890.0
Belgium,BEL,1922,55908976.0
Belgium,BEL,1923,71884020.0
Belgium,BEL,1924,76255170.0
Belgium,BEL,1925,78039540.0
Belgium,BEL,1926,77684130.0
Belgium,BEL,1927,90475150.0
Belgium,BEL,1928,88246130.0
Belgium,BEL,1929,96954620.0
Belgium,BEL,1930,93672490.0
Belgium,BEL,1931,84122810.0
Belgium,BEL,1932,67713210.0
Belgium,BEL,1933,72656570.0
Belgium,BEL,1934,74957770.0
Belgium,BEL,1935,71640630.0
Belgium,BEL,1936,75003560.0
Belgium,BEL,1937,90298120.0
Belgium,BEL,1938,79119070.0
Belgium,BEL,1939,73709370.0
Belgium,BEL,1940,62103940.0
Belgium,BEL,1941,65183670.0
Belgium,BEL,1942,61076828.0
Belgium,BEL,1943,57852690.0
Belgium,BEL,1944,33138442.0
Belgium,BEL,1945,38755176.0
Belgium,BEL,1946,56410636.0
Belgium,BEL,1947,82030070.0
Belgium,BEL,1948,85057290.0
Belgium,BEL,1949,80772050.0
Belgium,BEL,1950,76204230.0
Belgium,BEL,1951,89457100.0
Belgium,BEL,1952,83467630.0
Belgium,BEL,1953,82381010.0
Belgium,BEL,1954,85741900.0
Belgium,BEL,1955,92024380.0
Belgium,BEL,1956,96787704.0
Belgium,BEL,1957,96494410.0
Belgium,BEL,1958,87692430.0
Belgium,BEL,1959,88317430.0
Belgium,BEL,1960,90915416.0
Belgium,BEL,1961,92702050.0
Belgium,BEL,1962,98025630.0
Belgium,BEL,1963,105687304.0
Belgium,BEL,1964,103561320.0
Belgium,BEL,1965,105334560.0
Belgium,BEL,1966,105103976.0
Belgium,BEL,1967,107364670.0
Belgium,BEL,1968,118441240.0
Belgium,BEL,1969,123495420.0
Belgium,BEL,1970,125497690.0
Belgium,BEL,1971,121374170.0
Belgium,BEL,1972,130641340.0
Belgium,BEL,1973,138642740.0
Belgium,BEL,1974,134953760.0
Belgium,BEL,1975,121823130.0
Belgium,BEL,1976,129681256.0
Belgium,BEL,1977,126199330.0
Belgium,BEL,1978,135450180.0
Belgium,BEL,1979,139786620.0
Belgium,BEL,1980,134835890.0
Belgium,BEL,1981,123577290.0
Belgium,BEL,1982,117109240.0
Belgium,BEL,1983,101205500.0
Belgium,BEL,1984,104970210.0
Belgium,BEL,1985,104011816.0
Belgium,BEL,1986,102374090.0
Belgium,BEL,1987,102592376.0
Belgium,BEL,1988,99750140.0
Belgium,BEL,1989,106792200.0
Belgium,BEL,1990,120335410.0
Belgium,BEL,1991,123396216.0
Belgium,BEL,1992,122519256.0
Belgium,BEL,1993,121451200.0
Belgium,BEL,1994,124833050.0
Belgium,BEL,1995,125969300.0
Belgium,BEL,1996,129503280.0
Belgium,BEL,1997,124017384.0
Belgium,BEL,1998,130255750.0
Belgium,BEL,1999,124718600.0
Belgium,BEL,2000,126775704.0
Belgium,BEL,2001,126085030.0
Belgium,BEL,2002,126883144.0
Belgium,BEL,2003,128292040.0
Belgium,BEL,2004,128811736.0
Belgium,BEL,2005,125657690.0
Belgium,BEL,2006,123900460.0
Belgium,BEL,2007,120493400.0
Belgium,BEL,2008,120204350.0
Belgium,BEL,2009,107806790.0
Belgium,BEL,2010,114562660.0
Belgium,BEL,2011,105158970.0
Belgium,BEL,2012,102486240.0
Belgium,BEL,2013,102815960.0
Belgium,BEL,2014,97080950.0
Belgium,BEL,2015,101327496.0
Belgium,BEL,2016,99816290.0
Belgium,BEL,2017,99282190.0
Belgium,BEL,2018,100256370.0
Belgium,BEL,2019,99798730.0
Belgium,BEL,2020,91254550.0
Belgium,BEL,2021,94928070.0
Belgium,BEL,2022,88914970.0
Belgium,BEL,2023,84703360.0
Belgium,BEL,2024,85456200.0
Benin,BEN,1950,137812.0
Benin,BEN,1951,115233.0
Benin,BEN,1952,128858.0
Benin,BEN,1953,107057.0
Benin,BEN,1954,126132.99
Benin,BEN,1955,125744.0
Benin,BEN,1956,145598.0
Benin,BEN,1957,149102.0
Benin,BEN,1958,124576.0
Benin,BEN,1959,102592.0
Benin,BEN,1960,161216.0
Benin,BEN,1961,128240.01
Benin,BEN,1962,135568.0
Benin,BEN,1963,120912.0
Benin,BEN,1964,142896.0
Benin,BEN,1965,150224.0
Benin,BEN,1966,113584.0
Benin,BEN,1967,142896.0
Benin,BEN,1968,153888.0
Benin,BEN,1969,201520.0
Benin,BEN,1970,282128.0
Benin,BEN,1971,293120.0
Benin,BEN,1972,388384.0
Benin,BEN,1973,381056.0
Benin,BEN,1974,406704.0
Benin,BEN,1975,443344.0
Benin,BEN,1976,260144.0
Benin,BEN,1977,296784.0
Benin,BEN,1978,362736.0
Benin,BEN,1979,366400.0
Benin,BEN,1980,479826.0
Benin,BEN,1981,387291.0
Benin,BEN,1982,442545.0
Benin,BEN,1983,404411.0
Benin,BEN,1984,448296.0
Benin,BEN,1985,686373.0
Benin,BEN,1986,624003.0
Benin,BEN,1987,473696.0
Benin,BEN,1988,508050.03
Benin,BEN,1989,570164.0
Benin,BEN,1990,579346.0
Benin,BEN,1991,619650.0
Benin,BEN,1992,670946.0
Benin,BEN,1993,807422.0
Benin,BEN,1994,911527.0
Benin,BEN,1995,956267.0
Benin,BEN,1996,1183806.0
Benin,BEN,1997,1223975.0
Benin,BEN,1998,1113856.0
Benin,BEN,1999,1461936.0
Benin,BEN,2000,1472928.0
Benin,BEN,2001,1689104.0
Benin,BEN,2002,2110055.0
Benin,BEN,2003,2393998.0
Benin,BEN,2004,2593600.0
Benin,BEN,2005,2489730.0
Benin,BEN,2006,3351106.0
Benin,BEN,2007,3930960.0
Benin,BEN,2008,3918994.0
Benin,BEN,2009,4224517.0
Benin,BEN,2010,4679390.0
Benin,BEN,2011,4479719.0
Benin,BEN,2012,4402539.0
Benin,BEN,2013,4565975.0
Benin,BEN,2014,4774016.0
Benin,BEN,2015,5318238.0
Benin,BEN,2016,5310542.0
Benin,BEN,2017,5555002.0
Benin,BEN,2018,5668449.0
Benin,BEN,2019,5272598.0
Benin,BEN,2020,5540920.0
Benin,BEN,2021,5805787.0
Benin,BEN,2022,6092278.0
Benin,BEN,2023,5927823.0
Benin,BEN,2024,6066339.0
Bonaire Sint Eustatius and Saba,BES,1926,0.0
Bonaire Sint Eustatius and Saba,BES,1927,0.0
Bonaire Sint Eustatius and Saba,BES,1928,0.0
Bonaire Sint Eustatius and Saba,BES,1929,0.0
Bonaire Sint Eustatius and Saba,BES,1930,0.0
Bonaire Sint Eustatius and Saba,BES,1931,0.0
Bonaire Sint Eustatius and Saba,BES,1932,0.0
Bonaire Sint Eustatius and Saba,BES,1933,0.0
Bonaire Sint Eustatius and Saba,BES,1934,0.0
Bonaire Sint Eustatius and Saba,BES,1935,0.0
Bonaire Sint Eustatius and Saba,BES,1936,0.0
Bonaire Sint Eustatius and Saba,BES,1937,0.0
Bonaire Sint Eustatius and Saba,BES,1938,0.0
Bonaire Sint Eustatius and Saba,BES,1939,0.0
Bonaire Sint Eustatius and Saba,BES,1940,0.0
Bonaire Sint Eustatius and Saba,BES,1941,0.0
Bonaire Sint Eustatius and Saba,BES,1942,0.0
Bonaire Sint Eustatius and Saba,BES,1943,0.0
Bonaire Sint Eustatius and Saba,BES,1944,0.0
Bonaire Sint Eustatius and Saba,BES,1945,0.0
Bonaire Sint Eustatius and Saba,BES,1946,0.0
Bonaire Sint Eustatius and Saba,BES,1947,0.0
Bonaire Sint Eustatius and Saba,BES,1948,0.0
Bonaire Sint Eustatius and Saba,BES,1949,0.0
Bonaire Sint Eustatius and Saba,BES,1950,114359.0
Bonaire Sint Eustatius and Saba,BES,1951,180359.0
Bonaire Sint Eustatius and Saba,BES,1952,104139.0
Bonaire Sint Eustatius and Saba,BES,1953,120525.0
Bonaire Sint Eustatius and Saba,BES,1954,243790.0
Bonaire Sint Eustatius and Saba,BES,1955,201655.0
Bonaire Sint Eustatius and Saba,BES,1956,260804.0
Bonaire Sint Eustatius and Saba,BES,1957,178132.0
Bonaire Sint Eustatius and Saba,BES,1958,156037.0
Bonaire Sint Eustatius and Saba,BES,1959,200855.0
Bonaire Sint Eustatius and Saba,BES,1960,172708.0
Bonaire Sint Eustatius and Saba,BES,1961,180245.0
Bonaire Sint Eustatius and Saba,BES,1962,197944.0
Bonaire Sint Eustatius and Saba,BES,1963,189608.0
Bonaire Sint Eustatius and Saba,BES,1964,184355.0
Bonaire Sint Eustatius and Saba,BES,1965,165400.0
Bonaire Sint Eustatius and Saba,BES,1966,154667.0
Bonaire Sint Eustatius and Saba,BES,1967,190521.0
Bonaire Sint Eustatius and Saba,BES,1968,177162.0
Bonaire Sint Eustatius and Saba,BES,1969,231857.0
Bonaire Sint Eustatius and Saba,BES,1970,259319.0
Bonaire Sint Eustatius and Saba,BES,1971,225691.0
Bonaire Sint Eustatius and Saba,BES,1972,218840.0
Bonaire Sint Eustatius and Saba,BES,1973,242762.0
Bonaire Sint Eustatius and Saba,BES,1974,220039.0
Bonaire Sint Eustatius and Saba,BES,1975,159348.0
Bonaire Sint Eustatius and Saba,BES,1976,340392.0
Bonaire Sint Eustatius and Saba,BES,1977,177790.0
Bonaire Sint Eustatius and Saba,BES,1978,151412.0
Bonaire Sint Eustatius and Saba,BES,1979,158834.0
Bonaire Sint Eustatius and Saba,BES,1980,163459.0
Bonaire Sint Eustatius and Saba,BES,1981,155694.0
Bonaire Sint Eustatius and Saba,BES,1982,174078.0
Bonaire Sint Eustatius and Saba,BES,1983,89466.0
Bonaire Sint Eustatius and Saba,BES,1984,223407.0
Bonaire Sint Eustatius and Saba,BES,1985,261489.0
Bonaire Sint Eustatius and Saba,BES,1986,50128.0
Bonaire Sint Eustatius and Saba,BES,1987,44565.0
Bonaire Sint Eustatius and Saba,BES,1988,43900.0
Bonaire Sint Eustatius and Saba,BES,1989,83567.0
Bonaire Sint Eustatius and Saba,BES,1990,89493.0
Bonaire Sint Eustatius and Saba,BES,1991,71413.0
Bonaire Sint Eustatius and Saba,BES,1992,58836.0
Bonaire Sint Eustatius and Saba,BES,1993,90823.0
Bonaire Sint Eustatius and Saba,BES,1994,87074.0
Bonaire Sint Eustatius and Saba,BES,1995,86167.0
Bonaire Sint Eustatius and Saba,BES,1996,80604.0
Bonaire Sint Eustatius and Saba,BES,1997,84353.0
Bonaire Sint Eustatius and Saba,BES,1998,4656.0
Bonaire Sint Eustatius and Saba,BES,1999,34890.0
Bonaire Sint Eustatius and Saba,BES,2000,92577.0
Bonaire Sint Eustatius and Saba,BES,2001,94270.0
Bonaire Sint Eustatius and Saba,BES,2002,90884.0
Bonaire Sint Eustatius and Saba,BES,2003,90944.0
Bonaire Sint Eustatius and Saba,BES,2004,95419.0
Bonaire Sint Eustatius and Saba,BES,2005,94572.0
Bonaire Sint Eustatius and Saba,BES,2006,98563.0
Bonaire Sint Eustatius and Saba,BES,2007,110959.0
Bonaire Sint Eustatius and Saba,BES,2008,106727.0
Bonaire Sint Eustatius and Saba,BES,2009,109206.0
Bonaire Sint Eustatius and Saba,BES,2010,75223.0
Bonaire Sint Eustatius and Saba,BES,2011,95963.0
Bonaire Sint Eustatius and Saba,BES,2012,117248.0
Bonaire Sint Eustatius and Saba,BES,2013,113584.0
Bonaire Sint Eustatius and Saba,BES,2014,117248.0
Bonaire Sint Eustatius and Saba,BES,2015,128240.01
Bonaire Sint Eustatius and Saba,BES,2016,131904.0
Bonaire Sint Eustatius and Saba,BES,2017,139232.0
Bonaire Sint Eustatius and Saba,BES,2018,131904.0
Bonaire Sint Eustatius and Saba,BES,2019,139232.0
Bonaire Sint Eustatius and Saba,BES,2020,131904.0
Bonaire Sint Eustatius and Saba,BES,2021,139232.0
Bonaire Sint Eustatius and Saba,BES,2022,146560.0
Bonaire Sint Eustatius and Saba,BES,2023,146264.0
Bonaire Sint Eustatius and Saba,BES,2024,151882.0
Burkina Faso,BFA,1950,4053.0
Burkina Faso,BFA,1951,3389.0
Burkina Faso,BFA,1952,3790.0
Burkina Faso,BFA,1953,3149.0
Burkina Faso,BFA,1954,3710.0
Burkina Faso,BFA,1955,3698.0
Burkina Faso,BFA,1956,4282.0
Burkina Faso,BFA,1957,4385.0
Burkina Faso,BFA,1958,3664.0
Burkina Faso,BFA,1959,7328.0
Burkina Faso,BFA,1960,43968.0
Burkina Faso,BFA,1961,91600.0
Burkina Faso,BFA,1962,84272.0
Burkina Faso,BFA,1963,87936.0
Burkina Faso,BFA,1964,109920.0
Burkina Faso,BFA,1965,102592.0
Burkina Faso,BFA,1966,102592.0
Burkina Faso,BFA,1967,102592.0
Burkina Faso,BFA,1968,102592.0
Burkina Faso,BFA,1969,120912.0
Burkina Faso,BFA,1970,142896.0
Burkina Faso,BFA,1971,150224.0
Burkina Faso,BFA,1972,161216.0
Burkina Faso,BFA,1973,168544.0
Burkina Faso,BFA,1974,205184.0
Burkina Faso,BFA,1975,219840.0
Burkina Faso,BFA,1976,208848.0
Burkina Faso,BFA,1977,249152.0
Burkina Faso,BFA,1978,348080.0
Burkina Faso,BFA,1979,406704.0
Burkina Faso,BFA,1980,432352.0
Burkina Faso,BFA,1981,556928.0
Burkina Faso,BFA,1982,575248.0
Burkina Faso,BFA,1983,593568.0
Burkina Faso,BFA,1984,465328.0
Burkina Faso,BFA,1985,476320.0
Burkina Faso,BFA,1986,479984.0
Burkina Faso,BFA,1987,516623.97
Burkina Faso,BFA,1988,553264.0
Burkina Faso,BFA,1989,820736.0
Burkina Faso,BFA,1990,593568.0
Burkina Faso,BFA,1991,637536.0
Burkina Faso,BFA,1992,633872.0
Burkina Faso,BFA,1993,633872.0
Burkina Faso,BFA,1994,659520.0
Burkina Faso,BFA,1995,660750.0
Burkina Faso,BFA,1996,726684.0
Burkina Faso,BFA,1997,763703.0
Burkina Faso,BFA,1998,847950.0
Burkina Faso,BFA,1999,1040182.0
Burkina Faso,BFA,2000,930782.0
Burkina Faso,BFA,2001,1064375.0
Burkina Faso,BFA,2002,1067265.0
Burkina Faso,BFA,2003,1184465.0
Burkina Faso,BFA,2004,1107473.0
Burkina Faso,BFA,2005,1103760.0
Burkina Faso,BFA,2006,1217233.0
Burkina Faso,BFA,2007,1616447.0
Burkina Faso,BFA,2008,1817817.0
Burkina Faso,BFA,2009,1836305.0
Burkina Faso,BFA,2010,1985076.0
Burkina Faso,BFA,2011,2149253.0
Burkina Faso,BFA,2012,2611586.0
Burkina Faso,BFA,2013,2808880.0
Burkina Faso,BFA,2014,2867520.0
Burkina Faso,BFA,2015,3743772.0
Burkina Faso,BFA,2016,3987637.0
Burkina Faso,BFA,2017,4621631.0
Burkina Faso,BFA,2018,5226246.0
Burkina Faso,BFA,2019,5618020.0
Burkina Faso,BFA,2020,5618088.0
Burkina Faso,BFA,2021,6328719.0
Burkina Faso,BFA,2022,6542194.0
Burkina Faso,BFA,2023,6308441.0
Burkina Faso,BFA,2024,6507663.0
Bangladesh,BGD,1946,117474.0
Bangladesh,BGD,1947,121485.0
Bangladesh,BGD,1948,134077.0
Bangladesh,BGD,1949,190233.0
Bangladesh,BGD,1950,993068.0
Bangladesh,BGD,1951,1226293.0
Bangladesh,BGD,1952,1295057.0
Bangladesh,BGD,1953,1317977.0
Bangladesh,BGD,1954,1338604.0
Bangladesh,BGD,1955,1379291.0
Bangladesh,BGD,1956,1634291.0
Bangladesh,BGD,1957,1688719.0
Bangladesh,BGD,1958,1896161.0
Bangladesh,BGD,1959,1840007.0
Bangladesh,BGD,1960,2211905.0
Bangladesh,BGD,1961,2290410.0
Bangladesh,BGD,1962,2516756.0
Bangladesh,BGD,1963,2893242.0
Bangladesh,BGD,1964,2974612.0
Bangladesh,BGD,1965,3121306.0
Bangladesh,BGD,1966,3176314.0
Bangladesh,BGD,1967,3371142.0
Bangladesh,BGD,1968,3865666.0
Bangladesh,BGD,1969,3749327.0
Bangladesh,BGD,1970,3803195.0
Bangladesh,BGD,1971,3605832.0
Bangladesh,BGD,1972,3505921.0
Bangladesh,BGD,1973,4549694.0
Bangladesh,BGD,1974,4653084.0
Bangladesh,BGD,1975,4856723.0
Bangladesh,BGD,1976,5555798.0
Bangladesh,BGD,1977,5784754.0
Bangladesh,BGD,1978,5984423.0
Bangladesh,BGD,1979,6612648.0
Bangladesh,BGD,1980,7597219.0
Bangladesh,BGD,1981,7886136.0
Bangladesh,BGD,1982,8552288.0
Bangladesh,BGD,1983,8188282.0
Bangladesh,BGD,1984,9077160.0
Bangladesh,BGD,1985,10189161.0
Bangladesh,BGD,1986,11405807.0
Bangladesh,BGD,1987,11799727.0
Bangladesh,BGD,1988,13478441.0
Bangladesh,BGD,1989,13382363.0
Bangladesh,BGD,1990,14081596.0
Bangladesh,BGD,1991,14752975.0
Bangladesh,BGD,1992,15390896.0
Bangladesh,BGD,1993,16073917.0
Bangladesh,BGD,1994,17552698.0
Bangladesh,BGD,1995,21056370.0
Bangladesh,BGD,1996,21507472.0
Bangladesh,BGD,1997,23144114.0
Bangladesh,BGD,1998,23216120.0
Bangladesh,BGD,1999,25093308.0
Bangladesh,BGD,2000,26539266.0
Bangladesh,BGD,2001,31064220.0
Bangladesh,BGD,2002,32006890.0
Bangladesh,BGD,2003,33495934.0
Bangladesh,BGD,2004,35978172.0
Bangladesh,BGD,2005,37716676.0
Bangladesh,BGD,2006,41725810.0
Bangladesh,BGD,2007,42675104.0
Bangladesh,BGD,2008,45341492.0
Bangladesh,BGD,2009,49188376.0
Bangladesh,BGD,2010,54035524.0
Bangladesh,BGD,2011,55592710.0
Bangladesh,BGD,2012,59703860.0
Bangladesh,BGD,2013,64762796.0
Bangladesh,BGD,2014,67551890.0
Bangladesh,BGD,2015,76946130.0
Bangladesh,BGD,2016,81761160.0
Bangladesh,BGD,2017,86530870.0
Bangladesh,BGD,2018,86608110.0
Bangladesh,BGD,2019,94807690.0
Bangladesh,BGD,2020,95729090.0
Bangladesh,BGD,2021,98530280.0
Bangladesh,BGD,2022,102147410.0
Bangladesh,BGD,2023,104526670.0
Bangladesh,BGD,2024,108317880.0
Bulgaria,BGR,1881,3664.0
Bulgaria,BGR,1882,3664.0
Bulgaria,BGR,1883,7328.0
Bulgaria,BGR,1884,10992.0
Bulgaria,BGR,1885,7328.0
Bulgaria,BGR,1886,7328.0
Bulgaria,BGR,1887,10992.0
Bulgaria,BGR,1888,18320.0
Bulgaria,BGR,1889,25648.0
Bulgaria,BGR,1890,32976.0
Bulgaria,BGR,1891,40304.0
Bulgaria,BGR,1892,47632.0
Bulgaria,BGR,1893,62288.0
Bulgaria,BGR,1894,80608.0
Bulgaria,BGR,1895,84272.0
Bulgaria,BGR,1896,106256.0
Bulgaria,BGR,1897,109920.0
Bulgaria,BGR,1898,146560.0
Bulgaria,BGR,1899,146560.0
Bulgaria,BGR,1900,216176.0
Bulgaria,BGR,1901,271136.0
Bulgaria,BGR,1902,238160.0
Bulgaria,BGR,1903,234496.0
Bulgaria,BGR,1904,300448.0
Bulgaria,BGR,1905,359072.0
Bulgaria,BGR,1906,315104.0
Bulgaria,BGR,1907,454336.0
Bulgaria,BGR,1908,597232.0
Bulgaria,BGR,1909,604560.0
Bulgaria,BGR,1910,633872.0
Bulgaria,BGR,1911,897680.0
Bulgaria,BGR,1912,897680.0
Bulgaria,BGR,1913,787760.0
Bulgaria,BGR,1914,1183472.0
Bulgaria,BGR,1915,762112.0
Bulgaria,BGR,1916,923328.0
Bulgaria,BGR,1917,1139504.0
Bulgaria,BGR,1918,1421632.0
Bulgaria,BGR,1919,835392.0
Bulgaria,BGR,1920,1099200.0
Bulgaria,BGR,1921,1366672.0
Bulgaria,BGR,1922,1509568.0
Bulgaria,BGR,1923,1604832.0
Bulgaria,BGR,1924,1842992.0
Bulgaria,BGR,1925,1810016.0
Bulgaria,BGR,1926,1780704.0
Bulgaria,BGR,1927,1817344.0
Bulgaria,BGR,1928,2139330.0
Bulgaria,BGR,1929,2483568.0
Bulgaria,BGR,1930,2402871.0
Bulgaria,BGR,1931,2274928.0
Bulgaria,BGR,1932,2637515.0
Bulgaria,BGR,1933,2348148.0
Bulgaria,BGR,1934,2439749.0
Bulgaria,BGR,1935,2472784.0
Bulgaria,BGR,1936,2513058.0
Bulgaria,BGR,1937,2787769.0
Bulgaria,BGR,1938,3172310.0
Bulgaria,BGR,1939,3483750.0
Bulgaria,BGR,1940,4100016.0
Bulgaria,BGR,1941,4422448.0
Bulgaria,BGR,1942,5349440.0
Bulgaria,BGR,1943,5811104.0
Bulgaria,BGR,1944,4388967.0
Bulgaria,BGR,1945,5209227.0
Bulgaria,BGR,1946,4975712.0
Bulgaria,BGR,1947,5910032.0
Bulgaria,BGR,1948,6220165.0
Bulgaria,BGR,1949,7452576.0
Bulgaria,BGR,1950,7497770.0
Bulgaria,BGR,1951,8164502.0
Bulgaria,BGR,1952,9428402.0
Bulgaria,BGR,1953,10586137.0
Bulgaria,BGR,1954,11391890.0
Bulgaria,BGR,1955,12091595.0
Bulgaria,BGR,1956,12967084.0
Bulgaria,BGR,1957,14388626.0
Bulgaria,BGR,1958,15626850.0
Bulgaria,BGR,1959,19622254.0
Bulgaria,BGR,1960,22270700.0
Bulgaria,BGR,1961,25945040.0
Bulgaria,BGR,1962,30704012.0
Bulgaria,BGR,1963,34374060.0
Bulgaria,BGR,1964,42818064.0
Bulgaria,BGR,1965,46269140.0
Bulgaria,BGR,1966,48716010.0
Bulgaria,BGR,1967,55107668.0
Bulgaria,BGR,1968,59463508.0
Bulgaria,BGR,1969,66307708.0
Bulgaria,BGR,1970,61173972.0
Bulgaria,BGR,1971,64221556.0
Bulgaria,BGR,1972,66078920.0
Bulgaria,BGR,1973,68717270.0
Bulgaria,BGR,1974,71136530.0
Bulgaria,BGR,1975,72925750.0
Bulgaria,BGR,1976,72968370.0
Bulgaria,BGR,1977,75795864.0
Bulgaria,BGR,1978,81207210.0
Bulgaria,BGR,1979,78931440.0
Bulgaria,BGR,1980,77254110.0
Bulgaria,BGR,1981,80090340.0
Bulgaria,BGR,1982,89844184.0
Bulgaria,BGR,1983,90061304.0
Bulgaria,BGR,1984,87044930.0
Bulgaria,BGR,1985,89221336.0
Bulgaria,BGR,1986,91172376.0
Bulgaria,BGR,1987,91276710.0
Bulgaria,BGR,1988,86916990.0
Bulgaria,BGR,1989,86467180.0
Bulgaria,BGR,1990,76637944.0
Bulgaria,BGR,1991,61520710.0
Bulgaria,BGR,1992,57355644.0
Bulgaria,BGR,1993,58389170.0
Bulgaria,BGR,1994,56382556.0
Bulgaria,BGR,1995,57916560.0
Bulgaria,BGR,1996,58460404.0
Bulgaria,BGR,1997,55806190.0
Bulgaria,BGR,1998,53113840.0
Bulgaria,BGR,1999,46371320.0
Bulgaria,BGR,2000,45499310.0
Bulgaria,BGR,2001,49019640.0
Bulgaria,BGR,2002,46141040.0
Bulgaria,BGR,2003,50491210.0
Bulgaria,BGR,2004,49537290.0
Bulgaria,BGR,2005,50600356.0
Bulgaria,BGR,2006,51837492.0
Bulgaria,BGR,2007,55669220.0
Bulgaria,BGR,2008,54025910.0
Bulgaria,BGR,2009,45750250.0
Bulgaria,BGR,2010,47815700.0
Bulgaria,BGR,2011,53120460.0
Bulgaria,BGR,2012,48276560.0
Bulgaria,BGR,2013,42582988.0
Bulgaria,BGR,2014,45169064.0
Bulgaria,BGR,2015,48127124.0
Bulgaria,BGR,2016,45343750.0
Bulgaria,BGR,2017,47445844.0
Bulgaria,BGR,2018,43503330.0
Bulgaria,BGR,2019,42194980.0
Bulgaria,BGR,2020,36571028.0
Bulgaria,BGR,2021,42365030.0
Bulgaria,BGR,2022,46931790.0
Bulgaria,BGR,2023,34500948.0
Bulgaria,BGR,2024,31621824.0
Bahrain,BHR,1933,10992.0
Bahrain,BHR,1934,120912.0
Bahrain,BHR,1935,531280.0
Bahrain,BHR,1936,1949248.0
Bahrain,BHR,1937,3253632.0
Bahrain,BHR,1938,3477136.0
Bahrain,BHR,1939,3184016.0
Bahrain,BHR,1940,2967840.0
Bahrain,BHR,1941,2850592.0
Bahrain,BHR,1942,2616096.0
Bahrain,BHR,1943,2758992.0
Bahrain,BHR,1944,2817616.0
Bahrain,BHR,1945,3063104.0
Bahrain,BHR,1946,3359888.0
Bahrain,BHR,1947,3949792.0
Bahrain,BHR,1948,4576336.0
Bahrain,BHR,1949,4609312.0
Bahrain,BHR,1950,1381328.0
Bahrain,BHR,1951,1176144.0
Bahrain,BHR,1952,1286064.0
Bahrain,BHR,1953,996608.0
Bahrain,BHR,1954,1044240.0
Bahrain,BHR,1955,1403312.0
Bahrain,BHR,1956,1055232.0
Bahrain,BHR,1957,754784.0
Bahrain,BHR,1958,1289728.0
Bahrain,BHR,1959,1311712.0
Bahrain,BHR,1960,575248.0
Bahrain,BHR,1961,1769712.0
Bahrain,BHR,1962,1590176.0
Bahrain,BHR,1963,1194464.0
Bahrain,BHR,1964,1597504.0
Bahrain,BHR,1965,1227440.0
Bahrain,BHR,1966,648528.0
Bahrain,BHR,1967,1003936.06
Bahrain,BHR,1968,1102864.0
Bahrain,BHR,1969,1271408.0
Bahrain,BHR,1970,2590448.0
Bahrain,BHR,1971,3037456.0
Bahrain,BHR,1972,3678656.0
Bahrain,BHR,1973,5517984.0
Bahrain,BHR,1974,5400736.0
Bahrain,BHR,1975,5748816.0
Bahrain,BHR,1976,6569552.0
Bahrain,BHR,1977,7463568.0
Bahrain,BHR,1978,7760352.0
Bahrain,BHR,1979,8126752.0
Bahrain,BHR,1980,7881264.0
Bahrain,BHR,1981,8518800.0
Bahrain,BHR,1982,9830512.0
Bahrain,BHR,1983,8222016.5
Bahrain,BHR,1984,9200304.0
Bahrain,BHR,1985,10185920.0
Bahrain,BHR,1986,11002992.0
Bahrain,BHR,1987,11420688.0
Bahrain,BHR,1988,12076521.0
Bahrain,BHR,1989,11651520.0
Bahrain,BHR,1990,11493968.0
Bahrain,BHR,1991,11329088.0
Bahrain,BHR,1992,10402063.0
Bahrain,BHR,1993,16748144.0
Bahrain,BHR,1994,14351888.0
Bahrain,BHR,1995,14743936.0
Bahrain,BHR,1996,15942064.0
Bahrain,BHR,1997,17220784.0
Bahrain,BHR,1998,18276032.0
Bahrain,BHR,1999,18254048.0
Bahrain,BHR,2000,19199360.0
Bahrain,BHR,2001,19679344.0
Bahrain,BHR,2002,20111696.0
Bahrain,BHR,2003,20976400.0
Bahrain,BHR,2004,21203568.0
Bahrain,BHR,2005,24486512.0
Bahrain,BHR,2006,24035840.0
Bahrain,BHR,2007,26626288.0
Bahrain,BHR,2008,29524512.0
Bahrain,BHR,2009,28137678.0
Bahrain,BHR,2010,29142510.0
Bahrain,BHR,2011,28544122.0
Bahrain,BHR,2012,27202492.0
Bahrain,BHR,2013,31228270.0
Bahrain,BHR,2014,30970746.0
Bahrain,BHR,2015,32520614.0
Bahrain,BHR,2016,31635436.0
Bahrain,BHR,2017,32916580.0
Bahrain,BHR,2018,32698486.0
Bahrain,BHR,2019,37616144.0
Bahrain,BHR,2020,37429270.0
Bahrain,BHR,2021,36265130.0
Bahrain,BHR,2022,37826840.0
Bahrain,BHR,2023,38786692.0
Bahrain,BHR,2024,39003456.0
Bahamas,BHS,1950,54960.0
Bahamas,BHS,1951,65952.0
Bahamas,BHS,1952,76944.0
Bahamas,BHS,1953,80608.0
Bahamas,BHS,1954,84272.0
Bahamas,BHS,1955,128240.01
Bahamas,BHS,1956,139232.0
Bahamas,BHS,1957,175872.0
Bahamas,BHS,1958,179536.0
Bahamas,BHS,1959,260144.0
Bahamas,BHS,1960,410368.0
Bahamas,BHS,1961,545936.0
Bahamas,BHS,1962,725472.0
Bahamas,BHS,1963,707152.0
Bahamas,BHS,1964,1084544.0
Bahamas,BHS,1965,1315376.0
Bahamas,BHS,1966,1091872.0
Bahamas,BHS,1967,1700996.0
Bahamas,BHS,1968,1627716.0
Bahamas,BHS,1969,1740766.0
Bahamas,BHS,1970,2568770.0
Bahamas,BHS,1971,6723746.0
Bahamas,BHS,1972,6481298.0
Bahamas,BHS,1973,7862745.0
Bahamas,BHS,1974,7379751.0
Bahamas,BHS,1975,8246118.5
Bahamas,BHS,1976,6457283.0
Bahamas,BHS,1977,9708627.0
Bahamas,BHS,1978,6596632.0
Bahamas,BHS,1979,6914908.0
Bahamas,BHS,1980,7971148.0
Bahamas,BHS,1981,2798367.0
Bahamas,BHS,1982,2258293.0
Bahamas,BHS,1983,2014300.1
Bahamas,BHS,1984,1853984.0
Bahamas,BHS,1985,1509568.0
Bahamas,BHS,1986,1410640.0
Bahamas,BHS,1987,1421632.0
Bahamas,BHS,1988,1538880.0
Bahamas,BHS,1989,1945584.0
Bahamas,BHS,1990,2022527.9
Bahamas,BHS,1991,1996880.0
Bahamas,BHS,1992,1868640.0
Bahamas,BHS,1993,1744064.0
Bahamas,BHS,1994,1769712.0
Bahamas,BHS,1995,1839328.0
Bahamas,BHS,1996,1813680.0
Bahamas,BHS,1997,1608496.0
Bahamas,BHS,1998,1989552.0
Bahamas,BHS,1999,2033520.0
Bahamas,BHS,2000,2026192.0
Bahamas,BHS,2001,1945584.0
Bahamas,BHS,2002,2033520.0
Bahamas,BHS,2003,2070159.9
Bahamas,BHS,2004,2048176.0
Bahamas,BHS,2005,1905280.0
Bahamas,BHS,2006,1853984.0
Bahamas,BHS,2007,1872304.0
Bahamas,BHS,2008,1919936.0
Bahamas,BHS,2009,2154432.0
Bahamas,BHS,2010,2231376.0
Bahamas,BHS,2011,2110464.0
Bahamas,BHS,2012,2048176.0
Bahamas,BHS,2013,1993216.0
Bahamas,BHS,2014,2062832.1
Bahamas,BHS,2015,2231376.0
Bahamas,BHS,2016,2246032.0
Bahamas,BHS,2017,2520832.0
Bahamas,BHS,2018,2454880.0
Bahamas,BHS,2019,2520832.0
Bahamas,BHS,2020,2051840.1
Bahamas,BHS,2021,2726016.0
Bahamas,BHS,2022,2961983.0
Bahamas,BHS,2023,2956122.0
Bahamas,BHS,2024,3069679.0
Bosnia and Herzegovina,BIH,1885,4513.0
Bosnia and Herzegovina,BIH,1890,13538.0
Bosnia and Herzegovina,BIH,1891,15794.0
Bosnia and Herzegovina,BIH,1892,17486.0
Bosnia and Herzegovina,BIH,1893,31024.0
Bosnia and Herzegovina,BIH,1894,59228.0
Bosnia and Herzegovina,BIH,1895,59228.0
Bosnia and Herzegovina,BIH,1896,65997.0
Bosnia and Herzegovina,BIH,1897,51331.0
Bosnia and Herzegovina,BIH,1898,77842.0
Bosnia and Herzegovina,BIH,1899,90816.0
Bosnia and Herzegovina,BIH,1900,122968.0
Bosnia and Herzegovina,BIH,1901,134249.0
Bosnia and Herzegovina,BIH,1902,125788.0
Bosnia and Herzegovina,BIH,1903,136506.0
Bosnia and Herzegovina,BIH,1904,145531.0
Bosnia and Herzegovina,BIH,1905,157940.0
Bosnia and Herzegovina,BIH,1906,188964.0
Bosnia and Herzegovina,BIH,1907,192349.0
Bosnia and Herzegovina,BIH,1908,207015.0
Bosnia and Herzegovina,BIH,1909,212656.0
Bosnia and Herzegovina,BIH,1910,210399.0
Bosnia and Herzegovina,BIH,1911,227886.0
Bosnia and Herzegovina,BIH,1912,233526.0
Bosnia and Herzegovina,BIH,1913,641351.0
Bosnia and Herzegovina,BIH,1919,459720.0
Bosnia and Herzegovina,BIH,1920,610327.0
Bosnia and Herzegovina,BIH,1921,649812.0
Bosnia and Herzegovina,BIH,1922,944258.0
Bosnia and Herzegovina,BIH,1923,1029997.0
Bosnia and Herzegovina,BIH,1924,1055945.0
Bosnia and Herzegovina,BIH,1925,1159170.0
Bosnia and Herzegovina,BIH,1926,1128710.0
Bosnia and Herzegovina,BIH,1927,1275369.0
Bosnia and Herzegovina,BIH,1928,1448861.0
Bosnia and Herzegovina,BIH,1929,1579969.0
Bosnia and Herzegovina,BIH,1930,1486897.0
Bosnia and Herzegovina,BIH,1931,1374436.0
Bosnia and Herzegovina,BIH,1932,1253070.0
Bosnia and Herzegovina,BIH,1933,1159428.0
Bosnia and Herzegovina,BIH,1934,1206818.0
Bosnia and Herzegovina,BIH,1935,1263273.0
Bosnia and Herzegovina,BIH,1936,1245728.0
Bosnia and Herzegovina,BIH,1937,1387864.0
Bosnia and Herzegovina,BIH,1938,1314569.0
Bosnia and Herzegovina,BIH,1939,1379417.0
Bosnia and Herzegovina,BIH,1940,1586174.0
Bosnia and Herzegovina,BIH,1943,56244.0
Bosnia and Herzegovina,BIH,1944,14102.0
Bosnia and Herzegovina,BIH,1945,801599.0
Bosnia and Herzegovina,BIH,1946,1584146.0
Bosnia and Herzegovina,BIH,1947,2204318.0
Bosnia and Herzegovina,BIH,1948,2484644.0
Bosnia and Herzegovina,BIH,1949,2838355.0
Bosnia and Herzegovina,BIH,1950,2719317.0
Bosnia and Herzegovina,BIH,1951,2573763.0
Bosnia and Herzegovina,BIH,1952,2585105.0
Bosnia and Herzegovina,BIH,1953,2567045.0
Bosnia and Herzegovina,BIH,1954,3063472.0
Bosnia and Herzegovina,BIH,1955,3509159.0
Bosnia and Herzegovina,BIH,1956,4013431.0
Bosnia and Herzegovina,BIH,1957,4358258.0
Bosnia and Herzegovina,BIH,1958,4293385.0
Bosnia and Herzegovina,BIH,1959,4925810.0
Bosnia and Herzegovina,BIH,1960,5381659.0
Bosnia and Herzegovina,BIH,1961,5645622.0
Bosnia and Herzegovina,BIH,1962,5793484.0
Bosnia and Herzegovina,BIH,1963,6445125.0
Bosnia and Herzegovina,BIH,1964,7302033.0
Bosnia and Herzegovina,BIH,1965,7513601.0
Bosnia and Herzegovina,BIH,1966,7445411.0
Bosnia and Herzegovina,BIH,1967,7520487.0
Bosnia and Herzegovina,BIH,1968,8043586.5
Bosnia and Herzegovina,BIH,1969,8340376.0
Bosnia and Herzegovina,BIH,1970,10898070.0
Bosnia and Herzegovina,BIH,1971,11745568.0
Bosnia and Herzegovina,BIH,1972,11007961.0
Bosnia and Herzegovina,BIH,1973,13149553.0
Bosnia and Herzegovina,BIH,1974,13206350.0
Bosnia and Herzegovina,BIH,1975,13780342.0
Bosnia and Herzegovina,BIH,1976,14221507.0
Bosnia and Herzegovina,BIH,1977,13829974.0
Bosnia and Herzegovina,BIH,1978,15452787.0
Bosnia and Herzegovina,BIH,1979,16806128.0
Bosnia and Herzegovina,BIH,1980,16523752.0
Bosnia and Herzegovina,BIH,1981,17982970.0
Bosnia and Herzegovina,BIH,1982,16518715.0
Bosnia and Herzegovina,BIH,1983,17787872.0
Bosnia and Herzegovina,BIH,1984,18759304.0
Bosnia and Herzegovina,BIH,1985,19135500.0
Bosnia and Herzegovina,BIH,1986,19983062.0
Bosnia and Herzegovina,BIH,1987,19508412.0
Bosnia and Herzegovina,BIH,1988,20129572.0
Bosnia and Herzegovina,BIH,1989,20067720.0
Bosnia and Herzegovina,BIH,1990,19872074.0
Bosnia and Herzegovina,BIH,1991,14059958.0
Bosnia and Herzegovina,BIH,1992,15028713.0
Bosnia and Herzegovina,BIH,1993,12580576.0
Bosnia and Herzegovina,BIH,1994,3204952.0
Bosnia and Herzegovina,BIH,1995,3405593.0
Bosnia and Herzegovina,BIH,1996,4239503.0
Bosnia and Herzegovina,BIH,1997,8365764.5
Bosnia and Herzegovina,BIH,1998,10550597.0
Bosnia and Herzegovina,BIH,1999,10333251.0
Bosnia and Herzegovina,BIH,2000,13702133.0
Bosnia and Herzegovina,BIH,2001,13262733.0
Bosnia and Herzegovina,BIH,2002,14172601.0
Bosnia and Herzegovina,BIH,2003,14358120.0
Bosnia and Herzegovina,BIH,2004,15462454.0
Bosnia and Herzegovina,BIH,2005,16046078.0
Bosnia and Herzegovina,BIH,2006,17386820.0
Bosnia and Herzegovina,BIH,2007,17474332.0
Bosnia and Herzegovina,BIH,2008,19955086.0
Bosnia and Herzegovina,BIH,2009,20537094.0
Bosnia and Herzegovina,BIH,2010,21145704.0
Bosnia and Herzegovina,BIH,2011,23764900.0
Bosnia and Herzegovina,BIH,2012,22137784.0
Bosnia and Herzegovina,BIH,2013,21801106.0
Bosnia and Herzegovina,BIH,2014,19311786.0
Bosnia and Herzegovina,BIH,2015,18460492.0
Bosnia and Herzegovina,BIH,2016,21734072.0
Bosnia and Herzegovina,BIH,2017,22152510.0
Bosnia and Herzegovina,BIH,2018,22078696.0
Bosnia and Herzegovina,BIH,2019,20810378.0
Bosnia and Herzegovina,BIH,2020,20831812.0
Bosnia and Herzegovina,BIH,2021,21267650.0
Bosnia and Herzegovina,BIH,2022,20742836.0
Bosnia and Herzegovina,BIH,2023,19881310.0
Bosnia and Herzegovina,BIH,2024,19425932.0
Belarus,BLR,1830,511.0
Belarus,BLR,1831,613.0
Belarus,BLR,1832,409.0
Belarus,BLR,1833,511.0
Belarus,BLR,1850,3168.0
Belarus,BLR,1855,9606.0
Belarus,BLR,1858,13489.0
Belarus,BLR,1859,14307.0
Belarus,BLR,1860,18906.0
Belarus,BLR,1861,24015.0
Belarus,BLR,1862,21665.0
Belarus,BLR,1863,22687.0
Belarus,BLR,1864,25446.0
Belarus,BLR,1865,24322.0
Belarus,BLR,1866,76849.0
Belarus,BLR,1867,88192.0
Belarus,BLR,1868,73374.0
Belarus,BLR,1869,99535.0
Belarus,BLR,1870,108017.0
Belarus,BLR,1871,145829.0
Belarus,BLR,1872,149712.0
Belarus,BLR,1873,140515.0
Belarus,BLR,1874,170559.0
Belarus,BLR,1875,196312.0
Belarus,BLR,1876,243729.0
Belarus,BLR,1877,248736.0
Belarus,BLR,1878,325074.0
Belarus,BLR,1879,333556.0
Belarus,BLR,1880,391295.0
Belarus,BLR,1881,412142.0
Belarus,BLR,1882,434113.0
Belarus,BLR,1883,494100.0
Belarus,BLR,1884,501663.03
Belarus,BLR,1885,546423.0
Belarus,BLR,1886,560423.0
Belarus,BLR,1887,593023.0
Belarus,BLR,1888,618571.0
Belarus,BLR,1889,668032.0
Belarus,BLR,1890,756531.0
Belarus,BLR,1891,832970.0
Belarus,BLR,1892,881716.0
Belarus,BLR,1893,1033471.94
Belarus,BLR,1894,1052582.0
Belarus,BLR,1895,1209447.0
Belarus,BLR,1896,1231214.0
Belarus,BLR,1897,1423540.0
Belarus,BLR,1898,1596552.0
Belarus,BLR,1899,1852135.0
Belarus,BLR,1900,2098113.0
Belarus,BLR,1901,2154012.0
Belarus,BLR,1902,2080432.9
Belarus,BLR,1903,2035059.9
Belarus,BLR,1904,2264175.0
Belarus,BLR,1905,2021060.0
Belarus,BLR,1906,2305257.0
Belarus,BLR,1907,2582096.0
Belarus,BLR,1908,2597936.0
Belarus,BLR,1909,2742436.0
Belarus,BLR,1910,2689500.0
Belarus,BLR,1911,2788422.0
Belarus,BLR,1912,3158666.0
Belarus,BLR,1913,3431315.0
Belarus,BLR,1914,3096839.0
Belarus,BLR,1915,2842482.0
Belarus,BLR,1916,3029597.0
Belarus,BLR,1917,2788218.0
Belarus,BLR,1918,1111956.0
Belarus,BLR,1919,949776.0
Belarus,BLR,1920,866081.0
Belarus,BLR,1921,939251.0
Belarus,BLR,1922,1145475.0
Belarus,BLR,1923,1265347.0
Belarus,BLR,1924,1507543.0
Belarus,BLR,1925,1487922.0
Belarus,BLR,1926,2155851.0
Belarus,BLR,1927,2680303.0
Belarus,BLR,1928,2970066.0
Belarus,BLR,1929,3200218.0
Belarus,BLR,1930,4358864.0
Belarus,BLR,1931,5236817.0
Belarus,BLR,1932,5895352.0
Belarus,BLR,1933,6587938.0
Belarus,BLR,1934,7966201.0
Belarus,BLR,1935,9012832.0
Belarus,BLR,1936,10329386.0
Belarus,BLR,1937,10565591.0
Belarus,BLR,1938,11151948.0
Belarus,BLR,1939,11288673.0
Belarus,BLR,1940,13528873.0
Belarus,BLR,1941,11890851.0
Belarus,BLR,1942,6476854.0
Belarus,BLR,1943,6759620.0
Belarus,BLR,1944,9802706.0
Belarus,BLR,1945,10364529.0
Belarus,BLR,1946,11638443.0
Belarus,BLR,1947,14010009.0
Belarus,BLR,1948,14900760.0
Belarus,BLR,1949,16937430.0
Belarus,BLR,1950,18870222.0
Belarus,BLR,1951,20444678.0
Belarus,BLR,1952,21895726.0
Belarus,BLR,1953,23166014.0
Belarus,BLR,1954,25296262.0
Belarus,BLR,1955,28685956.0
Belarus,BLR,1956,31465822.0
Belarus,BLR,1957,34438150.0
Belarus,BLR,1958,36768036.0
Belarus,BLR,1959,38662124.0
Belarus,BLR,1960,40263400.0
Belarus,BLR,1961,41541856.0
Belarus,BLR,1962,43630440.0
Belarus,BLR,1963,46807244.0
Belarus,BLR,1964,49790092.0
Belarus,BLR,1965,52824548.0
Belarus,BLR,1966,55796012.0
Belarus,BLR,1967,58374456.0
Belarus,BLR,1968,60043610.0
Belarus,BLR,1969,62553236.0
Belarus,BLR,1970,65814240.0
Belarus,BLR,1971,69849470.0
Belarus,BLR,1972,73510540.0
Belarus,BLR,1973,76638616.0
Belarus,BLR,1974,79582660.0
Belarus,BLR,1975,83657496.0
Belarus,BLR,1976,86838810.0
Belarus,BLR,1977,89766536.0
Belarus,BLR,1978,92850000.0
Belarus,BLR,1979,93584760.0
Belarus,BLR,1980,97225990.0
Belarus,BLR,1981,95395336.0
Belarus,BLR,1982,97167080.0
Belarus,BLR,1983,98525040.0
Belarus,BLR,1984,99363976.0
Belarus,BLR,1985,107089720.0
Belarus,BLR,1986,121533370.0
Belarus,BLR,1987,111861910.0
Belarus,BLR,1988,114892630.0
Belarus,BLR,1989,109199576.0
Belarus,BLR,1990,108458880.0
Belarus,BLR,1991,104185950.0
Belarus,BLR,1992,93596920.0
Belarus,BLR,1993,80674480.0
Belarus,BLR,1994,67989830.0
Belarus,BLR,1995,61014530.0
Belarus,BLR,1996,61843570.0
Belarus,BLR,1997,61697460.0
Belarus,BLR,1998,60184024.0
Belarus,BLR,1999,58075780.0
Belarus,BLR,2000,55014468.0
Belarus,BLR,2001,54104692.0
Belarus,BLR,2002,53944120.0
Belarus,BLR,2003,55236252.0
Belarus,BLR,2004,58372804.0
Belarus,BLR,2005,59396210.0
Belarus,BLR,2006,61809496.0
Belarus,BLR,2007,60275660.0
Belarus,BLR,2008,62931132.0
Belarus,BLR,2009,60628340.0
Belarus,BLR,2010,62515440.0
Belarus,BLR,2011,61353236.0
Belarus,BLR,2012,62591696.0
Belarus,BLR,2013,64151856.0
Belarus,BLR,2014,63699212.0
Belarus,BLR,2015,58827810.0
Belarus,BLR,2016,58188064.0
Belarus,BLR,2017,59444372.0
Belarus,BLR,2018,62170668.0
Belarus,BLR,2019,62170636.0
Belarus,BLR,2020,59122900.0
Belarus,BLR,2021,60861080.0
Belarus,BLR,2022,57120548.0
Belarus,BLR,2023,55736064.0
Belarus,BLR,2024,55818416.0
Belize,BLZ,1950,18320.0
Belize,BLZ,1951,25648.0
Belize,BLZ,1952,25648.0
Belize,BLZ,1953,29312.0
Belize,BLZ,1954,29312.0
Belize,BLZ,1955,29312.0
Belize,BLZ,1956,29312.0
Belize,BLZ,1957,29312.0
Belize,BLZ,1958,40304.0
Belize,BLZ,1959,40304.0
Belize,BLZ,1960,43968.0
Belize,BLZ,1961,36640.0
Belize,BLZ,1962,69616.0
Belize,BLZ,1963,62288.0
Belize,BLZ,1964,84272.0
Belize,BLZ,1965,84272.0
Belize,BLZ,1966,80608.0
Belize,BLZ,1967,120912.0
Belize,BLZ,1968,102592.0
Belize,BLZ,1969,135568.0
Belize,BLZ,1970,120912.0
Belize,BLZ,1971,142896.0
Belize,BLZ,1972,157552.0
Belize,BLZ,1973,146560.0
Belize,BLZ,1974,153888.0
Belize,BLZ,1975,175872.0
Belize,BLZ,1976,175872.0
Belize,BLZ,1977,197856.0
Belize,BLZ,1978,216176.0
Belize,BLZ,1979,208848.0
Belize,BLZ,1980,190528.0
Belize,BLZ,1981,183200.0
Belize,BLZ,1982,172208.0
Belize,BLZ,1983,172208.0
Belize,BLZ,1984,172208.0
Belize,BLZ,1985,190528.0
Belize,BLZ,1986,205184.0
Belize,BLZ,1987,227168.0
Belize,BLZ,1988,249152.0
Belize,BLZ,1989,300448.0
Belize,BLZ,1990,311440.0
Belize,BLZ,1991,406704.0
Belize,BLZ,1992,355408.0
Belize,BLZ,1993,377392.0
Belize,BLZ,1994,373728.0
Belize,BLZ,1995,377392.0
Belize,BLZ,1996,307776.0
Belize,BLZ,1997,388384.0
Belize,BLZ,1998,370064.0
Belize,BLZ,1999,348080.0
Belize,BLZ,2000,395712.0
Belize,BLZ,2001,447008.0
Belize,BLZ,2002,432352.0
Belize,BLZ,2003,432352.0
Belize,BLZ,2004,392048.0
Belize,BLZ,2005,417696.0
Belize,BLZ,2006,443344.0
Belize,BLZ,2007,472656.0
Belize,BLZ,2008,432352.0
Belize,BLZ,2009,512960.03
Belize,BLZ,2010,538608.0
Belize,BLZ,2011,571584.0
Belize,BLZ,2012,472656.0
Belize,BLZ,2013,472656.0
Belize,BLZ,2014,501968.03
Belize,BLZ,2015,685168.0
Belize,BLZ,2016,674176.0
Belize,BLZ,2017,666848.0
Belize,BLZ,2018,659540.0
Belize,BLZ,2019,769440.0
Belize,BLZ,2020,653636.0
Belize,BLZ,2021,693630.0
Belize,BLZ,2022,723761.0
Belize,BLZ,2023,766451.0
Belize,BLZ,2024,796027.0
Bermuda,BMU,1950,43968.0
Bermuda,BMU,1951,58624.0
Bermuda,BMU,1952,106256.0
Bermuda,BMU,1953,91600.0
Bermuda,BMU,1954,84272.0
Bermuda,BMU,1955,109920.0
Bermuda,BMU,1956,135568.0
Bermuda,BMU,1957,139232.0
Bermuda,BMU,1958,146560.0
Bermuda,BMU,1959,135568.0
Bermuda,BMU,1960,157552.0
Bermuda,BMU,1961,175872.0
Bermuda,BMU,1962,157552.0
Bermuda,BMU,1963,150224.0
Bermuda,BMU,1964,201520.0
Bermuda,BMU,1965,179536.0
Bermuda,BMU,1966,201520.0
Bermuda,BMU,1967,212512.0
Bermuda,BMU,1968,223504.0
Bermuda,BMU,1969,197856.0
Bermuda,BMU,1970,227168.0
Bermuda,BMU,1971,230832.0
Bermuda,BMU,1972,252815.98
Bermuda,BMU,1973,425024.0
Bermuda,BMU,1974,443344.0
Bermuda,BMU,1975,458000.0
Bermuda,BMU,1976,468992.0
Bermuda,BMU,1977,454336.0
Bermuda,BMU,1978,425024.0
Bermuda,BMU,1979,461664.0
Bermuda,BMU,1980,436016.0
Bermuda,BMU,1981,388384.0
Bermuda,BMU,1982,395712.0
Bermuda,BMU,1983,450672.0
Bermuda,BMU,1984,443344.0
Bermuda,BMU,1985,450672.0
Bermuda,BMU,1986,421360.0
Bermuda,BMU,1987,571584.0
Bermuda,BMU,1988,644864.0
Bermuda,BMU,1989,780432.0
Bermuda,BMU,1990,501968.03
Bermuda,BMU,1991,538608.0
Bermuda,BMU,1992,461664.0
Bermuda,BMU,1993,538608.0
Bermuda,BMU,1994,531280.0
Bermuda,BMU,1995,531280.0
Bermuda,BMU,1996,527616.0
Bermuda,BMU,1997,523952.0
Bermuda,BMU,1998,520288.0
Bermuda,BMU,1999,512960.03
Bermuda,BMU,2000,516623.97
Bermuda,BMU,2001,527616.0
Bermuda,BMU,2002,556928.0
Bermuda,BMU,2003,560592.0
Bermuda,BMU,2004,582576.0
Bermuda,BMU,2005,582576.0
Bermuda,BMU,2006,655856.0
Bermuda,BMU,2007,729136.0
Bermuda,BMU,2008,644864.0
Bermuda,BMU,2009,472656.0
Bermuda,BMU,2010,604560.0
Bermuda,BMU,2011,443344.0
Bermuda,BMU,2012,366400.0
Bermuda,BMU,2013,534944.0
Bermuda,BMU,2014,666848.0
Bermuda,BMU,2015,542272.0
Bermuda,BMU,2016,615552.0
Bermuda,BMU,2017,641200.0
Bermuda,BMU,2018,696160.0
Bermuda,BMU,2019,593568.0
Bermuda,BMU,2020,436016.0
Bermuda,BMU,2021,516623.97
Bermuda,BMU,2022,530727.0
Bermuda,BMU,2023,529653.0
Bermuda,BMU,2024,550001.0
Bolivia,BOL,1862,3978.0
Bolivia,BOL,1864,931.0
Bolivia,BOL,1865,5781.0
Bolivia,BOL,1866,1924.0
Bolivia,BOL,1867,2362.0
Bolivia,BOL,1868,5668.0
Bolivia,BOL,1869,3704.0
Bolivia,BOL,1870,2021.0
Bolivia,BOL,1871,5371.0
Bolivia,BOL,1872,10310.0
Bolivia,BOL,1873,13937.0
Bolivia,BOL,1874,8289.0
Bolivia,BOL,1875,10511.0
Bolivia,BOL,1876,16840.0
Bolivia,BOL,1877,12560.0
Bolivia,BOL,1878,22168.0
Bolivia,BOL,1879,28290.0
Bolivia,BOL,1880,34307.0
Bolivia,BOL,1881,43040.0
Bolivia,BOL,1882,51542.0
Bolivia,BOL,1883,43661.0
Bolivia,BOL,1884,54104.0
Bolivia,BOL,1885,37882.0
Bolivia,BOL,1886,21196.0
Bolivia,BOL,1887,33378.0
Bolivia,BOL,1888,43632.0
Bolivia,BOL,1915,26020.0
Bolivia,BOL,1916,110386.0
Bolivia,BOL,1917,91112.0
Bolivia,BOL,1918,92641.0
Bolivia,BOL,1919,63819.996
Bolivia,BOL,1920,102928.0
Bolivia,BOL,1921,71553.0
Bolivia,BOL,1922,57218.0
Bolivia,BOL,1923,70411.0
Bolivia,BOL,1924,71219.0
Bolivia,BOL,1925,40288.0
Bolivia,BOL,1926,60342.0
Bolivia,BOL,1927,77757.0
Bolivia,BOL,1928,92291.0
Bolivia,BOL,1929,60205.0
Bolivia,BOL,1930,82668.0
Bolivia,BOL,1931,16533.0
Bolivia,BOL,1932,50976.0
Bolivia,BOL,1933,63373.0
Bolivia,BOL,1934,86099.0
Bolivia,BOL,1935,78204.0
Bolivia,BOL,1936,49683.0
Bolivia,BOL,1937,58757.0
Bolivia,BOL,1938,150078.0
Bolivia,BOL,1939,153175.0
Bolivia,BOL,1940,181742.0
Bolivia,BOL,1941,217179.0
Bolivia,BOL,1942,212036.0
Bolivia,BOL,1943,223030.0
Bolivia,BOL,1944,234814.0
Bolivia,BOL,1945,210534.0
Bolivia,BOL,1946,218515.0
Bolivia,BOL,1947,191363.0
Bolivia,BOL,1948,224174.0
Bolivia,BOL,1949,319904.0
Bolivia,BOL,1950,516896.0
Bolivia,BOL,1951,461515.0
Bolivia,BOL,1952,512811.0
Bolivia,BOL,1953,538459.0
Bolivia,BOL,1954,787641.0
Bolivia,BOL,1955,930507.0
Bolivia,BOL,1956,1106409.0
Bolivia,BOL,1957,1003847.0
Bolivia,BOL,1958,915882.0
Bolivia,BOL,1959,948857.0
Bolivia,BOL,1960,1003787.06
Bolivia,BOL,1961,1040398.0
Bolivia,BOL,1962,1098992.0
Bolivia,BOL,1963,1212547.0
Bolivia,BOL,1964,1479989.0
Bolivia,BOL,1965,1509330.0
Bolivia,BOL,1966,1688837.0
Bolivia,BOL,1967,1890386.0
Bolivia,BOL,1968,2176118.0
Bolivia,BOL,1969,2546154.0
Bolivia,BOL,1970,2483717.0
Bolivia,BOL,1971,3058935.0
Bolivia,BOL,1972,3568142.0
Bolivia,BOL,1973,3454469.0
Bolivia,BOL,1974,3512944.0
Bolivia,BOL,1975,4054978.8
Bolivia,BOL,1976,4575109.0
Bolivia,BOL,1977,4475530.0
Bolivia,BOL,1978,5021126.0
Bolivia,BOL,1979,4731349.0
Bolivia,BOL,1980,4660842.0
Bolivia,BOL,1981,4783898.0
Bolivia,BOL,1982,4340744.0
Bolivia,BOL,1983,4281503.0
Bolivia,BOL,1984,4032625.2
Bolivia,BOL,1985,4114618.8
Bolivia,BOL,1986,3767794.0
Bolivia,BOL,1987,4017859.0
Bolivia,BOL,1988,4294312.0
Bolivia,BOL,1989,4977477.0
Bolivia,BOL,1990,10017548.0
Bolivia,BOL,1991,10505752.0
Bolivia,BOL,1992,11025174.0
Bolivia,BOL,1993,11561578.0
Bolivia,BOL,1994,9649576.0
Bolivia,BOL,1995,9028558.0
Bolivia,BOL,1996,10027261.0
Bolivia,BOL,1997,11732910.0
Bolivia,BOL,1998,11264037.0
Bolivia,BOL,1999,10950275.0
Bolivia,BOL,2000,8442282.0
Bolivia,BOL,2001,8752278.0
Bolivia,BOL,2002,10414980.0
Bolivia,BOL,2003,10983067.0
Bolivia,BOL,2004,11051123.0
Bolivia,BOL,2005,12336852.0
Bolivia,BOL,2006,12368667.0
Bolivia,BOL,2007,12740015.0
Bolivia,BOL,2008,13027696.0
Bolivia,BOL,2009,13633147.0
Bolivia,BOL,2010,14808615.0
Bolivia,BOL,2011,16051197.0
Bolivia,BOL,2012,17574666.0
Bolivia,BOL,2013,17777708.0
Bolivia,BOL,2014,19900322.0
Bolivia,BOL,2015,19899728.0
Bolivia,BOL,2016,21249604.0
Bolivia,BOL,2017,22181584.0
Bolivia,BOL,2018,22508872.0
Bolivia,BOL,2019,22609254.0
Bolivia,BOL,2020,18320192.0
Bolivia,BOL,2021,21766604.0
Bolivia,BOL,2022,23488206.0
Bolivia,BOL,2023,24620520.0
Bolivia,BOL,2024,28708664.0
Brazil,BRA,1856,227193.0
Brazil,BRA,1857,269048.0
Brazil,BRA,1858,284547.0
Brazil,BRA,1859,372714.0
Brazil,BRA,1860,434898.0
Brazil,BRA,1861,410068.0
Brazil,BRA,1862,355327.0
Brazil,BRA,1863,425965.0
Brazil,BRA,1864,479584.0
Brazil,BRA,1865,571897.0
Brazil,BRA,1866,646022.0
Brazil,BRA,1867,554700.0
Brazil,BRA,1868,752482.0
Brazil,BRA,1869,605044.0
Brazil,BRA,1870,698167.0
Brazil,BRA,1871,844686.0
Brazil,BRA,1872,858380.0
Brazil,BRA,1873,1029011.0
Brazil,BRA,1874,996022.0
Brazil,BRA,1875,939750.0
Brazil,BRA,1876,843065.0
Brazil,BRA,1877,878429.0
Brazil,BRA,1878,949458.0
Brazil,BRA,1879,808030.0
Brazil,BRA,1880,923420.0
Brazil,BRA,1881,1031042.0
Brazil,BRA,1882,948135.0
Brazil,BRA,1883,1170254.0
Brazil,BRA,1884,1282615.0
Brazil,BRA,1885,1215464.0
Brazil,BRA,1886,1236031.0
Brazil,BRA,1887,1315565.0
Brazil,BRA,1888,1283198.0
Brazil,BRA,1889,1860401.0
Brazil,BRA,1890,1713533.0
Brazil,BRA,1891,2072020.0
Brazil,BRA,1892,2145624.0
Brazil,BRA,1893,1969636.0
Brazil,BRA,1894,2308266.0
Brazil,BRA,1895,2188105.0
Brazil,BRA,1896,2615588.0
Brazil,BRA,1897,2734326.0
Brazil,BRA,1898,2681303.0
Brazil,BRA,1899,2612972.0
Brazil,BRA,1900,2272218.0
Brazil,BRA,1901,2314927.0
Brazil,BRA,1902,2554500.0
Brazil,BRA,1903,2442213.0
Brazil,BRA,1904,2639233.0
Brazil,BRA,1905,2871745.0
Brazil,BRA,1906,3248124.0
Brazil,BRA,1907,3722012.0
Brazil,BRA,1908,3729627.0
Brazil,BRA,1909,3825869.0
Brazil,BRA,1910,4584790.0
Brazil,BRA,1911,5383972.0
Brazil,BRA,1912,5477784.0
Brazil,BRA,1913,6107222.0
Brazil,BRA,1914,4657949.0
Brazil,BRA,1915,3211753.0
Brazil,BRA,1916,2735087.0
Brazil,BRA,1917,2840131.0
Brazil,BRA,1918,2656656.0
Brazil,BRA,1919,2967940.0
Brazil,BRA,1920,3964006.0
Brazil,BRA,1921,2886595.0
Brazil,BRA,1922,4026874.0
Brazil,BRA,1923,4792903.0
Brazil,BRA,1924,5319118.0
Brazil,BRA,1925,5341588.0
Brazil,BRA,1926,5469600.0
Brazil,BRA,1927,6038804.0
Brazil,BRA,1928,6083169.0
Brazil,BRA,1929,6337248.0
Brazil,BRA,1930,5787529.0
Brazil,BRA,1931,4772610.0
Brazil,BRA,1932,4780363.0
Brazil,BRA,1933,5177471.0
Brazil,BRA,1934,5158075.0
Brazil,BRA,1935,5378230.0
Brazil,BRA,1936,5617306.0
Brazil,BRA,1937,6731251.0
Brazil,BRA,1938,7179338.0
Brazil,BRA,1939,5614746.0
Brazil,BRA,1940,5654414.0
Brazil,BRA,1941,6280670.0
Brazil,BRA,1942,5866699.0
Brazil,BRA,1943,6474923.0
Brazil,BRA,1944,5895771.0
Brazil,BRA,1945,6822912.0
Brazil,BRA,1946,7460241.0
Brazil,BRA,1947,8947467.0
Brazil,BRA,1948,7847465.0
Brazil,BRA,1949,7366800.0
Brazil,BRA,1950,19659072.0
Brazil,BRA,1951,21659348.0
Brazil,BRA,1952,24934310.0
Brazil,BRA,1953,25218440.0
Brazil,BRA,1954,29675626.0
Brazil,BRA,1955,34023692.0
Brazil,BRA,1956,36608456.0
Brazil,BRA,1957,35977396.0
Brazil,BRA,1958,39053930.0
Brazil,BRA,1959,39017080.0
Brazil,BRA,1960,46851820.0
Brazil,BRA,1961,49134936.0
Brazil,BRA,1962,53610856.0
Brazil,BRA,1963,55519376.0
Brazil,BRA,1964,56621016.0
Brazil,BRA,1965,56272604.0
Brazil,BRA,1966,64153876.0
Brazil,BRA,1967,66021996.0
Brazil,BRA,1968,77210430.0
Brazil,BRA,1969,84071830.0
Brazil,BRA,1970,93466984.0
Brazil,BRA,1971,102313960.0
Brazil,BRA,1972,113992010.0
Brazil,BRA,1973,132029210.0
Brazil,BRA,1974,142980540.0
Brazil,BRA,1975,150287150.0
Brazil,BRA,1976,154561870.0
Brazil,BRA,1977,162313580.0
Brazil,BRA,1978,177060600.0
Brazil,BRA,1979,187727740.0
Brazil,BRA,1980,186127380.0
Brazil,BRA,1981,171261920.0
Brazil,BRA,1982,171439150.0
Brazil,BRA,1983,165851310.0
Brazil,BRA,1984,167524240.0
Brazil,BRA,1985,180064830.0
Brazil,BRA,1986,197183400.0
Brazil,BRA,1987,205911790.0
Brazil,BRA,1988,207640260.0
Brazil,BRA,1989,212015970.0
Brazil,BRA,1990,218657680.0
Brazil,BRA,1991,229393580.0
Brazil,BRA,1992,233600860.0
Brazil,BRA,1993,244305540.0
Brazil,BRA,1994,254002260.0
Brazil,BRA,1995,268677540.0
Brazil,BRA,1996,289310900.0
Brazil,BRA,1997,306949060.0
Brazil,BRA,1998,317359420.0
Brazil,BRA,1999,327255650.0
Brazil,BRA,2000,340182820.0
Brazil,BRA,2001,346165730.0
Brazil,BRA,2002,347764960.0
Brazil,BRA,2003,344644930.0
Brazil,BRA,2004,361434020.0
Brazil,BRA,2005,364370560.0
Brazil,BRA,2006,368870940.0
Brazil,BRA,2007,390573440.0
Brazil,BRA,2008,412637860.0
Brazil,BRA,2009,389775330.0
Brazil,BRA,2010,440269060.0
Brazil,BRA,2011,461911330.0
Brazil,BRA,2012,497468200.0
Brazil,BRA,2013,531568830.0
Brazil,BRA,2014,556525500.0
Brazil,BRA,2015,528173540.0
Brazil,BRA,2016,491744830.0
Brazil,BRA,2017,497254560.0
Brazil,BRA,2018,476600540.0
Brazil,BRA,2019,476723740.0
Brazil,BRA,2020,447999400.0
Brazil,BRA,2021,496562000.0
Brazil,BRA,2022,480058300.0
Brazil,BRA,2023,483991940.0
Brazil,BRA,2024,483011550.0
Barbados,BRB,1928,3664.0
Barbados,BRB,1929,3664.0
Barbados,BRB,1930,7328.0
Barbados,BRB,1931,3664.0
Barbados,BRB,1932,3664.0
Barbados,BRB,1933,3664.0
Barbados,BRB,1934,3664.0
Barbados,BRB,1939,3664.0
Barbados,BRB,1947,3664.0
Barbados,BRB,1948,3664.0
Barbados,BRB,1949,3664.0
Barbados,BRB,1950,73280.0
Barbados,BRB,1951,109920.0
Barbados,BRB,1952,87936.0
Barbados,BRB,1953,109920.0
Barbados,BRB,1954,113584.0
Barbados,BRB,1955,128240.01
Barbados,BRB,1956,128240.01
Barbados,BRB,1957,135568.0
Barbados,BRB,1958,150224.0
Barbados,BRB,1959,150224.0
Barbados,BRB,1960,172208.0
Barbados,BRB,1961,194192.0
Barbados,BRB,1962,260144.0
Barbados,BRB,1963,190528.0
Barbados,BRB,1964,179536.0
Barbados,BRB,1965,205184.0
Barbados,BRB,1966,267472.0
Barbados,BRB,1967,337088.0
Barbados,BRB,1968,439680.0
Barbados,BRB,1969,479984.0
Barbados,BRB,1970,428688.0
Barbados,BRB,1971,483648.0
Barbados,BRB,1972,501968.03
Barbados,BRB,1973,479984.0
Barbados,BRB,1974,490976.0
Barbados,BRB,1975,567920.0
Barbados,BRB,1976,531280.0
Barbados,BRB,1977,589904.0
Barbados,BRB,1978,630208.0
Barbados,BRB,1979,600896.0
Barbados,BRB,1980,674176.0
Barbados,BRB,1981,685168.0
Barbados,BRB,1982,644864.0
Barbados,BRB,1983,685168.0
Barbados,BRB,1984,746995.0
Barbados,BRB,1985,845711.0
Barbados,BRB,1986,915407.0
Barbados,BRB,1987,941049.0
Barbados,BRB,1988,944787.0
Barbados,BRB,1989,988686.0
Barbados,BRB,1990,1037106.06
Barbados,BRB,1991,1183679.0
Barbados,BRB,1992,1164214.0
Barbados,BRB,1993,935647.0
Barbados,BRB,1994,940022.0
Barbados,BRB,1995,1022811.06
Barbados,BRB,1996,1049680.0
Barbados,BRB,1997,1155708.0
Barbados,BRB,1998,1227699.0
Barbados,BRB,1999,1301683.0
Barbados,BRB,2000,1309144.0
Barbados,BRB,2001,1307472.0
Barbados,BRB,2002,1316816.0
Barbados,BRB,2003,1358456.0
Barbados,BRB,2004,1386768.0
Barbados,BRB,2005,1429072.0
Barbados,BRB,2006,1471040.0
Barbados,BRB,2007,1469040.0
Barbados,BRB,2008,1733427.0
Barbados,BRB,2009,1699727.0
Barbados,BRB,2010,1566600.0
Barbados,BRB,2011,1626242.0
Barbados,BRB,2012,1554216.0
Barbados,BRB,2013,1539832.0
Barbados,BRB,2014,1367624.0
Barbados,BRB,2015,1334648.0
Barbados,BRB,2016,1371455.0
Barbados,BRB,2017,1399244.0
Barbados,BRB,2018,1446876.0
Barbados,BRB,2019,1391916.0
Barbados,BRB,2020,1255533.0
Barbados,BRB,2021,1190120.0
Barbados,BRB,2022,1314983.0
Barbados,BRB,2023,1316733.0
Barbados,BRB,2024,1365171.0
Brunei,BRN,1933,3664.0
Brunei,BRN,1934,43968.0
Brunei,BRN,1935,25648.0
Brunei,BRN,1936,76944.0
Brunei,BRN,1937,205184.0
Brunei,BRN,1938,216176.0
Brunei,BRN,1939,2627088.0
Brunei,BRN,1940,2960512.0
Brunei,BRN,1941,1967568.0
Brunei,BRN,1942,1245760.0
Brunei,BRN,1943,1872304.0
Brunei,BRN,1944,2495184.0
Brunei,BRN,1945,919664.0
Brunei,BRN,1946,945312.0
Brunei,BRN,1947,5353104.0
Brunei,BRN,1948,80608.0
Brunei,BRN,1949,11468320.0
Brunei,BRN,1950,414032.0
Brunei,BRN,1951,300448.0
Brunei,BRN,1952,322432.0
Brunei,BRN,1953,344416.0
Brunei,BRN,1954,359072.0
Brunei,BRN,1955,300448.0
Brunei,BRN,1956,296784.0
Brunei,BRN,1957,293120.0
Brunei,BRN,1958,318768.0
Brunei,BRN,1959,326096.0
Brunei,BRN,1960,333424.0
Brunei,BRN,1961,304112.0
Brunei,BRN,1962,370064.0
Brunei,BRN,1963,355408.0
Brunei,BRN,1964,340752.0
Brunei,BRN,1965,333424.0
Brunei,BRN,1966,490976.0
Brunei,BRN,1967,439680.0
Brunei,BRN,1968,428688.0
Brunei,BRN,1969,487312.0
Brunei,BRN,1970,8203696.5
Brunei,BRN,1971,7511200.0
Brunei,BRN,1972,9453120.0
Brunei,BRN,1973,9973408.0
Brunei,BRN,1974,8178048.0
Brunei,BRN,1975,7075184.0
Brunei,BRN,1976,6019952.0
Brunei,BRN,1977,6390016.0
Brunei,BRN,1978,9533728.0
Brunei,BRN,1979,7434256.0
Brunei,BRN,1980,6877328.0
Brunei,BRN,1981,2059168.1
Brunei,BRN,1982,2664731.0
Brunei,BRN,1983,2733344.0
Brunei,BRN,1984,1916272.0
Brunei,BRN,1985,2594112.0
Brunei,BRN,1986,2297328.0
Brunei,BRN,1987,3315920.0
Brunei,BRN,1988,5712176.0
Brunei,BRN,1989,6342384.0
Brunei,BRN,1990,5008688.0
Brunei,BRN,1991,6826032.0
Brunei,BRN,1992,6668480.0
Brunei,BRN,1993,5851408.0
Brunei,BRN,1994,5292824.0
Brunei,BRN,1995,5884485.0
Brunei,BRN,1996,5962526.0
Brunei,BRN,1997,6178846.0
Brunei,BRN,1998,5595279.0
Brunei,BRN,1999,5978051.0
Brunei,BRN,2000,5886176.0
Brunei,BRN,2001,5757950.0
Brunei,BRN,2002,5285426.0
Brunei,BRN,2003,6139636.0
Brunei,BRN,2004,5966673.0
Brunei,BRN,2005,5428519.0
Brunei,BRN,2006,7143688.0
Brunei,BRN,2007,8076697.5
Brunei,BRN,2008,9165561.0
Brunei,BRN,2009,7744925.0
Brunei,BRN,2010,8017381.5
Brunei,BRN,2011,9555439.0
Brunei,BRN,2012,9499828.0
Brunei,BRN,2013,7626055.0
Brunei,BRN,2014,8830992.0
Brunei,BRN,2015,6933290.0
Brunei,BRN,2016,7632908.0
Brunei,BRN,2017,9309384.0
Brunei,BRN,2018,9341090.0
Brunei,BRN,2019,9564189.0
Brunei,BRN,2020,11157091.0
Brunei,BRN,2021,11708841.0
Brunei,BRN,2022,12237038.0
Brunei,BRN,2023,12502692.0
Brunei,BRN,2024,12052463.0
Bhutan,BTN,1970,3664.0
Bhutan,BTN,1971,3664.0
Bhutan,BTN,1972,3664.0
Bhutan,BTN,1973,3664.0
Bhutan,BTN,1974,3664.0
Bhutan,BTN,1975,3664.0
Bhutan,BTN,1976,3664.0
Bhutan,BTN,1977,7328.0
Bhutan,BTN,1978,10992.0
Bhutan,BTN,1979,21984.0
Bhutan,BTN,1980,21984.0
Bhutan,BTN,1981,55349.0
Bhutan,BTN,1982,62680.996
Bhutan,BTN,1983,86749.0
Bhutan,BTN,1984,108740.0
Bhutan,BTN,1985,119740.0
Bhutan,BTN,1986,112419.0
Bhutan,BTN,1987,160059.0
Bhutan,BTN,1988,167395.0
Bhutan,BTN,1989,119770.0
Bhutan,BTN,1990,185730.0
Bhutan,BTN,1991,185738.0
Bhutan,BTN,1992,215057.0
Bhutan,BTN,1993,181786.0
Bhutan,BTN,1994,212410.0
Bhutan,BTN,1995,248966.0
Bhutan,BTN,1996,298272.0
Bhutan,BTN,1997,390105.0
Bhutan,BTN,1998,385183.0
Bhutan,BTN,1999,385869.0
Bhutan,BTN,2000,396871.0
Bhutan,BTN,2001,463541.0
Bhutan,BTN,2002,494002.0
Bhutan,BTN,2003,494012.0
Bhutan,BTN,2004,436153.0
Bhutan,BTN,2005,546084.0
Bhutan,BTN,2006,411117.0
Bhutan,BTN,2007,397186.0
Bhutan,BTN,2008,646350.0
Bhutan,BTN,2009,683001.0
Bhutan,BTN,2010,905464.0
Bhutan,BTN,2011,1006822.94
Bhutan,BTN,2012,1150018.0
Bhutan,BTN,2013,1268971.0
Bhutan,BTN,2014,1332335.0
Bhutan,BTN,2015,1433898.0
Bhutan,BTN,2016,1560270.0
Bhutan,BTN,2017,1649287.0
Bhutan,BTN,2018,1681916.0
Bhutan,BTN,2019,1564881.0
Bhutan,BTN,2020,1213662.0
Bhutan,BTN,2021,1454682.0
Bhutan,BTN,2022,1549593.0
Bhutan,BTN,2023,1629648.0
Bhutan,BTN,2024,1657416.0
Botswana,BWA,1972,21984.0
Botswana,BWA,1973,51296.0
Botswana,BWA,1974,87936.0
Botswana,BWA,1975,186864.0
Botswana,BWA,1976,593568.0
Botswana,BWA,1977,780432.0
Botswana,BWA,1978,831728.0
Botswana,BWA,1979,941648.0
Botswana,BWA,1980,1403446.0
Botswana,BWA,1981,1407600.0
Botswana,BWA,1982,1399200.0
Botswana,BWA,1983,1329584.0
Botswana,BWA,1984,1344240.0
Botswana,BWA,1985,1657824.0
Botswana,BWA,1986,1566224.0
Botswana,BWA,1987,1838432.0
Botswana,BWA,1988,2000720.0
Botswana,BWA,1989,2228960.0
Botswana,BWA,1990,2700368.0
Botswana,BWA,1991,2634416.0
Botswana,BWA,1992,2777312.0
Botswana,BWA,1993,3195008.0
Botswana,BWA,1994,3030128.0
Botswana,BWA,1995,3044784.0
Botswana,BWA,1996,2755328.0
Botswana,BWA,1997,2799296.0
Botswana,BWA,1998,3341568.0
Botswana,BWA,1999,3158368.0
Botswana,BWA,2000,3777584.0
Botswana,BWA,2001,3847200.0
Botswana,BWA,2002,3975440.0
Botswana,BWA,2003,3825216.0
Botswana,BWA,2004,3894832.0
Botswana,BWA,2005,4096352.0
Botswana,BWA,2006,4132991.8
Botswana,BWA,2007,4228256.0
Botswana,BWA,2008,4503056.0
Botswana,BWA,2009,3855444.0
Botswana,BWA,2010,4537275.0
Botswana,BWA,2011,4028802.0
Botswana,BWA,2012,5076711.0
Botswana,BWA,2013,5663055.0
Botswana,BWA,2014,6850164.0
Botswana,BWA,2015,5417540.0
Botswana,BWA,2016,6340873.0
Botswana,BWA,2017,7066344.0
Botswana,BWA,2018,7643491.0
Botswana,BWA,2019,7485552.0
Botswana,BWA,2020,6192160.0
Botswana,BWA,2021,6683136.0
Botswana,BWA,2022,7395755.0
Botswana,BWA,2023,7248677.0
Botswana,BWA,2024,7461599.0
Central African Republic,CAF,1950,47015.0
Central African Republic,CAF,1951,62687.004
Central African Republic,CAF,1952,81297.0
Central African Republic,CAF,1953,68564.0
Central African Republic,CAF,1954,72482.0
Central African Republic,CAF,1955,71502.0
Central African Republic,CAF,1956,93051.0
Central African Republic,CAF,1957,99907.0
Central African Republic,CAF,1958,114600.0
Central African Republic,CAF,1959,98928.0
Central African Republic,CAF,1960,87936.0
Central African Republic,CAF,1961,87936.0
Central African Republic,CAF,1962,73280.0
Central African Republic,CAF,1963,73280.0
Central African Republic,CAF,1964,73280.0
Central African Republic,CAF,1965,87936.0
Central African Republic,CAF,1966,84272.0
Central African Republic,CAF,1967,91600.0
Central African Republic,CAF,1968,183200.0
Central African Republic,CAF,1969,186864.0
Central African Republic,CAF,1970,208848.0
Central African Republic,CAF,1971,183200.0
Central African Republic,CAF,1972,168544.0
Central African Republic,CAF,1973,161216.0
Central African Republic,CAF,1974,113584.0
Central African Republic,CAF,1975,102592.0
Central African Republic,CAF,1976,128240.01
Central African Republic,CAF,1977,128240.01
Central African Republic,CAF,1978,146560.0
Central African Republic,CAF,1979,102592.0
Central African Republic,CAF,1980,106256.0
Central African Republic,CAF,1981,135568.0
Central African Republic,CAF,1982,142896.0
Central African Republic,CAF,1983,146560.0
Central African Republic,CAF,1984,150224.0
Central African Republic,CAF,1985,161216.0
Central African Republic,CAF,1986,161216.0
Central African Republic,CAF,1987,260144.0
Central African Republic,CAF,1988,230832.0
Central African Republic,CAF,1989,249152.0
Central African Republic,CAF,1990,183200.0
Central African Republic,CAF,1991,190528.0
Central African Republic,CAF,1992,194192.0
Central African Republic,CAF,1993,197856.0
Central African Republic,CAF,1994,208848.0
Central African Republic,CAF,1995,208848.0
Central African Republic,CAF,1996,212512.0
Central African Republic,CAF,1997,216176.0
Central African Republic,CAF,1998,219840.0
Central African Republic,CAF,1999,230832.0
Central African Republic,CAF,2000,124576.0
Central African Republic,CAF,2001,142896.0
Central African Republic,CAF,2002,117248.0
Central African Republic,CAF,2003,113584.0
Central African Republic,CAF,2004,124576.0
Central African Republic,CAF,2005,128240.01
Central African Republic,CAF,2006,139232.0
Central African Republic,CAF,2007,153888.0
Central African Republic,CAF,2008,150224.0
Central African Republic,CAF,2009,153888.0
Central African Republic,CAF,2010,168544.0
Central African Republic,CAF,2011,153888.0
Central African Republic,CAF,2012,183200.0
Central African Republic,CAF,2013,102592.0
Central African Republic,CAF,2014,131904.0
Central African Republic,CAF,2015,194192.0
Central African Republic,CAF,2016,238160.0
Central African Republic,CAF,2017,285792.0
Central African Republic,CAF,2018,271136.0
Central African Republic,CAF,2019,311440.0
Central African Republic,CAF,2020,333424.0
Central African Republic,CAF,2021,366400.0
Central African Republic,CAF,2022,377392.0
Central African Republic,CAF,2023,389279.0
Central African Republic,CAF,2024,394681.0
Canada,CAN,1785,3664.0
Canada,CAN,1786,3664.0
Canada,CAN,1787,3664.0
Canada,CAN,1788,3664.0
Canada,CAN,1789,3664.0
Canada,CAN,1790,3664.0
Canada,CAN,1791,3664.0
Canada,CAN,1792,3664.0
Canada,CAN,1793,3664.0
Canada,CAN,1794,3664.0
Canada,CAN,1795,3664.0
Canada,CAN,1796,3664.0
Canada,CAN,1797,3664.0
Canada,CAN,1798,3664.0
Canada,CAN,1799,3664.0
Canada,CAN,1800,3664.0
Canada,CAN,1801,3664.0
Canada,CAN,1802,3664.0
Canada,CAN,1803,3664.0
Canada,CAN,1804,3664.0
Canada,CAN,1805,3664.0
Canada,CAN,1806,3664.0
Canada,CAN,1807,3664.0
Canada,CAN,1808,3664.0
Canada,CAN,1809,3664.0
Canada,CAN,1810,3664.0
Canada,CAN,1811,3664.0
Canada,CAN,1812,3664.0
Canada,CAN,1813,3664.0
Canada,CAN,1814,3664.0
Canada,CAN,1815,3664.0
Canada,CAN,1816,3664.0
Canada,CAN,1817,3664.0
Canada,CAN,1818,3664.0
Canada,CAN,1819,3664.0
Canada,CAN,1820,3664.0
Canada,CAN,1821,3664.0
Canada,CAN,1822,3664.0
Canada,CAN,1823,3664.0
Canada,CAN,1824,3664.0
Canada,CAN,1825,3664.0
Canada,CAN,1826,3664.0
Canada,CAN,1827,3664.0
Canada,CAN,1828,3664.0
Canada,CAN,1829,3664.0
Canada,CAN,1830,3664.0
Canada,CAN,1831,3664.0
Canada,CAN,1832,3664.0
Canada,CAN,1833,3664.0
Canada,CAN,1834,3664.0
Canada,CAN,1835,3664.0
Canada,CAN,1836,3664.0
Canada,CAN,1837,3664.0
Canada,CAN,1838,3664.0
Canada,CAN,1839,3664.0
Canada,CAN,1840,3664.0
Canada,CAN,1841,3664.0
Canada,CAN,1842,3664.0
Canada,CAN,1843,3664.0
Canada,CAN,1844,3664.0
Canada,CAN,1845,3664.0
Canada,CAN,1846,25648.0
Canada,CAN,1847,32976.0
Canada,CAN,1848,40304.0
Canada,CAN,1849,47632.0
Canada,CAN,1850,58624.0
Canada,CAN,1851,69616.0
Canada,CAN,1852,84272.0
Canada,CAN,1853,102592.0
Canada,CAN,1854,124576.0
Canada,CAN,1855,150224.0
Canada,CAN,1856,179536.0
Canada,CAN,1857,216176.0
Canada,CAN,1858,263808.0
Canada,CAN,1859,315104.0
Canada,CAN,1860,381056.0
Canada,CAN,1861,458000.0
Canada,CAN,1862,560592.0
Canada,CAN,1863,703488.0
Canada,CAN,1864,842720.0
Canada,CAN,1865,1018592.0
Canada,CAN,1866,1242096.0
Canada,CAN,1867,1593840.0
Canada,CAN,1868,945312.0
Canada,CAN,1869,685168.0
Canada,CAN,1870,1223776.0
Canada,CAN,1871,1780704.0
Canada,CAN,1872,1846656.0
Canada,CAN,1873,1608496.0
Canada,CAN,1874,1623152.0
Canada,CAN,1875,1875968.0
Canada,CAN,1876,1857648.0
Canada,CAN,1877,2022527.9
Canada,CAN,1878,1934592.0
Canada,CAN,1879,2183744.0
Canada,CAN,1880,5232192.0
Canada,CAN,1881,5591264.0
Canada,CAN,1882,6617184.0
Canada,CAN,1883,7430592.0
Canada,CAN,1884,8599408.0
Canada,CAN,1885,8244000.5
Canada,CAN,1886,8797264.0
Canada,CAN,1887,10149280.0
Canada,CAN,1888,13311312.0
Canada,CAN,1889,11292448.0
Canada,CAN,1890,12413632.0
Canada,CAN,1891,13941520.0
Canada,CAN,1892,13890224.0
Canada,CAN,1893,14853856.0
Canada,CAN,1894,14179680.0
Canada,CAN,1895,13531152.0
Canada,CAN,1896,14648672.0
Canada,CAN,1897,14798896.0
Canada,CAN,1898,15707568.0
Canada,CAN,1899,19170048.0
Canada,CAN,1900,20628320.0
Canada,CAN,1901,23845312.0
Canada,CAN,1902,25648000.0
Canada,CAN,1903,27959984.0
Canada,CAN,1904,33096912.0
Canada,CAN,1905,35386910.0
Canada,CAN,1906,37387456.0
Canada,CAN,1907,46990800.0
Canada,CAN,1908,47408496.0
Canada,CAN,1909,45385970.0
Canada,CAN,1910,51622096.0
Canada,CAN,1911,60269136.0
Canada,CAN,1912,67271040.0
Canada,CAN,1913,79281630.0
Canada,CAN,1914,68381230.0
Canada,CAN,1915,61115520.0
Canada,CAN,1916,76456690.0
Canada,CAN,1917,85242960.0
Canada,CAN,1918,89518850.0
Canada,CAN,1919,76090290.0
Canada,CAN,1920,84378260.0
Canada,CAN,1921,80483420.0
Canada,CAN,1922,69209300.0
Canada,CAN,1923,92981330.0
Canada,CAN,1924,77383680.0
Canada,CAN,1925,75247570.0
Canada,CAN,1926,84755650.0
Canada,CAN,1927,91999380.0
Canada,CAN,1928,93776640.0
Canada,CAN,1929,99030050.0
Canada,CAN,1930,94347740.0
Canada,CAN,1931,75849256.0
Canada,CAN,1932,70206600.0
Canada,CAN,1933,69482550.0
Canada,CAN,1934,79913280.0
Canada,CAN,1935,78795750.0
Canada,CAN,1936,86163110.0
Canada,CAN,1937,93483010.0
Canada,CAN,1938,85543540.0
Canada,CAN,1939,95003840.0
Canada,CAN,1940,108621770.0
Canada,CAN,1941,120151840.0
Canada,CAN,1942,131077410.0
Canada,CAN,1943,138062140.0
Canada,CAN,1944,140407200.0
Canada,CAN,1945,130520904.0
Canada,CAN,1946,138422140.0
Canada,CAN,1947,143547860.0
Canada,CAN,1948,158506560.0
Canada,CAN,1949,145021900.0
Canada,CAN,1950,154133800.0
Canada,CAN,1951,162681650.0
Canada,CAN,1952,159408780.0
Canada,CAN,1953,160611790.0
Canada,CAN,1954,162967660.0
Canada,CAN,1955,169476780.0
Canada,CAN,1956,189802430.0
Canada,CAN,1957,182815090.0
Canada,CAN,1958,182155200.0
Canada,CAN,1959,184481360.0
Canada,CAN,1960,192716240.0
Canada,CAN,1961,194000690.0
Canada,CAN,1962,206990770.0
Canada,CAN,1963,210910780.0
Canada,CAN,1964,237577730.0
Canada,CAN,1965,251917060.0
Canada,CAN,1966,259074370.0
Canada,CAN,1967,281637020.0
Canada,CAN,1968,303261340.0
Canada,CAN,1969,307119260.0
Canada,CAN,1970,341232200.0
Canada,CAN,1971,352316700.0
Canada,CAN,1972,380813660.0
Canada,CAN,1973,381298850.0
Canada,CAN,1974,389631550.0
Canada,CAN,1975,396790430.0
Canada,CAN,1976,398965920.0
Canada,CAN,1977,407790500.0
Canada,CAN,1978,415532320.0
Canada,CAN,1979,441684060.0
Canada,CAN,1980,442843200.0
Canada,CAN,1981,429622400.0
Canada,CAN,1982,414454880.0
Canada,CAN,1983,408334850.0
Canada,CAN,1984,425237000.0
Canada,CAN,1985,421726000.0
Canada,CAN,1986,404715230.0
Canada,CAN,1987,430982050.0
Canada,CAN,1988,455672830.0
Canada,CAN,1989,462888830.0
Canada,CAN,1990,458017860.0
Canada,CAN,1991,449776450.0
Canada,CAN,1992,463392770.0
Canada,CAN,1993,464071580.0
Canada,CAN,1994,478467870.0
Canada,CAN,1995,491305340.0
Canada,CAN,1996,507775200.0
Canada,CAN,1997,522018700.0
Canada,CAN,1998,529614820.0
Canada,CAN,1999,543859500.0
Canada,CAN,2000,566679900.0
Canada,CAN,2001,558980600.0
Canada,CAN,2002,564256200.0
Canada,CAN,2003,581190400.0
Canada,CAN,2004,576286400.0
Canada,CAN,2005,570396100.0
Canada,CAN,2006,566315400.0
Canada,CAN,2007,589956200.0
Canada,CAN,2008,574214340.0
Canada,CAN,2009,541129860.0
Canada,CAN,2010,554307460.0
Canada,CAN,2011,562832450.0
Canada,CAN,2012,561769540.0
Canada,CAN,2013,568589700.0
Canada,CAN,2014,564938240.0
Canada,CAN,2015,563002560.0
Canada,CAN,2016,553707000.0
Canada,CAN,2017,566660300.0
Canada,CAN,2018,575090750.0
Canada,CAN,2019,579007040.0
Canada,CAN,2020,524207940.0
Canada,CAN,2021,537478660.0
Canada,CAN,2022,547657660.0
Canada,CAN,2023,545478500.0
Canada,CAN,2024,533340100.0
Switzerland,CHE,1858,146560.0
Switzerland,CHE,1859,205184.0
Switzerland,CHE,1860,304112.0
Switzerland,CHE,1861,425024.0
Switzerland,CHE,1862,468992.0
Switzerland,CHE,1863,468992.0
Switzerland,CHE,1864,571584.0
Switzerland,CHE,1865,696160.0
Switzerland,CHE,1866,688832.0
Switzerland,CHE,1867,674176.0
Switzerland,CHE,1868,769440.0
Switzerland,CHE,1869,743792.0
Switzerland,CHE,1870,897680.0
Switzerland,CHE,1871,1110192.0
Switzerland,CHE,1872,1275072.0
Switzerland,CHE,1873,1238432.0
Switzerland,CHE,1874,1168816.0
Switzerland,CHE,1875,1278736.0
Switzerland,CHE,1876,1494912.0
Switzerland,CHE,1877,1417968.0
Switzerland,CHE,1878,1355680.0
Switzerland,CHE,1879,1447280.0
Switzerland,CHE,1880,1670784.0
Switzerland,CHE,1881,1564528.0
Switzerland,CHE,1882,1729408.0
Switzerland,CHE,1883,1912608.0
Switzerland,CHE,1884,1963904.0
Switzerland,CHE,1885,2044512.0
Switzerland,CHE,1886,2084816.0
Switzerland,CHE,1887,2257024.0
Switzerland,CHE,1888,2304656.0
Switzerland,CHE,1889,2542816.0
Switzerland,CHE,1890,2876240.0
Switzerland,CHE,1891,3521104.0
Switzerland,CHE,1892,3469808.0
Switzerland,CHE,1893,2876240.0
Switzerland,CHE,1894,3583392.0
Switzerland,CHE,1895,3847200.0
Switzerland,CHE,1896,4209936.0
Switzerland,CHE,1897,4440768.0
Switzerland,CHE,1898,4748544.0
Switzerland,CHE,1899,5122272.0
Switzerland,CHE,1900,5675536.0
Switzerland,CHE,1901,5184560.0
Switzerland,CHE,1902,5235856.0
Switzerland,CHE,1903,5671872.0
Switzerland,CHE,1904,5961328.0
Switzerland,CHE,1905,6239792.0
Switzerland,CHE,1906,6895648.0
Switzerland,CHE,1907,7998512.0
Switzerland,CHE,1908,8005840.5
Switzerland,CHE,1909,8068127.5
Switzerland,CHE,1910,7789664.0
Switzerland,CHE,1911,8610400.0
Switzerland,CHE,1912,8760624.0
Switzerland,CHE,1913,9251600.0
Switzerland,CHE,1914,8427200.0
Switzerland,CHE,1915,8925504.0
Switzerland,CHE,1916,8482160.0
Switzerland,CHE,1917,6107888.0
Switzerland,CHE,1918,5745152.0
Switzerland,CHE,1919,4605648.0
Switzerland,CHE,1920,7232736.0
Switzerland,CHE,1921,4466416.0
Switzerland,CHE,1922,6151856.0
Switzerland,CHE,1923,7665088.0
Switzerland,CHE,1924,7232736.0
Switzerland,CHE,1925,7536848.0
Switzerland,CHE,1926,7456240.0
Switzerland,CHE,1927,8595744.0
Switzerland,CHE,1928,8963252.0
Switzerland,CHE,1929,10263735.0
Switzerland,CHE,1930,9556195.0
Switzerland,CHE,1931,10094537.0
Switzerland,CHE,1932,10222985.0
Switzerland,CHE,1933,9566704.0
Switzerland,CHE,1934,9555712.0
Switzerland,CHE,1935,9475104.0
Switzerland,CHE,1936,9920062.0
Switzerland,CHE,1937,10464384.0
Switzerland,CHE,1938,10458105.0
Switzerland,CHE,1939,11860368.0
Switzerland,CHE,1940,8311001.0
Switzerland,CHE,1941,6625295.0
Switzerland,CHE,1942,5838634.0
Switzerland,CHE,1943,6172353.0
Switzerland,CHE,1944,4450036.0
Switzerland,CHE,1945,1621488.0
Switzerland,CHE,1946,5764343.0
Switzerland,CHE,1947,9445593.0
Switzerland,CHE,1948,10211101.0
Switzerland,CHE,1949,8529504.0
Switzerland,CHE,1950,10251167.0
Switzerland,CHE,1951,12320571.0
Switzerland,CHE,1952,11239231.0
Switzerland,CHE,1953,10351739.0
Switzerland,CHE,1954,12611478.0
Switzerland,CHE,1955,13632514.0
Switzerland,CHE,1956,17082932.0
Switzerland,CHE,1957,17716042.0
Switzerland,CHE,1958,16306967.0
Switzerland,CHE,1959,16616386.0
Switzerland,CHE,1960,19513184.0
Switzerland,CHE,1961,20375598.0
Switzerland,CHE,1962,24134640.0
Switzerland,CHE,1963,29085016.0
Switzerland,CHE,1964,28143752.0
Switzerland,CHE,1965,30339928.0
Switzerland,CHE,1966,31496590.0
Switzerland,CHE,1967,32527000.0
Switzerland,CHE,1968,35988656.0
Switzerland,CHE,1969,38054292.0
Switzerland,CHE,1970,40251650.0
Switzerland,CHE,1971,41893804.0
Switzerland,CHE,1972,42916236.0
Switzerland,CHE,1973,46204920.0
Switzerland,CHE,1974,41424548.0
Switzerland,CHE,1975,39049480.0
Switzerland,CHE,1976,40434612.0
Switzerland,CHE,1977,41030724.0
Switzerland,CHE,1978,42165060.0
Switzerland,CHE,1979,39858028.0
Switzerland,CHE,1980,40481760.0
Switzerland,CHE,1981,38801984.0
Switzerland,CHE,1982,36574908.0
Switzerland,CHE,1983,40010620.0
Switzerland,CHE,1984,39111670.0
Switzerland,CHE,1985,39762296.0
Switzerland,CHE,1986,42226090.0
Switzerland,CHE,1987,40182140.0
Switzerland,CHE,1988,40639790.0
Switzerland,CHE,1989,39388520.0
Switzerland,CHE,1990,44148692.0
Switzerland,CHE,1991,46130730.0
Switzerland,CHE,1992,46018068.0
Switzerland,CHE,1993,43609670.0
Switzerland,CHE,1994,42667984.0
Switzerland,CHE,1995,43413744.0
Switzerland,CHE,1996,44106828.0
Switzerland,CHE,1997,43046316.0
Switzerland,CHE,1998,44622480.0
Switzerland,CHE,1999,44446548.0
Switzerland,CHE,2000,43620510.0
Switzerland,CHE,2001,45084900.0
Switzerland,CHE,2002,43467076.0
Switzerland,CHE,2003,44650652.0
Switzerland,CHE,2004,45231136.0
Switzerland,CHE,2005,45776116.0
Switzerland,CHE,2006,45364932.0
Switzerland,CHE,2007,43359412.0
Switzerland,CHE,2008,44700870.0
Switzerland,CHE,2009,43525850.0
Switzerland,CHE,2010,45033684.0
Switzerland,CHE,2011,40973228.0
Switzerland,CHE,2012,42242188.0
Switzerland,CHE,2013,43182930.0
Switzerland,CHE,2014,39244148.0
Switzerland,CHE,2015,38756060.0
Switzerland,CHE,2016,39224776.0
Switzerland,CHE,2017,38234000.0
Switzerland,CHE,2018,36945068.0
Switzerland,CHE,2019,36822244.0
Switzerland,CHE,2020,34343256.0
Switzerland,CHE,2021,35902450.0
Switzerland,CHE,2022,32950562.0
Switzerland,CHE,2023,31977486.0
Switzerland,CHE,2024,32071708.0
Chile,CHL,1844,24171.0
Chile,CHL,1845,36046.0
Chile,CHL,1846,45661.0
Chile,CHL,1847,55846.0
Chile,CHL,1848,63594.0
Chile,CHL,1849,116034.0
Chile,CHL,1850,94126.0
Chile,CHL,1851,110448.0
Chile,CHL,1852,180875.0
Chile,CHL,1853,116529.0
Chile,CHL,1854,5389.0
Chile,CHL,1855,150900.0
Chile,CHL,1856,219547.0
Chile,CHL,1857,444021.0
Chile,CHL,1858,451477.0
Chile,CHL,1859,251989.0
Chile,CHL,1860,421345.0
Chile,CHL,1861,296637.0
Chile,CHL,1862,293752.0
Chile,CHL,1863,253818.0
Chile,CHL,1864,393771.0
Chile,CHL,1865,401945.0
Chile,CHL,1866,550955.0
Chile,CHL,1867,887164.0
Chile,CHL,1868,686600.0
Chile,CHL,1869,720640.0
Chile,CHL,1870,657251.0
Chile,CHL,1871,580950.0
Chile,CHL,1872,1027092.0
Chile,CHL,1873,1257850.0
Chile,CHL,1874,1644514.0
Chile,CHL,1875,1467963.0
Chile,CHL,1876,1597486.0
Chile,CHL,1877,1351934.0
Chile,CHL,1878,1258358.0
Chile,CHL,1879,1384135.0
Chile,CHL,1880,1746370.0
Chile,CHL,1881,1756870.0
Chile,CHL,1882,1874541.0
Chile,CHL,1883,1655050.0
Chile,CHL,1884,1709650.0
Chile,CHL,1885,1756426.0
Chile,CHL,1886,1598483.0
Chile,CHL,1887,1555956.0
Chile,CHL,1888,2285814.0
Chile,CHL,1889,2125398.0
Chile,CHL,1890,2076638.9
Chile,CHL,1891,2482095.0
Chile,CHL,1892,2021277.9
Chile,CHL,1893,2144114.0
Chile,CHL,1894,3076572.0
Chile,CHL,1895,2950379.0
Chile,CHL,1896,3237778.0
Chile,CHL,1897,2715759.0
Chile,CHL,1898,3032155.0
Chile,CHL,1899,3052981.0
Chile,CHL,1900,3003337.0
Chile,CHL,1901,3194964.0
Chile,CHL,1902,2960128.0
Chile,CHL,1903,3155355.0
Chile,CHL,1904,2919425.0
Chile,CHL,1905,3790328.0
Chile,CHL,1906,3792370.0
Chile,CHL,1907,5329952.0
Chile,CHL,1908,4990731.0
Chile,CHL,1909,5033099.0
Chile,CHL,1910,5027652.0
Chile,CHL,1911,5894459.0
Chile,CHL,1912,6669816.0
Chile,CHL,1913,6512299.0
Chile,CHL,1914,5163258.0
Chile,CHL,1915,3595898.0
Chile,CHL,1916,4366451.0
Chile,CHL,1917,4483332.0
Chile,CHL,1918,4017440.8
Chile,CHL,1919,3592072.0
Chile,CHL,1920,2894949.0
Chile,CHL,1921,3904677.0
Chile,CHL,1922,2449184.0
Chile,CHL,1923,2775124.0
Chile,CHL,1924,3993635.0
Chile,CHL,1925,3835620.0
Chile,CHL,1926,3743749.0
Chile,CHL,1927,3697813.0
Chile,CHL,1928,3472942.0
Chile,CHL,1929,3831680.0
Chile,CHL,1930,3532702.0
Chile,CHL,1931,2730455.0
Chile,CHL,1932,2638391.0
Chile,CHL,1933,3548672.0
Chile,CHL,1934,4155498.0
Chile,CHL,1935,4180139.0
Chile,CHL,1936,4579226.0
Chile,CHL,1937,4998650.0
Chile,CHL,1938,5070026.0
Chile,CHL,1939,4668863.0
Chile,CHL,1940,5402670.0
Chile,CHL,1941,5269272.0
Chile,CHL,1942,5326383.0
Chile,CHL,1943,5582778.0
Chile,CHL,1944,5479811.0
Chile,CHL,1945,5233465.0
Chile,CHL,1946,5259635.0
Chile,CHL,1947,5450451.0
Chile,CHL,1948,5754760.0
Chile,CHL,1949,5184088.0
Chile,CHL,1950,9384277.0
Chile,CHL,1951,9981577.0
Chile,CHL,1952,10603982.0
Chile,CHL,1953,10402670.0
Chile,CHL,1954,11080480.0
Chile,CHL,1955,11596985.0
Chile,CHL,1956,11831599.0
Chile,CHL,1957,11725522.0
Chile,CHL,1958,12450994.0
Chile,CHL,1959,12703364.0
Chile,CHL,1960,13476468.0
Chile,CHL,1961,14458242.0
Chile,CHL,1962,16707373.0
Chile,CHL,1963,17336986.0
Chile,CHL,1964,17505144.0
Chile,CHL,1965,17747296.0
Chile,CHL,1966,18772474.0
Chile,CHL,1967,19238336.0
Chile,CHL,1968,21202238.0
Chile,CHL,1969,22531470.0
Chile,CHL,1970,24635802.0
Chile,CHL,1971,27055772.0
Chile,CHL,1972,28138996.0
Chile,CHL,1973,27588492.0
Chile,CHL,1974,25877996.0
Chile,CHL,1975,22946678.0
Chile,CHL,1976,24028886.0
Chile,CHL,1977,23016920.0
Chile,CHL,1978,22842018.0
Chile,CHL,1979,24729668.0
Chile,CHL,1980,25099954.0
Chile,CHL,1981,24347142.0
Chile,CHL,1982,20475268.0
Chile,CHL,1983,20674086.0
Chile,CHL,1984,22004684.0
Chile,CHL,1985,21292252.0
Chile,CHL,1986,22022472.0
Chile,CHL,1987,22410186.0
Chile,CHL,1988,26600006.0
Chile,CHL,1989,32017860.0
Chile,CHL,1990,32908154.0
Chile,CHL,1991,30891790.0
Chile,CHL,1992,32000672.0
Chile,CHL,1993,34097864.0
Chile,CHL,1994,37974876.0
Chile,CHL,1995,41562676.0
Chile,CHL,1996,48226290.0
Chile,CHL,1997,55942020.0
Chile,CHL,1998,57258430.0
Chile,CHL,1999,61407972.0
Chile,CHL,2000,58502620.0
Chile,CHL,2001,52918388.0
Chile,CHL,2002,54835612.0
Chile,CHL,2003,55100212.0
Chile,CHL,2004,59221090.0
Chile,CHL,2005,61116456.0
Chile,CHL,2006,64048280.0
Chile,CHL,2007,70469250.0
Chile,CHL,2008,70549010.0
Chile,CHL,2009,65959764.0
Chile,CHL,2010,71347480.0
Chile,CHL,2011,78071440.0
Chile,CHL,2012,79620890.0
Chile,CHL,2013,81733270.0
Chile,CHL,2014,77586210.0
Chile,CHL,2015,81778460.0
Chile,CHL,2016,84250500.0
Chile,CHL,2017,84134620.0
Chile,CHL,2018,84442640.0
Chile,CHL,2019,91977050.0
Chile,CHL,2020,80178220.0
Chile,CHL,2021,83630310.0
Chile,CHL,2022,85743784.0
Chile,CHL,2023,77604216.0
Chile,CHL,2024,78725544.0
China,CHN,1907,19893872.0
China,CHN,1908,22735854.0
China,CHN,1909,24251576.0
China,CHN,1910,25009438.0
China,CHN,1911,24630506.0
China,CHN,1912,17029154.0
China,CHN,1913,24251576.0
China,CHN,1914,26718416.0
China,CHN,1915,25420578.0
China,CHN,1916,30130690.0
China,CHN,1917,32023448.0
China,CHN,1918,34747964.0
China,CHN,1919,37997296.0
China,CHN,1920,40278456.0
China,CHN,1921,38762732.0
China,CHN,1922,39971524.0
China,CHN,1923,46517556.0
China,CHN,1924,48846084.0
China,CHN,1925,45954840.0
China,CHN,1926,43660164.0
China,CHN,1927,45808580.0
China,CHN,1928,47591444.0
China,CHN,1929,48281828.0
China,CHN,1930,49558456.0
China,CHN,1931,51904660.0
China,CHN,1932,50269150.0
China,CHN,1933,54111180.0
China,CHN,1934,62382628.0
China,CHN,1935,72645970.0
China,CHN,1936,75477250.0
China,CHN,1937,70968650.0
China,CHN,1938,61365520.0
China,CHN,1939,74426990.0
China,CHN,1940,90790530.0
China,CHN,1941,113978570.0
China,CHN,1942,127613384.0
China,CHN,1943,108994540.0
China,CHN,1944,103003570.0
China,CHN,1945,55892210.0
China,CHN,1946,36107050.0
China,CHN,1947,41836136.0
China,CHN,1948,38400104.0
China,CHN,1949,62081100.0
China,CHN,1950,78835304.0
China,CHN,1951,102115210.0
China,CHN,1952,128002990.0
China,CHN,1953,133786500.0
China,CHN,1954,160881020.0
China,CHN,1955,190521500.0
China,CHN,1956,215827650.0
China,CHN,1957,255788690.0
China,CHN,1958,524624400.0
China,CHN,1959,720162560.0
China,CHN,1960,798810940.0
China,CHN,1961,570641150.0
China,CHN,1962,459625400.0
China,CHN,1963,456786780.0
China,CHN,1964,460644400.0
China,CHN,1965,500293700.0
China,CHN,1966,549466700.0
China,CHN,1967,460233200.0
China,CHN,1968,495513900.0
China,CHN,1969,607694340.0
China,CHN,1970,807963650.0
China,CHN,1971,909209860.0
China,CHN,1972,968635800.0
China,CHN,1973,1008268600.0
China,CHN,1974,1028063500.0
China,CHN,1975,1183153500.0
China,CHN,1976,1226339500.0
China,CHN,1977,1340715300.0
China,CHN,1978,1492517500.0
China,CHN,1979,1525417300.0
China,CHN,1980,1494297900.0
China,CHN,1981,1476280000.0
China,CHN,1982,1606239100.0
China,CHN,1983,1693746700.0
China,CHN,1984,1844212700.0
China,CHN,1985,1997193300.0
China,CHN,1986,2103429900.0
China,CHN,1987,2256629500.0
China,CHN,1988,2424444200.0
China,CHN,1989,2462150000.0
China,CHN,1990,2483534300.0
China,CHN,1991,2619143400.0
China,CHN,1992,2731290400.0
China,CHN,1993,2914284500.0
China,CHN,1994,3093890800.0
China,CHN,1995,3351197200.0
China,CHN,1996,3499310600.0
China,CHN,1997,3512350000.0
China,CHN,1998,3355336000.0
China,CHN,1999,3549949000.0
China,CHN,2000,3643809500.0
China,CHN,2001,3724114200.0
China,CHN,2002,4098180600.0
China,CHN,2003,4835251700.0
China,CHN,2004,5210961400.0
China,CHN,2005,5881990700.0
China,CHN,2006,6486184400.0
China,CHN,2007,6974663000.0
China,CHN,2008,7492404000.0
China,CHN,2009,7881491000.0
China,CHN,2010,8610048000.0
China,CHN,2011,9520154000.0
China,CHN,2012,9767310000.0
China,CHN,2013,9942371000.0
China,CHN,2014,9976027000.0
China,CHN,2015,9858040000.0
China,CHN,2016,9748175000.0
China,CHN,2017,10000013000.0
China,CHN,2018,10346790000.0
China,CHN,2019,10713515000.0
China,CHN,2020,10896520000.0
China,CHN,2021,11284401000.0
China,CHN,2022,11711807000.0
China,CHN,2023,12172008000.0
China,CHN,2024,12289037000.0
Cote d'Ivoire,CIV,1950,551249.0
Cote d'Ivoire,CIV,1951,460931.0
Cote d'Ivoire,CIV,1952,515433.0
Cote d'Ivoire,CIV,1953,428230.0
Cote d'Ivoire,CIV,1954,504533.0
Cote d'Ivoire,CIV,1955,502976.0
Cote d'Ivoire,CIV,1956,582393.0
Cote d'Ivoire,CIV,1957,596408.0
Cote d'Ivoire,CIV,1958,498304.0
Cote d'Ivoire,CIV,1959,545936.0
Cote d'Ivoire,CIV,1960,461664.0
Cote d'Ivoire,CIV,1961,553264.0
Cote d'Ivoire,CIV,1962,586240.0
Cote d'Ivoire,CIV,1963,622880.0
Cote d'Ivoire,CIV,1964,762112.0
Cote d'Ivoire,CIV,1965,1172480.0
Cote d'Ivoire,CIV,1966,1238432.0
Cote d'Ivoire,CIV,1967,1359344.0
Cote d'Ivoire,CIV,1968,1597504.0
Cote d'Ivoire,CIV,1969,1890624.0
Cote d'Ivoire,CIV,1970,2242368.0
Cote d'Ivoire,CIV,1971,2454880.0
Cote d'Ivoire,CIV,1972,2711360.0
Cote d'Ivoire,CIV,1973,2876240.0
Cote d'Ivoire,CIV,1974,3242640.0
Cote d'Ivoire,CIV,1975,3986432.0
Cote d'Ivoire,CIV,1976,3960784.0
Cote d'Ivoire,CIV,1977,4052384.0
Cote d'Ivoire,CIV,1978,4814496.0
Cote d'Ivoire,CIV,1979,5419056.0
Cote d'Ivoire,CIV,1980,5569280.0
Cote d'Ivoire,CIV,1981,3865520.0
Cote d'Ivoire,CIV,1982,5554624.0
Cote d'Ivoire,CIV,1983,4517712.0
Cote d'Ivoire,CIV,1984,5133264.0
Cote d'Ivoire,CIV,1985,6983584.0
Cote d'Ivoire,CIV,1986,5576608.0
Cote d'Ivoire,CIV,1987,7349984.0
Cote d'Ivoire,CIV,1988,8804592.0
Cote d'Ivoire,CIV,1989,8265983.5
Cote d'Ivoire,CIV,1990,4781520.0
Cote d'Ivoire,CIV,1991,4308864.0
Cote d'Ivoire,CIV,1992,3843536.0
Cote d'Ivoire,CIV,1993,5092960.0
Cote d'Ivoire,CIV,1994,4132991.8
Cote d'Ivoire,CIV,1995,6225337.0
Cote d'Ivoire,CIV,1996,7526009.0
Cote d'Ivoire,CIV,1997,7211238.0
Cote d'Ivoire,CIV,1998,6748157.0
Cote d'Ivoire,CIV,1999,6095407.0
Cote d'Ivoire,CIV,2000,6630064.0
Cote d'Ivoire,CIV,2001,7653345.0
Cote d'Ivoire,CIV,2002,7450165.0
Cote d'Ivoire,CIV,2003,5300525.0
Cote d'Ivoire,CIV,2004,7386261.0
Cote d'Ivoire,CIV,2005,7568019.0
Cote d'Ivoire,CIV,2006,6887238.0
Cote d'Ivoire,CIV,2007,6653270.0
Cote d'Ivoire,CIV,2008,6712605.0
Cote d'Ivoire,CIV,2009,5659943.0
Cote d'Ivoire,CIV,2010,6224746.0
Cote d'Ivoire,CIV,2011,6523170.0
Cote d'Ivoire,CIV,2012,8540010.0
Cote d'Ivoire,CIV,2013,9679770.0
Cote d'Ivoire,CIV,2014,9903225.0
Cote d'Ivoire,CIV,2015,9554745.0
Cote d'Ivoire,CIV,2016,11979472.0
Cote d'Ivoire,CIV,2017,12001905.0
Cote d'Ivoire,CIV,2018,10415200.0
Cote d'Ivoire,CIV,2019,10538745.0
Cote d'Ivoire,CIV,2020,11018607.0
Cote d'Ivoire,CIV,2021,13665820.0
Cote d'Ivoire,CIV,2022,14504321.0
Cote d'Ivoire,CIV,2023,14052436.0
Cote d'Ivoire,CIV,2024,14828585.0
Cameroon,CMR,1950,139232.0
Cameroon,CMR,1951,183200.0
Cameroon,CMR,1952,282128.0
Cameroon,CMR,1953,201520.0
Cameroon,CMR,1954,230832.0
Cameroon,CMR,1955,234466.0
Cameroon,CMR,1956,238101.0
Cameroon,CMR,1957,256451.02
Cameroon,CMR,1958,278435.0
Cameroon,CMR,1959,278434.0
Cameroon,CMR,1960,271136.0
Cameroon,CMR,1961,282128.0
Cameroon,CMR,1962,289456.0
Cameroon,CMR,1963,300448.0
Cameroon,CMR,1964,337088.0
Cameroon,CMR,1965,311440.0
Cameroon,CMR,1966,344416.0
Cameroon,CMR,1967,458000.0
Cameroon,CMR,1968,505631.97
Cameroon,CMR,1969,571584.0
Cameroon,CMR,1970,637417.0
Cameroon,CMR,1971,809179.0
Cameroon,CMR,1972,860357.0
Cameroon,CMR,1973,896911.0
Cameroon,CMR,1974,973762.0
Cameroon,CMR,1975,1160537.0
Cameroon,CMR,1976,1088970.0
Cameroon,CMR,1977,1559048.0
Cameroon,CMR,1978,1993205.0
Cameroon,CMR,1979,1815342.0
Cameroon,CMR,1980,3885945.0
Cameroon,CMR,1981,5319124.0
Cameroon,CMR,1982,6315888.0
Cameroon,CMR,1983,6554480.0
Cameroon,CMR,1984,6052928.0
Cameroon,CMR,1985,6470624.0
Cameroon,CMR,1986,1993216.0
Cameroon,CMR,1987,1842992.0
Cameroon,CMR,1988,2153961.0
Cameroon,CMR,1989,7577693.0
Cameroon,CMR,1990,2604793.0
Cameroon,CMR,1991,2668440.0
Cameroon,CMR,1992,2712299.0
Cameroon,CMR,1993,2865801.0
Cameroon,CMR,1994,4879764.0
Cameroon,CMR,1995,5374671.0
Cameroon,CMR,1996,5974660.0
Cameroon,CMR,1997,5378781.0
Cameroon,CMR,1998,5373172.0
Cameroon,CMR,1999,5219450.0
Cameroon,CMR,2000,5588569.0
Cameroon,CMR,2001,5562424.0
Cameroon,CMR,2002,5350642.0
Cameroon,CMR,2003,5704622.0
Cameroon,CMR,2004,5698455.0
Cameroon,CMR,2005,5423858.0
Cameroon,CMR,2006,5485919.0
Cameroon,CMR,2007,7409373.0
Cameroon,CMR,2008,7320619.0
Cameroon,CMR,2009,8554963.0
Cameroon,CMR,2010,8383322.0
Cameroon,CMR,2011,8105278.0
Cameroon,CMR,2012,7607038.0
Cameroon,CMR,2013,7853181.0
Cameroon,CMR,2014,8775174.0
Cameroon,CMR,2015,9849951.0
Cameroon,CMR,2016,9964924.0
Cameroon,CMR,2017,9581728.0
Cameroon,CMR,2018,9843863.0
Cameroon,CMR,2019,9605290.0
Cameroon,CMR,2020,9716267.0
Cameroon,CMR,2021,9733522.0
Cameroon,CMR,2022,9792435.0
Cameroon,CMR,2023,9694864.0
Cameroon,CMR,2024,9631583.0
Democratic Republic of Congo,COD,1920,3664.0
Democratic Republic of Congo,COD,1921,7328.0
Democratic Republic of Congo,COD,1922,80608.0
Democratic Republic of Congo,COD,1923,161216.0
Democratic Republic of Congo,COD,1924,216176.0
Democratic Republic of Congo,COD,1925,172208.0
Democratic Republic of Congo,COD,1926,238160.0
Democratic Republic of Congo,COD,1927,230832.0
Democratic Republic of Congo,COD,1928,281950.0
Democratic Republic of Congo,COD,1929,303874.0
Democratic Republic of Congo,COD,1930,388117.0
Democratic Republic of Congo,COD,1931,248974.0
Democratic Republic of Congo,COD,1932,51237.0
Democratic Republic of Congo,COD,1933,3634.0
Democratic Republic of Congo,COD,1934,18290.0
Democratic Republic of Congo,COD,1935,32946.0
Democratic Republic of Congo,COD,1936,40274.0
Democratic Republic of Congo,COD,1937,102561.0
Democratic Republic of Congo,COD,1938,120851.0
Democratic Republic of Congo,COD,1939,87793.0
Democratic Republic of Congo,COD,1940,76850.0
Democratic Republic of Congo,COD,1941,102414.0
Democratic Republic of Congo,COD,1942,142629.0
Democratic Republic of Congo,COD,1943,219573.0
Democratic Republic of Congo,COD,1944,171851.0
Democratic Republic of Congo,COD,1945,171904.0
Democratic Republic of Congo,COD,1946,311113.0
Democratic Republic of Congo,COD,1947,325626.0
Democratic Republic of Congo,COD,1948,373223.0
Democratic Republic of Congo,COD,1949,475726.0
Democratic Republic of Congo,COD,1950,1479543.0
Democratic Republic of Congo,COD,1951,1746896.0
Democratic Republic of Congo,COD,1952,2083837.0
Democratic Republic of Congo,COD,1953,2288991.0
Democratic Republic of Congo,COD,1954,2816219.0
Democratic Republic of Congo,COD,1955,3387566.0
Democratic Republic of Congo,COD,1956,3174846.0
Democratic Republic of Congo,COD,1957,3328704.0
Democratic Republic of Congo,COD,1958,2925963.0
Democratic Republic of Congo,COD,1959,2698971.0
Democratic Republic of Congo,COD,1960,2318510.0
Democratic Republic of Congo,COD,1961,2355388.0
Democratic Republic of Congo,COD,1962,2171950.0
Democratic Republic of Congo,COD,1963,2292682.0
Democratic Republic of Congo,COD,1964,1973973.0
Democratic Republic of Congo,COD,1965,2468527.0
Democratic Republic of Congo,COD,1966,2402514.0
Democratic Republic of Congo,COD,1967,2288811.0
Democratic Republic of Congo,COD,1968,3366027.0
Democratic Republic of Congo,COD,1969,3648037.0
Democratic Republic of Congo,COD,1970,2709666.0
Democratic Republic of Congo,COD,1971,2958670.0
Democratic Republic of Congo,COD,1972,3017204.0
Democratic Republic of Congo,COD,1973,3189175.0
Democratic Republic of Congo,COD,1974,3364690.0
Democratic Republic of Congo,COD,1975,3232786.0
Democratic Republic of Congo,COD,1976,3404885.0
Democratic Republic of Congo,COD,1977,3476971.0
Democratic Republic of Congo,COD,1978,3525975.0
Democratic Republic of Congo,COD,1979,3740105.0
Democratic Republic of Congo,COD,1980,3485020.0
Democratic Republic of Congo,COD,1981,3755424.0
Democratic Republic of Congo,COD,1982,3046965.0
Democratic Republic of Congo,COD,1983,3998000.0
Democratic Republic of Congo,COD,1984,3931640.0
Democratic Republic of Congo,COD,1985,3611908.0
Democratic Republic of Congo,COD,1986,3345663.0
Democratic Republic of Congo,COD,1987,3815863.0
Democratic Republic of Congo,COD,1988,3977992.0
Democratic Republic of Congo,COD,1989,4351992.0
Democratic Republic of Congo,COD,1990,4248965.0
Democratic Republic of Congo,COD,1991,3132604.0
Democratic Republic of Congo,COD,1992,2808223.0
Democratic Republic of Congo,COD,1993,2662330.0
Democratic Republic of Congo,COD,1994,2750982.0
Democratic Republic of Congo,COD,1995,3096173.0
Democratic Republic of Congo,COD,1996,3472628.0
Democratic Republic of Congo,COD,1997,3089412.0
Democratic Republic of Congo,COD,1998,2733258.0
Democratic Republic of Congo,COD,1999,2199437.0
Democratic Republic of Congo,COD,2000,1704731.0
Democratic Republic of Congo,COD,2001,1647457.0
Democratic Republic of Congo,COD,2002,1734094.0
Democratic Republic of Congo,COD,2003,2096084.1
Democratic Republic of Congo,COD,2004,2027893.1
Democratic Republic of Congo,COD,2005,2287396.0
Democratic Republic of Congo,COD,2006,2351727.0
Democratic Republic of Congo,COD,2007,2622976.0
Democratic Republic of Congo,COD,2008,2685120.0
Democratic Republic of Congo,COD,2009,2445967.0
Democratic Republic of Congo,COD,2010,2735413.0
Democratic Republic of Congo,COD,2011,3041045.0
Democratic Republic of Congo,COD,2012,2797330.0
Democratic Republic of Congo,COD,2013,3921089.0
Democratic Republic of Congo,COD,2014,5065957.0
Democratic Republic of Congo,COD,2015,3274380.0
Democratic Republic of Congo,COD,2016,2659404.0
Democratic Republic of Congo,COD,2017,2920246.0
Democratic Republic of Congo,COD,2018,3774205.0
Democratic Republic of Congo,COD,2019,4118092.0
Democratic Republic of Congo,COD,2020,4304789.0
Democratic Republic of Congo,COD,2021,4292237.0
Democratic Republic of Congo,COD,2022,5892366.0
Democratic Republic of Congo,COD,2023,5881086.0
Democratic Republic of Congo,COD,2024,5904451.0
Congo,COG,1950,88807.0
Congo,COG,1951,118409.0
Congo,COG,1952,153562.0
Congo,COG,1953,129510.0
Congo,COG,1954,136910.0
Congo,COG,1955,135060.0
Congo,COG,1956,175763.0
Congo,COG,1957,188714.0
Congo,COG,1958,216466.0
Congo,COG,1959,186864.0
Congo,COG,1960,223504.0
Congo,COG,1961,267472.0
Congo,COG,1962,238160.0
Congo,COG,1963,234496.0
Congo,COG,1964,267472.0
Congo,COG,1965,245488.0
Congo,COG,1966,307776.0
Congo,COG,1967,322432.0
Congo,COG,1968,450672.0
Congo,COG,1969,501968.03
Congo,COG,1970,571584.0
Congo,COG,1971,685168.0
Congo,COG,1972,663184.0
Congo,COG,1973,1220112.0
Congo,COG,1974,1623152.0
Congo,COG,1975,1099200.0
Congo,COG,1976,1234768.0
Congo,COG,1977,479984.0
Congo,COG,1978,322432.0
Congo,COG,1979,348080.0
Congo,COG,1980,405529.0
Congo,COG,1981,470724.0
Congo,COG,1982,1343102.0
Congo,COG,1983,1142452.0
Congo,COG,1984,1139504.0
Congo,COG,1985,1275224.0
Congo,COG,1986,1062373.0
Congo,COG,1987,1320092.0
Congo,COG,1988,1492941.0
Congo,COG,1989,1495627.0
Congo,COG,1990,1007907.06
Congo,COG,1991,1082796.0
Congo,COG,1992,1289163.0
Congo,COG,1993,1160443.0
Congo,COG,1994,3383880.0
Congo,COG,1995,3224670.0
Congo,COG,1996,4037411.2
Congo,COG,1997,4830572.0
Congo,COG,1998,3869270.0
Congo,COG,1999,3915579.0
Congo,COG,2000,4284250.0
Congo,COG,2001,4177806.8
Congo,COG,2002,2720283.0
Congo,COG,2003,3258111.0
Congo,COG,2004,3548607.0
Congo,COG,2005,4352130.0
Congo,COG,2006,4785876.0
Congo,COG,2007,4259311.0
Congo,COG,2008,4270264.0
Congo,COG,2009,4943653.0
Congo,COG,2010,5499943.0
Congo,COG,2011,5046421.0
Congo,COG,2012,5018026.0
Congo,COG,2013,5890374.0
Congo,COG,2014,5471087.0
Congo,COG,2015,5636681.0
Congo,COG,2016,5727211.0
Congo,COG,2017,5650948.0
Congo,COG,2018,6544667.0
Congo,COG,2019,7293597.0
Congo,COG,2020,7677297.0
Congo,COG,2021,7392860.0
Congo,COG,2022,8727515.0
Congo,COG,2023,8274273.0
Congo,COG,2024,8839770.0
Cook Islands,COK,1969,10992.0
Cook Islands,COK,1970,10992.0
Cook Islands,COK,1971,10992.0
Cook Islands,COK,1972,10992.0
Cook Islands,COK,1973,10992.0
Cook Islands,COK,1974,10992.0
Cook Islands,COK,1975,14656.0
Cook Islands,COK,1976,14656.0
Cook Islands,COK,1977,29312.0
Cook Islands,COK,1978,29312.0
Cook Islands,COK,1979,25648.0
Cook Islands,COK,1980,29312.0
Cook Islands,COK,1981,65952.0
Cook Islands,COK,1982,51296.0
Cook Islands,COK,1983,51296.0
Cook Islands,COK,1984,21984.0
Cook Islands,COK,1985,21984.0
Cook Islands,COK,1986,21984.0
Cook Islands,COK,1987,21984.0
Cook Islands,COK,1988,21984.0
Cook Islands,COK,1989,21984.0
Cook Islands,COK,1990,40304.0
Cook Islands,COK,1991,40304.0
Cook Islands,COK,1992,40304.0
Cook Islands,COK,1993,43968.0
Cook Islands,COK,1994,43968.0
Cook Islands,COK,1995,43968.0
Cook Islands,COK,1996,51296.0
Cook Islands,COK,1997,51296.0
Cook Islands,COK,1998,51296.0
Cook Islands,COK,1999,51296.0
Cook Islands,COK,2000,51296.0
Cook Islands,COK,2001,54960.0
Cook Islands,COK,2002,43968.0
Cook Islands,COK,2003,47632.0
Cook Islands,COK,2004,51296.0
Cook Islands,COK,2005,58624.0
Cook Islands,COK,2006,65952.0
Cook Islands,COK,2007,65952.0
Cook Islands,COK,2008,65952.0
Cook Islands,COK,2009,62288.0
Cook Islands,COK,2010,69616.0
Cook Islands,COK,2011,76944.0
Cook Islands,COK,2012,80608.0
Cook Islands,COK,2013,80608.0
Cook Islands,COK,2014,80608.0
Cook Islands,COK,2015,76944.0
Cook Islands,COK,2016,76944.0
Cook Islands,COK,2017,76944.0
Cook Islands,COK,2018,76944.0
Cook Islands,COK,2019,80608.0
Cook Islands,COK,2020,65952.0
Cook Islands,COK,2021,73280.0
Cook Islands,COK,2022,76944.0
Cook Islands,COK,2023,76581.0
Cook Islands,COK,2024,80083.0
Colombia,COL,1856,9721.0
Colombia,COL,1857,18205.0
Colombia,COL,1858,20021.0
Colombia,COL,1859,5276.0
Colombia,COL,1860,9308.0
Colombia,COL,1861,12190.0
Colombia,COL,1862,27600.0
Colombia,COL,1863,24381.0
Colombia,COL,1864,19421.0
Colombia,COL,1865,10026.0
Colombia,COL,1866,78444.0
Colombia,COL,1867,46900.0
Colombia,COL,1868,72463.0
Colombia,COL,1869,20721.0
Colombia,COL,1870,54592.0
Colombia,COL,1871,119194.0
Colombia,COL,1872,103738.0
Colombia,COL,1873,80740.0
Colombia,COL,1874,77193.0
Colombia,COL,1875,74397.0
Colombia,COL,1876,68011.0
Colombia,COL,1877,68001.0
Colombia,COL,1878,60896.0
Colombia,COL,1879,68475.0
Colombia,COL,1880,72630.0
Colombia,COL,1881,59493.0
Colombia,COL,1882,86919.0
Colombia,COL,1883,108919.0
Colombia,COL,1884,144629.0
Colombia,COL,1885,219257.0
Colombia,COL,1886,269253.0
Colombia,COL,1887,233702.0
Colombia,COL,1888,295978.0
Colombia,COL,1889,116527.0
Colombia,COL,1890,108294.0
Colombia,COL,1891,89860.0
Colombia,COL,1892,81625.0
Colombia,COL,1893,95931.0
Colombia,COL,1894,76526.0
Colombia,COL,1895,99709.0
Colombia,COL,1896,98122.0
Colombia,COL,1897,81576.0
Colombia,COL,1898,79593.0
Colombia,COL,1899,74323.0
Colombia,COL,1900,92317.0
Colombia,COL,1901,138758.0
Colombia,COL,1902,134719.0
Colombia,COL,1903,94285.0
Colombia,COL,1904,54769.0
Colombia,COL,1905,23106.0
Colombia,COL,1906,24794.0
Colombia,COL,1907,25258.0
Colombia,COL,1908,15484.0
Colombia,COL,1909,21834.0
Colombia,COL,1910,14396.0
Colombia,COL,1911,20188.0
Colombia,COL,1912,20903.0
Colombia,COL,1913,44643.0
Colombia,COL,1914,53232.0
Colombia,COL,1915,41601.0
Colombia,COL,1916,52817.0
Colombia,COL,1917,72597.0
Colombia,COL,1918,65243.0
Colombia,COL,1919,123157.0
Colombia,COL,1920,106280.0
Colombia,COL,1921,160661.0
Colombia,COL,1922,294540.0
Colombia,COL,1923,314201.0
Colombia,COL,1924,340608.0
Colombia,COL,1925,625632.0
Colombia,COL,1926,1104439.0
Colombia,COL,1927,1028916.94
Colombia,COL,1928,1324178.0
Colombia,COL,1929,1305532.0
Colombia,COL,1930,733378.0
Colombia,COL,1931,757869.0
Colombia,COL,1932,611109.0
Colombia,COL,1933,954165.0
Colombia,COL,1934,808117.0
Colombia,COL,1935,2501804.0
Colombia,COL,1936,2889746.0
Colombia,COL,1937,2871423.0
Colombia,COL,1938,3081546.0
Colombia,COL,1939,4809575.0
Colombia,COL,1940,4299906.0
Colombia,COL,1941,3952726.0
Colombia,COL,1942,4272118.0
Colombia,COL,1943,3937994.0
Colombia,COL,1944,4913481.0
Colombia,COL,1945,4764170.0
Colombia,COL,1946,5775751.0
Colombia,COL,1947,5864887.0
Colombia,COL,1948,5179687.0
Colombia,COL,1949,5866705.0
Colombia,COL,1950,7261834.0
Colombia,COL,1951,8164442.0
Colombia,COL,1952,8633225.0
Colombia,COL,1953,10761296.0
Colombia,COL,1954,9621435.0
Colombia,COL,1955,11944084.0
Colombia,COL,1956,12599226.0
Colombia,COL,1957,13650765.0
Colombia,COL,1958,13976861.0
Colombia,COL,1959,16086792.0
Colombia,COL,1960,16390488.0
Colombia,COL,1961,18196304.0
Colombia,COL,1962,19419486.0
Colombia,COL,1963,21232780.0
Colombia,COL,1964,21682948.0
Colombia,COL,1965,22858734.0
Colombia,COL,1966,23474196.0
Colombia,COL,1967,24686832.0
Colombia,COL,1968,26572754.0
Colombia,COL,1969,28016278.0
Colombia,COL,1970,28370052.0
Colombia,COL,1971,30281818.0
Colombia,COL,1972,31426040.0
Colombia,COL,1973,33632292.0
Colombia,COL,1974,36396396.0
Colombia,COL,1975,35811224.0
Colombia,COL,1976,37982796.0
Colombia,COL,1977,39244230.0
Colombia,COL,1978,41538936.0
Colombia,COL,1979,44272470.0
Colombia,COL,1980,44180384.0
Colombia,COL,1981,44267244.0
Colombia,COL,1982,45687820.0
Colombia,COL,1983,49218310.0
Colombia,COL,1984,48711976.0
Colombia,COL,1985,48090920.0
Colombia,COL,1986,48767856.0
Colombia,COL,1987,50138300.0
Colombia,COL,1988,52151852.0
Colombia,COL,1989,53100070.0
Colombia,COL,1990,56856930.0
Colombia,COL,1991,56609030.0
Colombia,COL,1992,61340670.0
Colombia,COL,1993,63260200.0
Colombia,COL,1994,66981812.0
Colombia,COL,1995,59349884.0
Colombia,COL,1996,59628172.0
Colombia,COL,1997,65095604.0
Colombia,COL,1998,65559572.0
Colombia,COL,1999,55285852.0
Colombia,COL,2000,56212940.0
Colombia,COL,2001,56465132.0
Colombia,COL,2002,55416708.0
Colombia,COL,2003,57033490.0
Colombia,COL,2004,54324040.0
Colombia,COL,2005,60256470.0
Colombia,COL,2006,62465710.0
Colombia,COL,2007,60669936.0
Colombia,COL,2008,66982210.0
Colombia,COL,2009,71770970.0
Colombia,COL,2010,75431170.0
Colombia,COL,2011,75191390.0
Colombia,COL,2012,78674824.0
Colombia,COL,2013,86445096.0
Colombia,COL,2014,92041690.0
Colombia,COL,2015,91026590.0
Colombia,COL,2016,91582890.0
Colombia,COL,2017,83458820.0
Colombia,COL,2018,90810690.0
Colombia,COL,2019,98961910.0
Colombia,COL,2020,92305150.0
Colombia,COL,2021,103733530.0
Colombia,COL,2022,89436940.0
Colombia,COL,2023,89992344.0
Colombia,COL,2024,92659384.0
Comoros,COM,1959,10992.0
Comoros,COM,1960,10992.0
Comoros,COM,1961,10992.0
Comoros,COM,1962,10992.0
Comoros,COM,1963,10992.0
Comoros,COM,1964,10992.0
Comoros,COM,1965,14656.0
Comoros,COM,1966,18320.0
Comoros,COM,1967,18320.0
Comoros,COM,1968,18320.0
Comoros,COM,1969,18320.0
Comoros,COM,1970,29312.0
Comoros,COM,1971,29312.0
Comoros,COM,1972,29312.0
Comoros,COM,1973,29312.0
Comoros,COM,1974,29312.0
Comoros,COM,1975,32976.0
Comoros,COM,1976,40304.0
Comoros,COM,1977,40304.0
Comoros,COM,1978,29312.0
Comoros,COM,1979,21984.0
Comoros,COM,1980,47632.0
Comoros,COM,1981,47632.0
Comoros,COM,1982,47632.0
Comoros,COM,1983,47632.0
Comoros,COM,1984,47632.0
Comoros,COM,1985,47632.0
Comoros,COM,1986,43968.0
Comoros,COM,1987,47632.0
Comoros,COM,1988,51296.0
Comoros,COM,1989,51296.0
Comoros,COM,1990,62288.0
Comoros,COM,1991,65952.0
Comoros,COM,1992,69616.0
Comoros,COM,1993,69616.0
Comoros,COM,1994,73280.0
Comoros,COM,1995,76944.0
Comoros,COM,1996,76944.0
Comoros,COM,1997,80608.0
Comoros,COM,1998,87936.0
Comoros,COM,1999,95264.0
Comoros,COM,2000,102592.0
Comoros,COM,2001,106256.0
Comoros,COM,2002,106256.0
Comoros,COM,2003,135568.0
Comoros,COM,2004,150224.0
Comoros,COM,2005,142896.0
Comoros,COM,2006,168544.0
Comoros,COM,2007,106256.0
Comoros,COM,2008,109920.0
Comoros,COM,2009,135568.0
Comoros,COM,2010,161216.0
Comoros,COM,2011,142896.0
Comoros,COM,2012,153888.0
Comoros,COM,2013,183200.0
Comoros,COM,2014,164880.0
Comoros,COM,2015,179536.0
Comoros,COM,2016,205184.0
Comoros,COM,2017,263808.0
Comoros,COM,2018,285792.0
Comoros,COM,2019,311440.0
Comoros,COM,2020,370064.0
Comoros,COM,2021,498304.0
Comoros,COM,2022,531671.0
Comoros,COM,2023,542130.0
Comoros,COM,2024,551650.0
Cape Verde,CPV,1950,102592.0
Cape Verde,CPV,1951,76944.0
Cape Verde,CPV,1952,36640.0
Cape Verde,CPV,1953,18320.0
Cape Verde,CPV,1954,21984.0
Cape Verde,CPV,1955,21984.0
Cape Verde,CPV,1956,29312.0
Cape Verde,CPV,1957,18320.0
Cape Verde,CPV,1958,14656.0
Cape Verde,CPV,1959,18290.0
Cape Verde,CPV,1960,21954.0
Cape Verde,CPV,1961,21954.0
Cape Verde,CPV,1962,18290.0
Cape Verde,CPV,1963,14626.0
Cape Verde,CPV,1964,29253.0
Cape Verde,CPV,1965,25589.0
Cape Verde,CPV,1966,21984.0
Cape Verde,CPV,1967,18320.0
Cape Verde,CPV,1968,29282.0
Cape Verde,CPV,1969,36581.0
Cape Verde,CPV,1970,36581.0
Cape Verde,CPV,1971,36610.0
Cape Verde,CPV,1972,51266.0
Cape Verde,CPV,1973,62229.0
Cape Verde,CPV,1974,65952.0
Cape Verde,CPV,1975,76944.0
Cape Verde,CPV,1976,73280.0
Cape Verde,CPV,1977,80608.0
Cape Verde,CPV,1978,208542.0
Cape Verde,CPV,1979,249152.0
Cape Verde,CPV,1980,120912.0
Cape Verde,CPV,1981,32976.0
Cape Verde,CPV,1982,36640.0
Cape Verde,CPV,1983,36640.0
Cape Verde,CPV,1984,84272.0
Cape Verde,CPV,1985,84272.0
Cape Verde,CPV,1986,58624.0
Cape Verde,CPV,1987,80608.0
Cape Verde,CPV,1988,73280.0
Cape Verde,CPV,1989,80608.0
Cape Verde,CPV,1990,179536.0
Cape Verde,CPV,1991,164880.0
Cape Verde,CPV,1992,179536.0
Cape Verde,CPV,1993,168544.0
Cape Verde,CPV,1994,175872.0
Cape Verde,CPV,1995,197856.0
Cape Verde,CPV,1996,219840.0
Cape Verde,CPV,1997,227168.0
Cape Verde,CPV,1998,241824.0
Cape Verde,CPV,1999,285792.0
Cape Verde,CPV,2000,296784.0
Cape Verde,CPV,2001,348080.0
Cape Verde,CPV,2002,384720.0
Cape Verde,CPV,2003,414032.0
Cape Verde,CPV,2004,428688.0
Cape Verde,CPV,2005,447008.0
Cape Verde,CPV,2006,494640.0
Cape Verde,CPV,2007,505631.97
Cape Verde,CPV,2008,472656.0
Cape Verde,CPV,2009,523952.0
Cape Verde,CPV,2010,556928.0
Cape Verde,CPV,2011,615552.0
Cape Verde,CPV,2012,501968.03
Cape Verde,CPV,2013,494640.0
Cape Verde,CPV,2014,490976.0
Cape Verde,CPV,2015,494640.0
Cape Verde,CPV,2016,531280.0
Cape Verde,CPV,2017,571584.0
Cape Verde,CPV,2018,571584.0
Cape Verde,CPV,2019,630208.0
Cape Verde,CPV,2020,520288.0
Cape Verde,CPV,2021,589904.0
Cape Verde,CPV,2022,597650.0
Cape Verde,CPV,2023,571493.0
Cape Verde,CPV,2024,593786.0
Costa Rica,CRI,1870,3.0
Costa Rica,CRI,1871,8.0
Costa Rica,CRI,1872,8.0
Costa Rica,CRI,1873,23.0
Costa Rica,CRI,1874,64.0
Costa Rica,CRI,1875,26.0
Costa Rica,CRI,1876,31.0
Costa Rica,CRI,1877,92.0
Costa Rica,CRI,1878,546.0
Costa Rica,CRI,1879,946.0
Costa Rica,CRI,1880,551.0
Costa Rica,CRI,1881,95.0
Costa Rica,CRI,1882,82.0
Costa Rica,CRI,1883,685.0
Costa Rica,CRI,1884,1762.0
Costa Rica,CRI,1885,1149.0
Costa Rica,CRI,1886,2529.0
Costa Rica,CRI,1887,1634.0
Costa Rica,CRI,1888,623.0
Costa Rica,CRI,1889,5540.0
Costa Rica,CRI,1890,16245.0
Costa Rica,CRI,1891,12185.0
Costa Rica,CRI,1892,35702.0
Costa Rica,CRI,1893,28272.0
Costa Rica,CRI,1894,29723.0
Costa Rica,CRI,1895,23481.0
Costa Rica,CRI,1896,26633.0
Costa Rica,CRI,1897,23470.0
Costa Rica,CRI,1898,32837.0
Costa Rica,CRI,1899,29611.0
Costa Rica,CRI,1900,30344.0
Costa Rica,CRI,1901,31914.0
Costa Rica,CRI,1902,22224.0
Costa Rica,CRI,1903,38282.0
Costa Rica,CRI,1904,34871.0
Costa Rica,CRI,1905,24499.0
Costa Rica,CRI,1906,76788.0
Costa Rica,CRI,1907,62304.0
Costa Rica,CRI,1908,90042.0
Costa Rica,CRI,1909,51853.0
Costa Rica,CRI,1910,98129.0
Costa Rica,CRI,1911,110884.0
Costa Rica,CRI,1912,112400.0
Costa Rica,CRI,1913,112418.0
Costa Rica,CRI,1914,98891.0
Costa Rica,CRI,1915,71555.0
Costa Rica,CRI,1916,57672.0
Costa Rica,CRI,1917,26510.0
Costa Rica,CRI,1918,4191.0
Costa Rica,CRI,1919,30678.0
Costa Rica,CRI,1920,35920.0
Costa Rica,CRI,1921,8554.0
Costa Rica,CRI,1922,5899.0
Costa Rica,CRI,1923,8023.0005
Costa Rica,CRI,1924,9067.0
Costa Rica,CRI,1925,3062.0
Costa Rica,CRI,1926,1531.0
Costa Rica,CRI,1927,1531.0
Costa Rica,CRI,1928,20288.0
Costa Rica,CRI,1929,20223.0
Costa Rica,CRI,1930,11272.0
Costa Rica,CRI,1931,5812.0
Costa Rica,CRI,1932,6892.0
Costa Rica,CRI,1933,382.0
Costa Rica,CRI,1934,382.0
Costa Rica,CRI,1935,7656.0
Costa Rica,CRI,1936,767.0
Costa Rica,CRI,1937,8038.0
Costa Rica,CRI,1938,767.0
Costa Rica,CRI,1939,382.0
Costa Rica,CRI,1940,3829.0
Costa Rica,CRI,1941,382.0
Costa Rica,CRI,1942,767.0
Costa Rica,CRI,1943,713.0
Costa Rica,CRI,1944,6125.0
Costa Rica,CRI,1945,382.0
Costa Rica,CRI,1946,382.0
Costa Rica,CRI,1947,382.0
Costa Rica,CRI,1948,7656.0
Costa Rica,CRI,1949,382.0
Costa Rica,CRI,1950,286174.0
Costa Rica,CRI,1951,312207.0
Costa Rica,CRI,1952,388384.0
Costa Rica,CRI,1953,432352.0
Costa Rica,CRI,1954,406704.0
Costa Rica,CRI,1955,348080.0
Costa Rica,CRI,1956,483648.0
Costa Rica,CRI,1957,461664.0
Costa Rica,CRI,1958,447008.0
Costa Rica,CRI,1959,384720.0
Costa Rica,CRI,1960,490976.0
Costa Rica,CRI,1961,490976.0
Costa Rica,CRI,1962,549600.0
Costa Rica,CRI,1963,600896.0
Costa Rica,CRI,1964,674057.0
Costa Rica,CRI,1965,845909.0
Costa Rica,CRI,1966,992469.0
Costa Rica,CRI,1967,875250.0
Costa Rica,CRI,1968,1036376.94
Costa Rica,CRI,1969,1146178.0
Costa Rica,CRI,1970,1248681.0
Costa Rica,CRI,1971,1527026.0
Costa Rica,CRI,1972,1761314.0
Costa Rica,CRI,1973,2043412.9
Costa Rica,CRI,1974,1904091.0
Costa Rica,CRI,1975,2035847.0
Costa Rica,CRI,1976,2081705.1
Costa Rica,CRI,1977,2607083.0
Costa Rica,CRI,1978,2911430.0
Costa Rica,CRI,1979,2780103.0
Costa Rica,CRI,1980,2447316.0
Costa Rica,CRI,1981,2235059.0
Costa Rica,CRI,1982,2069382.9
Costa Rica,CRI,1983,2087543.0
Costa Rica,CRI,1984,1979192.0
Costa Rica,CRI,1985,2240471.0
Costa Rica,CRI,1986,2575016.0
Costa Rica,CRI,1987,2720968.0
Costa Rica,CRI,1988,2902907.0
Costa Rica,CRI,1989,2929799.0
Costa Rica,CRI,1990,2909155.0
Costa Rica,CRI,1991,3282460.0
Costa Rica,CRI,1992,3735318.0
Costa Rica,CRI,1993,3881498.0
Costa Rica,CRI,1994,5188111.0
Costa Rica,CRI,1995,4788613.0
Costa Rica,CRI,1996,4673413.0
Costa Rica,CRI,1997,4900029.0
Costa Rica,CRI,1998,5213757.0
Costa Rica,CRI,1999,5415418.0
Costa Rica,CRI,2000,5367233.0
Costa Rica,CRI,2001,5637902.0
Costa Rica,CRI,2002,6214329.0
Costa Rica,CRI,2003,6551020.0
Costa Rica,CRI,2004,6796823.0
Costa Rica,CRI,2005,6659584.0
Costa Rica,CRI,2006,6976076.0
Costa Rica,CRI,2007,7906676.0
Costa Rica,CRI,2008,7934122.0
Costa Rica,CRI,2009,7693122.0
Costa Rica,CRI,2010,7461208.0
Costa Rica,CRI,2011,7276383.0
Costa Rica,CRI,2012,7216786.0
Costa Rica,CRI,2013,7583546.0
Costa Rica,CRI,2014,7701873.0
Costa Rica,CRI,2015,7352825.0
Costa Rica,CRI,2016,7828942.0
Costa Rica,CRI,2017,7986782.0
Costa Rica,CRI,2018,7966997.0
Costa Rica,CRI,2019,7660395.0
Costa Rica,CRI,2020,6754070.0
Costa Rica,CRI,2021,7665438.0
Costa Rica,CRI,2022,8010137.5
Costa Rica,CRI,2023,8472529.0
Costa Rica,CRI,2024,8760451.0
Cuba,CUB,1856,384520.0
Cuba,CUB,1857,360731.0
Cuba,CUB,1858,338413.0
Cuba,CUB,1859,317476.0
Cuba,CUB,1860,297835.0
Cuba,CUB,1861,442156.0
Cuba,CUB,1862,592261.0
Cuba,CUB,1863,370691.0
Cuba,CUB,1864,611289.0
Cuba,CUB,1865,588783.0
Cuba,CUB,1866,591925.0
Cuba,CUB,1867,634260.0
Cuba,CUB,1868,599955.0
Cuba,CUB,1869,685097.0
Cuba,CUB,1870,626027.0
Cuba,CUB,1871,609019.0
Cuba,CUB,1872,618543.0
Cuba,CUB,1873,641844.0
Cuba,CUB,1874,650764.0
Cuba,CUB,1875,652685.0
Cuba,CUB,1876,561950.0
Cuba,CUB,1877,589335.0
Cuba,CUB,1878,686376.0
Cuba,CUB,1879,697184.0
Cuba,CUB,1880,589748.0
Cuba,CUB,1881,606360.0
Cuba,CUB,1882,615131.0
Cuba,CUB,1883,596411.0
Cuba,CUB,1884,585408.0
Cuba,CUB,1885,609132.0
Cuba,CUB,1886,575572.0
Cuba,CUB,1887,642752.0
Cuba,CUB,1888,715587.0
Cuba,CUB,1889,793331.0
Cuba,CUB,1890,771805.0
Cuba,CUB,1891,923859.0
Cuba,CUB,1892,1021613.94
Cuba,CUB,1893,968271.0
Cuba,CUB,1894,1042539.94
Cuba,CUB,1895,996245.0
Cuba,CUB,1896,798533.0
Cuba,CUB,1897,754998.0
Cuba,CUB,1898,837548.0
Cuba,CUB,1899,941341.0
Cuba,CUB,1900,943859.0
Cuba,CUB,1901,1016461.0
Cuba,CUB,1902,992375.0
Cuba,CUB,1903,1213886.0
Cuba,CUB,1904,1348721.0
Cuba,CUB,1905,1645547.0
Cuba,CUB,1906,1883687.0
Cuba,CUB,1907,1946014.0
Cuba,CUB,1908,1896998.0
Cuba,CUB,1909,2004545.0
Cuba,CUB,1910,2386393.0
Cuba,CUB,1911,2818949.0
Cuba,CUB,1912,3279130.0
Cuba,CUB,1913,3288941.0
Cuba,CUB,1914,3013496.0
Cuba,CUB,1915,3134791.0
Cuba,CUB,1916,3641798.0
Cuba,CUB,1917,3983881.0
Cuba,CUB,1918,3893284.0
Cuba,CUB,1919,2687464.0
Cuba,CUB,1920,3629566.0
Cuba,CUB,1921,1512693.0
Cuba,CUB,1922,1380852.0
Cuba,CUB,1923,1796696.0
Cuba,CUB,1924,1571502.0
Cuba,CUB,1925,1703763.0
Cuba,CUB,1926,1636035.0
Cuba,CUB,1927,1652342.0
Cuba,CUB,1928,1594829.0
Cuba,CUB,1929,860162.0
Cuba,CUB,1930,1298420.0
Cuba,CUB,1931,959853.0
Cuba,CUB,1932,773249.0
Cuba,CUB,1933,757937.0
Cuba,CUB,1934,815358.0
Cuba,CUB,1935,792390.0
Cuba,CUB,1936,922541.0
Cuba,CUB,1937,983788.0
Cuba,CUB,1938,884261.0
Cuba,CUB,1939,704345.0
Cuba,CUB,1940,681378.0
Cuba,CUB,1941,562473.0
Cuba,CUB,1942,470214.0
Cuba,CUB,1943,734342.0
Cuba,CUB,1944,527440.0
Cuba,CUB,1945,556902.0
Cuba,CUB,1946,477541.0
Cuba,CUB,1947,556883.0
Cuba,CUB,1948,419375.0
Cuba,CUB,1949,338900.0
Cuba,CUB,1950,5641091.0
Cuba,CUB,1951,6469079.0
Cuba,CUB,1952,6282067.0
Cuba,CUB,1953,6190526.0
Cuba,CUB,1954,5948642.0
Cuba,CUB,1955,6776647.0
Cuba,CUB,1956,5841673.0
Cuba,CUB,1957,13865625.0
Cuba,CUB,1958,17994686.0
Cuba,CUB,1959,15664738.0
Cuba,CUB,1960,13687099.0
Cuba,CUB,1961,12168303.0
Cuba,CUB,1962,14154546.0
Cuba,CUB,1963,13025915.0
Cuba,CUB,1964,14279003.0
Cuba,CUB,1965,14594137.0
Cuba,CUB,1966,15169385.0
Cuba,CUB,1967,15736880.0
Cuba,CUB,1968,16019522.0
Cuba,CUB,1969,17243298.0
Cuba,CUB,1970,18654088.0
Cuba,CUB,1971,19588660.0
Cuba,CUB,1972,20777370.0
Cuba,CUB,1973,22375342.0
Cuba,CUB,1974,22888060.0
Cuba,CUB,1975,27039482.0
Cuba,CUB,1976,27197066.0
Cuba,CUB,1977,29374202.0
Cuba,CUB,1978,30661204.0
Cuba,CUB,1979,31684546.0
Cuba,CUB,1980,31374024.0
Cuba,CUB,1981,32723480.0
Cuba,CUB,1982,34527344.0
Cuba,CUB,1983,30820618.0
Cuba,CUB,1984,32580692.0
Cuba,CUB,1985,32555866.0
Cuba,CUB,1986,33546752.0
Cuba,CUB,1987,33933260.0
Cuba,CUB,1988,35616450.0
Cuba,CUB,1989,35719060.0
Cuba,CUB,1990,29637756.0
Cuba,CUB,1991,26961236.0
Cuba,CUB,1992,20754494.0
Cuba,CUB,1993,19789710.0
Cuba,CUB,1994,21426368.0
Cuba,CUB,1995,22868304.0
Cuba,CUB,1996,23303738.0
Cuba,CUB,1997,24823734.0
Cuba,CUB,1998,24308508.0
Cuba,CUB,1999,24489204.0
Cuba,CUB,2000,25299178.0
Cuba,CUB,2001,24680938.0
Cuba,CUB,2002,25179234.0
Cuba,CUB,2003,25554362.0
Cuba,CUB,2004,24539812.0
Cuba,CUB,2005,25706188.0
Cuba,CUB,2006,26781428.0
Cuba,CUB,2007,25724220.0
Cuba,CUB,2008,27738204.0
Cuba,CUB,2009,28260750.0
Cuba,CUB,2010,33041988.0
Cuba,CUB,2011,29075760.0
Cuba,CUB,2012,29475822.0
Cuba,CUB,2013,27893984.0
Cuba,CUB,2014,27366440.0
Cuba,CUB,2015,29091232.0
Cuba,CUB,2016,27772246.0
Cuba,CUB,2017,24559170.0
Cuba,CUB,2018,23019470.0
Cuba,CUB,2019,22486916.0
Cuba,CUB,2020,21280834.0
Cuba,CUB,2021,22548866.0
Cuba,CUB,2022,23258538.0
Cuba,CUB,2023,23470270.0
Cuba,CUB,2024,24440234.0
Curacao,CUW,1926,0.0
Curacao,CUW,1927,0.0
Curacao,CUW,1928,0.0
Curacao,CUW,1929,0.0
Curacao,CUW,1930,0.0
Curacao,CUW,1931,0.0
Curacao,CUW,1932,0.0
Curacao,CUW,1933,0.0
Curacao,CUW,1934,0.0
Curacao,CUW,1935,0.0
Curacao,CUW,1936,0.0
Curacao,CUW,1937,0.0
Curacao,CUW,1938,0.0
Curacao,CUW,1939,0.0
Curacao,CUW,1940,0.0
Curacao,CUW,1941,0.0
Curacao,CUW,1942,0.0
Curacao,CUW,1943,0.0
Curacao,CUW,1944,0.0
Curacao,CUW,1945,0.0
Curacao,CUW,1946,0.0
Curacao,CUW,1947,0.0
Curacao,CUW,1948,0.0
Curacao,CUW,1949,0.0
Curacao,CUW,1950,6132477.0
Curacao,CUW,1951,9671739.0
Curacao,CUW,1952,5584442.0
Curacao,CUW,1953,6463134.0
Curacao,CUW,1954,13073228.0
Curacao,CUW,1955,10813733.0
Curacao,CUW,1956,13985598.0
Curacao,CUW,1957,9552335.0
Curacao,CUW,1958,8367478.5
Curacao,CUW,1959,10770870.0
Curacao,CUW,1960,9261479.0
Curacao,CUW,1961,9665616.0
Curacao,CUW,1962,10614726.0
Curacao,CUW,1963,10167726.0
Curacao,CUW,1964,9886054.0
Curacao,CUW,1965,8869588.0
Curacao,CUW,1966,8293998.5
Curacao,CUW,1967,10216712.0
Curacao,CUW,1968,9500287.0
Curacao,CUW,1969,12433344.0
Curacao,CUW,1970,13905995.0
Curacao,CUW,1971,12102686.0
Curacao,CUW,1972,11735289.0
Curacao,CUW,1973,13018118.0
Curacao,CUW,1974,11799583.0
Curacao,CUW,1975,8545054.0
Curacao,CUW,1976,18253532.0
Curacao,CUW,1977,9533965.0
Curacao,CUW,1978,8119485.0
Curacao,CUW,1979,8517499.0
Curacao,CUW,1980,8765492.0
Curacao,CUW,1981,8349107.5
Curacao,CUW,1982,9334958.0
Curacao,CUW,1983,4797599.0
Curacao,CUW,1984,11980220.0
Curacao,CUW,1985,14022338.0
Curacao,CUW,1986,2688125.0
Curacao,CUW,1987,2389805.0
Curacao,CUW,1988,2354136.0
Curacao,CUW,1989,4481289.0
Curacao,CUW,1990,4799065.0
Curacao,CUW,1991,3829524.0
Curacao,CUW,1992,3155061.0
Curacao,CUW,1993,4870403.0
Curacao,CUW,1994,4669361.0
Curacao,CUW,1995,4620722.0
Curacao,CUW,1996,4322401.0
Curacao,CUW,1997,4523443.0
Curacao,CUW,1998,249681.0
Curacao,CUW,1999,1870987.0
Curacao,CUW,2000,4964438.0
Curacao,CUW,2001,5055232.0
Curacao,CUW,2002,4873645.0
Curacao,CUW,2003,4876888.0
Curacao,CUW,2004,5116841.0
Curacao,CUW,2005,5071445.0
Curacao,CUW,2006,5285457.0
Curacao,CUW,2007,5950192.0
Curacao,CUW,2008,5723210.0
Curacao,CUW,2009,5856157.0
Curacao,CUW,2010,4033809.2
Curacao,CUW,2011,5146025.0
Curacao,CUW,2012,6287424.0
Curacao,CUW,2013,5932016.0
Curacao,CUW,2014,6796720.0
Curacao,CUW,2015,7331664.0
Curacao,CUW,2016,6203152.0
Curacao,CUW,2017,4968384.0
Curacao,CUW,2018,4323520.0
Curacao,CUW,2019,2396256.0
Curacao,CUW,2020,2007872.1
Curacao,CUW,2021,2139776.0
Curacao,CUW,2022,2209392.0
Curacao,CUW,2023,2204923.0
Curacao,CUW,2024,2289628.0
Christmas Island,CXR,1970,69616.0
Christmas Island,CXR,1971,84272.0
Christmas Island,CXR,1972,84272.0
Christmas Island,CXR,1973,69616.0
Christmas Island,CXR,1974,124576.0
Christmas Island,CXR,1975,135568.0
Christmas Island,CXR,1976,124576.0
Christmas Island,CXR,1977,91600.0
Christmas Island,CXR,1978,91600.0
Christmas Island,CXR,1979,98928.0
Christmas Island,CXR,1980,98928.0
Christmas Island,CXR,1981,102592.0
Christmas Island,CXR,1982,73280.0
Christmas Island,CXR,1983,80608.0
Christmas Island,CXR,1994,0.0
Christmas Island,CXR,1995,0.0
Christmas Island,CXR,1996,0.0
Christmas Island,CXR,1997,0.0
Christmas Island,CXR,1998,0.0
Christmas Island,CXR,1999,0.0
Christmas Island,CXR,2000,0.0
Christmas Island,CXR,2001,0.0
Christmas Island,CXR,2002,0.0
Christmas Island,CXR,2003,0.0
Christmas Island,CXR,2004,0.0
Christmas Island,CXR,2005,0.0
Christmas Island,CXR,2006,0.0
Christmas Island,CXR,2007,0.0
Christmas Island,CXR,2008,0.0
Christmas Island,CXR,2009,0.0
Christmas Island,CXR,2010,0.0
Christmas Island,CXR,2011,0.0
Christmas Island,CXR,2012,0.0
Christmas Island,CXR,2013,0.0
Christmas Island,CXR,2014,0.0
Christmas Island,CXR,2015,0.0
Christmas Island,CXR,2016,0.0
Christmas Island,CXR,2017,0.0
Christmas Island,CXR,2018,0.0
Christmas Island,CXR,2019,0.0
Christmas Island,CXR,2020,0.0
Christmas Island,CXR,2021,0.0
Christmas Island,CXR,2022,0.0
Christmas Island,CXR,2023,0.0
Christmas Island,CXR,2024,0.0
Cyprus,CYP,1950,267472.0
Cyprus,CYP,1951,282128.0
Cyprus,CYP,1952,315104.0
Cyprus,CYP,1953,366400.0
Cyprus,CYP,1954,443344.0
Cyprus,CYP,1955,450672.0
Cyprus,CYP,1956,674027.0
Cyprus,CYP,1957,816805.0
Cyprus,CYP,1958,765451.0
Cyprus,CYP,1959,831401.0
Cyprus,CYP,1960,886331.0
Cyprus,CYP,1961,864318.0
Cyprus,CYP,1962,904622.0
Cyprus,CYP,1963,985230.0
Cyprus,CYP,1964,999975.0
Cyprus,CYP,1965,1150110.0
Cyprus,CYP,1966,1241710.0
Cyprus,CYP,1967,1362265.0
Cyprus,CYP,1968,1622201.0
Cyprus,CYP,1969,1669803.0
Cyprus,CYP,1970,1702690.0
Cyprus,CYP,1971,1883533.0
Cyprus,CYP,1972,2405937.0
Cyprus,CYP,1973,2503532.0
Cyprus,CYP,1974,1928765.0
Cyprus,CYP,1975,1990826.0
Cyprus,CYP,1976,2487684.0
Cyprus,CYP,1977,2700114.0
Cyprus,CYP,1978,2845021.0
Cyprus,CYP,1979,3045442.0
Cyprus,CYP,1980,3260647.0
Cyprus,CYP,1981,3095654.0
Cyprus,CYP,1982,3157205.0
Cyprus,CYP,1983,3151348.0
Cyprus,CYP,1984,3234557.0
Cyprus,CYP,1985,3144994.0
Cyprus,CYP,1986,3606067.0
Cyprus,CYP,1987,4184954.2
Cyprus,CYP,1988,4197559.0
Cyprus,CYP,1989,4429735.0
Cyprus,CYP,1990,4647757.0
Cyprus,CYP,1991,5136100.0
Cyprus,CYP,1992,5508841.0
Cyprus,CYP,1993,5752779.0
Cyprus,CYP,1994,5994995.0
Cyprus,CYP,1995,5865764.0
Cyprus,CYP,1996,6215677.0
Cyprus,CYP,1997,6302385.0
Cyprus,CYP,1998,6596848.0
Cyprus,CYP,1999,6863432.0
Cyprus,CYP,2000,7106901.0
Cyprus,CYP,2001,6979659.0
Cyprus,CYP,2002,7171937.0
Cyprus,CYP,2003,7560774.0
Cyprus,CYP,2004,7787102.0
Cyprus,CYP,2005,7951671.0
Cyprus,CYP,2006,8183131.0
Cyprus,CYP,2007,8475067.0
Cyprus,CYP,2008,8691636.0
Cyprus,CYP,2009,8437988.0
Cyprus,CYP,2010,8071821.0
Cyprus,CYP,2011,7792363.0
Cyprus,CYP,2012,7261668.0
Cyprus,CYP,2013,6578171.0
Cyprus,CYP,2014,6929789.0
Cyprus,CYP,2015,6952477.0
Cyprus,CYP,2016,7349926.0
Cyprus,CYP,2017,7469282.0
Cyprus,CYP,2018,7324203.0
Cyprus,CYP,2019,7324482.0
Cyprus,CYP,2020,6903173.0
Cyprus,CYP,2021,6950782.0
Cyprus,CYP,2022,7070778.0
Cyprus,CYP,2023,7188089.0
Cyprus,CYP,2024,7299328.0
Czechia,CZE,1860,202377.0
Czechia,CZE,1861,665349.0
Czechia,CZE,1862,1131094.0
Czechia,CZE,1863,1596839.0
Czechia,CZE,1864,2062583.0
Czechia,CZE,1865,2528328.0
Czechia,CZE,1866,2994073.0
Czechia,CZE,1867,3457045.0
Czechia,CZE,1868,3922790.0
Czechia,CZE,1869,4388534.0
Czechia,CZE,1870,4854279.0
Czechia,CZE,1871,5320024.0
Czechia,CZE,1872,5782996.0
Czechia,CZE,1873,6248741.0
Czechia,CZE,1874,6714485.0
Czechia,CZE,1875,7180230.0
Czechia,CZE,1876,12411540.0
Czechia,CZE,1877,13040850.0
Czechia,CZE,1878,13670159.0
Czechia,CZE,1879,14690362.0
Czechia,CZE,1880,15563633.0
Czechia,CZE,1881,16436905.0
Czechia,CZE,1882,16808392.0
Czechia,CZE,1883,17953346.0
Czechia,CZE,1884,18543844.0
Czechia,CZE,1885,19469790.0
Czechia,CZE,1886,20467814.0
Czechia,CZE,1887,21499106.0
Czechia,CZE,1888,23043270.0
Czechia,CZE,1889,24396146.0
Czechia,CZE,1890,26090016.0
Czechia,CZE,1891,27049228.0
Czechia,CZE,1892,27459526.0
Czechia,CZE,1893,28069432.0
Czechia,CZE,1894,28773594.0
Czechia,CZE,1895,29863102.0
Czechia,CZE,1896,30597760.0
Czechia,CZE,1897,32383114.0
Czechia,CZE,1898,33106682.0
Czechia,CZE,1899,33966092.0
Czechia,CZE,1900,33719356.0
Czechia,CZE,1901,35233028.0
Czechia,CZE,1902,35704316.0
Czechia,CZE,1903,36375210.0
Czechia,CZE,1904,36730064.0
Czechia,CZE,1905,37811256.0
Czechia,CZE,1906,39485716.0
Czechia,CZE,1907,41498400.0
Czechia,CZE,1908,42263550.0
Czechia,CZE,1909,42005730.0
Czechia,CZE,1910,41567710.0
Czechia,CZE,1911,42094444.0
Czechia,CZE,1912,44789108.0
Czechia,CZE,1913,46848920.0
Czechia,CZE,1914,42709892.0
Czechia,CZE,1915,42615636.0
Czechia,CZE,1916,45357428.0
Czechia,CZE,1917,42651670.0
Czechia,CZE,1918,36364120.0
Czechia,CZE,1919,34354210.0
Czechia,CZE,1920,34071436.0
Czechia,CZE,1921,32721332.0
Czechia,CZE,1922,29203296.0
Czechia,CZE,1923,30866670.0
Czechia,CZE,1924,37886108.0
Czechia,CZE,1925,35654416.0
Czechia,CZE,1926,36150652.0
Czechia,CZE,1927,38795416.0
Czechia,CZE,1928,40846910.0
Czechia,CZE,1929,45692876.0
Czechia,CZE,1930,40310730.0
Czechia,CZE,1931,37718612.0
Czechia,CZE,1932,32875306.0
Czechia,CZE,1933,30064200.0
Czechia,CZE,1934,30032006.0
Czechia,CZE,1935,30917798.0
Czechia,CZE,1936,33592620.0
Czechia,CZE,1937,40691670.0
Czechia,CZE,1938,46588324.0
Czechia,CZE,1939,51191668.0
Czechia,CZE,1940,57693830.0
Czechia,CZE,1941,58073036.0
Czechia,CZE,1942,62634000.0
Czechia,CZE,1943,69152376.0
Czechia,CZE,1944,65925040.0
Czechia,CZE,1945,34986292.0
Czechia,CZE,1946,43566916.0
Czechia,CZE,1947,49450468.0
Czechia,CZE,1948,53448484.0
Czechia,CZE,1949,56186892.0
Czechia,CZE,1950,57851024.0
Czechia,CZE,1951,61648584.0
Czechia,CZE,1952,65915640.0
Czechia,CZE,1953,68319160.0
Czechia,CZE,1954,72957440.0
Czechia,CZE,1955,75746110.0
Czechia,CZE,1956,81285900.0
Czechia,CZE,1957,84897320.0
Czechia,CZE,1958,92773280.0
Czechia,CZE,1959,92879310.0
Czechia,CZE,1960,99081330.0
Czechia,CZE,1961,107527576.0
Czechia,CZE,1962,114592020.0
Czechia,CZE,1963,120514520.0
Czechia,CZE,1964,125440470.0
Czechia,CZE,1965,122230060.0
Czechia,CZE,1966,121569530.0
Czechia,CZE,1967,121311770.0
Czechia,CZE,1968,126921260.0
Czechia,CZE,1969,134731730.0
Czechia,CZE,1970,154465330.0
Czechia,CZE,1971,162014350.0
Czechia,CZE,1972,163482380.0
Czechia,CZE,1973,164133980.0
Czechia,CZE,1974,166025230.0
Czechia,CZE,1975,173690880.0
Czechia,CZE,1976,180427470.0
Czechia,CZE,1977,185803310.0
Czechia,CZE,1978,187483460.0
Czechia,CZE,1979,182571250.0
Czechia,CZE,1980,184691120.0
Czechia,CZE,1981,182673310.0
Czechia,CZE,1982,180876580.0
Czechia,CZE,1983,181106670.0
Czechia,CZE,1984,187201040.0
Czechia,CZE,1985,184632940.0
Czechia,CZE,1986,185887500.0
Czechia,CZE,1987,183677340.0
Czechia,CZE,1988,180664260.0
Czechia,CZE,1989,172367140.0
Czechia,CZE,1990,164252300.0
Czechia,CZE,1991,148886190.0
Czechia,CZE,1992,145708180.0
Czechia,CZE,1993,140126130.0
Czechia,CZE,1994,132670150.0
Czechia,CZE,1995,131623810.0
Czechia,CZE,1996,135019230.0
Czechia,CZE,1997,130942000.0
Czechia,CZE,1998,125716776.0
Czechia,CZE,1999,116668900.0
Czechia,CZE,2000,127233490.0
Czechia,CZE,2001,127165210.0
Czechia,CZE,2002,123988120.0
Czechia,CZE,2003,127591670.0
Czechia,CZE,2004,128313656.0
Czechia,CZE,2005,125713460.0
Czechia,CZE,2006,126532560.0
Czechia,CZE,2007,128363630.0
Czechia,CZE,2008,122927730.0
Czechia,CZE,2009,114972080.0
Czechia,CZE,2010,117464090.0
Czechia,CZE,2011,115178136.0
Czechia,CZE,2012,111275540.0
Czechia,CZE,2013,106710090.0
Czechia,CZE,2014,104232570.0
Czechia,CZE,2015,104989704.0
Czechia,CZE,2016,106636424.0
Czechia,CZE,2017,107735540.0
Czechia,CZE,2018,106322056.0
Czechia,CZE,2019,100997496.0
Czechia,CZE,2020,91661460.0
Czechia,CZE,2021,96629410.0
Czechia,CZE,2022,95039670.0
Czechia,CZE,2023,83232250.0
Czechia,CZE,2024,75623000.0
Germany,DEU,1792,468992.0
Germany,DEU,1793,479984.0
Germany,DEU,1794,443344.0
Germany,DEU,1795,447008.0
Germany,DEU,1796,534944.0
Germany,DEU,1797,549600.0
Germany,DEU,1798,575248.0
Germany,DEU,1799,626544.0
Germany,DEU,1800,795088.0
Germany,DEU,1801,534944.0
Germany,DEU,1802,553264.0
Germany,DEU,1803,534944.0
Germany,DEU,1804,1007599.94
Germany,DEU,1805,1040576.0
Germany,DEU,1806,937984.0
Germany,DEU,1807,2689376.0
Germany,DEU,1808,897680.0
Germany,DEU,1809,930656.0
Germany,DEU,1810,978288.0
Germany,DEU,1811,926992.0
Germany,DEU,1812,912336.0
Germany,DEU,1813,890352.0
Germany,DEU,1814,883024.0
Germany,DEU,1815,1029584.06
Germany,DEU,1816,2385264.0
Germany,DEU,1817,3381872.0
Germany,DEU,1818,3532096.0
Germany,DEU,1819,3275616.0
Germany,DEU,1820,3381872.0
Germany,DEU,1821,3532096.0
Germany,DEU,1822,3631024.0
Germany,DEU,1823,4034063.8
Germany,DEU,1824,3231648.0
Germany,DEU,1825,4338176.0
Germany,DEU,1826,4187952.0
Germany,DEU,1827,4539696.0
Germany,DEU,1828,4539696.0
Germany,DEU,1829,3631024.0
Germany,DEU,1830,4792512.0
Germany,DEU,1831,4590992.0
Germany,DEU,1832,3447824.0
Germany,DEU,1833,4378480.0
Germany,DEU,1834,4411456.0
Germany,DEU,1835,4931744.0
Germany,DEU,1836,5191888.0
Germany,DEU,1837,5950336.0
Germany,DEU,1838,6631840.0
Germany,DEU,1839,7020224.0
Germany,DEU,1840,9174656.0
Germany,DEU,1841,9548384.0
Germany,DEU,1842,10882080.0
Germany,DEU,1843,10299504.0
Germany,DEU,1844,10882080.0
Germany,DEU,1845,12611488.0
Germany,DEU,1846,13186736.0
Germany,DEU,1847,13838928.0
Germany,DEU,1848,12827664.0
Germany,DEU,1849,13622752.0
Germany,DEU,1850,15139648.0
Germany,DEU,1851,16869056.0
Germany,DEU,1852,19173712.0
Germany,DEU,1853,20760224.0
Germany,DEU,1854,24365600.0
Germany,DEU,1855,28615840.0
Germany,DEU,1856,30924160.0
Germany,DEU,1857,32939362.0
Germany,DEU,1858,35610416.0
Germany,DEU,1859,33807730.0
Germany,DEU,1860,36394510.0
Germany,DEU,1861,41329920.0
Germany,DEU,1862,45539856.0
Germany,DEU,1863,49383390.0
Germany,DEU,1864,56641776.0
Germany,DEU,1865,63467810.0
Germany,DEU,1866,62907216.0
Germany,DEU,1867,69154340.0
Germany,DEU,1868,74368210.0
Germany,DEU,1869,77592530.0
Germany,DEU,1870,76639890.0
Germany,DEU,1871,85349220.0
Germany,DEU,1872,92109300.0
Germany,DEU,1873,98367410.0
Germany,DEU,1874,71594560.0
Germany,DEU,1875,101518450.0
Germany,DEU,1876,103438380.0
Germany,DEU,1877,101302270.0
Germany,DEU,1878,104544910.0
Germany,DEU,1879,110846990.0
Germany,DEU,1880,124502720.0
Germany,DEU,1881,134263620.0
Germany,DEU,1882,143665440.0
Germany,DEU,1883,153092910.0
Germany,DEU,1884,157526350.0
Germany,DEU,1885,161183020.0
Germany,DEU,1886,163033340.0
Germany,DEU,1887,170390660.0
Germany,DEU,1888,186347380.0
Germany,DEU,1889,198848940.0
Germany,DEU,1890,208232450.0
Germany,DEU,1891,220840270.0
Germany,DEU,1892,214988860.0
Germany,DEU,1893,220712030.0
Germany,DEU,1894,229498300.0
Germany,DEU,1895,238284580.0
Germany,DEU,1896,256260160.0
Germany,DEU,1897,273554240.0
Germany,DEU,1898,285377950.0
Germany,DEU,1899,303283940.0
Germany,DEU,1900,326759200.0
Germany,DEU,1901,325557400.0
Germany,DEU,1902,319189380.0
Germany,DEU,1903,343598940.0
Germany,DEU,1904,356122460.0
Germany,DEU,1905,382323740.0
Germany,DEU,1906,361937250.0
Germany,DEU,1907,442182530.0
Germany,DEU,1908,446641600.0
Germany,DEU,1909,445571700.0
Germany,DEU,1910,445366530.0
Germany,DEU,1911,458586240.0
Germany,DEU,1912,499121060.0
Germany,DEU,1913,535083260.0
Germany,DEU,1914,497926600.0
Germany,DEU,1915,462906100.0
Germany,DEU,1916,500696600.0
Germany,DEU,1917,524578560.0
Germany,DEU,1918,503422600.0
Germany,DEU,1919,387427700.0
Germany,DEU,1920,429208300.0
Germany,DEU,1921,473179970.0
Germany,DEU,1922,455460830.0
Germany,DEU,1923,331929100.0
Germany,DEU,1924,451793180.0
Germany,DEU,1925,458065950.0
Germany,DEU,1926,413236900.0
Germany,DEU,1927,481185800.0
Germany,DEU,1928,505010900.0
Germany,DEU,1929,539234750.0
Germany,DEU,1930,462091780.0
Germany,DEU,1931,385964900.0
Germany,DEU,1932,347485760.0
Germany,DEU,1933,364980800.0
Germany,DEU,1934,408619780.0
Germany,DEU,1935,452332830.0
Germany,DEU,1936,499634430.0
Germany,DEU,1937,563512600.0
Germany,DEU,1938,601272640.0
Germany,DEU,1939,648625500.0
Germany,DEU,1940,654325000.0
Germany,DEU,1941,660793200.0
Germany,DEU,1942,667899400.0
Germany,DEU,1943,679430140.0
Germany,DEU,1944,600273150.0
Germany,DEU,1945,116064530.0
Germany,DEU,1946,271682430.0
Germany,DEU,1947,317660030.0
Germany,DEU,1948,377816400.0
Germany,DEU,1949,432148030.0
Germany,DEU,1950,510498620.0
Germany,DEU,1951,576631100.0
Germany,DEU,1952,610757060.0
Germany,DEU,1953,623250200.0
Germany,DEU,1954,659493700.0
Germany,DEU,1955,723231040.0
Germany,DEU,1956,765941600.0
Germany,DEU,1957,777665860.0
Germany,DEU,1958,756119100.0
Germany,DEU,1959,755483140.0
Germany,DEU,1960,813602200.0
Germany,DEU,1961,834506300.0
Germany,DEU,1962,882842560.0
Germany,DEU,1963,945241540.0
Germany,DEU,1964,968631740.0
Germany,DEU,1965,959842050.0
Germany,DEU,1966,951154560.0
Germany,DEU,1967,936013200.0
Germany,DEU,1968,984581950.0
Germany,DEU,1969,1051802900.0
Germany,DEU,1970,1025802500.0
Germany,DEU,1971,1037079230.0
Germany,DEU,1972,1041356400.0
Germany,DEU,1973,1085602800.0
Germany,DEU,1974,1062510850.0
Germany,DEU,1975,1002285760.0
Germany,DEU,1976,1090807700.0
Germany,DEU,1977,1052513300.0
Germany,DEU,1978,1079066600.0
Germany,DEU,1979,1117745500.0
Germany,DEU,1980,1099901200.0
Germany,DEU,1981,1048362200.0
Germany,DEU,1982,1015499600.0
Germany,DEU,1983,1011436300.0
Germany,DEU,1984,1033017500.0
Germany,DEU,1985,1043912800.0
Germany,DEU,1986,1047233800.0
Germany,DEU,1987,1032266940.0
Germany,DEU,1988,1028701630.0
Germany,DEU,1989,1008565250.0
Germany,DEU,1990,1054795900.0
Germany,DEU,1991,1016929540.0
Germany,DEU,1992,969464450.0
Germany,DEU,1993,959385860.0
Germany,DEU,1994,943227650.0
Germany,DEU,1995,939933600.0
Germany,DEU,1996,959690100.0
Germany,DEU,1997,931508100.0
Germany,DEU,1998,923498700.0
Germany,DEU,1999,895442050.0
Germany,DEU,2000,898975740.0
Germany,DEU,2001,915254800.0
Germany,DEU,2002,898834300.0
Germany,DEU,2003,894501100.0
Germany,DEU,2004,876569860.0
Germany,DEU,2005,867880500.0
Germany,DEU,2006,886434300.0
Germany,DEU,2007,846152960.0
Germany,DEU,2008,856642500.0
Germany,DEU,2009,789983940.0
Germany,DEU,2010,826704700.0
Germany,DEU,2011,804541600.0
Germany,DEU,2012,814093000.0
Germany,DEU,2013,831745540.0
Germany,DEU,2014,792583600.0
Germany,DEU,2015,800822500.0
Germany,DEU,2016,797988300.0
Germany,DEU,2017,784595140.0
Germany,DEU,2018,758771400.0
Germany,DEU,2019,708648960.0
Germany,DEU,2020,647176800.0
Germany,DEU,2021,677997700.0
Germany,DEU,2022,667843000.0
Germany,DEU,2023,593766000.0
Germany,DEU,2024,572319170.0
Djibouti,DJI,1950,10992.0
Djibouti,DJI,1951,25648.0
Djibouti,DJI,1952,25648.0
Djibouti,DJI,1953,29312.0
Djibouti,DJI,1954,32976.0
Djibouti,DJI,1955,36640.0
Djibouti,DJI,1956,29312.0
Djibouti,DJI,1957,43968.0
Djibouti,DJI,1958,47632.0
Djibouti,DJI,1959,36640.0
Djibouti,DJI,1960,40304.0
Djibouti,DJI,1961,43968.0
Djibouti,DJI,1962,47632.0
Djibouti,DJI,1963,65952.0
Djibouti,DJI,1964,84272.0
Djibouti,DJI,1965,120912.0
Djibouti,DJI,1966,139232.0
Djibouti,DJI,1967,87936.0
Djibouti,DJI,1968,120912.0
Djibouti,DJI,1969,84272.0
Djibouti,DJI,1970,139232.0
Djibouti,DJI,1971,161216.0
Djibouti,DJI,1972,190528.0
Djibouti,DJI,1973,179536.0
Djibouti,DJI,1974,194192.0
Djibouti,DJI,1975,197856.0
Djibouti,DJI,1976,197856.0
Djibouti,DJI,1977,197856.0
Djibouti,DJI,1978,201520.0
Djibouti,DJI,1979,362736.0
Djibouti,DJI,1980,348080.0
Djibouti,DJI,1981,300448.0
Djibouti,DJI,1982,348080.0
Djibouti,DJI,1983,348080.0
Djibouti,DJI,1984,351744.0
Djibouti,DJI,1985,359072.0
Djibouti,DJI,1986,377392.0
Djibouti,DJI,1987,388384.0
Djibouti,DJI,1988,348080.0
Djibouti,DJI,1989,388384.0
Djibouti,DJI,1990,296784.0
Djibouti,DJI,1991,300448.0
Djibouti,DJI,1992,304112.0
Djibouti,DJI,1993,304112.0
Djibouti,DJI,1994,300448.0
Djibouti,DJI,1995,311440.0
Djibouti,DJI,1996,304112.0
Djibouti,DJI,1997,333424.0
Djibouti,DJI,1998,388384.0
Djibouti,DJI,1999,388384.0
Djibouti,DJI,2000,366400.0
Djibouti,DJI,2001,366400.0
Djibouti,DJI,2002,399376.0
Djibouti,DJI,2003,421360.0
Djibouti,DJI,2004,406704.0
Djibouti,DJI,2005,414032.0
Djibouti,DJI,2006,414032.0
Djibouti,DJI,2007,454336.0
Djibouti,DJI,2008,494640.0
Djibouti,DJI,2009,443344.0
Djibouti,DJI,2010,516623.97
Djibouti,DJI,2011,315104.0
Djibouti,DJI,2012,293120.0
Djibouti,DJI,2013,380818.0
Djibouti,DJI,2014,417618.0
Djibouti,DJI,2015,504921.03
Djibouti,DJI,2016,427766.0
Djibouti,DJI,2017,413743.0
Djibouti,DJI,2018,471518.0
Djibouti,DJI,2019,540217.0
Djibouti,DJI,2020,463062.0
Djibouti,DJI,2021,557615.0
Djibouti,DJI,2022,550390.0
Djibouti,DJI,2023,557559.0
Djibouti,DJI,2024,564084.0
Dominica,DMA,1951,3664.0
Dominica,DMA,1952,7328.0
Dominica,DMA,1953,3664.0
Dominica,DMA,1954,3664.0
Dominica,DMA,1955,3664.0
Dominica,DMA,1956,3664.0
Dominica,DMA,1957,3664.0
Dominica,DMA,1958,7328.0
Dominica,DMA,1959,10992.0
Dominica,DMA,1960,10992.0
Dominica,DMA,1961,10992.0
Dominica,DMA,1962,10992.0
Dominica,DMA,1963,14656.0
Dominica,DMA,1964,14656.0
Dominica,DMA,1965,14656.0
Dominica,DMA,1966,14656.0
Dominica,DMA,1967,21984.0
Dominica,DMA,1968,21984.0
Dominica,DMA,1969,18320.0
Dominica,DMA,1970,25648.0
Dominica,DMA,1971,25648.0
Dominica,DMA,1972,25648.0
Dominica,DMA,1973,25648.0
Dominica,DMA,1974,29312.0
Dominica,DMA,1975,29312.0
Dominica,DMA,1976,29312.0
Dominica,DMA,1977,25648.0
Dominica,DMA,1978,25648.0
Dominica,DMA,1979,32976.0
Dominica,DMA,1980,36640.0
Dominica,DMA,1981,36640.0
Dominica,DMA,1982,40304.0
Dominica,DMA,1983,40304.0
Dominica,DMA,1984,43968.0
Dominica,DMA,1985,47632.0
Dominica,DMA,1986,47632.0
Dominica,DMA,1987,47632.0
Dominica,DMA,1988,54960.0
Dominica,DMA,1989,58624.0
Dominica,DMA,1990,58624.0
Dominica,DMA,1991,58624.0
Dominica,DMA,1992,58624.0
Dominica,DMA,1993,62288.0
Dominica,DMA,1994,69616.0
Dominica,DMA,1995,80608.0
Dominica,DMA,1996,73280.0
Dominica,DMA,1997,80608.0
Dominica,DMA,1998,76944.0
Dominica,DMA,1999,80608.0
Dominica,DMA,2000,102592.0
Dominica,DMA,2001,109920.0
Dominica,DMA,2002,102592.0
Dominica,DMA,2003,117248.0
Dominica,DMA,2004,142896.0
Dominica,DMA,2005,150224.0
Dominica,DMA,2006,142896.0
Dominica,DMA,2007,172208.0
Dominica,DMA,2008,168544.0
Dominica,DMA,2009,186864.0
Dominica,DMA,2010,168544.0
Dominica,DMA,2011,150224.0
Dominica,DMA,2012,164880.0
Dominica,DMA,2013,157552.0
Dominica,DMA,2014,168544.0
Dominica,DMA,2015,175872.0
Dominica,DMA,2016,172208.0
Dominica,DMA,2017,153888.0
Dominica,DMA,2018,164880.0
Dominica,DMA,2019,172208.0
Dominica,DMA,2020,157552.0
Dominica,DMA,2021,161216.0
Dominica,DMA,2022,164871.0
Dominica,DMA,2023,164537.0
Dominica,DMA,2024,170858.0
Denmark,DNK,1843,135568.0
Denmark,DNK,1844,157552.0
Denmark,DNK,1845,208848.0
Denmark,DNK,1846,227168.0
Denmark,DNK,1847,172208.0
Denmark,DNK,1848,311440.0
Denmark,DNK,1849,271136.0
Denmark,DNK,1850,340752.0
Denmark,DNK,1851,311440.0
Denmark,DNK,1852,333424.0
Denmark,DNK,1853,359072.0
Denmark,DNK,1854,458000.0
Denmark,DNK,1855,454336.0
Denmark,DNK,1856,648528.0
Denmark,DNK,1857,663184.0
Denmark,DNK,1858,490976.0
Denmark,DNK,1859,626544.0
Denmark,DNK,1860,542272.0
Denmark,DNK,1861,784096.0
Denmark,DNK,1862,677840.0
Denmark,DNK,1863,754784.0
Denmark,DNK,1864,648528.0
Denmark,DNK,1865,1014928.0
Denmark,DNK,1866,937984.0
Denmark,DNK,1867,916000.0
Denmark,DNK,1868,1084544.0
Denmark,DNK,1869,945312.0
Denmark,DNK,1870,1143168.0
Denmark,DNK,1871,1187136.0
Denmark,DNK,1872,1139504.0
Denmark,DNK,1873,1150496.0
Denmark,DNK,1874,1242096.0
Denmark,DNK,1875,1458272.0
Denmark,DNK,1876,1542544.0
Denmark,DNK,1877,1524224.0
Denmark,DNK,1878,1447280.0
Denmark,DNK,1879,1634144.0
Denmark,DNK,1880,1861312.0
Denmark,DNK,1881,1971232.0
Denmark,DNK,1882,2114128.0
Denmark,DNK,1883,2429232.0
Denmark,DNK,1884,2418240.0
Denmark,DNK,1885,2535488.0
Denmark,DNK,1886,2429232.0
Denmark,DNK,1887,2491520.0
Denmark,DNK,1888,2802960.0
Denmark,DNK,1889,2993488.0
Denmark,DNK,1890,2868912.0
Denmark,DNK,1891,3085088.0
Denmark,DNK,1892,3169360.0
Denmark,DNK,1893,2997152.0
Denmark,DNK,1894,3400192.0
Denmark,DNK,1895,3524768.0
Denmark,DNK,1896,4312528.0
Denmark,DNK,1897,4623968.0
Denmark,DNK,1898,4803504.0
Denmark,DNK,1899,5250512.0
Denmark,DNK,1900,5147920.0
Denmark,DNK,1901,5360432.0
Denmark,DNK,1902,5503328.0
Denmark,DNK,1903,5726832.0
Denmark,DNK,1904,6177504.0
Denmark,DNK,1905,6008960.0
Denmark,DNK,1906,6543904.0
Denmark,DNK,1907,5833088.0
Denmark,DNK,1908,7236400.0
Denmark,DNK,1909,8005840.5
Denmark,DNK,1910,7349984.0
Denmark,DNK,1911,7829968.0
Denmark,DNK,1912,9284576.0
Denmark,DNK,1913,9526400.0
Denmark,DNK,1914,9764560.0
Denmark,DNK,1915,10453392.0
Denmark,DNK,1916,10215232.0
Denmark,DNK,1917,7434256.0
Denmark,DNK,1918,8676352.0
Denmark,DNK,1919,8236672.5
Denmark,DNK,1920,7192432.0
Denmark,DNK,1921,6793056.0
Denmark,DNK,1922,9650976.0
Denmark,DNK,1923,10526672.0
Denmark,DNK,1924,12340352.0
Denmark,DNK,1925,10720864.0
Denmark,DNK,1926,10468048.0
Denmark,DNK,1927,13325968.0
Denmark,DNK,1928,12557042.0
Denmark,DNK,1929,15125417.0
Denmark,DNK,1930,13806466.0
Denmark,DNK,1931,14320526.0
Denmark,DNK,1932,13426895.0
Denmark,DNK,1933,13371371.0
Denmark,DNK,1934,14641888.0
Denmark,DNK,1935,15250171.0
Denmark,DNK,1936,15777639.0
Denmark,DNK,1937,16294739.0
Denmark,DNK,1938,14631431.0
Denmark,DNK,1939,16301977.0
Denmark,DNK,1940,14822761.0
Denmark,DNK,1941,17398642.0
Denmark,DNK,1942,16471592.0
Denmark,DNK,1943,20622070.0
Denmark,DNK,1944,20281288.0
Denmark,DNK,1945,14043221.0
Denmark,DNK,1946,17643802.0
Denmark,DNK,1947,21453828.0
Denmark,DNK,1948,17071120.0
Denmark,DNK,1949,16880354.0
Denmark,DNK,1950,22006112.0
Denmark,DNK,1951,21932386.0
Denmark,DNK,1952,22913514.0
Denmark,DNK,1953,23158728.0
Denmark,DNK,1954,25591770.0
Denmark,DNK,1955,27079206.0
Denmark,DNK,1956,26383344.0
Denmark,DNK,1957,24906842.0
Denmark,DNK,1958,26801586.0
Denmark,DNK,1959,26041856.0
Denmark,DNK,1960,29760512.0
Denmark,DNK,1961,31712858.0
Denmark,DNK,1962,36904540.0
Denmark,DNK,1963,40678836.0
Denmark,DNK,1964,43157836.0
Denmark,DNK,1965,44304364.0
Denmark,DNK,1966,50085740.0
Denmark,DNK,1967,49033756.0
Denmark,DNK,1968,53280004.0
Denmark,DNK,1969,59349916.0
Denmark,DNK,1970,62043060.0
Denmark,DNK,1971,57004340.0
Denmark,DNK,1972,59579076.0
Denmark,DNK,1973,59197596.0
Denmark,DNK,1974,55013120.0
Denmark,DNK,1975,55712320.0
Denmark,DNK,1976,60056950.0
Denmark,DNK,1977,61769064.0
Denmark,DNK,1978,61028388.0
Denmark,DNK,1979,62907830.0
Denmark,DNK,1980,60289812.0
Denmark,DNK,1981,51719536.0
Denmark,DNK,1982,53619116.0
Denmark,DNK,1983,50101824.0
Denmark,DNK,1984,50784364.0
Denmark,DNK,1985,59984216.0
Denmark,DNK,1986,58801908.0
Denmark,DNK,1987,58245904.0
Denmark,DNK,1988,55013980.0
Denmark,DNK,1989,48685212.0
Denmark,DNK,1990,53476972.0
Denmark,DNK,1991,64104610.0
Denmark,DNK,1992,58326548.0
Denmark,DNK,1993,60573716.0
Denmark,DNK,1994,64673270.0
Denmark,DNK,1995,61653396.0
Denmark,DNK,1996,74899650.0
Denmark,DNK,1997,65437820.0
Denmark,DNK,1998,61238296.0
Denmark,DNK,1999,58652804.0
Denmark,DNK,2000,54306576.0
Denmark,DNK,2001,55896748.0
Denmark,DNK,2002,55554384.0
Denmark,DNK,2003,60645450.0
Denmark,DNK,2004,55100010.0
Denmark,DNK,2005,51534924.0
Denmark,DNK,2006,59500240.0
Denmark,DNK,2007,54709350.0
Denmark,DNK,2008,51256330.0
Denmark,DNK,2009,48851416.0
Denmark,DNK,2010,49189692.0
Denmark,DNK,2011,44236864.0
Denmark,DNK,2012,39861260.0
Denmark,DNK,2013,41763010.0
Denmark,DNK,2014,37571384.0
Denmark,DNK,2015,35110572.0
Denmark,DNK,2016,36916560.0
Denmark,DNK,2017,34664620.0
Denmark,DNK,2018,34608956.0
Denmark,DNK,2019,30950284.0
Denmark,DNK,2020,28299676.0
Denmark,DNK,2021,29603524.0
Denmark,DNK,2022,29094320.0
Denmark,DNK,2023,28831184.0
Denmark,DNK,2024,28369162.0
Dominican Republic,DOM,1870,13393.0
Dominican Republic,DOM,1871,1570.0
Dominican Republic,DOM,1872,3034.0
Dominican Republic,DOM,1873,1465.0
Dominican Republic,DOM,1874,1277.0
Dominican Republic,DOM,1875,0.0
Dominican Republic,DOM,1876,0.0
Dominican Republic,DOM,1877,2180.0
Dominican Republic,DOM,1878,2919.0
Dominican Republic,DOM,1879,2480.0
Dominican Republic,DOM,1880,5366.0
Dominican Republic,DOM,1881,3632.0
Dominican Republic,DOM,1882,280.0
Dominican Republic,DOM,1883,3575.0
Dominican Republic,DOM,1884,4465.0
Dominican Republic,DOM,1885,4794.0
Dominican Republic,DOM,1886,5422.0
Dominican Republic,DOM,1887,3918.9998
Dominican Republic,DOM,1888,5589.0
Dominican Republic,DOM,1889,5896.0
Dominican Republic,DOM,1890,7189.0
Dominican Republic,DOM,1891,7525.0
Dominican Republic,DOM,1892,8802.0
Dominican Republic,DOM,1893,11301.0
Dominican Republic,DOM,1894,27043.0
Dominican Republic,DOM,1895,19923.0
Dominican Republic,DOM,1896,24222.0
Dominican Republic,DOM,1897,16638.0
Dominican Republic,DOM,1898,12411.0
Dominican Republic,DOM,1899,14853.0
Dominican Republic,DOM,1900,15207.0
Dominican Republic,DOM,1901,14271.0
Dominican Republic,DOM,1902,14294.0
Dominican Republic,DOM,1903,17559.0
Dominican Republic,DOM,1904,13773.0
Dominican Republic,DOM,1905,16209.999
Dominican Republic,DOM,1906,18420.0
Dominican Republic,DOM,1907,25535.0
Dominican Republic,DOM,1908,29608.0
Dominican Republic,DOM,1909,25984.0
Dominican Republic,DOM,1910,37803.0
Dominican Republic,DOM,1911,42760.0
Dominican Republic,DOM,1912,37092.0
Dominican Republic,DOM,1913,42473.0
Dominican Republic,DOM,1914,47069.0
Dominican Republic,DOM,1915,57639.0
Dominican Republic,DOM,1916,72845.0
Dominican Republic,DOM,1917,77139.0
Dominican Republic,DOM,1918,81771.0
Dominican Republic,DOM,1919,59085.0
Dominican Republic,DOM,1920,48836.0
Dominican Republic,DOM,1921,47816.0
Dominican Republic,DOM,1922,22183.0
Dominican Republic,DOM,1923,36446.0
Dominican Republic,DOM,1924,22155.0
Dominican Republic,DOM,1925,25053.0
Dominican Republic,DOM,1926,31032.0
Dominican Republic,DOM,1927,26276.0
Dominican Republic,DOM,1928,15789.0
Dominican Republic,DOM,1929,22309.0
Dominican Republic,DOM,1930,26458.0
Dominican Republic,DOM,1931,10357.0
Dominican Republic,DOM,1932,12493.0
Dominican Republic,DOM,1933,8141.0
Dominican Republic,DOM,1934,8815.0
Dominican Republic,DOM,1935,12175.0
Dominican Republic,DOM,1936,11100.0
Dominican Republic,DOM,1937,6507.0
Dominican Republic,DOM,1938,3829.0
Dominican Republic,DOM,1939,382.0
Dominican Republic,DOM,1940,10336.0
Dominican Republic,DOM,1941,2298.0
Dominican Republic,DOM,1942,6125.0
Dominican Republic,DOM,1943,13781.0
Dominican Republic,DOM,1944,767.0
Dominican Republic,DOM,1945,1683.0
Dominican Republic,DOM,1946,8423.0
Dominican Republic,DOM,1947,17223.0
Dominican Republic,DOM,1948,35969.0
Dominican Republic,DOM,1949,26589.0
Dominican Republic,DOM,1950,348165.0
Dominican Republic,DOM,1951,358656.0
Dominican Republic,DOM,1952,593003.0
Dominican Republic,DOM,1953,618684.0
Dominican Republic,DOM,1954,625890.0
Dominican Republic,DOM,1955,915049.0
Dominican Republic,DOM,1956,984606.0
Dominican Republic,DOM,1957,1032119.06
Dominican Republic,DOM,1958,1065125.0
Dominican Republic,DOM,1959,1113083.0
Dominican Republic,DOM,1960,1039893.0
Dominican Republic,DOM,1961,1028636.0
Dominican Republic,DOM,1962,1241115.0
Dominican Republic,DOM,1963,1248503.0
Dominican Republic,DOM,1964,1746510.0
Dominican Republic,DOM,1965,1545348.0
Dominican Republic,DOM,1966,1669655.0
Dominican Republic,DOM,1967,1566944.0
Dominican Republic,DOM,1968,2347317.0
Dominican Republic,DOM,1969,2651163.0
Dominican Republic,DOM,1970,3105081.0
Dominican Republic,DOM,1971,3518697.0
Dominican Republic,DOM,1972,4668866.0
Dominican Republic,DOM,1973,5958980.0
Dominican Republic,DOM,1974,6409563.0
Dominican Republic,DOM,1975,6332680.0
Dominican Republic,DOM,1976,6322081.0
Dominican Republic,DOM,1977,5598205.0
Dominican Republic,DOM,1978,5429244.0
Dominican Republic,DOM,1979,6784109.0
Dominican Republic,DOM,1980,6424903.0
Dominican Republic,DOM,1981,6132878.0
Dominican Republic,DOM,1982,6300730.0
Dominican Republic,DOM,1983,7861933.0
Dominican Republic,DOM,1984,7386207.0
Dominican Republic,DOM,1985,7237362.0
Dominican Republic,DOM,1986,8116189.0
Dominican Republic,DOM,1987,9681870.0
Dominican Republic,DOM,1988,9731701.0
Dominican Republic,DOM,1989,10248589.0
Dominican Republic,DOM,1990,8929417.0
Dominican Republic,DOM,1991,9528664.0
Dominican Republic,DOM,1992,10405416.0
Dominican Republic,DOM,1993,11194870.0
Dominican Republic,DOM,1994,11780511.0
Dominican Republic,DOM,1995,15090067.0
Dominican Republic,DOM,1996,16458549.0
Dominican Republic,DOM,1997,17234156.0
Dominican Republic,DOM,1998,17756338.0
Dominican Republic,DOM,1999,17774872.0
Dominican Republic,DOM,2000,18937018.0
Dominican Republic,DOM,2001,19082666.0
Dominican Republic,DOM,2002,20870156.0
Dominican Republic,DOM,2003,21260460.0
Dominican Republic,DOM,2004,17253610.0
Dominican Republic,DOM,2005,17851854.0
Dominican Republic,DOM,2006,19030028.0
Dominican Republic,DOM,2007,19909170.0
Dominican Republic,DOM,2008,20234688.0
Dominican Republic,DOM,2009,19686474.0
Dominican Republic,DOM,2010,20445240.0
Dominican Republic,DOM,2011,20922328.0
Dominican Republic,DOM,2012,20902876.0
Dominican Republic,DOM,2013,20841604.0
Dominican Republic,DOM,2014,21264210.0
Dominican Republic,DOM,2015,22986128.0
Dominican Republic,DOM,2016,24140366.0
Dominican Republic,DOM,2017,23455196.0
Dominican Republic,DOM,2018,25203124.0
Dominican Republic,DOM,2019,28471104.0
Dominican Republic,DOM,2020,26227630.0
Dominican Republic,DOM,2021,29362702.0
Dominican Republic,DOM,2022,31224796.0
Dominican Republic,DOM,2023,31828554.0
Dominican Republic,DOM,2024,33130818.0
Algeria,DZA,1916,3664.0
Algeria,DZA,1917,7328.0
Algeria,DZA,1918,18320.0
Algeria,DZA,1919,18320.0
Algeria,DZA,1920,21984.0
Algeria,DZA,1921,25648.0
Algeria,DZA,1922,25648.0
Algeria,DZA,1923,14656.0
Algeria,DZA,1924,29312.0
Algeria,DZA,1925,32976.0
Algeria,DZA,1926,40304.0
Algeria,DZA,1927,58624.0
Algeria,DZA,1928,73072.0
Algeria,DZA,1929,80381.0
Algeria,DZA,1930,84005.0
Algeria,DZA,1931,98619.0
Algeria,DZA,1932,113227.0
Algeria,DZA,1933,120615.0
Algeria,DZA,1934,138846.0
Algeria,DZA,1935,131644.0
Algeria,DZA,1936,51029.0
Algeria,DZA,1937,69349.0
Algeria,DZA,1938,32976.0
Algeria,DZA,1939,161216.0
Algeria,DZA,1940,238160.0
Algeria,DZA,1941,311440.0
Algeria,DZA,1942,498304.0
Algeria,DZA,1943,468665.0
Algeria,DZA,1944,497921.0
Algeria,DZA,1945,615136.0
Algeria,DZA,1946,761639.0
Algeria,DZA,1947,743287.0
Algeria,DZA,1948,801884.0
Algeria,DZA,1949,908165.0
Algeria,DZA,1950,3783605.0
Algeria,DZA,1951,4131178.8
Algeria,DZA,1952,3889207.0
Algeria,DZA,1953,3999006.0
Algeria,DZA,1954,4152301.8
Algeria,DZA,1955,4606578.0
Algeria,DZA,1956,4995053.0
Algeria,DZA,1957,5537086.0
Algeria,DZA,1958,5214119.0
Algeria,DZA,1959,5657017.0
Algeria,DZA,1960,6151241.0
Algeria,DZA,1961,6055920.0
Algeria,DZA,1962,5661010.0
Algeria,DZA,1963,5419154.0
Algeria,DZA,1964,5643044.0
Algeria,DZA,1965,6588533.0
Algeria,DZA,1966,8420862.0
Algeria,DZA,1967,8431587.0
Algeria,DZA,1968,9050236.0
Algeria,DZA,1969,11262968.0
Algeria,DZA,1970,15058960.0
Algeria,DZA,1971,18642006.0
Algeria,DZA,1972,28308164.0
Algeria,DZA,1973,38253790.0
Algeria,DZA,1974,31847248.0
Algeria,DZA,1975,31964160.0
Algeria,DZA,1976,39067724.0
Algeria,DZA,1977,41753030.0
Algeria,DZA,1978,62298964.0
Algeria,DZA,1979,45303360.0
Algeria,DZA,1980,66123612.0
Algeria,DZA,1981,45999270.0
Algeria,DZA,1982,38807784.0
Algeria,DZA,1983,52074204.0
Algeria,DZA,1984,70417010.0
Algeria,DZA,1985,71987780.0
Algeria,DZA,1986,75381800.0
Algeria,DZA,1987,83019730.0
Algeria,DZA,1988,82838620.0
Algeria,DZA,1989,78942136.0
Algeria,DZA,1990,75892110.0
Algeria,DZA,1991,77975864.0
Algeria,DZA,1992,79284180.0
Algeria,DZA,1993,81305970.0
Algeria,DZA,1994,87848480.0
Algeria,DZA,1995,95905704.0
Algeria,DZA,1996,99559530.0
Algeria,DZA,1997,87516910.0
Algeria,DZA,1998,105740130.0
Algeria,DZA,1999,90612900.0
Algeria,DZA,2000,84552456.0
Algeria,DZA,2001,86019190.0
Algeria,DZA,2002,89658400.0
Algeria,DZA,2003,94077930.0
Algeria,DZA,2004,90852530.0
Algeria,DZA,2005,109564424.0
Algeria,DZA,2006,103797760.0
Algeria,DZA,2007,107548696.0
Algeria,DZA,2008,108596090.0
Algeria,DZA,2009,116327976.0
Algeria,DZA,2010,117847360.0
Algeria,DZA,2011,124715240.0
Algeria,DZA,2012,135593460.0
Algeria,DZA,2013,141534270.0
Algeria,DZA,2014,152434660.0
Algeria,DZA,2015,160321620.0
Algeria,DZA,2016,158308320.0
Algeria,DZA,2017,165251630.0
Algeria,DZA,2018,174461180.0
Algeria,DZA,2019,182425000.0
Algeria,DZA,2020,171138530.0
Algeria,DZA,2021,182035800.0
Algeria,DZA,2022,192778560.0
Algeria,DZA,2023,202846660.0
Algeria,DZA,2024,198203180.0
Ecuador,ECU,1892,85.0
Ecuador,ECU,1893,8.0
Ecuador,ECU,1894,13.0
Ecuador,ECU,1895,3403.0
Ecuador,ECU,1896,3.0
Ecuador,ECU,1897,810.0
Ecuador,ECU,1898,0.0
Ecuador,ECU,1899,1967.0001
Ecuador,ECU,1900,3.0
Ecuador,ECU,1901,18.0
Ecuador,ECU,1902,49.0
Ecuador,ECU,1903,2567.0
Ecuador,ECU,1904,4296.0
Ecuador,ECU,1905,37097.0
Ecuador,ECU,1906,12819.0
Ecuador,ECU,1907,492.00003
Ecuador,ECU,1908,7818.0005
Ecuador,ECU,1909,35605.0
Ecuador,ECU,1910,56013.0
Ecuador,ECU,1911,51234.0
Ecuador,ECU,1912,46856.0
Ecuador,ECU,1913,53256.0
Ecuador,ECU,1914,29408.0
Ecuador,ECU,1915,24476.0
Ecuador,ECU,1916,49667.0
Ecuador,ECU,1917,62194.0
Ecuador,ECU,1918,31470.0
Ecuador,ECU,1919,33486.0
Ecuador,ECU,1920,39239.0
Ecuador,ECU,1921,36805.0
Ecuador,ECU,1922,36454.0
Ecuador,ECU,1923,42188.0
Ecuador,ECU,1924,52137.0
Ecuador,ECU,1925,72507.0
Ecuador,ECU,1926,112844.0
Ecuador,ECU,1927,235360.0
Ecuador,ECU,1928,474280.0
Ecuador,ECU,1929,601363.0
Ecuador,ECU,1930,678153.0
Ecuador,ECU,1931,766925.0
Ecuador,ECU,1932,711965.0
Ecuador,ECU,1933,726621.0
Ecuador,ECU,1934,733949.0
Ecuador,ECU,1935,785186.0
Ecuador,ECU,1936,876845.0
Ecuador,ECU,1937,975773.0
Ecuador,ECU,1938,1030733.0
Ecuador,ECU,1939,1070211.0
Ecuador,ECU,1940,1088531.0
Ecuador,ECU,1941,729459.0
Ecuador,ECU,1942,1051861.0
Ecuador,ECU,1943,1055495.0
Ecuador,ECU,1944,1326602.0
Ecuador,ECU,1945,1227674.0
Ecuador,ECU,1946,1103098.0
Ecuador,ECU,1947,1158087.0
Ecuador,ECU,1948,1286682.0
Ecuador,ECU,1949,1302043.0
Ecuador,ECU,1950,740272.0
Ecuador,ECU,1951,703543.0
Ecuador,ECU,1952,894808.0
Ecuador,ECU,1953,820762.0
Ecuador,ECU,1954,963246.0
Ecuador,ECU,1955,1197534.0
Ecuador,ECU,1956,1296432.0
Ecuador,ECU,1957,1131552.0
Ecuador,ECU,1958,1322050.0
Ecuador,ECU,1959,1292768.0
Ecuador,ECU,1960,1761582.0
Ecuador,ECU,1961,1644245.0
Ecuador,ECU,1962,1563666.0
Ecuador,ECU,1963,1794320.0
Ecuador,ECU,1964,2142281.0
Ecuador,ECU,1965,2274037.0
Ecuador,ECU,1966,2416724.0
Ecuador,ECU,1967,2588873.0
Ecuador,ECU,1968,3112647.0
Ecuador,ECU,1969,3588876.0
Ecuador,ECU,1970,4278215.0
Ecuador,ECU,1971,4219443.0
Ecuador,ECU,1972,4589031.0
Ecuador,ECU,1973,5255879.0
Ecuador,ECU,1974,6083555.0
Ecuador,ECU,1975,7354905.0
Ecuador,ECU,1976,8101372.0
Ecuador,ECU,1977,7473790.0
Ecuador,ECU,1978,10409592.0
Ecuador,ECU,1979,12146036.0
Ecuador,ECU,1980,13416003.0
Ecuador,ECU,1981,16662224.0
Ecuador,ECU,1982,19249252.0
Ecuador,ECU,1983,19517044.0
Ecuador,ECU,1984,21209358.0
Ecuador,ECU,1985,19377638.0
Ecuador,ECU,1986,15222248.0
Ecuador,ECU,1987,15055008.0
Ecuador,ECU,1988,17204934.0
Ecuador,ECU,1989,20193758.0
Ecuador,ECU,1990,16500732.0
Ecuador,ECU,1991,16198458.0
Ecuador,ECU,1992,21997534.0
Ecuador,ECU,1993,24121470.0
Ecuador,ECU,1994,14338388.0
Ecuador,ECU,1995,23533636.0
Ecuador,ECU,1996,25337244.0
Ecuador,ECU,1997,19461390.0
Ecuador,ECU,1998,23116696.0
Ecuador,ECU,1999,21996848.0
Ecuador,ECU,2000,20949248.0
Ecuador,ECU,2001,23435994.0
Ecuador,ECU,2002,24861360.0
Ecuador,ECU,2003,27112606.0
Ecuador,ECU,2004,29310272.0
Ecuador,ECU,2005,30651712.0
Ecuador,ECU,2006,29781034.0
Ecuador,ECU,2007,34392656.0
Ecuador,ECU,2008,30487722.0
Ecuador,ECU,2009,33814696.0
Ecuador,ECU,2010,36469476.0
Ecuador,ECU,2011,38480370.0
Ecuador,ECU,2012,37492764.0
Ecuador,ECU,2013,39684920.0
Ecuador,ECU,2014,43759816.0
Ecuador,ECU,2015,41297732.0
Ecuador,ECU,2016,39374516.0
Ecuador,ECU,2017,39195870.0
Ecuador,ECU,2018,38451190.0
Ecuador,ECU,2019,40082630.0
Ecuador,ECU,2020,32473266.0
Ecuador,ECU,2021,38184976.0
Ecuador,ECU,2022,42065652.0
Ecuador,ECU,2023,44599590.0
Ecuador,ECU,2024,45979548.0
Egypt,EGY,1911,10992.0
Egypt,EGY,1912,84272.0
Egypt,EGY,1913,40304.0
Egypt,EGY,1914,307776.0
Egypt,EGY,1915,91600.0
Egypt,EGY,1916,179536.0
Egypt,EGY,1917,421360.0
Egypt,EGY,1918,864704.0
Egypt,EGY,1919,688832.0
Egypt,EGY,1920,454336.0
Egypt,EGY,1921,560592.0
Egypt,EGY,1922,531280.0
Egypt,EGY,1923,468992.0
Egypt,EGY,1924,498304.0
Egypt,EGY,1925,553264.0
Egypt,EGY,1926,531280.0
Egypt,EGY,1927,567920.0
Egypt,EGY,1928,868010.0
Egypt,EGY,1929,922615.0
Egypt,EGY,1930,1021042.0
Egypt,EGY,1931,1006619.0
Egypt,EGY,1932,951659.0
Egypt,EGY,1933,870873.0
Egypt,EGY,1934,823211.0
Egypt,EGY,1935,745911.0
Egypt,EGY,1936,727769.0
Egypt,EGY,1937,687495.0
Egypt,EGY,1938,877844.0
Egypt,EGY,1939,2226199.0
Egypt,EGY,1940,3028672.0
Egypt,EGY,1941,3951762.0
Egypt,EGY,1942,3834514.0
Egypt,EGY,1943,4102373.0
Egypt,EGY,1944,4358438.0
Egypt,EGY,1945,4354743.0
Egypt,EGY,1946,4222215.0
Egypt,EGY,1947,4412505.0
Egypt,EGY,1948,6148766.0
Egypt,EGY,1949,7459972.0
Egypt,EGY,1950,10233085.0
Egypt,EGY,1951,10558736.0
Egypt,EGY,1952,10892903.0
Egypt,EGY,1953,10778724.0
Egypt,EGY,1954,11664430.0
Egypt,EGY,1955,10642057.0
Egypt,EGY,1956,9942292.0
Egypt,EGY,1957,11916743.0
Egypt,EGY,1958,13682583.0
Egypt,EGY,1959,12706859.0
Egypt,EGY,1960,16032730.0
Egypt,EGY,1961,17065918.0
Egypt,EGY,1962,18571110.0
Egypt,EGY,1963,21526860.0
Egypt,EGY,1964,25491248.0
Egypt,EGY,1965,27609458.0
Egypt,EGY,1966,26532150.0
Egypt,EGY,1967,19649910.0
Egypt,EGY,1968,22872626.0
Egypt,EGY,1969,19664752.0
Egypt,EGY,1970,21654010.0
Egypt,EGY,1971,22977164.0
Egypt,EGY,1972,25406234.0
Egypt,EGY,1973,23663472.0
Egypt,EGY,1974,25971682.0
Egypt,EGY,1975,30898892.0
Egypt,EGY,1976,34272324.0
Egypt,EGY,1977,37616236.0
Egypt,EGY,1978,39053780.0
Egypt,EGY,1979,42661572.0
Egypt,EGY,1980,44918080.0
Egypt,EGY,1981,50580076.0
Egypt,EGY,1982,56000230.0
Egypt,EGY,1983,56379560.0
Egypt,EGY,1984,62941860.0
Egypt,EGY,1985,63086584.0
Egypt,EGY,1986,73377940.0
Egypt,EGY,1987,73377290.0
Egypt,EGY,1988,72846950.0
Egypt,EGY,1989,69939700.0
Egypt,EGY,1990,72883700.0
Egypt,EGY,1991,74446760.0
Egypt,EGY,1992,77419350.0
Egypt,EGY,1993,90834730.0
Egypt,EGY,1994,87482984.0
Egypt,EGY,1995,97968230.0
Egypt,EGY,1996,97042340.0
Egypt,EGY,1997,110934080.0
Egypt,EGY,1998,124256280.0
Egypt,EGY,1999,126987200.0
Egypt,EGY,2000,142836850.0
Egypt,EGY,2001,126372050.0
Egypt,EGY,2002,128361896.0
Egypt,EGY,2003,149954000.0
Egypt,EGY,2004,151917090.0
Egypt,EGY,2005,166933900.0
Egypt,EGY,2006,178389280.0
Egypt,EGY,2007,189201140.0
Egypt,EGY,2008,195859780.0
Egypt,EGY,2009,205242860.0
Egypt,EGY,2010,202704240.0
Egypt,EGY,2011,221675060.0
Egypt,EGY,2012,212524460.0
Egypt,EGY,2013,219086560.0
Egypt,EGY,2014,227254100.0
Egypt,EGY,2015,226653970.0
Egypt,EGY,2016,245163580.0
Egypt,EGY,2017,253363890.0
Egypt,EGY,2018,241903180.0
Egypt,EGY,2019,234060160.0
Egypt,EGY,2020,246323300.0
Egypt,EGY,2021,266838990.0
Egypt,EGY,2022,249898670.0
Egypt,EGY,2023,250230190.0
Egypt,EGY,2024,258367860.0
Eritrea,ERI,1939,14537.0
Eritrea,ERI,1940,7269.0
Eritrea,ERI,1941,3634.0
Eritrea,ERI,1942,10903.0
Eritrea,ERI,1943,14537.0
Eritrea,ERI,1944,18171.0
Eritrea,ERI,1994,707194.0
Eritrea,ERI,1995,789811.0
Eritrea,ERI,1996,861839.0
Eritrea,ERI,1997,768162.0
Eritrea,ERI,1998,586169.0
Eritrea,ERI,1999,615453.0
Eritrea,ERI,2000,604433.0
Eritrea,ERI,2001,637337.0
Eritrea,ERI,2002,509024.97
Eritrea,ERI,2003,780089.0
Eritrea,ERI,2004,633457.0
Eritrea,ERI,2005,585753.0
Eritrea,ERI,2006,453682.0
Eritrea,ERI,2007,424127.0
Eritrea,ERI,2008,398365.0
Eritrea,ERI,2009,446018.0
Eritrea,ERI,2010,468025.0
Eritrea,ERI,2011,577818.0
Eritrea,ERI,2012,608229.0
Eritrea,ERI,2013,569510.0
Eritrea,ERI,2014,569107.0
Eritrea,ERI,2015,557483.0
Eritrea,ERI,2016,554366.0
Eritrea,ERI,2017,553397.0
Eritrea,ERI,2018,616135.0
Eritrea,ERI,2019,644580.0
Eritrea,ERI,2020,640911.0
Eritrea,ERI,2021,681637.0
Eritrea,ERI,2022,718277.0
Eritrea,ERI,2023,731035.0
Eritrea,ERI,2024,742647.0
Spain,ESP,1830,3664.0
Spain,ESP,1831,3664.0
Spain,ESP,1832,3664.0
Spain,ESP,1833,3664.0
Spain,ESP,1834,3664.0
Spain,ESP,1835,3664.0
Spain,ESP,1836,21984.0
Spain,ESP,1837,36640.0
Spain,ESP,1838,25648.0
Spain,ESP,1839,47632.0
Spain,ESP,1840,36640.0
Spain,ESP,1841,102592.0
Spain,ESP,1842,142896.0
Spain,ESP,1843,172208.0
Spain,ESP,1844,201520.0
Spain,ESP,1845,274800.0
Spain,ESP,1846,282128.0
Spain,ESP,1847,260144.0
Spain,ESP,1848,293120.0
Spain,ESP,1849,326096.0
Spain,ESP,1850,494640.0
Spain,ESP,1851,509296.0
Spain,ESP,1852,534944.0
Spain,ESP,1853,652192.0
Spain,ESP,1854,549600.0
Spain,ESP,1855,553264.0
Spain,ESP,1856,754784.0
Spain,ESP,1857,850048.0
Spain,ESP,1858,1150496.0
Spain,ESP,1859,1630480.0
Spain,ESP,1860,1930928.0
Spain,ESP,1861,2004208.1
Spain,ESP,1862,2187408.0
Spain,ESP,1863,2432896.0
Spain,ESP,1864,2333968.0
Spain,ESP,1865,2304656.0
Spain,ESP,1866,2290000.0
Spain,ESP,1867,2557472.0
Spain,ESP,1868,2660064.0
Spain,ESP,1869,2638080.0
Spain,ESP,1870,3074096.0
Spain,ESP,1871,2938528.0
Spain,ESP,1872,3260960.0
Spain,ESP,1873,3136384.0
Spain,ESP,1874,3118064.0
Spain,ESP,1875,3290272.0
Spain,ESP,1876,3568736.0
Spain,ESP,1877,3781248.0
Spain,ESP,1878,3755600.0
Spain,ESP,1879,3971776.0
Spain,ESP,1880,4415120.0
Spain,ESP,1881,4931744.0
Spain,ESP,1882,5382416.0
Spain,ESP,1883,5902704.0
Spain,ESP,1884,5869728.0
Spain,ESP,1885,5759808.0
Spain,ESP,1886,6093232.0
Spain,ESP,1887,6140864.0
Spain,ESP,1888,6433984.0
Spain,ESP,1889,6822368.0
Spain,ESP,1890,7338992.0
Spain,ESP,1891,7939888.0
Spain,ESP,1892,8298959.5
Spain,ESP,1893,8119424.0
Spain,ESP,1894,8734976.0
Spain,ESP,1895,8603072.0
Spain,ESP,1896,9302896.0
Spain,ESP,1897,9544720.0
Spain,ESP,1898,9372512.0
Spain,ESP,1899,10625600.0
Spain,ESP,1900,11219168.0
Spain,ESP,1901,11805408.0
Spain,ESP,1902,12336688.0
Spain,ESP,1903,12175472.0
Spain,ESP,1904,12992544.0
Spain,ESP,1905,13571456.0
Spain,ESP,1906,13860912.0
Spain,ESP,1907,14095408.0
Spain,ESP,1908,14784240.0
Spain,ESP,1909,15165296.0
Spain,ESP,1910,14894160.0
Spain,ESP,1911,14729280.0
Spain,ESP,1912,15982368.0
Spain,ESP,1913,17418656.0
Spain,ESP,1914,17301408.0
Spain,ESP,1915,15311856.0
Spain,ESP,1916,17865664.0
Spain,ESP,1917,15850464.0
Spain,ESP,1918,16733488.0
Spain,ESP,1919,15927408.0
Spain,ESP,1920,14055104.0
Spain,ESP,1921,14846528.0
Spain,ESP,1922,14941792.0
Spain,ESP,1923,17213472.0
Spain,ESP,1924,18389616.0
Spain,ESP,1925,19052800.0
Spain,ESP,1926,18378624.0
Spain,ESP,1927,21445392.0
Spain,ESP,1928,21508768.0
Spain,ESP,1929,23969846.0
Spain,ESP,1930,23636364.0
Spain,ESP,1931,22530666.0
Spain,ESP,1932,21175820.0
Spain,ESP,1933,18706372.0
Spain,ESP,1934,20245432.0
Spain,ESP,1935,22454852.0
Spain,ESP,1936,8054700.0
Spain,ESP,1937,5245303.0
Spain,ESP,1938,13220969.0
Spain,ESP,1939,15713746.0
Spain,ESP,1940,21618628.0
Spain,ESP,1941,21508380.0
Spain,ESP,1942,23058224.0
Spain,ESP,1943,23849440.0
Spain,ESP,1944,25790766.0
Spain,ESP,1945,28267302.0
Spain,ESP,1946,28086876.0
Spain,ESP,1947,31171814.0
Spain,ESP,1948,32713764.0
Spain,ESP,1949,35755212.0
Spain,ESP,1950,33013576.0
Spain,ESP,1951,33060330.0
Spain,ESP,1952,37555016.0
Spain,ESP,1953,38902332.0
Spain,ESP,1954,39695212.0
Spain,ESP,1955,40257380.0
Spain,ESP,1956,42322080.0
Spain,ESP,1957,50213350.0
Spain,ESP,1958,55865480.0
Spain,ESP,1959,52075268.0
Spain,ESP,1960,48862124.0
Spain,ESP,1961,53603416.0
Spain,ESP,1962,59975850.0
Spain,ESP,1963,58742904.0
Spain,ESP,1964,64323810.0
Spain,ESP,1965,71020450.0
Spain,ESP,1966,77617016.0
Spain,ESP,1967,86393976.0
Spain,ESP,1968,97006240.0
Spain,ESP,1969,96729000.0
Spain,ESP,1970,116766220.0
Spain,ESP,1971,128458560.0
Spain,ESP,1972,144716020.0
Spain,ESP,1973,154957340.0
Spain,ESP,1974,172665700.0
Spain,ESP,1975,181053860.0
Spain,ESP,1976,197749380.0
Spain,ESP,1977,194829090.0
Spain,ESP,1978,199513870.0
Spain,ESP,1979,202746540.0
Spain,ESP,1980,213915330.0
Spain,ESP,1981,206099620.0
Spain,ESP,1982,208594860.0
Spain,ESP,1983,203446140.0
Spain,ESP,1984,197707500.0
Spain,ESP,1985,199942610.0
Spain,ESP,1986,189123660.0
Spain,ESP,1987,189515380.0
Spain,ESP,1988,197461570.0
Spain,ESP,1989,224892960.0
Spain,ESP,1990,229382620.0
Spain,ESP,1991,239290670.0
Spain,ESP,1992,247686580.0
Spain,ESP,1993,239099310.0
Spain,ESP,1994,251388200.0
Spain,ESP,1995,265068580.0
Spain,ESP,1996,252561920.0
Spain,ESP,1997,264899440.0
Spain,ESP,1998,273649820.0
Spain,ESP,1999,297024900.0
Spain,ESP,2000,309259520.0
Spain,ESP,2001,311031300.0
Spain,ESP,2002,331028200.0
Spain,ESP,2003,335538900.0
Spain,ESP,2004,352139300.0
Spain,ESP,2005,367447070.0
Spain,ESP,2006,358869470.0
Spain,ESP,2007,366468500.0
Spain,ESP,2008,335284450.0
Spain,ESP,2009,296159330.0
Spain,ESP,2010,282585100.0
Spain,ESP,2011,283275040.0
Spain,ESP,2012,277432160.0
Spain,ESP,2013,252109170.0
Spain,ESP,2014,253657840.0
Spain,ESP,2015,270248030.0
Spain,ESP,2016,259554690.0
Spain,ESP,2017,273483870.0
Spain,ESP,2018,268520600.0
Spain,ESP,2019,250673650.0
Spain,ESP,2020,211764740.0
Spain,ESP,2021,228805710.0
Spain,ESP,2022,234223470.0
Spain,ESP,2023,215460750.0
Spain,ESP,2024,220341280.0
Estonia,EST,1830,185.0
Estonia,EST,1831,222.0
Estonia,EST,1832,148.0
Estonia,EST,1833,185.0
Estonia,EST,1850,1145.0
Estonia,EST,1855,3471.0
Estonia,EST,1858,4874.0
Estonia,EST,1859,5170.0
Estonia,EST,1860,6831.0
Estonia,EST,1861,8677.0
Estonia,EST,1862,7828.0
Estonia,EST,1863,8197.0
Estonia,EST,1864,9194.0
Estonia,EST,1865,8788.0
Estonia,EST,1866,27768.0
Estonia,EST,1867,31866.0
Estonia,EST,1868,26512.0
Estonia,EST,1869,35965.0
Estonia,EST,1870,39030.0
Estonia,EST,1871,52692.0
Estonia,EST,1872,54095.0
Estonia,EST,1873,50772.0
Estonia,EST,1874,61628.0
Estonia,EST,1875,70933.0
Estonia,EST,1876,88067.0
Estonia,EST,1877,89876.0
Estonia,EST,1878,117459.0
Estonia,EST,1879,120524.0
Estonia,EST,1880,141387.0
Estonia,EST,1881,148919.0
Estonia,EST,1882,156858.0
Estonia,EST,1883,178533.0
Estonia,EST,1884,181266.0
Estonia,EST,1885,197439.0
Estonia,EST,1886,202498.0
Estonia,EST,1887,214277.0
Estonia,EST,1888,223508.0
Estonia,EST,1889,241380.0
Estonia,EST,1890,273357.0
Estonia,EST,1891,300978.0
Estonia,EST,1892,318591.0
Estonia,EST,1893,373425.0
Estonia,EST,1894,380330.0
Estonia,EST,1895,437010.0
Estonia,EST,1896,444875.0
Estonia,EST,1897,514368.0
Estonia,EST,1898,576883.0
Estonia,EST,1899,669233.0
Estonia,EST,1900,758112.0
Estonia,EST,1901,778310.0
Estonia,EST,1902,751724.0
Estonia,EST,1903,735329.0
Estonia,EST,1904,818115.0
Estonia,EST,1905,730270.0
Estonia,EST,1906,832959.0
Estonia,EST,1907,932990.0
Estonia,EST,1908,938713.0
Estonia,EST,1909,990925.0
Estonia,EST,1910,971798.0
Estonia,EST,1911,1007542.0
Estonia,EST,1912,1141322.0
Estonia,EST,1913,1239838.0
Estonia,EST,1914,1118982.0
Estonia,EST,1915,1027075.06
Estonia,EST,1916,1094685.0
Estonia,EST,1917,1007468.0
Estonia,EST,1918,401783.0
Estonia,EST,1919,343183.0
Estonia,EST,1920,312941.0
Estonia,EST,1921,339380.0
Estonia,EST,1922,413895.0
Estonia,EST,1923,457208.0
Estonia,EST,1924,544721.0
Estonia,EST,1925,537631.0
Estonia,EST,1926,778975.0
Estonia,EST,1927,968475.0
Estonia,EST,1928,1088079.0
Estonia,EST,1929,1169576.0
Estonia,EST,1930,1583100.0
Estonia,EST,1931,1900376.0
Estonia,EST,1932,2139047.0
Estonia,EST,1933,2389522.0
Estonia,EST,1934,2889864.0
Estonia,EST,1935,3272330.0
Estonia,EST,1936,3754632.0
Estonia,EST,1937,3840876.0
Estonia,EST,1938,4055551.0
Estonia,EST,1939,4103941.0
Estonia,EST,1940,4905333.0
Estonia,EST,1941,4310077.0
Estonia,EST,1942,2340284.0
Estonia,EST,1943,2442456.0
Estonia,EST,1944,3542015.0
Estonia,EST,1945,3751763.0
Estonia,EST,1946,4217711.0
Estonia,EST,1947,5079543.0
Estonia,EST,1948,5406622.0
Estonia,EST,1949,6146514.0
Estonia,EST,1950,6852989.0
Estonia,EST,1951,7428262.0
Estonia,EST,1952,7955301.0
Estonia,EST,1953,8417320.0
Estonia,EST,1954,9194613.0
Estonia,EST,1955,10426756.0
Estonia,EST,1956,11431680.0
Estonia,EST,1957,12510737.0
Estonia,EST,1958,13354776.0
Estonia,EST,1959,14043025.0
Estonia,EST,1960,14623335.0
Estonia,EST,1961,15080764.0
Estonia,EST,1962,15827216.0
Estonia,EST,1963,16970784.0
Estonia,EST,1964,18045588.0
Estonia,EST,1965,19142578.0
Estonia,EST,1966,20215560.0
Estonia,EST,1967,21135500.0
Estonia,EST,1968,21725678.0
Estonia,EST,1969,22622810.0
Estonia,EST,1970,23799386.0
Estonia,EST,1971,25258762.0
Estonia,EST,1972,26582376.0
Estonia,EST,1973,27711808.0
Estonia,EST,1974,28773920.0
Estonia,EST,1975,30253766.0
Estonia,EST,1976,31417182.0
Estonia,EST,1977,32484898.0
Estonia,EST,1978,33595484.0
Estonia,EST,1979,33871120.0
Estonia,EST,1980,35207156.0
Estonia,EST,1981,34533976.0
Estonia,EST,1982,35186096.0
Estonia,EST,1983,35689556.0
Estonia,EST,1984,36008836.0
Estonia,EST,1985,38841516.0
Estonia,EST,1986,38839064.0
Estonia,EST,1987,37907796.0
Estonia,EST,1988,38014030.0
Estonia,EST,1989,38944670.0
Estonia,EST,1990,36906188.0
Estonia,EST,1991,34135428.0
Estonia,EST,1992,24413122.0
Estonia,EST,1993,19433166.0
Estonia,EST,1994,20038918.0
Estonia,EST,1995,18053452.0
Estonia,EST,1996,19032882.0
Estonia,EST,1997,18673228.0
Estonia,EST,1998,16933114.0
Estonia,EST,1999,15929513.0
Estonia,EST,2000,15470973.0
Estonia,EST,2001,15869932.0
Estonia,EST,2002,15358015.0
Estonia,EST,2003,17250750.0
Estonia,EST,2004,17322094.0
Estonia,EST,2005,17089780.0
Estonia,EST,2006,16438181.0
Estonia,EST,2007,19930490.0
Estonia,EST,2008,17814804.0
Estonia,EST,2009,14404987.0
Estonia,EST,2010,18964736.0
Estonia,EST,2011,18948026.0
Estonia,EST,2012,17761414.0
Estonia,EST,2013,19633820.0
Estonia,EST,2014,18783952.0
Estonia,EST,2015,15779627.0
Estonia,EST,2016,17432910.0
Estonia,EST,2017,18616038.0
Estonia,EST,2018,17800688.0
Estonia,EST,2019,12288094.0
Estonia,EST,2020,9198245.0
Estonia,EST,2021,10390915.0
Estonia,EST,2022,11966227.0
Estonia,EST,2023,8744257.0
Estonia,EST,2024,8306777.0
Ethiopia,ETH,1941,10903.0
Ethiopia,ETH,1942,10903.0
Ethiopia,ETH,1943,10903.0
Ethiopia,ETH,1948,3634.0
Ethiopia,ETH,1949,3634.0
Ethiopia,ETH,1950,87907.0
Ethiopia,ETH,1951,62258.0
Ethiopia,ETH,1952,98898.0
Ethiopia,ETH,1953,183170.0
Ethiopia,ETH,1954,271016.0
Ethiopia,ETH,1955,227049.0
Ethiopia,ETH,1956,241705.0
Ethiopia,ETH,1957,322343.0
Ethiopia,ETH,1958,318649.0
Ethiopia,ETH,1959,336999.0
Ethiopia,ETH,1960,351625.0
Ethiopia,ETH,1961,340633.0
Ethiopia,ETH,1962,395534.0
Ethiopia,ETH,1963,421213.0
Ethiopia,ETH,1964,406526.0
Ethiopia,ETH,1965,644480.0
Ethiopia,ETH,1966,823984.0
Ethiopia,ETH,1967,1072958.0
Ethiopia,ETH,1968,1725031.0
Ethiopia,ETH,1969,1666435.0
Ethiopia,ETH,1970,1651721.0
Ethiopia,ETH,1971,1849458.0
Ethiopia,ETH,1972,1406203.0
Ethiopia,ETH,1973,1750887.0
Ethiopia,ETH,1974,1736261.0
Ethiopia,ETH,1975,1208526.0
Ethiopia,ETH,1976,1174729.0
Ethiopia,ETH,1977,1046785.94
Ethiopia,ETH,1978,1368501.0
Ethiopia,ETH,1979,1844135.0
Ethiopia,ETH,1980,1817483.0
Ethiopia,ETH,1981,1860007.0
Ethiopia,ETH,1982,1473914.0
Ethiopia,ETH,1983,1834754.0
Ethiopia,ETH,1984,1650281.0
Ethiopia,ETH,1985,1798710.0
Ethiopia,ETH,1986,2195246.0
Ethiopia,ETH,1987,2554381.0
Ethiopia,ETH,1988,2640066.0
Ethiopia,ETH,1989,2794114.0
Ethiopia,ETH,1990,2986507.0
Ethiopia,ETH,1991,2958472.0
Ethiopia,ETH,1992,2936737.0
Ethiopia,ETH,1993,2993623.0
Ethiopia,ETH,1994,2197201.0
Ethiopia,ETH,1995,2505953.0
Ethiopia,ETH,1996,2794189.0
Ethiopia,ETH,1997,2980158.0
Ethiopia,ETH,1998,3147422.0
Ethiopia,ETH,1999,3094276.0
Ethiopia,ETH,2000,3462855.0
Ethiopia,ETH,2001,4264586.0
Ethiopia,ETH,2002,4431687.0
Ethiopia,ETH,2003,4870232.0
Ethiopia,ETH,2004,5158551.0
Ethiopia,ETH,2005,4956129.0
Ethiopia,ETH,2006,5318177.0
Ethiopia,ETH,2007,5839596.0
Ethiopia,ETH,2008,6417597.0
Ethiopia,ETH,2009,6453445.0
Ethiopia,ETH,2010,6344199.0
Ethiopia,ETH,2011,7354848.0
Ethiopia,ETH,2012,7988425.0
Ethiopia,ETH,2013,9743711.0
Ethiopia,ETH,2014,11543205.0
Ethiopia,ETH,2015,12563614.0
Ethiopia,ETH,2016,14323219.0
Ethiopia,ETH,2017,14602656.0
Ethiopia,ETH,2018,16117197.0
Ethiopia,ETH,2019,17177142.0
Ethiopia,ETH,2020,16735016.0
Ethiopia,ETH,2021,17905590.0
Ethiopia,ETH,2022,16959748.0
Ethiopia,ETH,2023,17570662.0
Ethiopia,ETH,2024,17837292.0
Finland,FIN,1860,36640.0
Finland,FIN,1861,73280.0
Finland,FIN,1862,73280.0
Finland,FIN,1863,76944.0
Finland,FIN,1864,47632.0
Finland,FIN,1865,62288.0
Finland,FIN,1866,69616.0
Finland,FIN,1867,62288.0
Finland,FIN,1868,87936.0
Finland,FIN,1869,69616.0
Finland,FIN,1870,91600.0
Finland,FIN,1871,113584.0
Finland,FIN,1872,91600.0
Finland,FIN,1873,87936.0
Finland,FIN,1874,124576.0
Finland,FIN,1875,84272.0
Finland,FIN,1876,95264.0
Finland,FIN,1877,113584.0
Finland,FIN,1878,128240.01
Finland,FIN,1879,76944.0
Finland,FIN,1880,98928.0
Finland,FIN,1881,98928.0
Finland,FIN,1882,120912.0
Finland,FIN,1883,117248.0
Finland,FIN,1884,142896.0
Finland,FIN,1885,219840.0
Finland,FIN,1886,128240.01
Finland,FIN,1887,128240.01
Finland,FIN,1888,120912.0
Finland,FIN,1889,161216.0
Finland,FIN,1890,208848.0
Finland,FIN,1891,219840.0
Finland,FIN,1892,194192.0
Finland,FIN,1893,194192.0
Finland,FIN,1894,219840.0
Finland,FIN,1895,234496.0
Finland,FIN,1896,296784.0
Finland,FIN,1897,516623.97
Finland,FIN,1898,487312.0
Finland,FIN,1899,736464.0
Finland,FIN,1900,600896.0
Finland,FIN,1901,421360.0
Finland,FIN,1902,399376.0
Finland,FIN,1903,512960.03
Finland,FIN,1904,527616.0
Finland,FIN,1905,586240.0
Finland,FIN,1906,615552.0
Finland,FIN,1907,886688.0
Finland,FIN,1908,1406976.0
Finland,FIN,1909,1282400.0
Finland,FIN,1910,1062560.0
Finland,FIN,1911,1315376.0
Finland,FIN,1912,1483920.0
Finland,FIN,1913,1663456.0
Finland,FIN,1914,688832.0
Finland,FIN,1915,106256.0
Finland,FIN,1916,179536.0
Finland,FIN,1917,120912.0
Finland,FIN,1918,73280.0
Finland,FIN,1919,238160.0
Finland,FIN,1920,274800.0
Finland,FIN,1921,282128.0
Finland,FIN,1922,710816.0
Finland,FIN,1923,1476592.0
Finland,FIN,1924,1744064.0
Finland,FIN,1925,1711088.0
Finland,FIN,1926,1597504.0
Finland,FIN,1927,2850592.0
Finland,FIN,1928,3127927.0
Finland,FIN,1929,3351431.0
Finland,FIN,1930,2648241.0
Finland,FIN,1931,3011154.0
Finland,FIN,1932,3022177.0
Finland,FIN,1933,3223666.0
Finland,FIN,1934,3952535.0
Finland,FIN,1935,3516342.0
Finland,FIN,1936,4963383.0
Finland,FIN,1937,6780401.0
Finland,FIN,1938,5695588.0
Finland,FIN,1939,4870834.0
Finland,FIN,1940,2314430.0
Finland,FIN,1941,3245056.0
Finland,FIN,1942,2809575.0
Finland,FIN,1943,3945176.0
Finland,FIN,1944,2725303.0
Finland,FIN,1945,640077.0
Finland,FIN,1946,3281607.0
Finland,FIN,1947,5450338.0
Finland,FIN,1948,8457918.0
Finland,FIN,1949,4932763.0
Finland,FIN,1950,6544772.0
Finland,FIN,1951,7976833.0
Finland,FIN,1952,8658547.0
Finland,FIN,1953,7566274.0
Finland,FIN,1954,9155812.0
Finland,FIN,1955,10929156.0
Finland,FIN,1956,12171579.0
Finland,FIN,1957,12241255.0
Finland,FIN,1958,10607200.0
Finland,FIN,1959,13559246.0
Finland,FIN,1960,15087087.0
Finland,FIN,1961,14921697.0
Finland,FIN,1962,16793796.0
Finland,FIN,1963,19336490.0
Finland,FIN,1964,22831226.0
Finland,FIN,1965,25300086.0
Finland,FIN,1966,29488840.0
Finland,FIN,1967,28587734.0
Finland,FIN,1968,33281468.0
Finland,FIN,1969,37896828.0
Finland,FIN,1970,40355044.0
Finland,FIN,1971,40536760.0
Finland,FIN,1972,44106084.0
Finland,FIN,1973,49320160.0
Finland,FIN,1974,46608372.0
Finland,FIN,1975,46025676.0
Finland,FIN,1976,51198464.0
Finland,FIN,1977,50136984.0
Finland,FIN,1978,51825016.0
Finland,FIN,1979,54237020.0
Finland,FIN,1980,58142896.0
Finland,FIN,1981,51403344.0
Finland,FIN,1982,42980060.0
Finland,FIN,1983,41463372.0
Finland,FIN,1984,42147212.0
Finland,FIN,1985,49549076.0
Finland,FIN,1986,53217980.0
Finland,FIN,1987,57533444.0
Finland,FIN,1988,52058084.0
Finland,FIN,1989,52451540.0
Finland,FIN,1990,56921000.0
Finland,FIN,1991,55195000.0
Finland,FIN,1992,54272000.0
Finland,FIN,1993,56320000.0
Finland,FIN,1994,61739000.0
Finland,FIN,1995,58122000.0
Finland,FIN,1996,64040000.0
Finland,FIN,1997,62703000.0
Finland,FIN,1998,59358000.0
Finland,FIN,1999,58874000.0
Finland,FIN,2000,57017000.0
Finland,FIN,2001,62520000.0
Finland,FIN,2002,65049004.0
Finland,FIN,2003,72658000.0
Finland,FIN,2004,68946000.0
Finland,FIN,2005,57064000.0
Finland,FIN,2006,68374000.0
Finland,FIN,2007,66764000.0
Finland,FIN,2008,58625000.0
Finland,FIN,2009,55921000.0
Finland,FIN,2010,64092004.0
Finland,FIN,2011,56646000.0
Finland,FIN,2012,51154000.0
Finland,FIN,2013,51719000.0
Finland,FIN,2014,47622000.0
Finland,FIN,2015,44192000.0
Finland,FIN,2016,47252000.0
Finland,FIN,2017,44657000.0
Finland,FIN,2018,45736000.0
Finland,FIN,2019,42444000.0
Finland,FIN,2020,37720000.0
Finland,FIN,2021,37820000.0
Finland,FIN,2022,36337000.0
Finland,FIN,2023,31799000.0
Finland,FIN,2024,29775000.0
Fiji,FJI,1950,120912.0
Fiji,FJI,1951,131904.0
Fiji,FJI,1952,157552.0
Fiji,FJI,1953,168544.0
Fiji,FJI,1954,157552.0
Fiji,FJI,1955,172208.0
Fiji,FJI,1956,194192.0
Fiji,FJI,1957,164880.0
Fiji,FJI,1958,175872.0
Fiji,FJI,1959,197856.0
Fiji,FJI,1960,194192.0
Fiji,FJI,1961,168544.0
Fiji,FJI,1962,230832.0
Fiji,FJI,1963,241824.0
Fiji,FJI,1964,424905.0
Fiji,FJI,1965,344267.0
Fiji,FJI,1966,322252.0
Fiji,FJI,1967,355228.0
Fiji,FJI,1968,395504.0
Fiji,FJI,1969,432146.0
Fiji,FJI,1970,520050.0
Fiji,FJI,1971,549271.0
Fiji,FJI,1972,578555.0
Fiji,FJI,1973,629851.0
Fiji,FJI,1974,670185.0
Fiji,FJI,1975,622581.0
Fiji,FJI,1976,482997.0
Fiji,FJI,1977,764627.0
Fiji,FJI,1978,709084.0
Fiji,FJI,1979,836456.0
Fiji,FJI,1980,792420.0
Fiji,FJI,1981,1077173.0
Fiji,FJI,1982,835123.0
Fiji,FJI,1983,708926.0
Fiji,FJI,1984,577209.0
Fiji,FJI,1985,572991.0
Fiji,FJI,1986,598086.0
Fiji,FJI,1987,471995.0
Fiji,FJI,1988,549765.0
Fiji,FJI,1989,625202.0
Fiji,FJI,1990,801220.0
Fiji,FJI,1991,655032.0
Fiji,FJI,1992,730309.0
Fiji,FJI,1993,728647.0
Fiji,FJI,1994,723077.0
Fiji,FJI,1995,736697.0
Fiji,FJI,1996,792447.0
Fiji,FJI,1997,764285.0
Fiji,FJI,1998,743300.0
Fiji,FJI,1999,756467.0
Fiji,FJI,2000,814852.0
Fiji,FJI,2001,1003936.06
Fiji,FJI,2002,835392.0
Fiji,FJI,2003,992944.0
Fiji,FJI,2004,1300581.0
Fiji,FJI,2005,1022256.0
Fiji,FJI,2006,1150496.0
Fiji,FJI,2007,1084544.0
Fiji,FJI,2008,791424.0
Fiji,FJI,2009,703488.0
Fiji,FJI,2010,1029584.06
Fiji,FJI,2011,930656.0
Fiji,FJI,2012,908672.0
Fiji,FJI,2013,1036911.94
Fiji,FJI,2014,1179808.0
Fiji,FJI,2015,1461936.0
Fiji,FJI,2016,1344688.0
Fiji,FJI,2017,1454608.0
Fiji,FJI,2018,1480256.0
Fiji,FJI,2019,1509456.0
Fiji,FJI,2020,1370240.0
Fiji,FJI,2021,1088327.0
Fiji,FJI,2022,1388656.0
Fiji,FJI,2023,1382096.0
Fiji,FJI,2024,1445316.0
France,FRA,1802,2238704.0
France,FRA,1804,2176416.0
France,FRA,1810,2121456.0
France,FRA,1811,2051840.1
France,FRA,1812,2216720.0
France,FRA,1813,2048176.0
France,FRA,1814,2092144.0
France,FRA,1815,2341296.0
France,FRA,1816,2498848.0
France,FRA,1817,2660064.0
France,FRA,1818,2381600.0
France,FRA,1819,2557472.0
France,FRA,1820,2901888.0
France,FRA,1821,3011808.0
France,FRA,1822,3169360.0
France,FRA,1823,3169360.0
France,FRA,1824,3517440.0
France,FRA,1825,3957120.0
France,FRA,1826,4089024.0
France,FRA,1827,5910032.0
France,FRA,1828,6243456.0
France,FRA,1829,6074912.0
France,FRA,1830,6551232.0
France,FRA,1831,6052928.0
France,FRA,1832,6679472.0
France,FRA,1833,7247392.0
France,FRA,1834,8921840.0
France,FRA,1835,9258928.0
France,FRA,1836,10636592.0
France,FRA,1837,11351072.0
France,FRA,1838,11867696.0
France,FRA,1839,11570912.0
France,FRA,1840,11798080.0
France,FRA,1841,13820608.0
France,FRA,1842,14527760.0
France,FRA,1843,14549744.0
France,FRA,1844,15260560.0
France,FRA,1845,17836352.0
France,FRA,1846,18528848.0
France,FRA,1847,20840832.0
France,FRA,1848,16689520.0
France,FRA,1849,17385680.0
France,FRA,1850,19617056.0
France,FRA,1851,20038416.0
France,FRA,1852,21569968.0
France,FRA,1853,25340224.0
France,FRA,1854,29213072.0
France,FRA,1855,33071262.0
France,FRA,1856,34632130.0
France,FRA,1857,35280656.0
France,FRA,1858,34595490.0
France,FRA,1859,34991200.0
France,FRA,1860,38131250.0
France,FRA,1861,41241984.0
France,FRA,1862,43524656.0
France,FRA,1863,44187840.0
France,FRA,1864,46829584.0
France,FRA,1865,49302784.0
France,FRA,1866,53560350.0
France,FRA,1867,54278496.0
France,FRA,1868,55531584.0
France,FRA,1869,56942224.0
France,FRA,1870,50537550.0
France,FRA,1871,50262750.0
France,FRA,1872,60924990.0
France,FRA,1873,65849412.0
France,FRA,1874,62643410.0
France,FRA,1875,65259508.0
France,FRA,1876,65358428.0
France,FRA,1877,63925810.0
France,FRA,1878,65222864.0
France,FRA,1879,67498210.0
France,FRA,1880,76148910.0
France,FRA,1881,77984580.0
France,FRA,1882,82308100.0
France,FRA,1883,86320180.0
France,FRA,1884,82912660.0
France,FRA,1885,79713980.0
France,FRA,1886,79072780.0
France,FRA,1887,83290050.0
France,FRA,1888,86653600.0
France,FRA,1889,88797040.0
France,FRA,1890,97817810.0
France,FRA,1891,97982690.0
France,FRA,1892,98121920.0
France,FRA,1893,96330220.0
France,FRA,1894,101899500.0
France,FRA,1895,102775200.0
France,FRA,1896,106281650.0
France,FRA,1897,111261020.0
France,FRA,1898,115045940.0
France,FRA,1899,120300110.0
France,FRA,1900,129276920.0
France,FRA,1901,125004690.0
France,FRA,1902,117662030.0
France,FRA,1903,129342860.0
France,FRA,1904,125997630.0
France,FRA,1905,127426590.0
France,FRA,1906,136568270.0
France,FRA,1907,145596370.0
France,FRA,1908,146713890.0
France,FRA,1909,150095760.0
France,FRA,1910,150612380.0
France,FRA,1911,156907140.0
France,FRA,1912,158577920.0
France,FRA,1913,171112460.0
France,FRA,1914,118350860.0
France,FRA,1915,103233200.0
France,FRA,1916,109689170.0
France,FRA,1917,121604500.0
France,FRA,1918,108450740.0
France,FRA,1919,116141470.0
France,FRA,1920,151777540.0
France,FRA,1921,137909300.0
France,FRA,1922,163150600.0
France,FRA,1923,184189280.0
France,FRA,1924,206634940.0
France,FRA,1925,213827380.0
France,FRA,1926,213732110.0
France,FRA,1927,213039620.0
France,FRA,1928,211619150.0
France,FRA,1929,234282100.0
France,FRA,1930,237634190.0
France,FRA,1931,217493550.0
France,FRA,1932,191775420.0
France,FRA,1933,199387060.0
France,FRA,1934,201350060.0
France,FRA,1935,195372340.0
France,FRA,1936,198079070.0
France,FRA,1937,217705010.0
France,FRA,1938,201798460.0
France,FRA,1939,194617020.0
France,FRA,1940,137737090.0
France,FRA,1941,119927290.0
France,FRA,1942,122495736.0
France,FRA,1943,125245670.0
France,FRA,1944,79986440.0
France,FRA,1945,107165640.0
France,FRA,1946,165245170.0
France,FRA,1947,183624110.0
France,FRA,1948,196500540.0
France,FRA,1949,229050910.0
France,FRA,1950,202450910.0
France,FRA,1951,228945170.0
France,FRA,1952,227217330.0
France,FRA,1953,214771790.0
France,FRA,1954,226601010.0
France,FRA,1955,239267600.0
France,FRA,1956,268807100.0
France,FRA,1957,277881700.0
France,FRA,1958,266527340.0
France,FRA,1959,262329810.0
France,FRA,1960,298395840.0
France,FRA,1961,318161820.0
France,FRA,1962,335538270.0
France,FRA,1963,340421950.0
France,FRA,1964,371374000.0
France,FRA,1965,365844930.0
France,FRA,1966,382835940.0
France,FRA,1967,407292540.0
France,FRA,1968,421116100.0
France,FRA,1969,446577900.0
France,FRA,1970,463946460.0
France,FRA,1971,497045800.0
France,FRA,1972,517593100.0
France,FRA,1973,542646300.0
France,FRA,1974,524736700.0
France,FRA,1975,486023100.0
France,FRA,1976,527371840.0
France,FRA,1977,511269060.0
France,FRA,1978,532682500.0
France,FRA,1979,536053000.0
France,FRA,1980,514509470.0
France,FRA,1981,462596380.0
France,FRA,1982,443395520.0
France,FRA,1983,426039200.0
France,FRA,1984,414655870.0
France,FRA,1985,407801860.0
France,FRA,1986,392871740.0
France,FRA,1987,390134660.0
France,FRA,1988,387601180.0
France,FRA,1989,401469220.0
France,FRA,1990,394904320.0
France,FRA,1991,419118720.0
France,FRA,1992,408433000.0
France,FRA,1993,388889700.0
France,FRA,1994,381903100.0
France,FRA,1995,386958820.0
France,FRA,1996,403351940.0
France,FRA,1997,396023140.0
France,FRA,1998,414357000.0
France,FRA,1999,413070240.0
France,FRA,2000,407444640.0
France,FRA,2001,411591650.0
France,FRA,2002,407026600.0
France,FRA,2003,412989100.0
France,FRA,2004,414073000.0
France,FRA,2005,416342900.0
France,FRA,2006,406669020.0
France,FRA,2007,396461200.0
France,FRA,2008,389794300.0
France,FRA,2009,371404200.0
France,FRA,2010,377079400.0
France,FRA,2011,355126820.0
France,FRA,2012,358100260.0
France,FRA,2013,360013340.0
France,FRA,2014,327808770.0
France,FRA,2015,332131000.0
France,FRA,2016,335496400.0
France,FRA,2017,338368030.0
France,FRA,2018,323101730.0
France,FRA,2019,316320800.0
France,FRA,2020,281515500.0
France,FRA,2021,307271840.0
France,FRA,2022,295303800.0
France,FRA,2023,270262660.0
France,FRA,2024,264155620.0
Faroe Islands,FRO,1950,40304.0
Faroe Islands,FRO,1951,40304.0
Faroe Islands,FRO,1952,54960.0
Faroe Islands,FRO,1953,84272.0
Faroe Islands,FRO,1954,76944.0
Faroe Islands,FRO,1955,98928.0
Faroe Islands,FRO,1956,113584.0
Faroe Islands,FRO,1957,95264.0
Faroe Islands,FRO,1958,117248.0
Faroe Islands,FRO,1959,98928.0
Faroe Islands,FRO,1960,58624.0
Faroe Islands,FRO,1961,113584.0
Faroe Islands,FRO,1962,117248.0
Faroe Islands,FRO,1963,124576.0
Faroe Islands,FRO,1964,120912.0
Faroe Islands,FRO,1965,135568.0
Faroe Islands,FRO,1966,139232.0
Faroe Islands,FRO,1967,168544.0
Faroe Islands,FRO,1968,183200.0
Faroe Islands,FRO,1969,212512.0
Faroe Islands,FRO,1970,256480.02
Faroe Islands,FRO,1971,260144.0
Faroe Islands,FRO,1972,234496.0
Faroe Islands,FRO,1973,252815.98
Faroe Islands,FRO,1974,300448.0
Faroe Islands,FRO,1975,348080.0
Faroe Islands,FRO,1976,329760.0
Faroe Islands,FRO,1977,406704.0
Faroe Islands,FRO,1978,399376.0
Faroe Islands,FRO,1979,479984.0
Faroe Islands,FRO,1980,421360.0
Faroe Islands,FRO,1981,439680.0
Faroe Islands,FRO,1982,458000.0
Faroe Islands,FRO,1983,487312.0
Faroe Islands,FRO,1984,498304.0
Faroe Islands,FRO,1985,516623.97
Faroe Islands,FRO,1986,490976.0
Faroe Islands,FRO,1987,498304.0
Faroe Islands,FRO,1988,527616.0
Faroe Islands,FRO,1989,578912.0
Faroe Islands,FRO,1990,703488.0
Faroe Islands,FRO,1991,659520.0
Faroe Islands,FRO,1992,648528.0
Faroe Islands,FRO,1993,582576.0
Faroe Islands,FRO,1994,575248.0
Faroe Islands,FRO,1995,571584.0
Faroe Islands,FRO,1996,597232.0
Faroe Islands,FRO,1997,586240.0
Faroe Islands,FRO,1998,622880.0
Faroe Islands,FRO,1999,633872.0
Faroe Islands,FRO,2000,688832.0
Faroe Islands,FRO,2001,762112.0
Faroe Islands,FRO,2002,729136.0
Faroe Islands,FRO,2003,732800.0
Faroe Islands,FRO,2004,747456.0
Faroe Islands,FRO,2005,721808.0
Faroe Islands,FRO,2006,677840.0
Faroe Islands,FRO,2007,692496.0
Faroe Islands,FRO,2008,633872.0
Faroe Islands,FRO,2009,575248.0
Faroe Islands,FRO,2010,626544.0
Faroe Islands,FRO,2011,564256.0
Faroe Islands,FRO,2012,593568.0
Faroe Islands,FRO,2013,648528.0
Faroe Islands,FRO,2014,597232.0
Faroe Islands,FRO,2015,608224.0
Faroe Islands,FRO,2016,626544.0
Faroe Islands,FRO,2017,703488.0
Faroe Islands,FRO,2018,725472.0
Faroe Islands,FRO,2019,740128.0
Faroe Islands,FRO,2020,758448.0
Faroe Islands,FRO,2021,784096.0
Faroe Islands,FRO,2022,722922.0
Faroe Islands,FRO,2023,713659.0
Faroe Islands,FRO,2024,725388.0
Micronesia (country),FSM,1992,135568.0
Micronesia (country),FSM,1993,142896.0
Micronesia (country),FSM,1994,153888.0
Micronesia (country),FSM,1995,175872.0
Micronesia (country),FSM,1996,183200.0
Micronesia (country),FSM,1997,194192.0
Micronesia (country),FSM,1998,205184.0
Micronesia (country),FSM,1999,190528.0
Micronesia (country),FSM,2000,179536.0
Micronesia (country),FSM,2001,164880.0
Micronesia (country),FSM,2002,150224.0
Micronesia (country),FSM,2003,161216.0
Micronesia (country),FSM,2004,142896.0
Micronesia (country),FSM,2005,113584.0
Micronesia (country),FSM,2006,113584.0
Micronesia (country),FSM,2007,128240.01
Micronesia (country),FSM,2008,113584.0
Micronesia (country),FSM,2009,146560.0
Micronesia (country),FSM,2010,102592.0
Micronesia (country),FSM,2011,117248.0
Micronesia (country),FSM,2012,128240.01
Micronesia (country),FSM,2013,135568.0
Micronesia (country),FSM,2014,139232.0
Micronesia (country),FSM,2015,142896.0
Micronesia (country),FSM,2016,142896.0
Micronesia (country),FSM,2017,142896.0
Micronesia (country),FSM,2018,142896.0
Micronesia (country),FSM,2019,142896.0
Micronesia (country),FSM,2020,142896.0
Micronesia (country),FSM,2021,142896.0
Micronesia (country),FSM,2022,144721.0
Micronesia (country),FSM,2023,144037.0
Micronesia (country),FSM,2024,150626.0
Gabon,GAB,1950,10448.0
Gabon,GAB,1951,13930.0
Gabon,GAB,1952,18066.0
Gabon,GAB,1953,15236.0
Gabon,GAB,1954,16107.0
Gabon,GAB,1955,15889.0
Gabon,GAB,1956,20678.0
Gabon,GAB,1957,22202.0
Gabon,GAB,1958,25467.0
Gabon,GAB,1959,21984.0
Gabon,GAB,1960,131904.0
Gabon,GAB,1961,164880.0
Gabon,GAB,1962,87936.0
Gabon,GAB,1963,73280.0
Gabon,GAB,1964,190528.0
Gabon,GAB,1965,216176.0
Gabon,GAB,1966,381056.0
Gabon,GAB,1967,1011263.94
Gabon,GAB,1968,1960240.0
Gabon,GAB,1969,1432624.0
Gabon,GAB,1970,2081152.0
Gabon,GAB,1971,2843264.0
Gabon,GAB,1972,2737008.0
Gabon,GAB,1973,5309136.0
Gabon,GAB,1974,5448368.0
Gabon,GAB,1975,5364096.0
Gabon,GAB,1976,5703786.0
Gabon,GAB,1977,6306500.0
Gabon,GAB,1978,7554862.0
Gabon,GAB,1979,6746761.0
Gabon,GAB,1980,6624651.0
Gabon,GAB,1981,6564034.0
Gabon,GAB,1982,6543617.0
Gabon,GAB,1983,5508589.0
Gabon,GAB,1984,5979462.0
Gabon,GAB,1985,6298543.0
Gabon,GAB,1986,4950761.0
Gabon,GAB,1987,4009482.0
Gabon,GAB,1988,4320706.0
Gabon,GAB,1989,5757464.0
Gabon,GAB,1990,4484725.0
Gabon,GAB,1991,4521703.0
Gabon,GAB,1992,4916933.0
Gabon,GAB,1993,4974695.0
Gabon,GAB,1994,4541731.0
Gabon,GAB,1995,5220396.0
Gabon,GAB,1996,5885637.0
Gabon,GAB,1997,5526934.0
Gabon,GAB,1998,6452915.0
Gabon,GAB,1999,6014019.0
Gabon,GAB,2000,6128187.0
Gabon,GAB,2001,6480018.0
Gabon,GAB,2002,6250311.0
Gabon,GAB,2003,6746069.0
Gabon,GAB,2004,6386339.0
Gabon,GAB,2005,6223081.0
Gabon,GAB,2006,5542535.0
Gabon,GAB,2007,5037635.0
Gabon,GAB,2008,5378889.0
Gabon,GAB,2009,5304448.0
Gabon,GAB,2010,5528293.0
Gabon,GAB,2011,5446851.0
Gabon,GAB,2012,5016169.0
Gabon,GAB,2013,5190347.0
Gabon,GAB,2014,5663490.0
Gabon,GAB,2015,5772070.0
Gabon,GAB,2016,5613028.0
Gabon,GAB,2017,5500517.0
Gabon,GAB,2018,5563362.0
Gabon,GAB,2019,5607272.0
Gabon,GAB,2020,5636101.0
Gabon,GAB,2021,5545125.0
Gabon,GAB,2022,5783253.0
Gabon,GAB,2023,5320944.0
Gabon,GAB,2024,5398794.0
United Kingdom,GBR,1750,9305937.0
United Kingdom,GBR,1751,9407229.0
United Kingdom,GBR,1752,9505168.0
United Kingdom,GBR,1753,9610490.0
United Kingdom,GBR,1754,9733580.0
United Kingdom,GBR,1755,9793468.0
United Kingdom,GBR,1756,9909914.0
United Kingdom,GBR,1757,10093936.0
United Kingdom,GBR,1758,10216358.0
United Kingdom,GBR,1759,10338854.0
United Kingdom,GBR,1760,10514331.0
United Kingdom,GBR,1761,10747885.0
United Kingdom,GBR,1762,10952198.0
United Kingdom,GBR,1763,11191592.0
United Kingdom,GBR,1764,11396982.0
United Kingdom,GBR,1765,11643486.0
United Kingdom,GBR,1766,11876080.0
United Kingdom,GBR,1767,12152509.0
United Kingdom,GBR,1768,12466936.0
United Kingdom,GBR,1769,12780074.0
United Kingdom,GBR,1770,13097216.0
United Kingdom,GBR,1771,13369488.0
United Kingdom,GBR,1772,13623507.0
United Kingdom,GBR,1773,13808138.0
United Kingdom,GBR,1774,14012415.0
United Kingdom,GBR,1775,14338920.0
United Kingdom,GBR,1776,14654124.0
United Kingdom,GBR,1777,14959537.0
United Kingdom,GBR,1778,15243483.0
United Kingdom,GBR,1779,15535235.0
United Kingdom,GBR,1780,15878726.0
United Kingdom,GBR,1781,16234383.0
United Kingdom,GBR,1782,16580954.0
United Kingdom,GBR,1783,17062752.0
United Kingdom,GBR,1784,17471092.0
United Kingdom,GBR,1785,17961464.0
United Kingdom,GBR,1786,18443832.0
United Kingdom,GBR,1787,18855466.0
United Kingdom,GBR,1788,19282564.0
United Kingdom,GBR,1789,19859760.0
United Kingdom,GBR,1790,20394430.0
United Kingdom,GBR,1791,20928086.0
United Kingdom,GBR,1792,21456558.0
United Kingdom,GBR,1793,21813614.0
United Kingdom,GBR,1794,22072648.0
United Kingdom,GBR,1795,21864574.0
United Kingdom,GBR,1796,21582768.0
United Kingdom,GBR,1797,21536814.0
United Kingdom,GBR,1798,22527018.0
United Kingdom,GBR,1799,26855000.0
United Kingdom,GBR,1800,31340080.0
United Kingdom,GBR,1801,30736626.0
United Kingdom,GBR,1802,30377368.0
United Kingdom,GBR,1803,28241450.0
United Kingdom,GBR,1804,27790074.0
United Kingdom,GBR,1805,29295006.0
United Kingdom,GBR,1806,30908602.0
United Kingdom,GBR,1807,32583656.0
United Kingdom,GBR,1808,33701640.0
United Kingdom,GBR,1809,34522536.0
United Kingdom,GBR,1810,35402028.0
United Kingdom,GBR,1811,36155070.0
United Kingdom,GBR,1812,36741616.0
United Kingdom,GBR,1813,37359772.0
United Kingdom,GBR,1814,38181804.0
United Kingdom,GBR,1815,39019170.0
United Kingdom,GBR,1816,39265496.0
United Kingdom,GBR,1817,41766344.0
United Kingdom,GBR,1818,43769000.0
United Kingdom,GBR,1819,43316496.0
United Kingdom,GBR,1820,42567188.0
United Kingdom,GBR,1821,43493436.0
United Kingdom,GBR,1822,45073956.0
United Kingdom,GBR,1823,46676420.0
United Kingdom,GBR,1824,48136788.0
United Kingdom,GBR,1825,49563788.0
United Kingdom,GBR,1826,50101644.0
United Kingdom,GBR,1827,52047628.0
United Kingdom,GBR,1828,52630228.0
United Kingdom,GBR,1829,53242880.0
United Kingdom,GBR,1830,67724220.0
United Kingdom,GBR,1831,64486136.0
United Kingdom,GBR,1832,62558720.0
United Kingdom,GBR,1833,61924740.0
United Kingdom,GBR,1834,65802124.0
United Kingdom,GBR,1835,72197420.0
United Kingdom,GBR,1836,78544550.0
United Kingdom,GBR,1837,75253620.0
United Kingdom,GBR,1838,73585960.0
United Kingdom,GBR,1839,75786170.0
United Kingdom,GBR,1840,80790880.0
United Kingdom,GBR,1841,81330410.0
United Kingdom,GBR,1842,85193130.0
United Kingdom,GBR,1843,88569550.0
United Kingdom,GBR,1844,93955130.0
United Kingdom,GBR,1845,99778424.0
United Kingdom,GBR,1846,95493680.0
United Kingdom,GBR,1847,101822930.0
United Kingdom,GBR,1848,108978020.0
United Kingdom,GBR,1849,117350130.0
United Kingdom,GBR,1850,122350150.0
United Kingdom,GBR,1851,116411176.0
United Kingdom,GBR,1852,115997620.0
United Kingdom,GBR,1853,115358070.0
United Kingdom,GBR,1854,139012290.0
United Kingdom,GBR,1855,130169360.0
United Kingdom,GBR,1856,140081200.0
United Kingdom,GBR,1857,137573280.0
United Kingdom,GBR,1858,134833460.0
United Kingdom,GBR,1859,149702940.0
United Kingdom,GBR,1860,167950430.0
United Kingdom,GBR,1861,175047600.0
United Kingdom,GBR,1862,169470990.0
United Kingdom,GBR,1863,180224830.0
United Kingdom,GBR,1864,193909870.0
United Kingdom,GBR,1865,205488110.0
United Kingdom,GBR,1866,211731570.0
United Kingdom,GBR,1867,217374130.0
United Kingdom,GBR,1868,213219150.0
United Kingdom,GBR,1869,223705520.0
United Kingdom,GBR,1870,228494370.0
United Kingdom,GBR,1871,242036510.0
United Kingdom,GBR,1872,254988750.0
United Kingdom,GBR,1873,264658050.0
United Kingdom,GBR,1874,257187170.0
United Kingdom,GBR,1875,271487740.0
United Kingdom,GBR,1876,271018750.0
United Kingdom,GBR,1877,275899200.0
United Kingdom,GBR,1878,270974800.0
United Kingdom,GBR,1879,272645570.0
United Kingdom,GBR,1880,297124770.0
United Kingdom,GBR,1881,312312030.0
United Kingdom,GBR,1882,314964770.0
United Kingdom,GBR,1883,327730140.0
United Kingdom,GBR,1884,319097760.0
United Kingdom,GBR,1885,315290850.0
United Kingdom,GBR,1886,312429280.0
United Kingdom,GBR,1887,320442430.0
United Kingdom,GBR,1888,333167520.0
United Kingdom,GBR,1889,345024220.0
United Kingdom,GBR,1890,353022720.0
United Kingdom,GBR,1891,360471650.0
United Kingdom,GBR,1892,353008100.0
United Kingdom,GBR,1893,316210530.0
United Kingdom,GBR,1894,362102140.0
United Kingdom,GBR,1895,365549950.0
United Kingdom,GBR,1896,375981340.0
United Kingdom,GBR,1897,385969400.0
United Kingdom,GBR,1898,386878080.0
United Kingdom,GBR,1899,414552300.0
United Kingdom,GBR,1900,419740500.0
United Kingdom,GBR,1901,410701400.0
United Kingdom,GBR,1902,426639840.0
United Kingdom,GBR,1903,429985060.0
United Kingdom,GBR,1904,431992930.0
United Kingdom,GBR,1905,437672130.0
United Kingdom,GBR,1906,453350370.0
United Kingdom,GBR,1907,473568320.0
United Kingdom,GBR,1908,461964450.0
United Kingdom,GBR,1909,466086460.0
United Kingdom,GBR,1910,469732130.0
United Kingdom,GBR,1911,481350700.0
United Kingdom,GBR,1912,455885860.0
United Kingdom,GBR,1913,498322340.0
United Kingdom,GBR,1914,483182700.0
United Kingdom,GBR,1915,489481100.0
United Kingdom,GBR,1916,507071970.0
United Kingdom,GBR,1917,501169250.0
United Kingdom,GBR,1918,466848580.0
United Kingdom,GBR,1919,456131360.0
United Kingdom,GBR,1920,480472480.0
United Kingdom,GBR,1921,332187780.0
United Kingdom,GBR,1922,439608350.0
United Kingdom,GBR,1923,466067230.0
United Kingdom,GBR,1924,488240160.0
United Kingdom,GBR,1925,460999000.0
United Kingdom,GBR,1926,261066020.0
United Kingdom,GBR,1927,481344130.0
United Kingdom,GBR,1928,454453470.0
United Kingdom,GBR,1929,478205950.0
United Kingdom,GBR,1930,460804770.0
United Kingdom,GBR,1931,430978720.0
United Kingdom,GBR,1932,414564930.0
United Kingdom,GBR,1933,412268770.0
United Kingdom,GBR,1934,445277200.0
United Kingdom,GBR,1935,451205500.0
United Kingdom,GBR,1936,476535360.0
United Kingdom,GBR,1937,491703230.0
United Kingdom,GBR,1938,472755740.0
United Kingdom,GBR,1939,474288770.0
United Kingdom,GBR,1940,500083070.0
United Kingdom,GBR,1941,499796060.0
United Kingdom,GBR,1942,492995900.0
United Kingdom,GBR,1943,490218620.0
United Kingdom,GBR,1944,489670370.0
United Kingdom,GBR,1945,453074080.0
United Kingdom,GBR,1946,464411970.0
United Kingdom,GBR,1947,485231840.0
United Kingdom,GBR,1948,503510100.0
United Kingdom,GBR,1949,507551520.0
United Kingdom,GBR,1950,499227600.0
United Kingdom,GBR,1951,543790900.0
United Kingdom,GBR,1952,527412700.0
United Kingdom,GBR,1953,539100540.0
United Kingdom,GBR,1954,552031400.0
United Kingdom,GBR,1955,576119940.0
United Kingdom,GBR,1956,573744700.0
United Kingdom,GBR,1957,570248800.0
United Kingdom,GBR,1958,555993400.0
United Kingdom,GBR,1959,546364300.0
United Kingdom,GBR,1960,583902800.0
United Kingdom,GBR,1961,588578200.0
United Kingdom,GBR,1962,592920450.0
United Kingdom,GBR,1963,603382000.0
United Kingdom,GBR,1964,607866000.0
United Kingdom,GBR,1965,622115260.0
United Kingdom,GBR,1966,618078340.0
United Kingdom,GBR,1967,592064300.0
United Kingdom,GBR,1968,606495600.0
United Kingdom,GBR,1969,628389900.0
United Kingdom,GBR,1970,652584700.0
United Kingdom,GBR,1971,660395600.0
United Kingdom,GBR,1972,648033600.0
United Kingdom,GBR,1973,659584400.0
United Kingdom,GBR,1974,617187260.0
United Kingdom,GBR,1975,603254400.0
United Kingdom,GBR,1976,598533300.0
United Kingdom,GBR,1977,604369000.0
United Kingdom,GBR,1978,604728060.0
United Kingdom,GBR,1979,644509200.0
United Kingdom,GBR,1980,579039040.0
United Kingdom,GBR,1981,560547140.0
United Kingdom,GBR,1982,548229400.0
United Kingdom,GBR,1983,545474100.0
United Kingdom,GBR,1984,529097200.0
United Kingdom,GBR,1985,559634600.0
United Kingdom,GBR,1986,568568640.0
United Kingdom,GBR,1987,571649300.0
United Kingdom,GBR,1988,570279040.0
United Kingdom,GBR,1989,581561500.0
United Kingdom,GBR,1990,601945100.0
United Kingdom,GBR,1991,609412700.0
United Kingdom,GBR,1992,593845950.0
United Kingdom,GBR,1993,579612540.0
United Kingdom,GBR,1994,574016900.0
United Kingdom,GBR,1995,566158900.0
United Kingdom,GBR,1996,586760700.0
United Kingdom,GBR,1997,562708160.0
United Kingdom,GBR,1998,568543700.0
United Kingdom,GBR,1999,561649600.0
United Kingdom,GBR,2000,569033660.0
United Kingdom,GBR,2001,577970560.0
United Kingdom,GBR,2002,560273200.0
United Kingdom,GBR,2003,571618750.0
United Kingdom,GBR,2004,573429760.0
United Kingdom,GBR,2005,570338370.0
United Kingdom,GBR,2006,567845600.0
United Kingdom,GBR,2007,559566460.0
United Kingdom,GBR,2008,544932400.0
United Kingdom,GBR,2009,494107700.0
United Kingdom,GBR,2010,511904580.0
United Kingdom,GBR,2011,469713300.0
United Kingdom,GBR,2012,487476770.0
United Kingdom,GBR,2013,477611260.0
United Kingdom,GBR,2014,438807070.0
United Kingdom,GBR,2015,422460800.0
United Kingdom,GBR,2016,399430140.0
United Kingdom,GBR,2017,387367140.0
United Kingdom,GBR,2018,379729760.0
United Kingdom,GBR,2019,364753280.0
United Kingdom,GBR,2020,326263200.0
United Kingdom,GBR,2021,342365570.0
United Kingdom,GBR,2022,311118000.0
United Kingdom,GBR,2023,307826140.0
United Kingdom,GBR,2024,312905540.0
Georgia,GEO,1830,68.0
Georgia,GEO,1831,81.0
Georgia,GEO,1832,54.0
Georgia,GEO,1833,68.0
Georgia,GEO,1850,419.0
Georgia,GEO,1855,1271.0
Georgia,GEO,1858,1785.0
Georgia,GEO,1859,1893.0
Georgia,GEO,1860,2501.0
Georgia,GEO,1861,3178.0
Georgia,GEO,1862,2867.0
Georgia,GEO,1863,3002.0
Georgia,GEO,1864,3367.0
Georgia,GEO,1865,3218.0
Georgia,GEO,1866,10168.0
Georgia,GEO,1867,11669.0
Georgia,GEO,1868,9708.0
Georgia,GEO,1869,13170.0
Georgia,GEO,1870,14292.0
Georgia,GEO,1871,19295.0
Georgia,GEO,1872,19809.0
Georgia,GEO,1873,18592.0
Georgia,GEO,1874,22567.0
Georgia,GEO,1875,25974.0
Georgia,GEO,1876,32248.002
Georgia,GEO,1877,32911.0
Georgia,GEO,1878,43011.0
Georgia,GEO,1879,44133.0
Georgia,GEO,1880,51773.0
Georgia,GEO,1881,54531.0
Georgia,GEO,1882,57438.0
Georgia,GEO,1883,65375.0
Georgia,GEO,1884,66376.0
Georgia,GEO,1885,72298.0
Georgia,GEO,1886,74151.0
Georgia,GEO,1887,78464.0
Georgia,GEO,1888,81844.0
Georgia,GEO,1889,88389.0
Georgia,GEO,1890,100098.0
Georgia,GEO,1891,110212.0
Georgia,GEO,1892,116662.0
Georgia,GEO,1893,136741.0
Georgia,GEO,1894,139269.0
Georgia,GEO,1895,160024.0
Georgia,GEO,1896,162904.0
Georgia,GEO,1897,188351.0
Georgia,GEO,1898,211243.0
Georgia,GEO,1899,245060.0
Georgia,GEO,1900,277605.0
Georgia,GEO,1901,285001.0
Georgia,GEO,1902,275266.0
Georgia,GEO,1903,269263.0
Georgia,GEO,1904,299577.0
Georgia,GEO,1905,267410.0
Georgia,GEO,1906,305013.0
Georgia,GEO,1907,341642.0
Georgia,GEO,1908,343738.0
Georgia,GEO,1909,362857.0
Georgia,GEO,1910,355853.0
Georgia,GEO,1911,368942.0
Georgia,GEO,1912,417929.0
Georgia,GEO,1913,454004.0
Georgia,GEO,1914,409749.0
Georgia,GEO,1915,376094.0
Georgia,GEO,1916,400852.0
Georgia,GEO,1917,368915.0
Georgia,GEO,1918,147125.0
Georgia,GEO,1919,125667.01
Georgia,GEO,1920,114593.0
Georgia,GEO,1921,124274.0
Georgia,GEO,1922,151560.0
Georgia,GEO,1923,167420.0
Georgia,GEO,1924,199466.0
Georgia,GEO,1925,196870.0
Georgia,GEO,1926,285245.0
Georgia,GEO,1927,354636.0
Georgia,GEO,1928,388654.0
Georgia,GEO,1929,418441.0
Georgia,GEO,1930,571227.0
Georgia,GEO,1931,687075.0
Georgia,GEO,1932,773263.0
Georgia,GEO,1933,866040.0
Georgia,GEO,1934,1046502.94
Georgia,GEO,1935,1182703.0
Georgia,GEO,1936,1353718.0
Georgia,GEO,1937,1385951.0
Georgia,GEO,1938,1462978.0
Georgia,GEO,1939,1481021.0
Georgia,GEO,1940,1776513.0
Georgia,GEO,1941,1559539.0
Georgia,GEO,1942,856965.0
Georgia,GEO,1943,894378.0
Georgia,GEO,1944,1297015.0
Georgia,GEO,1945,1366935.0
Georgia,GEO,1946,1531724.0
Georgia,GEO,1947,1842233.0
Georgia,GEO,1948,1956200.0
Georgia,GEO,1949,2222380.0
Georgia,GEO,1950,2472999.0
Georgia,GEO,1951,2677116.0
Georgia,GEO,1952,2865641.0
Georgia,GEO,1953,3030271.0
Georgia,GEO,1954,3305938.0
Georgia,GEO,1955,3747885.0
Georgia,GEO,1956,4113539.2
Georgia,GEO,1957,4503858.0
Georgia,GEO,1958,4811112.0
Georgia,GEO,1959,5058607.0
Georgia,GEO,1960,5268258.0
Georgia,GEO,1961,5440378.0
Georgia,GEO,1962,5718646.0
Georgia,GEO,1963,6142414.0
Georgia,GEO,1964,6541424.0
Georgia,GEO,1965,6943579.0
Georgia,GEO,1966,7335865.0
Georgia,GEO,1967,7678109.0
Georgia,GEO,1968,7901873.0
Georgia,GEO,1969,8235117.0
Georgia,GEO,1970,8654407.0
Georgia,GEO,1971,9203229.0
Georgia,GEO,1972,9696458.0
Georgia,GEO,1973,10121846.0
Georgia,GEO,1974,10524658.0
Georgia,GEO,1975,11079766.0
Georgia,GEO,1976,11516771.0
Georgia,GEO,1977,11918989.0
Georgia,GEO,1978,12338841.0
Georgia,GEO,1979,12447659.0
Georgia,GEO,1980,12940391.0
Georgia,GEO,1981,12720742.0
Georgia,GEO,1982,12967407.0
Georgia,GEO,1983,13169085.0
Georgia,GEO,1984,13302301.0
Georgia,GEO,1985,14340025.0
Georgia,GEO,1986,14157218.0
Georgia,GEO,1987,14515792.0
Georgia,GEO,1988,15133000.0
Georgia,GEO,1989,15043332.0
Georgia,GEO,1990,14850285.0
Georgia,GEO,1991,14601507.0
Georgia,GEO,1992,14126711.0
Georgia,GEO,1993,9883731.0
Georgia,GEO,1994,5897420.0
Georgia,GEO,1995,2265662.0
Georgia,GEO,1996,4045672.0
Georgia,GEO,1997,4412001.0
Georgia,GEO,1998,4863530.0
Georgia,GEO,1999,4245797.0
Georgia,GEO,2000,4497437.0
Georgia,GEO,2001,3722914.0
Georgia,GEO,2002,3346546.0
Georgia,GEO,2003,3730516.0
Georgia,GEO,2004,4277990.0
Georgia,GEO,2005,5045534.0
Georgia,GEO,2006,6272766.0
Georgia,GEO,2007,6609306.0
Georgia,GEO,2008,5746696.0
Georgia,GEO,2009,6170558.0
Georgia,GEO,2010,6289892.0
Georgia,GEO,2011,7814204.0
Georgia,GEO,2012,8293624.0
Georgia,GEO,2013,8028035.0
Georgia,GEO,2014,9058119.0
Georgia,GEO,2015,9790616.0
Georgia,GEO,2016,10042935.0
Georgia,GEO,2017,10059788.0
Georgia,GEO,2018,9888335.0
Georgia,GEO,2019,10517087.0
Georgia,GEO,2020,10377979.0
Georgia,GEO,2021,10749759.0
Georgia,GEO,2022,11999864.0
Georgia,GEO,2023,11922203.0
Georgia,GEO,2024,11784258.0
Ghana,GHA,1950,637536.0
Ghana,GHA,1951,875696.0
Ghana,GHA,1952,868368.0
Ghana,GHA,1953,1018592.0
Ghana,GHA,1954,1003936.06
Ghana,GHA,1955,1187136.0
Ghana,GHA,1956,1077216.0
Ghana,GHA,1957,1293392.0
Ghana,GHA,1958,1363008.0
Ghana,GHA,1959,1322704.0
Ghana,GHA,1960,1461936.0
Ghana,GHA,1961,1344688.0
Ghana,GHA,1962,1432624.0
Ghana,GHA,1963,1722080.0
Ghana,GHA,1964,1648800.0
Ghana,GHA,1965,1703760.0
Ghana,GHA,1966,1439952.0
Ghana,GHA,1967,1494912.0
Ghana,GHA,1968,1648800.0
Ghana,GHA,1969,1488020.0
Ghana,GHA,1970,2403584.0
Ghana,GHA,1971,2029856.0
Ghana,GHA,1972,2216720.0
Ghana,GHA,1973,2257024.0
Ghana,GHA,1974,2674720.0
Ghana,GHA,1975,2410912.0
Ghana,GHA,1976,2106800.0
Ghana,GHA,1977,2696332.0
Ghana,GHA,1978,2718380.0
Ghana,GHA,1979,2520832.0
Ghana,GHA,1980,2410702.0
Ghana,GHA,1981,2846690.0
Ghana,GHA,1982,2894560.0
Ghana,GHA,1983,3509969.0
Ghana,GHA,1984,2465710.0
Ghana,GHA,1985,3143712.0
Ghana,GHA,1986,2934864.0
Ghana,GHA,1987,3147376.0
Ghana,GHA,1988,3209664.0
Ghana,GHA,1989,3059440.0
Ghana,GHA,1990,3513776.0
Ghana,GHA,1991,3901860.0
Ghana,GHA,1992,3242640.0
Ghana,GHA,1993,3817888.0
Ghana,GHA,1994,4539696.0
Ghana,GHA,1995,4623968.0
Ghana,GHA,1996,4858464.0
Ghana,GHA,1997,5514320.0
Ghana,GHA,1998,5583936.0
Ghana,GHA,1999,5613248.0
Ghana,GHA,2000,5312800.0
Ghana,GHA,2001,5968656.0
Ghana,GHA,2002,6483251.0
Ghana,GHA,2003,6684573.0
Ghana,GHA,2004,6450628.0
Ghana,GHA,2005,6113072.0
Ghana,GHA,2006,8523184.0
Ghana,GHA,2007,8981875.0
Ghana,GHA,2008,8324322.5
Ghana,GHA,2009,6867658.0
Ghana,GHA,2010,8942513.0
Ghana,GHA,2011,10328553.0
Ghana,GHA,2012,12640586.0
Ghana,GHA,2013,12609988.0
Ghana,GHA,2014,13256576.0
Ghana,GHA,2015,14568119.0
Ghana,GHA,2016,13913649.0
Ghana,GHA,2017,12437270.0
Ghana,GHA,2018,15189658.0
Ghana,GHA,2019,16415195.0
Ghana,GHA,2020,19164054.0
Ghana,GHA,2021,20556058.0
Ghana,GHA,2022,20745210.0
Ghana,GHA,2023,20135648.0
Ghana,GHA,2024,21021874.0
Guinea,GIN,1950,182399.0
Guinea,GIN,1951,152514.0
Guinea,GIN,1952,170548.0
Guinea,GIN,1953,141694.0
Guinea,GIN,1954,166941.0
Guinea,GIN,1955,166426.0
Guinea,GIN,1956,192703.0
Guinea,GIN,1957,197341.0
Guinea,GIN,1958,164880.0
Guinea,GIN,1959,157552.0
Guinea,GIN,1960,410368.0
Guinea,GIN,1961,615552.0
Guinea,GIN,1962,659520.0
Guinea,GIN,1963,696160.0
Guinea,GIN,1964,699824.0
Guinea,GIN,1965,696160.0
Guinea,GIN,1966,718144.0
Guinea,GIN,1967,725472.0
Guinea,GIN,1968,747456.0
Guinea,GIN,1969,747456.0
Guinea,GIN,1970,791424.0
Guinea,GIN,1971,813408.0
Guinea,GIN,1972,831728.0
Guinea,GIN,1973,802416.0
Guinea,GIN,1974,839056.0
Guinea,GIN,1975,842720.0
Guinea,GIN,1976,886688.0
Guinea,GIN,1977,901344.0
Guinea,GIN,1978,901344.0
Guinea,GIN,1979,945312.0
Guinea,GIN,1980,963632.0
Guinea,GIN,1981,989280.0
Guinea,GIN,1982,981952.0
Guinea,GIN,1983,952640.0
Guinea,GIN,1984,978288.0
Guinea,GIN,1985,992944.0
Guinea,GIN,1986,996608.0
Guinea,GIN,1987,992944.0
Guinea,GIN,1988,1025920.06
Guinea,GIN,1989,1044240.0
Guinea,GIN,1990,967296.0
Guinea,GIN,1991,989280.0
Guinea,GIN,1992,1014928.0
Guinea,GIN,1993,1044240.0
Guinea,GIN,1994,1084544.0
Guinea,GIN,1995,1121184.0
Guinea,GIN,1996,1183472.0
Guinea,GIN,1997,1238432.0
Guinea,GIN,1998,1311712.0
Guinea,GIN,1999,1384992.0
Guinea,GIN,2000,1443616.0
Guinea,GIN,2001,1516896.0
Guinea,GIN,2002,1579184.0
Guinea,GIN,2003,1652464.0
Guinea,GIN,2004,1722080.0
Guinea,GIN,2005,1784368.0
Guinea,GIN,2006,1846656.0
Guinea,GIN,2007,1927264.0
Guinea,GIN,2008,1963904.0
Guinea,GIN,2009,2092144.0
Guinea,GIN,2010,2458544.0
Guinea,GIN,2011,2557472.0
Guinea,GIN,2012,2392592.0
Guinea,GIN,2013,2077488.0
Guinea,GIN,2014,2370608.0
Guinea,GIN,2015,2454399.0
Guinea,GIN,2016,2699814.0
Guinea,GIN,2017,4847472.0
Guinea,GIN,2018,3770256.0
Guinea,GIN,2019,4104165.0
Guinea,GIN,2020,4430248.0
Guinea,GIN,2021,4067529.2
Guinea,GIN,2022,4052384.0
Guinea,GIN,2023,3875027.0
Guinea,GIN,2024,4026185.0
Gambia,GMB,1950,14656.0
Gambia,GMB,1951,14656.0
Gambia,GMB,1952,10992.0
Gambia,GMB,1953,10992.0
Gambia,GMB,1954,14656.0
Gambia,GMB,1955,14656.0
Gambia,GMB,1956,18320.0
Gambia,GMB,1957,21984.0
Gambia,GMB,1958,25648.0
Gambia,GMB,1959,18320.0
Gambia,GMB,1960,18320.0
Gambia,GMB,1961,21984.0
Gambia,GMB,1962,25648.0
Gambia,GMB,1963,29312.0
Gambia,GMB,1964,29312.0
Gambia,GMB,1965,29312.0
Gambia,GMB,1966,32976.0
Gambia,GMB,1967,32976.0
Gambia,GMB,1968,36640.0
Gambia,GMB,1969,47632.0
Gambia,GMB,1970,47632.0
Gambia,GMB,1971,54960.0
Gambia,GMB,1972,65952.0
Gambia,GMB,1973,62288.0
Gambia,GMB,1974,62288.0
Gambia,GMB,1975,98928.0
Gambia,GMB,1976,98928.0
Gambia,GMB,1977,113584.0
Gambia,GMB,1978,139232.0
Gambia,GMB,1979,146560.0
Gambia,GMB,1980,157552.0
Gambia,GMB,1981,157552.0
Gambia,GMB,1982,161216.0
Gambia,GMB,1983,161216.0
Gambia,GMB,1984,172208.0
Gambia,GMB,1985,172208.0
Gambia,GMB,1986,161216.0
Gambia,GMB,1987,179536.0
Gambia,GMB,1988,183200.0
Gambia,GMB,1989,179536.0
Gambia,GMB,1990,197856.0
Gambia,GMB,1991,197856.0
Gambia,GMB,1992,197856.0
Gambia,GMB,1993,208848.0
Gambia,GMB,1994,208848.0
Gambia,GMB,1995,216176.0
Gambia,GMB,1996,219840.0
Gambia,GMB,1997,223504.0
Gambia,GMB,1998,241824.0
Gambia,GMB,1999,274800.0
Gambia,GMB,2000,274800.0
Gambia,GMB,2001,300448.0
Gambia,GMB,2002,300448.0
Gambia,GMB,2003,300448.0
Gambia,GMB,2004,318768.0
Gambia,GMB,2005,318768.0
Gambia,GMB,2006,348080.0
Gambia,GMB,2007,348080.0
Gambia,GMB,2008,362736.0
Gambia,GMB,2009,373728.0
Gambia,GMB,2010,432352.0
Gambia,GMB,2011,443344.0
Gambia,GMB,2012,450672.0
Gambia,GMB,2013,428688.0
Gambia,GMB,2014,505631.97
Gambia,GMB,2015,582576.0
Gambia,GMB,2016,589904.0
Gambia,GMB,2017,597232.0
Gambia,GMB,2018,648528.0
Gambia,GMB,2019,710816.0
Gambia,GMB,2020,699824.0
Gambia,GMB,2021,725472.0
Gambia,GMB,2022,807998.0
Gambia,GMB,2023,772635.0
Gambia,GMB,2024,802774.0
Guinea-Bissau,GNB,1950,7328.0
Guinea-Bissau,GNB,1951,3664.0
Guinea-Bissau,GNB,1952,10992.0
Guinea-Bissau,GNB,1953,7328.0
Guinea-Bissau,GNB,1954,7328.0
Guinea-Bissau,GNB,1955,10992.0
Guinea-Bissau,GNB,1956,10992.0
Guinea-Bissau,GNB,1957,10992.0
Guinea-Bissau,GNB,1958,10992.0
Guinea-Bissau,GNB,1959,14656.0
Guinea-Bissau,GNB,1960,18320.0
Guinea-Bissau,GNB,1961,29312.0
Guinea-Bissau,GNB,1962,40304.0
Guinea-Bissau,GNB,1963,47632.0
Guinea-Bissau,GNB,1964,58624.0
Guinea-Bissau,GNB,1965,65952.0
Guinea-Bissau,GNB,1966,65952.0
Guinea-Bissau,GNB,1967,47632.0
Guinea-Bissau,GNB,1968,62288.0
Guinea-Bissau,GNB,1969,58624.0
Guinea-Bissau,GNB,1970,69616.0
Guinea-Bissau,GNB,1971,73280.0
Guinea-Bissau,GNB,1972,65952.0
Guinea-Bissau,GNB,1973,109920.0
Guinea-Bissau,GNB,1974,102592.0
Guinea-Bissau,GNB,1975,113584.0
Guinea-Bissau,GNB,1976,95264.0
Guinea-Bissau,GNB,1977,102592.0
Guinea-Bissau,GNB,1978,102592.0
Guinea-Bissau,GNB,1979,109920.0
Guinea-Bissau,GNB,1980,146560.0
Guinea-Bissau,GNB,1981,142896.0
Guinea-Bissau,GNB,1982,142896.0
Guinea-Bissau,GNB,1983,142896.0
Guinea-Bissau,GNB,1984,161216.0
Guinea-Bissau,GNB,1985,172208.0
Guinea-Bissau,GNB,1986,183200.0
Guinea-Bissau,GNB,1987,194192.0
Guinea-Bissau,GNB,1988,216176.0
Guinea-Bissau,GNB,1989,230832.0
Guinea-Bissau,GNB,1990,95264.0
Guinea-Bissau,GNB,1991,95264.0
Guinea-Bissau,GNB,1992,95264.0
Guinea-Bissau,GNB,1993,98928.0
Guinea-Bissau,GNB,1994,98928.0
Guinea-Bissau,GNB,1995,102592.0
Guinea-Bissau,GNB,1996,98928.0
Guinea-Bissau,GNB,1997,117248.0
Guinea-Bissau,GNB,1998,87936.0
Guinea-Bissau,GNB,1999,98928.0
Guinea-Bissau,GNB,2000,51296.0
Guinea-Bissau,GNB,2001,47632.0
Guinea-Bissau,GNB,2002,62288.0
Guinea-Bissau,GNB,2003,73280.0
Guinea-Bissau,GNB,2004,43968.0
Guinea-Bissau,GNB,2005,91600.0
Guinea-Bissau,GNB,2006,117248.0
Guinea-Bissau,GNB,2007,84272.0
Guinea-Bissau,GNB,2008,117248.0
Guinea-Bissau,GNB,2009,98928.0
Guinea-Bissau,GNB,2010,102592.0
Guinea-Bissau,GNB,2011,109920.0
Guinea-Bissau,GNB,2012,113584.0
Guinea-Bissau,GNB,2013,142896.0
Guinea-Bissau,GNB,2014,142896.0
Guinea-Bissau,GNB,2015,153888.0
Guinea-Bissau,GNB,2016,168544.0
Guinea-Bissau,GNB,2017,183200.0
Guinea-Bissau,GNB,2018,197856.0
Guinea-Bissau,GNB,2019,256480.02
Guinea-Bissau,GNB,2020,311440.0
Guinea-Bissau,GNB,2021,340752.0
Guinea-Bissau,GNB,2022,344416.0
Guinea-Bissau,GNB,2023,329342.0
Guinea-Bissau,GNB,2024,342189.0
Equatorial Guinea,GNQ,1950,10992.0
Equatorial Guinea,GNQ,1951,10992.0
Equatorial Guinea,GNQ,1952,10992.0
Equatorial Guinea,GNQ,1953,10992.0
Equatorial Guinea,GNQ,1954,29312.0
Equatorial Guinea,GNQ,1955,36640.0
Equatorial Guinea,GNQ,1956,36640.0
Equatorial Guinea,GNQ,1957,32976.0
Equatorial Guinea,GNQ,1958,47632.0
Equatorial Guinea,GNQ,1959,47632.0
Equatorial Guinea,GNQ,1960,21984.0
Equatorial Guinea,GNQ,1961,21984.0
Equatorial Guinea,GNQ,1962,21984.0
Equatorial Guinea,GNQ,1963,25648.0
Equatorial Guinea,GNQ,1964,25648.0
Equatorial Guinea,GNQ,1965,29312.0
Equatorial Guinea,GNQ,1966,25648.0
Equatorial Guinea,GNQ,1967,25648.0
Equatorial Guinea,GNQ,1968,29312.0
Equatorial Guinea,GNQ,1969,43968.0
Equatorial Guinea,GNQ,1970,36640.0
Equatorial Guinea,GNQ,1971,65952.0
Equatorial Guinea,GNQ,1972,87936.0
Equatorial Guinea,GNQ,1973,29312.0
Equatorial Guinea,GNQ,1974,51296.0
Equatorial Guinea,GNQ,1975,62288.0
Equatorial Guinea,GNQ,1976,62288.0
Equatorial Guinea,GNQ,1977,62288.0
Equatorial Guinea,GNQ,1978,69616.0
Equatorial Guinea,GNQ,1979,62288.0
Equatorial Guinea,GNQ,1980,58624.0
Equatorial Guinea,GNQ,1981,69616.0
Equatorial Guinea,GNQ,1982,73280.0
Equatorial Guinea,GNQ,1983,62288.0
Equatorial Guinea,GNQ,1984,80608.0
Equatorial Guinea,GNQ,1985,65952.0
Equatorial Guinea,GNQ,1986,80608.0
Equatorial Guinea,GNQ,1987,98928.0
Equatorial Guinea,GNQ,1988,106256.0
Equatorial Guinea,GNQ,1989,117248.0
Equatorial Guinea,GNQ,1990,62288.0
Equatorial Guinea,GNQ,1991,65952.0
Equatorial Guinea,GNQ,1992,65952.0
Equatorial Guinea,GNQ,1993,69616.0
Equatorial Guinea,GNQ,1994,1149252.0
Equatorial Guinea,GNQ,1995,1223391.0
Equatorial Guinea,GNQ,1996,1359200.0
Equatorial Guinea,GNQ,1997,1974754.0
Equatorial Guinea,GNQ,1998,2295006.0
Equatorial Guinea,GNQ,1999,2510610.0
Equatorial Guinea,GNQ,2000,2699265.0
Equatorial Guinea,GNQ,2001,3091017.0
Equatorial Guinea,GNQ,2002,2765123.0
Equatorial Guinea,GNQ,2003,3129772.0
Equatorial Guinea,GNQ,2004,6137383.0
Equatorial Guinea,GNQ,2005,6206022.0
Equatorial Guinea,GNQ,2006,6172399.0
Equatorial Guinea,GNQ,2007,5711390.0
Equatorial Guinea,GNQ,2008,5925540.0
Equatorial Guinea,GNQ,2009,4883218.0
Equatorial Guinea,GNQ,2010,6376580.0
Equatorial Guinea,GNQ,2011,6066920.0
Equatorial Guinea,GNQ,2012,6875031.0
Equatorial Guinea,GNQ,2013,8168394.0
Equatorial Guinea,GNQ,2014,7641309.0
Equatorial Guinea,GNQ,2015,7009905.0
Equatorial Guinea,GNQ,2016,7537713.0
Equatorial Guinea,GNQ,2017,6815631.0
Equatorial Guinea,GNQ,2018,7034368.0
Equatorial Guinea,GNQ,2019,5513671.0
Equatorial Guinea,GNQ,2020,6389506.0
Equatorial Guinea,GNQ,2021,7087588.0
Equatorial Guinea,GNQ,2022,7496825.0
Equatorial Guinea,GNQ,2023,6913363.0
Equatorial Guinea,GNQ,2024,7010352.0
Greece,GRC,1867,168544.0
Greece,GRC,1868,84272.0
Greece,GRC,1869,194192.0
Greece,GRC,1870,201520.0
Greece,GRC,1871,296784.0
Greece,GRC,1872,175872.0
Greece,GRC,1873,194192.0
Greece,GRC,1874,150224.0
Greece,GRC,1875,164880.0
Greece,GRC,1879,3664.0
Greece,GRC,1883,3664.0
Greece,GRC,1888,3664.0
Greece,GRC,1892,370064.0
Greece,GRC,1893,326096.0
Greece,GRC,1894,333424.0
Greece,GRC,1895,311440.0
Greece,GRC,1896,373728.0
Greece,GRC,1897,362736.0
Greece,GRC,1898,461664.0
Greece,GRC,1899,241824.0
Greece,GRC,1900,417696.0
Greece,GRC,1901,417696.0
Greece,GRC,1902,333424.0
Greece,GRC,1903,399376.0
Greece,GRC,1904,355408.0
Greece,GRC,1905,278464.0
Greece,GRC,1906,260144.0
Greece,GRC,1907,428688.0
Greece,GRC,1908,729136.0
Greece,GRC,1909,560592.0
Greece,GRC,1910,718144.0
Greece,GRC,1911,905008.0
Greece,GRC,1913,1337360.0
Greece,GRC,1914,10992.0
Greece,GRC,1915,21984.0
Greece,GRC,1916,65952.0
Greece,GRC,1917,91600.0
Greece,GRC,1918,124576.0
Greece,GRC,1919,106256.0
Greece,GRC,1920,677840.0
Greece,GRC,1921,743792.0
Greece,GRC,1922,677840.0
Greece,GRC,1923,919664.0
Greece,GRC,1924,1297056.0
Greece,GRC,1925,1978560.0
Greece,GRC,1926,1821008.0
Greece,GRC,1927,2315648.0
Greece,GRC,1928,2373678.0
Greece,GRC,1929,2703408.0
Greece,GRC,1930,2853542.0
Greece,GRC,1931,2728878.0
Greece,GRC,1932,2681246.0
Greece,GRC,1933,2300188.0
Greece,GRC,1934,2831262.0
Greece,GRC,1935,2911779.0
Greece,GRC,1936,3366087.0
Greece,GRC,1937,3585897.0
Greece,GRC,1938,2842018.0
Greece,GRC,1939,251419.0
Greece,GRC,1940,237387.0
Greece,GRC,1941,135301.0
Greece,GRC,1942,227047.0
Greece,GRC,1943,212512.0
Greece,GRC,1944,109920.0
Greece,GRC,1945,65744.0
Greece,GRC,1946,124160.0
Greece,GRC,1947,167801.0
Greece,GRC,1948,1350890.0
Greece,GRC,1949,1640135.0
Greece,GRC,1950,4127723.2
Greece,GRC,1951,4574584.0
Greece,GRC,1952,4797435.0
Greece,GRC,1953,4884772.0
Greece,GRC,1954,5082185.0
Greece,GRC,1955,5953088.0
Greece,GRC,1956,6286093.0
Greece,GRC,1957,6813741.0
Greece,GRC,1958,7447168.0
Greece,GRC,1959,8120928.0
Greece,GRC,1960,9391531.0
Greece,GRC,1961,9808427.0
Greece,GRC,1962,10152143.0
Greece,GRC,1963,12239481.0
Greece,GRC,1964,13201597.0
Greece,GRC,1965,16998966.0
Greece,GRC,1966,18620604.0
Greece,GRC,1967,19504190.0
Greece,GRC,1968,22286276.0
Greece,GRC,1969,25434256.0
Greece,GRC,1970,24126176.0
Greece,GRC,1971,27749512.0
Greece,GRC,1972,31477310.0
Greece,GRC,1973,37131216.0
Greece,GRC,1974,36061770.0
Greece,GRC,1975,38669764.0
Greece,GRC,1976,42655544.0
Greece,GRC,1977,46657156.0
Greece,GRC,1978,47681776.0
Greece,GRC,1979,50818708.0
Greece,GRC,1980,50888696.0
Greece,GRC,1981,50125424.0
Greece,GRC,1982,51508770.0
Greece,GRC,1983,54789372.0
Greece,GRC,1984,56284932.0
Greece,GRC,1985,59771930.0
Greece,GRC,1986,58274830.0
Greece,GRC,1987,62576332.0
Greece,GRC,1988,67051870.0
Greece,GRC,1989,73227450.0
Greece,GRC,1990,83436790.0
Greece,GRC,1991,83406250.0
Greece,GRC,1992,84973990.0
Greece,GRC,1993,84283290.0
Greece,GRC,1994,86429010.0
Greece,GRC,1995,86962370.0
Greece,GRC,1996,89114104.0
Greece,GRC,1997,93801120.0
Greece,GRC,1998,98621380.0
Greece,GRC,1999,97934380.0
Greece,GRC,2000,102972760.0
Greece,GRC,2001,105361460.0
Greece,GRC,2002,105000264.0
Greece,GRC,2003,109066560.0
Greece,GRC,2004,109484850.0
Greece,GRC,2005,113888810.0
Greece,GRC,2006,112419370.0
Greece,GRC,2007,114545450.0
Greece,GRC,2008,111080040.0
Greece,GRC,2009,104319480.0
Greece,GRC,2010,97354140.0
Greece,GRC,2011,94505224.0
Greece,GRC,2012,91392590.0
Greece,GRC,2013,81713256.0
Greece,GRC,2014,78635700.0
Greece,GRC,2015,74926664.0
Greece,GRC,2016,71359610.0
Greece,GRC,2017,74841750.0
Greece,GRC,2018,71778090.0
Greece,GRC,2019,65736330.0
Greece,GRC,2020,55576930.0
Greece,GRC,2021,57527910.0
Greece,GRC,2022,57609050.0
Greece,GRC,2023,51988224.0
Greece,GRC,2024,53360840.0
Grenada,GRD,1950,7328.0
Grenada,GRD,1951,10992.0
Grenada,GRD,1952,10992.0
Grenada,GRD,1953,10992.0
Grenada,GRD,1954,10992.0
Grenada,GRD,1955,10992.0
Grenada,GRD,1956,10992.0
Grenada,GRD,1957,10992.0
Grenada,GRD,1958,14656.0
Grenada,GRD,1959,14656.0
Grenada,GRD,1960,21984.0
Grenada,GRD,1961,18320.0
Grenada,GRD,1962,25648.0
Grenada,GRD,1963,14656.0
Grenada,GRD,1964,21984.0
Grenada,GRD,1965,21984.0
Grenada,GRD,1966,29312.0
Grenada,GRD,1967,36640.0
Grenada,GRD,1968,40304.0
Grenada,GRD,1969,47632.0
Grenada,GRD,1970,43968.0
Grenada,GRD,1971,47632.0
Grenada,GRD,1972,47632.0
Grenada,GRD,1973,54960.0
Grenada,GRD,1974,36640.0
Grenada,GRD,1975,47632.0
Grenada,GRD,1976,47632.0
Grenada,GRD,1977,47632.0
Grenada,GRD,1978,51296.0
Grenada,GRD,1979,47632.0
Grenada,GRD,1980,47632.0
Grenada,GRD,1981,58624.0
Grenada,GRD,1982,62288.0
Grenada,GRD,1983,62288.0
Grenada,GRD,1984,62288.0
Grenada,GRD,1985,62288.0
Grenada,GRD,1986,65952.0
Grenada,GRD,1987,73280.0
Grenada,GRD,1988,95264.0
Grenada,GRD,1989,98928.0
Grenada,GRD,1990,106256.0
Grenada,GRD,1991,109920.0
Grenada,GRD,1992,117248.0
Grenada,GRD,1993,124576.0
Grenada,GRD,1994,142896.0
Grenada,GRD,1995,150224.0
Grenada,GRD,1996,153888.0
Grenada,GRD,1997,168544.0
Grenada,GRD,1998,175872.0
Grenada,GRD,1999,190528.0
Grenada,GRD,2000,186864.0
Grenada,GRD,2001,194192.0
Grenada,GRD,2002,201520.0
Grenada,GRD,2003,212512.0
Grenada,GRD,2004,205184.0
Grenada,GRD,2005,216176.0
Grenada,GRD,2006,223504.0
Grenada,GRD,2007,238160.0
Grenada,GRD,2008,260144.0
Grenada,GRD,2009,249152.0
Grenada,GRD,2010,256480.02
Grenada,GRD,2011,249152.0
Grenada,GRD,2012,267472.0
Grenada,GRD,2013,300448.0
Grenada,GRD,2014,241824.0
Grenada,GRD,2015,260144.0
Grenada,GRD,2016,274800.0
Grenada,GRD,2017,293120.0
Grenada,GRD,2018,307776.0
Grenada,GRD,2019,333424.0
Grenada,GRD,2020,289456.0
Grenada,GRD,2021,311440.0
Grenada,GRD,2022,342393.0
Grenada,GRD,2023,362973.0
Grenada,GRD,2024,376971.0
Greenland,GRL,1950,98928.0
Greenland,GRL,1951,98928.0
Greenland,GRL,1952,106256.0
Greenland,GRL,1953,120912.0
Greenland,GRL,1954,102592.0
Greenland,GRL,1955,208848.0
Greenland,GRL,1956,142896.0
Greenland,GRL,1957,161216.0
Greenland,GRL,1958,227168.0
Greenland,GRL,1959,234496.0
Greenland,GRL,1960,223504.0
Greenland,GRL,1961,293120.0
Greenland,GRL,1962,263808.0
Greenland,GRL,1963,329760.0
Greenland,GRL,1964,315104.0
Greenland,GRL,1965,344416.0
Greenland,GRL,1966,388384.0
Greenland,GRL,1967,417696.0
Greenland,GRL,1968,542272.0
Greenland,GRL,1969,406704.0
Greenland,GRL,1970,381056.0
Greenland,GRL,1971,468992.0
Greenland,GRL,1972,553264.0
Greenland,GRL,1973,556928.0
Greenland,GRL,1974,556928.0
Greenland,GRL,1975,505631.97
Greenland,GRL,1976,219840.0
Greenland,GRL,1977,721808.0
Greenland,GRL,1978,392048.0
Greenland,GRL,1979,571584.0
Greenland,GRL,1980,564256.0
Greenland,GRL,1981,527616.0
Greenland,GRL,1982,516623.97
Greenland,GRL,1983,362736.0
Greenland,GRL,1984,567920.0
Greenland,GRL,1985,509296.0
Greenland,GRL,1986,326096.0
Greenland,GRL,1987,234496.0
Greenland,GRL,1988,545936.0
Greenland,GRL,1989,472656.0
Greenland,GRL,1990,624200.0
Greenland,GRL,1991,609400.0
Greenland,GRL,1992,595300.0
Greenland,GRL,1993,545400.0
Greenland,GRL,1994,495400.0
Greenland,GRL,1995,533800.0
Greenland,GRL,1996,596500.0
Greenland,GRL,1997,617300.0
Greenland,GRL,1998,596500.0
Greenland,GRL,1999,594100.0
Greenland,GRL,2000,667204.0
Greenland,GRL,2001,617803.0
Greenland,GRL,2002,579401.0
Greenland,GRL,2003,649303.0
Greenland,GRL,2004,622602.0
Greenland,GRL,2005,626700.0
Greenland,GRL,2006,643700.0
Greenland,GRL,2007,635201.0
Greenland,GRL,2008,653603.0
Greenland,GRL,2009,577200.0
Greenland,GRL,2010,660705.0
Greenland,GRL,2011,705100.0
Greenland,GRL,2012,547020.0
Greenland,GRL,2013,562200.0
Greenland,GRL,2014,502506.97
Greenland,GRL,2015,547600.0
Greenland,GRL,2016,509199.97
Greenland,GRL,2017,535903.0
Greenland,GRL,2018,523740.0
Greenland,GRL,2019,526130.0
Greenland,GRL,2020,549509.0
Greenland,GRL,2021,546354.0
Greenland,GRL,2022,587201.0
Greenland,GRL,2023,608955.0
Greenland,GRL,2024,618963.0
Guatemala,GTM,1870,0.0
Guatemala,GTM,1871,0.0
Guatemala,GTM,1872,0.0
Guatemala,GTM,1873,0.0
Guatemala,GTM,1874,3.0
Guatemala,GTM,1875,0.0
Guatemala,GTM,1876,0.0
Guatemala,GTM,1877,5.0
Guatemala,GTM,1878,23.0
Guatemala,GTM,1879,38.0
Guatemala,GTM,1880,23.0
Guatemala,GTM,1881,5.0
Guatemala,GTM,1882,3.0
Guatemala,GTM,1883,28.0
Guatemala,GTM,1884,74.0
Guatemala,GTM,1885,49.0
Guatemala,GTM,1886,103.0
Guatemala,GTM,1887,97.0
Guatemala,GTM,1888,126.0
Guatemala,GTM,1889,203.0
Guatemala,GTM,1890,362.0
Guatemala,GTM,1891,321.0
Guatemala,GTM,1892,587.0
Guatemala,GTM,1893,1131.0
Guatemala,GTM,1894,1857.0
Guatemala,GTM,1895,12208.0
Guatemala,GTM,1896,10023.0
Guatemala,GTM,1897,13732.0
Guatemala,GTM,1898,3260.0
Guatemala,GTM,1899,2834.0
Guatemala,GTM,1900,4732.0
Guatemala,GTM,1901,7420.0
Guatemala,GTM,1902,13096.0
Guatemala,GTM,1903,17366.0
Guatemala,GTM,1904,24563.0
Guatemala,GTM,1905,34397.0
Guatemala,GTM,1906,39139.0
Guatemala,GTM,1907,35479.0
Guatemala,GTM,1908,28277.0
Guatemala,GTM,1909,29554.0
Guatemala,GTM,1910,35607.0
Guatemala,GTM,1911,40860.0
Guatemala,GTM,1912,44756.0
Guatemala,GTM,1913,44004.0
Guatemala,GTM,1914,41024.0
Guatemala,GTM,1915,47018.0
Guatemala,GTM,1916,28698.0
Guatemala,GTM,1917,2526.0
Guatemala,GTM,1918,708.0
Guatemala,GTM,1919,10418.0
Guatemala,GTM,1920,5196.0
Guatemala,GTM,1921,7292.0
Guatemala,GTM,1922,2077.0
Guatemala,GTM,1923,857.0
Guatemala,GTM,1924,1762.0
Guatemala,GTM,1925,0.0
Guatemala,GTM,1926,0.0
Guatemala,GTM,1927,382.0
Guatemala,GTM,1928,1149.0
Guatemala,GTM,1929,2298.0
Guatemala,GTM,1930,1149.0
Guatemala,GTM,1931,1149.0
Guatemala,GTM,1932,1149.0
Guatemala,GTM,1933,1531.0
Guatemala,GTM,1934,1913.0
Guatemala,GTM,1935,382.0
Guatemala,GTM,1936,1531.0
Guatemala,GTM,1937,1913.0
Guatemala,GTM,1938,767.0
Guatemala,GTM,1939,1531.0
Guatemala,GTM,1940,767.0
Guatemala,GTM,1941,12052.0
Guatemala,GTM,1942,11285.0
Guatemala,GTM,1943,11670.0
Guatemala,GTM,1944,11670.0
Guatemala,GTM,1945,15304.0
Guatemala,GTM,1946,15304.0
Guatemala,GTM,1947,15304.0
Guatemala,GTM,1948,15686.0
Guatemala,GTM,1949,20085.0
Guatemala,GTM,1950,622100.0
Guatemala,GTM,1951,637298.0
Guatemala,GTM,1952,644626.0
Guatemala,GTM,1953,681266.0
Guatemala,GTM,1954,743554.0
Guatemala,GTM,1955,915673.0
Guatemala,GTM,1956,977961.0
Guatemala,GTM,1957,985230.0
Guatemala,GTM,1958,1128037.0
Guatemala,GTM,1959,1237957.0
Guatemala,GTM,1960,1344242.0
Guatemala,GTM,1961,1406471.0
Guatemala,GTM,1962,1380853.0
Guatemala,GTM,1963,1519936.0
Guatemala,GTM,1964,1768969.0
Guatemala,GTM,1965,1973945.0
Guatemala,GTM,1966,1739598.0
Guatemala,GTM,1967,1981333.0
Guatemala,GTM,1968,2139063.0
Guatemala,GTM,1969,2278117.0
Guatemala,GTM,1970,2296437.0
Guatemala,GTM,1971,2439303.0
Guatemala,GTM,1972,2706626.0
Guatemala,GTM,1973,2933616.0
Guatemala,GTM,1974,3065520.0
Guatemala,GTM,1975,3519529.0
Guatemala,GTM,1976,3304719.0
Guatemala,GTM,1977,3804044.0
Guatemala,GTM,1978,4116493.2
Guatemala,GTM,1979,4677066.0
Guatemala,GTM,1980,4491431.0
Guatemala,GTM,1981,3948185.0
Guatemala,GTM,1982,3605317.0
Guatemala,GTM,1983,3158417.0
Guatemala,GTM,1984,3399495.0
Guatemala,GTM,1985,3494651.0
Guatemala,GTM,1986,3661638.0
Guatemala,GTM,1987,3911808.0
Guatemala,GTM,1988,4070957.2
Guatemala,GTM,1989,4183066.0
Guatemala,GTM,1990,4657699.0
Guatemala,GTM,1991,4756469.0
Guatemala,GTM,1992,5791402.0
Guatemala,GTM,1993,5571562.0
Guatemala,GTM,1994,6638779.0
Guatemala,GTM,1995,7085017.0
Guatemala,GTM,1996,6539781.0
Guatemala,GTM,1997,7460356.0
Guatemala,GTM,1998,8620270.0
Guatemala,GTM,1999,8873891.0
Guatemala,GTM,2000,9741985.0
Guatemala,GTM,2001,10147467.0
Guatemala,GTM,2002,10693539.0
Guatemala,GTM,2003,10411405.0
Guatemala,GTM,2004,11055913.0
Guatemala,GTM,2005,12038359.0
Guatemala,GTM,2006,12175961.0
Guatemala,GTM,2007,12117008.0
Guatemala,GTM,2008,10734758.0
Guatemala,GTM,2009,11724694.0
Guatemala,GTM,2010,10817142.0
Guatemala,GTM,2011,10979266.0
Guatemala,GTM,2012,11346780.0
Guatemala,GTM,2013,12493455.0
Guatemala,GTM,2014,13424808.0
Guatemala,GTM,2015,15449177.0
Guatemala,GTM,2016,16523710.0
Guatemala,GTM,2017,16992724.0
Guatemala,GTM,2018,18338418.0
Guatemala,GTM,2019,19258856.0
Guatemala,GTM,2020,17156898.0
Guatemala,GTM,2021,19984124.0
Guatemala,GTM,2022,18913354.0
Guatemala,GTM,2023,19736068.0
Guatemala,GTM,2024,19880430.0
Guyana,GUY,1950,260144.0
Guyana,GUY,1951,285792.0
Guyana,GUY,1952,337088.0
Guyana,GUY,1953,450672.0
Guyana,GUY,1954,472656.0
Guyana,GUY,1955,516623.97
Guyana,GUY,1956,549600.0
Guyana,GUY,1957,534944.0
Guyana,GUY,1958,458000.0
Guyana,GUY,1959,553264.0
Guyana,GUY,1960,659520.0
Guyana,GUY,1961,736464.0
Guyana,GUY,1962,677840.0
Guyana,GUY,1963,615552.0
Guyana,GUY,1964,648528.0
Guyana,GUY,1965,1077216.0
Guyana,GUY,1966,1179808.0
Guyana,GUY,1967,1322704.0
Guyana,GUY,1968,1330032.0
Guyana,GUY,1969,1366672.0
Guyana,GUY,1970,1579184.0
Guyana,GUY,1971,1498576.0
Guyana,GUY,1972,1560864.0
Guyana,GUY,1973,1802688.0
Guyana,GUY,1974,1553536.0
Guyana,GUY,1975,1824672.0
Guyana,GUY,1976,1751392.0
Guyana,GUY,1977,1897952.0
Guyana,GUY,1978,2055504.1
Guyana,GUY,1979,1520560.0
Guyana,GUY,1980,1788032.0
Guyana,GUY,1981,1799024.0
Guyana,GUY,1982,1403312.0
Guyana,GUY,1983,1245760.0
Guyana,GUY,1984,1403312.0
Guyana,GUY,1985,1417968.0
Guyana,GUY,1986,1044240.0
Guyana,GUY,1987,1308048.0
Guyana,GUY,1988,1403312.0
Guyana,GUY,1989,1183472.0
Guyana,GUY,1990,1128512.0
Guyana,GUY,1991,1106528.0
Guyana,GUY,1992,1040576.0
Guyana,GUY,1993,1044240.0
Guyana,GUY,1994,1458272.0
Guyana,GUY,1995,1564528.0
Guyana,GUY,1996,1656128.0
Guyana,GUY,1997,1806352.0
Guyana,GUY,1998,1828336.0
Guyana,GUY,1999,1835664.0
Guyana,GUY,2000,1747728.0
Guyana,GUY,2001,1740400.0
Guyana,GUY,2002,1711088.0
Guyana,GUY,2003,1868640.0
Guyana,GUY,2004,1927264.0
Guyana,GUY,2005,1615824.0
Guyana,GUY,2006,1509568.0
Guyana,GUY,2007,1780704.0
Guyana,GUY,2008,1703760.0
Guyana,GUY,2009,1905280.0
Guyana,GUY,2010,1883296.0
Guyana,GUY,2011,1956576.0
Guyana,GUY,2012,1956576.0
Guyana,GUY,2013,1901616.0
Guyana,GUY,2014,1974896.0
Guyana,GUY,2015,1963904.0
Guyana,GUY,2016,2209158.0
Guyana,GUY,2017,2158096.0
Guyana,GUY,2018,2319312.0
Guyana,GUY,2019,2645206.0
Guyana,GUY,2020,3100269.0
Guyana,GUY,2021,2932778.0
Guyana,GUY,2022,4396635.0
Guyana,GUY,2023,4378933.0
Guyana,GUY,2024,4510330.0
Hong Kong,HKG,1938,54514.0
Hong Kong,HKG,1939,54514.0
Hong Kong,HKG,1941,54514.0
Hong Kong,HKG,1947,18171.0
Hong Kong,HKG,1948,25440.0
Hong Kong,HKG,1949,29074.0
Hong Kong,HKG,1950,1318773.0
Hong Kong,HKG,1951,1556903.0
Hong Kong,HKG,1952,1534949.0
Hong Kong,HKG,1953,1729140.0
Hong Kong,HKG,1954,1798608.0
Hong Kong,HKG,1955,1879157.0
Hong Kong,HKG,1956,2120981.0
Hong Kong,HKG,1957,2362865.0
Hong Kong,HKG,1958,2373648.0
Hong Kong,HKG,1959,2703467.0
Hong Kong,HKG,1960,2952589.0
Hong Kong,HKG,1961,3370137.0
Hong Kong,HKG,1962,3681458.0
Hong Kong,HKG,1963,4245685.0
Hong Kong,HKG,1964,4220066.0
Hong Kong,HKG,1965,4802523.0
Hong Kong,HKG,1966,5161566.0
Hong Kong,HKG,1967,6052066.0
Hong Kong,HKG,1968,6197972.0
Hong Kong,HKG,1969,7751508.0
Hong Kong,HKG,1970,8392500.0
Hong Kong,HKG,1971,9150591.0
Hong Kong,HKG,1972,9275585.0
Hong Kong,HKG,1973,9286457.0
Hong Kong,HKG,1974,10667250.0
Hong Kong,HKG,1975,11008001.0
Hong Kong,HKG,1976,12490384.0
Hong Kong,HKG,1977,14203904.0
Hong Kong,HKG,1978,15714096.0
Hong Kong,HKG,1979,15837647.0
Hong Kong,HKG,1980,16600216.0
Hong Kong,HKG,1981,18616656.0
Hong Kong,HKG,1982,19622766.0
Hong Kong,HKG,1983,20912106.0
Hong Kong,HKG,1984,22224786.0
Hong Kong,HKG,1985,22881404.0
Hong Kong,HKG,1986,25525918.0
Hong Kong,HKG,1987,28085646.0
Hong Kong,HKG,1988,29284780.0
Hong Kong,HKG,1989,30141178.0
Hong Kong,HKG,1990,27147690.0
Hong Kong,HKG,1991,28463072.0
Hong Kong,HKG,1992,32922138.0
Hong Kong,HKG,1993,34777844.0
Hong Kong,HKG,1994,31079292.0
Hong Kong,HKG,1995,31270612.0
Hong Kong,HKG,1996,28908528.0
Hong Kong,HKG,1997,30496980.0
Hong Kong,HKG,1998,38924984.0
Hong Kong,HKG,1999,42549016.0
Hong Kong,HKG,2000,39765444.0
Hong Kong,HKG,2001,37288530.0
Hong Kong,HKG,2002,39003280.0
Hong Kong,HKG,2003,42733188.0
Hong Kong,HKG,2004,41157750.0
Hong Kong,HKG,2005,43334092.0
Hong Kong,HKG,2006,41914810.0
Hong Kong,HKG,2007,43572436.0
Hong Kong,HKG,2008,42794250.0
Hong Kong,HKG,2009,41583064.0
Hong Kong,HKG,2010,40062904.0
Hong Kong,HKG,2011,43149716.0
Hong Kong,HKG,2012,42738400.0
Hong Kong,HKG,2013,44310496.0
Hong Kong,HKG,2014,45491750.0
Hong Kong,HKG,2015,42403520.0
Hong Kong,HKG,2016,43365844.0
Hong Kong,HKG,2017,42431172.0
Hong Kong,HKG,2018,42597024.0
Hong Kong,HKG,2019,41896590.0
Hong Kong,HKG,2020,33512996.0
Hong Kong,HKG,2021,33636996.0
Hong Kong,HKG,2022,30763800.0
Hong Kong,HKG,2023,32957054.0
Hong Kong,HKG,2024,33323918.0
Honduras,HND,1870,0.0
Honduras,HND,1871,0.0
Honduras,HND,1872,0.0
Honduras,HND,1873,3.0
Honduras,HND,1874,5.0
Honduras,HND,1875,3.0
Honduras,HND,1876,3.0
Honduras,HND,1877,8.0
Honduras,HND,1878,46.0
Honduras,HND,1879,80.0
Honduras,HND,1880,46.0
Honduras,HND,1881,8.0
Honduras,HND,1882,8.0
Honduras,HND,1883,56.0
Honduras,HND,1884,146.0
Honduras,HND,1885,95.0
Honduras,HND,1886,331.0
Honduras,HND,1887,167.0
Honduras,HND,1888,105.0
Honduras,HND,1889,213.0
Honduras,HND,1890,177.0
Honduras,HND,1891,21.0
Honduras,HND,1892,33.0
Honduras,HND,1893,15.0
Honduras,HND,1894,21.0
Honduras,HND,1895,410.0
Honduras,HND,1896,400.0
Honduras,HND,1897,282.0
Honduras,HND,1898,1282.0
Honduras,HND,1899,2603.0
Honduras,HND,1900,3068.0
Honduras,HND,1901,2857.0
Honduras,HND,1902,3727.0
Honduras,HND,1903,3355.0
Honduras,HND,1904,5048.0
Honduras,HND,1905,5471.0
Honduras,HND,1906,2939.0
Honduras,HND,1907,4568.0
Honduras,HND,1908,7202.0
Honduras,HND,1909,8041.0
Honduras,HND,1910,9995.0
Honduras,HND,1911,12132.0
Honduras,HND,1912,15166.0
Honduras,HND,1913,27246.0
Honduras,HND,1914,42509.0
Honduras,HND,1915,44007.0
Honduras,HND,1916,41119.0
Honduras,HND,1917,30973.0
Honduras,HND,1918,18608.0
Honduras,HND,1919,24586.0
Honduras,HND,1920,37500.0
Honduras,HND,1921,36928.0
Honduras,HND,1922,15455.0
Honduras,HND,1923,4276.0
Honduras,HND,1924,5283.0
Honduras,HND,1925,4976.0
Honduras,HND,1926,3447.0
Honduras,HND,1927,2660.0
Honduras,HND,1928,3852.0
Honduras,HND,1929,3498.0
Honduras,HND,1930,6820.0
Honduras,HND,1931,0.0
Honduras,HND,1932,0.0
Honduras,HND,1933,0.0
Honduras,HND,1934,0.0
Honduras,HND,1935,0.0
Honduras,HND,1936,0.0
Honduras,HND,1937,0.0
Honduras,HND,1938,0.0
Honduras,HND,1939,0.0
Honduras,HND,1940,0.0
Honduras,HND,1941,0.0
Honduras,HND,1942,767.0
Honduras,HND,1943,382.0
Honduras,HND,1944,767.0
Honduras,HND,1945,1149.0
Honduras,HND,1946,767.0
Honduras,HND,1947,767.0
Honduras,HND,1948,767.0
Honduras,HND,1949,767.0
Honduras,HND,1950,301215.0
Honduras,HND,1951,348080.0
Honduras,HND,1952,359072.0
Honduras,HND,1953,333424.0
Honduras,HND,1954,377392.0
Honduras,HND,1955,436016.0
Honduras,HND,1956,454336.0
Honduras,HND,1957,575248.0
Honduras,HND,1958,586240.0
Honduras,HND,1959,586210.0
Honduras,HND,1960,615403.0
Honduras,HND,1961,736286.0
Honduras,HND,1962,699586.0
Honduras,HND,1963,710578.0
Honduras,HND,1964,721511.0
Honduras,HND,1965,750734.0
Honduras,HND,1966,805664.0
Honduras,HND,1967,875250.0
Honduras,HND,1968,1223241.0
Honduras,HND,1969,1175609.0
Honduras,HND,1970,1388032.0
Honduras,HND,1971,1328811.0
Honduras,HND,1972,1533102.0
Honduras,HND,1973,1506141.0
Honduras,HND,1974,1553346.0
Honduras,HND,1975,1660773.0
Honduras,HND,1976,1770583.0
Honduras,HND,1977,1993395.0
Honduras,HND,1978,2039442.0
Honduras,HND,1979,1922810.0
Honduras,HND,1980,2037957.0
Honduras,HND,1981,1807843.0
Honduras,HND,1982,1749493.0
Honduras,HND,1983,1976452.0
Honduras,HND,1984,1957357.0
Honduras,HND,1985,1885699.0
Honduras,HND,1986,1824977.0
Honduras,HND,1987,2144191.0
Honduras,HND,1988,2464967.0
Honduras,HND,1989,2680274.0
Honduras,HND,1990,2504658.0
Honduras,HND,1991,2526966.0
Honduras,HND,1992,2803312.0
Honduras,HND,1993,2940777.0
Honduras,HND,1994,3231039.0
Honduras,HND,1995,3836235.0
Honduras,HND,1996,3875521.0
Honduras,HND,1997,4010334.0
Honduras,HND,1998,4810582.0
Honduras,HND,1999,4704557.0
Honduras,HND,2000,5031508.0
Honduras,HND,2001,5664895.0
Honduras,HND,2002,5945282.0
Honduras,HND,2003,6686778.0
Honduras,HND,2004,7194159.0
Honduras,HND,2005,6834857.0
Honduras,HND,2006,7698208.0
Honduras,HND,2007,8216418.5
Honduras,HND,2008,8532908.0
Honduras,HND,2009,8030408.0
Honduras,HND,2010,8106538.0
Honduras,HND,2011,8856650.0
Honduras,HND,2012,9108358.0
Honduras,HND,2013,9328258.0
Honduras,HND,2014,9503222.0
Honduras,HND,2015,10897808.0
Honduras,HND,2016,9938747.0
Honduras,HND,2017,10197924.0
Honduras,HND,2018,9876190.0
Honduras,HND,2019,10962543.0
Honduras,HND,2020,9976783.0
Honduras,HND,2021,11059747.0
Honduras,HND,2022,11742019.0
Honduras,HND,2023,12404354.0
Honduras,HND,2024,12854842.0
Croatia,HRV,1885,4927.0
Croatia,HRV,1890,14782.0
Croatia,HRV,1891,17246.0
Croatia,HRV,1892,19093.0
Croatia,HRV,1893,33875.0
Croatia,HRV,1894,64671.004
Croatia,HRV,1895,64671.004
Croatia,HRV,1896,72062.0
Croatia,HRV,1897,56048.0
Croatia,HRV,1898,84996.0
Croatia,HRV,1899,99162.0
Croatia,HRV,1900,134269.0
Croatia,HRV,1901,146588.0
Croatia,HRV,1902,137349.0
Croatia,HRV,1903,149051.0
Croatia,HRV,1904,158906.0
Croatia,HRV,1905,172456.0
Croatia,HRV,1906,206332.0
Croatia,HRV,1907,210027.0
Croatia,HRV,1908,226041.0
Croatia,HRV,1909,232200.0
Croatia,HRV,1910,229736.0
Croatia,HRV,1911,248830.0
Croatia,HRV,1912,254989.0
Croatia,HRV,1913,700295.0
Croatia,HRV,1919,501971.0
Croatia,HRV,1920,666420.0
Croatia,HRV,1921,709534.0
Croatia,HRV,1922,1031042.0
Croatia,HRV,1923,1124661.0
Croatia,HRV,1924,1152993.0
Croatia,HRV,1925,1265705.0
Croatia,HRV,1926,1232446.0
Croatia,HRV,1927,1392584.0
Croatia,HRV,1928,1559792.0
Croatia,HRV,1929,1725178.0
Croatia,HRV,1930,1623552.0
Croatia,HRV,1931,1476965.0
Croatia,HRV,1932,1350314.0
Croatia,HRV,1933,1248693.0
Croatia,HRV,1934,1299503.0
Croatia,HRV,1935,1358412.0
Croatia,HRV,1936,1342894.0
Croatia,HRV,1937,1497436.0
Croatia,HRV,1938,1413568.0
Croatia,HRV,1939,1484990.0
Croatia,HRV,1940,1731953.0
Croatia,HRV,1943,61241.0
Croatia,HRV,1944,15398.0
Croatia,HRV,1945,869929.0
Croatia,HRV,1946,1709434.0
Croatia,HRV,1947,2369832.0
Croatia,HRV,1948,2675123.0
Croatia,HRV,1949,3057775.0
Croatia,HRV,1950,2938796.0
Croatia,HRV,1951,2781516.0
Croatia,HRV,1952,2788662.0
Croatia,HRV,1953,2773925.0
Croatia,HRV,1954,3311699.0
Croatia,HRV,1955,3792789.0
Croatia,HRV,1956,4342407.0
Croatia,HRV,1957,4710605.0
Croatia,HRV,1958,4641472.0
Croatia,HRV,1959,5326171.0
Croatia,HRV,1960,5821392.0
Croatia,HRV,1961,6109371.0
Croatia,HRV,1962,6268905.0
Croatia,HRV,1963,6974590.0
Croatia,HRV,1964,7907537.0
Croatia,HRV,1965,8143818.0
Croatia,HRV,1966,8072182.5
Croatia,HRV,1967,8161031.0
Croatia,HRV,1968,8729798.0
Croatia,HRV,1969,9053721.0
Croatia,HRV,1970,11841030.0
Croatia,HRV,1971,12754926.0
Croatia,HRV,1972,11937099.0
Croatia,HRV,1973,14279449.0
Croatia,HRV,1974,14334891.0
Croatia,HRV,1975,14951388.0
Croatia,HRV,1976,15426878.0
Croatia,HRV,1977,14995625.0
Croatia,HRV,1978,16763645.0
Croatia,HRV,1979,18237566.0
Croatia,HRV,1980,17925540.0
Croatia,HRV,1981,19479716.0
Croatia,HRV,1982,17890910.0
Croatia,HRV,1983,19266562.0
Croatia,HRV,1984,20321102.0
Croatia,HRV,1985,20731470.0
Croatia,HRV,1986,21657046.0
Croatia,HRV,1987,21139226.0
Croatia,HRV,1988,21820488.0
Croatia,HRV,1989,21752126.0
Croatia,HRV,1990,22885220.0
Croatia,HRV,1991,16999432.0
Croatia,HRV,1992,16379164.0
Croatia,HRV,1993,16811040.0
Croatia,HRV,1994,16054554.0
Croatia,HRV,1995,16814490.0
Croatia,HRV,1996,17338434.0
Croatia,HRV,1997,18569168.0
Croatia,HRV,1998,19040028.0
Croatia,HRV,1999,20082224.0
Croatia,HRV,2000,19652682.0
Croatia,HRV,2001,20775934.0
Croatia,HRV,2002,21915520.0
Croatia,HRV,2003,23226188.0
Croatia,HRV,2004,22852690.0
Croatia,HRV,2005,23295552.0
Croatia,HRV,2006,23496198.0
Croatia,HRV,2007,24801760.0
Croatia,HRV,2008,23515656.0
Croatia,HRV,2009,21752318.0
Croatia,HRV,2010,20978134.0
Croatia,HRV,2011,20614658.0
Croatia,HRV,2012,19050020.0
Croatia,HRV,2013,18401342.0
Croatia,HRV,2014,17649938.0
Croatia,HRV,2015,17793892.0
Croatia,HRV,2016,18079278.0
Croatia,HRV,2017,18713126.0
Croatia,HRV,2018,17694512.0
Croatia,HRV,2019,17820422.0
Croatia,HRV,2020,16870106.0
Croatia,HRV,2021,17402972.0
Croatia,HRV,2022,17585164.0
Croatia,HRV,2023,18467598.0
Croatia,HRV,2024,18464850.0
Haiti,HTI,1870,0.0
Haiti,HTI,1871,333.0
Haiti,HTI,1872,782.0
Haiti,HTI,1873,454.0
Haiti,HTI,1874,567.0
Haiti,HTI,1875,495.0
Haiti,HTI,1876,233.0
Haiti,HTI,1877,2742.0
Haiti,HTI,1878,4796.0
Haiti,HTI,1879,1898.0
Haiti,HTI,1880,1377.0
Haiti,HTI,1881,1582.0
Haiti,HTI,1882,1267.0
Haiti,HTI,1883,1064.0
Haiti,HTI,1884,1447.0
Haiti,HTI,1885,1406.0
Haiti,HTI,1886,513.0
Haiti,HTI,1887,69.0
Haiti,HTI,1888,3819.0
Haiti,HTI,1889,7117.0
Haiti,HTI,1890,11498.0
Haiti,HTI,1891,11249.0
Haiti,HTI,1892,5222.0
Haiti,HTI,1893,3757.0
Haiti,HTI,1894,12860.0
Haiti,HTI,1895,12147.0
Haiti,HTI,1896,18569.0
Haiti,HTI,1897,14627.0
Haiti,HTI,1898,10139.0
Haiti,HTI,1899,8128.0005
Haiti,HTI,1900,6338.0
Haiti,HTI,1901,7307.0
Haiti,HTI,1902,7112.0
Haiti,HTI,1903,4299.0
Haiti,HTI,1904,1847.0
Haiti,HTI,1905,4104.0
Haiti,HTI,1906,4591.0
Haiti,HTI,1907,5925.0
Haiti,HTI,1908,7120.0
Haiti,HTI,1909,8205.0
Haiti,HTI,1910,13104.0
Haiti,HTI,1911,15709.0
Haiti,HTI,1912,21514.0
Haiti,HTI,1913,16951.0
Haiti,HTI,1914,5820.0
Haiti,HTI,1915,2136.0
Haiti,HTI,1916,969.0
Haiti,HTI,1917,3555.0
Haiti,HTI,1918,2365.0
Haiti,HTI,1919,10.0
Haiti,HTI,1920,13.0
Haiti,HTI,1921,192.0
Haiti,HTI,1922,8.0
Haiti,HTI,1923,7320.0
Haiti,HTI,1924,664.0
Haiti,HTI,1925,382.0
Haiti,HTI,1926,382.0
Haiti,HTI,1927,305.0
Haiti,HTI,1928,767.0
Haiti,HTI,1929,382.0
Haiti,HTI,1930,77.0
Haiti,HTI,1931,231.0
Haiti,HTI,1932,382.0
Haiti,HTI,1933,77.0
Haiti,HTI,1934,38.0
Haiti,HTI,1935,77.0
Haiti,HTI,1936,77.0
Haiti,HTI,1937,77.0
Haiti,HTI,1938,77.0
Haiti,HTI,1939,115.0
Haiti,HTI,1940,154.0
Haiti,HTI,1941,77.0
Haiti,HTI,1942,38.0
Haiti,HTI,1943,77.0
Haiti,HTI,1944,38.0
Haiti,HTI,1945,154.0
Haiti,HTI,1946,95.0
Haiti,HTI,1947,95.0
Haiti,HTI,1948,38.0
Haiti,HTI,1949,77.0
Haiti,HTI,1950,113699.0
Haiti,HTI,1951,131904.0
Haiti,HTI,1952,146560.0
Haiti,HTI,1953,157552.0
Haiti,HTI,1954,216176.0
Haiti,HTI,1955,267353.0
Haiti,HTI,1956,263630.0
Haiti,HTI,1957,252696.98
Haiti,HTI,1958,274651.0
Haiti,HTI,1959,252667.02
Haiti,HTI,1960,285584.0
Haiti,HTI,1961,296606.0
Haiti,HTI,1962,303874.0
Haiti,HTI,1963,248944.0
Haiti,HTI,1964,300210.0
Haiti,HTI,1965,303934.0
Haiti,HTI,1966,303963.0
Haiti,HTI,1967,259995.02
Haiti,HTI,1968,263630.0
Haiti,HTI,1969,314896.0
Haiti,HTI,1970,384482.0
Haiti,HTI,1971,402743.0
Haiti,HTI,1972,391721.0
Haiti,HTI,1973,420914.0
Haiti,HTI,1974,472091.0
Haiti,HTI,1975,483024.0
Haiti,HTI,1976,672081.0
Haiti,HTI,1977,703943.0
Haiti,HTI,1978,750329.0
Haiti,HTI,1979,749511.0
Haiti,HTI,1980,744568.0
Haiti,HTI,1981,758342.0
Haiti,HTI,1982,816683.0
Haiti,HTI,1983,885320.0
Haiti,HTI,1984,902327.0
Haiti,HTI,1985,928422.0
Haiti,HTI,1986,829080.0
Haiti,HTI,1987,897548.0
Haiti,HTI,1988,1006320.0
Haiti,HTI,1989,1021837.94
Haiti,HTI,1990,993752.0
Haiti,HTI,1991,974190.0
Haiti,HTI,1992,886651.0
Haiti,HTI,1993,683106.0
Haiti,HTI,1994,183200.0
Haiti,HTI,1995,875696.0
Haiti,HTI,1996,1018592.0
Haiti,HTI,1997,1348352.0
Haiti,HTI,1998,1234768.0
Haiti,HTI,1999,1271408.0
Haiti,HTI,2000,1634144.0
Haiti,HTI,2001,1466420.0
Haiti,HTI,2002,1777726.0
Haiti,HTI,2003,1692084.0
Haiti,HTI,2004,1643023.0
Haiti,HTI,2005,1714766.0
Haiti,HTI,2006,1745753.0
Haiti,HTI,2007,1766459.0
Haiti,HTI,2008,1753709.0
Haiti,HTI,2009,1880965.0
Haiti,HTI,2010,2129435.0
Haiti,HTI,2011,2271659.0
Haiti,HTI,2012,2262254.0
Haiti,HTI,2013,2703215.0
Haiti,HTI,2014,2698433.0
Haiti,HTI,2015,2654465.0
Haiti,HTI,2016,2976897.0
Haiti,HTI,2017,3133482.0
Haiti,HTI,2018,3400954.0
Haiti,HTI,2019,3118826.0
Haiti,HTI,2020,3265386.0
Haiti,HTI,2021,3507210.0
Haiti,HTI,2022,2870341.0
Haiti,HTI,2023,2864751.0
Haiti,HTI,2024,2970693.0
Hungary,HUN,1830,113584.0
Hungary,HUN,1831,69616.0
Hungary,HUN,1832,87936.0
Hungary,HUN,1833,65952.0
Hungary,HUN,1834,69616.0
Hungary,HUN,1835,51296.0
Hungary,HUN,1836,84272.0
Hungary,HUN,1837,69616.0
Hungary,HUN,1838,62288.0
Hungary,HUN,1839,139232.0
Hungary,HUN,1840,135568.0
Hungary,HUN,1841,142896.0
Hungary,HUN,1842,84272.0
Hungary,HUN,1843,87936.0
Hungary,HUN,1844,186864.0
Hungary,HUN,1845,87936.0
Hungary,HUN,1846,62288.0
Hungary,HUN,1847,164880.0
Hungary,HUN,1851,274800.0
Hungary,HUN,1852,344416.0
Hungary,HUN,1853,344416.0
Hungary,HUN,1854,436016.0
Hungary,HUN,1855,454336.0
Hungary,HUN,1856,476320.0
Hungary,HUN,1857,545936.0
Hungary,HUN,1858,381056.0
Hungary,HUN,1859,769440.0
Hungary,HUN,1860,905008.0
Hungary,HUN,1861,959968.0
Hungary,HUN,1862,1157824.0
Hungary,HUN,1863,1209120.0
Hungary,HUN,1864,1209120.0
Hungary,HUN,1865,1256752.0
Hungary,HUN,1866,1428960.0
Hungary,HUN,1867,1689104.0
Hungary,HUN,1868,1806352.0
Hungary,HUN,1869,1963904.0
Hungary,HUN,1870,2121456.0
Hungary,HUN,1871,2630752.0
Hungary,HUN,1872,2795632.0
Hungary,HUN,1873,2916544.0
Hungary,HUN,1874,2557472.0
Hungary,HUN,1875,2634416.0
Hungary,HUN,1876,2762656.0
Hungary,HUN,1877,2887232.0
Hungary,HUN,1878,2876240.0
Hungary,HUN,1879,2868912.0
Hungary,HUN,1880,3312256.0
Hungary,HUN,1881,3550416.0
Hungary,HUN,1882,3583392.0
Hungary,HUN,1883,4078032.0
Hungary,HUN,1884,4330848.0
Hungary,HUN,1885,4378480.0
Hungary,HUN,1886,4096352.0
Hungary,HUN,1887,4085360.0
Hungary,HUN,1888,4429776.0
Hungary,HUN,1889,4752208.0
Hungary,HUN,1890,5254176.0
Hungary,HUN,1891,5521648.0
Hungary,HUN,1892,5752480.0
Hungary,HUN,1893,5994304.0
Hungary,HUN,1894,6433984.0
Hungary,HUN,1895,6862672.0
Hungary,HUN,1896,7375632.0
Hungary,HUN,1897,7463568.0
Hungary,HUN,1898,8533456.0
Hungary,HUN,1899,8273311.5
Hungary,HUN,1900,9585024.0
Hungary,HUN,1901,9618000.0
Hungary,HUN,1902,8848560.0
Hungary,HUN,1903,9174656.0
Hungary,HUN,1904,9277248.0
Hungary,HUN,1905,9431136.0
Hungary,HUN,1906,10163936.0
Hungary,HUN,1907,10204240.0
Hungary,HUN,1908,10772160.0
Hungary,HUN,1909,11853040.0
Hungary,HUN,1910,11677168.0
Hungary,HUN,1911,11995936.0
Hungary,HUN,1912,12303712.0
Hungary,HUN,1913,13025520.0
Hungary,HUN,1914,11592896.0
Hungary,HUN,1915,11765104.0
Hungary,HUN,1916,11834720.0
Hungary,HUN,1917,11717472.0
Hungary,HUN,1918,10651248.0
Hungary,HUN,1919,4755872.0
Hungary,HUN,1920,5587600.0
Hungary,HUN,1921,9236944.0
Hungary,HUN,1922,11010320.0
Hungary,HUN,1923,11860368.0
Hungary,HUN,1924,11263136.0
Hungary,HUN,1925,10130960.0
Hungary,HUN,1926,11772432.0
Hungary,HUN,1927,13087808.0
Hungary,HUN,1928,13749268.0
Hungary,HUN,1929,15112366.0
Hungary,HUN,1930,12514887.0
Hungary,HUN,1931,11188667.0
Hungary,HUN,1932,10210766.0
Hungary,HUN,1933,10005641.0
Hungary,HUN,1934,10573383.0
Hungary,HUN,1935,11078807.0
Hungary,HUN,1936,11899810.0
Hungary,HUN,1937,13621177.0
Hungary,HUN,1938,14771643.0
Hungary,HUN,1939,14443488.0
Hungary,HUN,1940,15824816.0
Hungary,HUN,1941,17851968.0
Hungary,HUN,1942,18837346.0
Hungary,HUN,1943,19207528.0
Hungary,HUN,1944,15857168.0
Hungary,HUN,1945,8199883.5
Hungary,HUN,1946,10797154.0
Hungary,HUN,1947,13838096.0
Hungary,HUN,1948,16380526.0
Hungary,HUN,1949,20409916.0
Hungary,HUN,1950,18390042.0
Hungary,HUN,1951,22185350.0
Hungary,HUN,1952,27208248.0
Hungary,HUN,1953,31766266.0
Hungary,HUN,1954,34009080.0
Hungary,HUN,1955,35693540.0
Hungary,HUN,1956,33162518.0
Hungary,HUN,1957,38446052.0
Hungary,HUN,1958,39247172.0
Hungary,HUN,1959,41917628.0
Hungary,HUN,1960,45357690.0
Hungary,HUN,1961,48973816.0
Hungary,HUN,1962,50545132.0
Hungary,HUN,1963,56260828.0
Hungary,HUN,1964,62385068.0
Hungary,HUN,1965,61274436.0
Hungary,HUN,1966,61709560.0
Hungary,HUN,1967,58811050.0
Hungary,HUN,1968,61129844.0
Hungary,HUN,1969,62380224.0
Hungary,HUN,1970,69960136.0
Hungary,HUN,1971,69246664.0
Hungary,HUN,1972,69384310.0
Hungary,HUN,1973,73006824.0
Hungary,HUN,1974,74027600.0
Hungary,HUN,1975,75300210.0
Hungary,HUN,1976,79919500.0
Hungary,HUN,1977,83075160.0
Hungary,HUN,1978,88039896.0
Hungary,HUN,1979,86058320.0
Hungary,HUN,1980,86696860.0
Hungary,HUN,1981,86437240.0
Hungary,HUN,1982,86683830.0
Hungary,HUN,1983,88945736.0
Hungary,HUN,1984,90664780.0
Hungary,HUN,1985,85936230.0
Hungary,HUN,1986,83197760.0
Hungary,HUN,1987,84114870.0
Hungary,HUN,1988,78030710.0
Hungary,HUN,1989,75909400.0
Hungary,HUN,1990,73427330.0
Hungary,HUN,1991,69824900.0
Hungary,HUN,1992,62280756.0
Hungary,HUN,1993,62991350.0
Hungary,HUN,1994,61880370.0
Hungary,HUN,1995,61464130.0
Hungary,HUN,1996,63083060.0
Hungary,HUN,1997,61675956.0
Hungary,HUN,1998,61255404.0
Hungary,HUN,1999,61575150.0
Hungary,HUN,2000,58244410.0
Hungary,HUN,2001,59827756.0
Hungary,HUN,2002,58841980.0
Hungary,HUN,2003,61611250.0
Hungary,HUN,2004,59984924.0
Hungary,HUN,2005,60142084.0
Hungary,HUN,2006,59528564.0
Hungary,HUN,2007,58448584.0
Hungary,HUN,2008,57184428.0
Hungary,HUN,2009,51457530.0
Hungary,HUN,2010,51992716.0
Hungary,HUN,2011,50156010.0
Hungary,HUN,2012,46720180.0
Hungary,HUN,2013,43486532.0
Hungary,HUN,2014,43638876.0
Hungary,HUN,2015,46566910.0
Hungary,HUN,2016,47039120.0
Hungary,HUN,2017,49423524.0
Hungary,HUN,2018,49366230.0
Hungary,HUN,2019,49158950.0
Hungary,HUN,2020,47105320.0
Hungary,HUN,2021,48326284.0
Hungary,HUN,2022,45267340.0
Hungary,HUN,2023,40343864.0
Hungary,HUN,2024,40017292.0
Indonesia,IDN,1889,3664.0
Indonesia,IDN,1890,14656.0
Indonesia,IDN,1891,21984.0
Indonesia,IDN,1892,190757.0
Indonesia,IDN,1893,403040.0
Indonesia,IDN,1894,479984.0
Indonesia,IDN,1895,769440.0
Indonesia,IDN,1896,861040.0
Indonesia,IDN,1897,1106528.0
Indonesia,IDN,1898,1289728.0
Indonesia,IDN,1899,1124848.0
Indonesia,IDN,1900,1209120.0
Indonesia,IDN,1901,2242368.0
Indonesia,IDN,1902,1538880.0
Indonesia,IDN,1903,3000816.0
Indonesia,IDN,1904,3367216.0
Indonesia,IDN,1905,4132991.8
Indonesia,IDN,1906,4451760.0
Indonesia,IDN,1907,5294480.0
Indonesia,IDN,1908,5492336.0
Indonesia,IDN,1909,5986976.0
Indonesia,IDN,1910,6111552.0
Indonesia,IDN,1911,6727104.0
Indonesia,IDN,1912,5840416.0
Indonesia,IDN,1913,5899040.0
Indonesia,IDN,1914,6016288.0
Indonesia,IDN,1915,6030944.0
Indonesia,IDN,1916,6763744.0
Indonesia,IDN,1917,7137472.0
Indonesia,IDN,1918,7130144.0
Indonesia,IDN,1919,7635776.0
Indonesia,IDN,1920,8262319.5
Indonesia,IDN,1921,8756960.0
Indonesia,IDN,1922,8298959.5
Indonesia,IDN,1923,9588688.0
Indonesia,IDN,1924,10585296.0
Indonesia,IDN,1925,11079936.0
Indonesia,IDN,1926,11098256.0
Indonesia,IDN,1927,12886288.0
Indonesia,IDN,1928,14831872.0
Indonesia,IDN,1929,18539246.0
Indonesia,IDN,1930,18084938.0
Indonesia,IDN,1931,16894168.0
Indonesia,IDN,1932,16586601.0
Indonesia,IDN,1933,17861704.0
Indonesia,IDN,1934,19235554.0
Indonesia,IDN,1935,20001212.0
Indonesia,IDN,1936,21767288.0
Indonesia,IDN,1937,25343888.0
Indonesia,IDN,1938,26732544.0
Indonesia,IDN,1939,29201396.0
Indonesia,IDN,1940,28733088.0
Indonesia,IDN,1941,26486372.0
Indonesia,IDN,1942,9456784.0
Indonesia,IDN,1943,19027152.0
Indonesia,IDN,1944,8771616.0
Indonesia,IDN,1945,3806896.0
Indonesia,IDN,1946,1344688.0
Indonesia,IDN,1947,4056018.0
Indonesia,IDN,1948,15494907.0
Indonesia,IDN,1949,21903392.0
Indonesia,IDN,1950,9830512.0
Indonesia,IDN,1951,9390416.0
Indonesia,IDN,1952,12720844.0
Indonesia,IDN,1953,13079886.0
Indonesia,IDN,1954,14747006.0
Indonesia,IDN,1955,20843902.0
Indonesia,IDN,1956,21811198.0
Indonesia,IDN,1957,22411678.0
Indonesia,IDN,1958,22206286.0
Indonesia,IDN,1959,23862234.0
Indonesia,IDN,1960,21385192.0
Indonesia,IDN,1961,26001594.0
Indonesia,IDN,1962,22974894.0
Indonesia,IDN,1963,22763096.0
Indonesia,IDN,1964,22374266.0
Indonesia,IDN,1965,24668226.0
Indonesia,IDN,1966,23374952.0
Indonesia,IDN,1967,24540046.0
Indonesia,IDN,1968,27562608.0
Indonesia,IDN,1969,33362214.0
Indonesia,IDN,1970,35791384.0
Indonesia,IDN,1971,38955104.0
Indonesia,IDN,1972,43305892.0
Indonesia,IDN,1973,49097380.0
Indonesia,IDN,1974,51225420.0
Indonesia,IDN,1975,53930784.0
Indonesia,IDN,1976,61784716.0
Indonesia,IDN,1977,82410330.0
Indonesia,IDN,1978,93928460.0
Indonesia,IDN,1979,95123190.0
Indonesia,IDN,1980,94853850.0
Indonesia,IDN,1981,100272300.0
Indonesia,IDN,1982,105554590.0
Indonesia,IDN,1983,105149100.0
Indonesia,IDN,1984,112419730.0
Indonesia,IDN,1985,121548010.0
Indonesia,IDN,1986,122108910.0
Indonesia,IDN,1987,123812710.0
Indonesia,IDN,1988,132649250.0
Indonesia,IDN,1989,131586056.0
Indonesia,IDN,1990,154990690.0
Indonesia,IDN,1991,174754220.0
Indonesia,IDN,1992,199298020.0
Indonesia,IDN,1993,214962850.0
Indonesia,IDN,1994,219199950.0
Indonesia,IDN,1995,222225300.0
Indonesia,IDN,1996,252855740.0
Indonesia,IDN,1997,279695600.0
Indonesia,IDN,1998,244315330.0
Indonesia,IDN,1999,291770660.0
Indonesia,IDN,2000,281054430.0
Indonesia,IDN,2001,316759360.0
Indonesia,IDN,2002,308201300.0
Indonesia,IDN,2003,339023900.0
Indonesia,IDN,2004,342708600.0
Indonesia,IDN,2005,347361280.0
Indonesia,IDN,2006,346365760.0
Indonesia,IDN,2007,387577250.0
Indonesia,IDN,2008,365384030.0
Indonesia,IDN,2009,398624420.0
Indonesia,IDN,2010,445370080.0
Indonesia,IDN,2011,500457660.0
Indonesia,IDN,2012,515769600.0
Indonesia,IDN,2013,493435140.0
Indonesia,IDN,2014,498028800.0
Indonesia,IDN,2015,551160060.0
Indonesia,IDN,2016,547968900.0
Indonesia,IDN,2017,570928200.0
Indonesia,IDN,2018,607378370.0
Indonesia,IDN,2019,665049340.0
Indonesia,IDN,2020,623304000.0
Indonesia,IDN,2021,632946050.0
Indonesia,IDN,2022,758020500.0
Indonesia,IDN,2023,762357570.0
Indonesia,IDN,2024,812220200.0
India,IND,1858,394481.0
India,IND,1859,636474.0
India,IND,1860,643104.0
India,IND,1861,497245.0
India,IND,1862,550285.0
India,IND,1863,609954.0
India,IND,1864,576805.0
India,IND,1865,566860.0
India,IND,1866,639789.0
India,IND,1878,1766878.0
India,IND,1879,1684355.0
India,IND,1880,1886743.0
India,IND,1881,1839304.0
India,IND,1882,2196259.0
India,IND,1883,2440867.0
India,IND,1884,2729971.0
India,IND,1885,2459363.0
India,IND,1886,2772020.0
India,IND,1887,3065970.0
India,IND,1888,3409502.0
India,IND,1889,4021770.0
India,IND,1890,4431605.0
India,IND,1891,4772351.0
India,IND,1892,5247216.0
India,IND,1893,5543114.0
India,IND,1894,5616621.0
India,IND,1895,7034599.0
India,IND,1896,7607913.0
India,IND,1897,8253253.0
India,IND,1898,9125050.0
India,IND,1899,10054329.0
India,IND,1900,11929382.0
India,IND,1901,13179482.0
India,IND,1902,14515204.0
India,IND,1903,14801903.0
India,IND,1904,16560764.0
India,IND,1905,16930472.0
India,IND,1906,19549130.0
India,IND,1907,21772074.0
India,IND,1908,24907868.0
India,IND,1909,24142304.0
India,IND,1910,23486964.0
India,IND,1911,24782072.0
India,IND,1912,28521014.0
India,IND,1913,31466286.0
India,IND,1914,31697660.0
India,IND,1915,33141220.0
India,IND,1916,33517002.0
India,IND,1917,35019230.0
India,IND,1918,39358704.0
India,IND,1919,42974096.0
India,IND,1920,34867452.0
India,IND,1921,37504950.0
India,IND,1922,36902812.0
India,IND,1923,37971310.0
India,IND,1924,40627332.0
India,IND,1925,40084310.0
India,IND,1926,39941964.0
India,IND,1927,41883140.0
India,IND,1928,40072296.0
India,IND,1929,41707188.0
India,IND,1930,42398796.0
India,IND,1931,38850388.0
India,IND,1932,36128884.0
India,IND,1933,35466760.0
India,IND,1934,39610384.0
India,IND,1935,41392524.0
India,IND,1936,40683816.0
India,IND,1937,45066548.0
India,IND,1938,50378828.0
India,IND,1939,49311412.0
India,IND,1940,52308668.0
India,IND,1941,53580236.0
India,IND,1942,53528676.0
India,IND,1943,46643676.0
India,IND,1944,47695224.0
India,IND,1945,52873180.0
India,IND,1946,52224150.0
India,IND,1947,53179404.0
India,IND,1948,53203210.0
India,IND,1949,56186924.0
India,IND,1950,60942560.0
India,IND,1951,63805724.0
India,IND,1952,67249430.0
India,IND,1953,68607650.0
India,IND,1954,72306530.0
India,IND,1955,78693850.0
India,IND,1956,81618800.0
India,IND,1957,91617590.0
India,IND,1958,95801250.0
India,IND,1959,101436020.0
India,IND,1960,111320210.0
India,IND,1961,120399360.0
India,IND,1962,132579760.0
India,IND,1963,142438960.0
India,IND,1964,139483200.0
India,IND,1965,153696700.0
India,IND,1966,159371420.0
India,IND,1967,159557100.0
India,IND,1968,174070540.0
India,IND,1969,177411300.0
India,IND,1970,181723860.0
India,IND,1971,191964860.0
India,IND,1972,203037040.0
India,IND,1973,209096030.0
India,IND,1974,215854050.0
India,IND,1975,234209710.0
India,IND,1976,244749840.0
India,IND,1977,258962060.0
India,IND,1978,263149940.0
India,IND,1979,276285000.0
India,IND,1980,291714430.0
India,IND,1981,314969280.0
India,IND,1982,325383070.0
India,IND,1983,352204860.0
India,IND,1984,361568800.0
India,IND,1985,397601120.0
India,IND,1986,426318050.0
India,IND,1987,455354720.0
India,IND,1988,491700100.0
India,IND,1989,540661900.0
India,IND,1990,577986560.0
India,IND,1991,615388160.0
India,IND,1992,655423550.0
India,IND,1993,677262100.0
India,IND,1994,714042800.0
India,IND,1995,760480200.0
India,IND,1996,823602200.0
India,IND,1997,857975740.0
India,IND,1998,875783360.0
India,IND,1999,961193860.0
India,IND,2000,987065100.0
India,IND,2001,1001198400.0
India,IND,2002,1032750340.0
India,IND,2003,1068397950.0
India,IND,2004,1134611000.0
India,IND,2005,1195393300.0
India,IND,2006,1293321500.0
India,IND,2007,1393485200.0
India,IND,2008,1490366500.0
India,IND,2009,1613327600.0
India,IND,2010,1678529500.0
India,IND,2011,1765694800.0
India,IND,2012,1926986400.0
India,IND,2013,1995337200.0
India,IND,2014,2148052000.0
India,IND,2015,2231817500.0
India,IND,2016,2352540200.0
India,IND,2017,2425721900.0
India,IND,2018,2595227100.0
India,IND,2019,2611174700.0
India,IND,2020,2422732000.0
India,IND,2021,2675778000.0
India,IND,2022,2831131600.0
India,IND,2023,3062756400.0
India,IND,2024,3193478100.0
Ireland,IRL,1850,395712.0
Ireland,IRL,1880,351744.0
Ireland,IRL,1881,351744.0
Ireland,IRL,1910,216176.0
Ireland,IRL,1913,223504.0
Ireland,IRL,1914,249152.0
Ireland,IRL,1915,227168.0
Ireland,IRL,1916,241824.0
Ireland,IRL,1917,256480.02
Ireland,IRL,1918,245488.0
Ireland,IRL,1919,249152.0
Ireland,IRL,1920,293120.0
Ireland,IRL,1921,238160.0
Ireland,IRL,1924,6686800.0
Ireland,IRL,1925,6034608.0
Ireland,IRL,1926,8097440.0
Ireland,IRL,1927,6730768.0
Ireland,IRL,1928,6485280.0
Ireland,IRL,1929,9999056.0
Ireland,IRL,1930,9552048.0
Ireland,IRL,1931,9841504.0
Ireland,IRL,1932,6426656.0
Ireland,IRL,1933,9266256.0
Ireland,IRL,1934,9482432.0
Ireland,IRL,1935,9533728.0
Ireland,IRL,1936,10145616.0
Ireland,IRL,1937,10354464.0
Ireland,IRL,1938,9965634.0
Ireland,IRL,1939,11529568.0
Ireland,IRL,1940,11522181.0
Ireland,IRL,1941,8447995.0
Ireland,IRL,1942,7015757.0
Ireland,IRL,1943,7110814.0
Ireland,IRL,1944,6356149.0
Ireland,IRL,1945,6832587.0
Ireland,IRL,1946,8195150.5
Ireland,IRL,1947,8810732.0
Ireland,IRL,1948,8443915.0
Ireland,IRL,1949,8344839.0
Ireland,IRL,1950,9726138.0
Ireland,IRL,1951,10506628.0
Ireland,IRL,1952,9619792.0
Ireland,IRL,1953,9535490.0
Ireland,IRL,1954,9091640.0
Ireland,IRL,1955,11714768.0
Ireland,IRL,1956,10923165.0
Ireland,IRL,1957,9718482.0
Ireland,IRL,1958,8956370.0
Ireland,IRL,1959,12312178.0
Ireland,IRL,1960,11168414.0
Ireland,IRL,1961,12352601.0
Ireland,IRL,1962,13106731.0
Ireland,IRL,1963,13447196.0
Ireland,IRL,1964,14215937.0
Ireland,IRL,1965,13717431.0
Ireland,IRL,1966,15094724.0
Ireland,IRL,1967,16394835.0
Ireland,IRL,1968,17798046.0
Ireland,IRL,1969,18494394.0
Ireland,IRL,1970,19390076.0
Ireland,IRL,1971,22476182.0
Ireland,IRL,1972,22036418.0
Ireland,IRL,1973,22846356.0
Ireland,IRL,1974,23293276.0
Ireland,IRL,1975,22051382.0
Ireland,IRL,1976,22289698.0
Ireland,IRL,1977,23565180.0
Ireland,IRL,1978,23575976.0
Ireland,IRL,1979,27399212.0
Ireland,IRL,1980,26275082.0
Ireland,IRL,1981,26061508.0
Ireland,IRL,1982,25566268.0
Ireland,IRL,1983,25725018.0
Ireland,IRL,1984,25549450.0
Ireland,IRL,1985,26746140.0
Ireland,IRL,1986,28550302.0
Ireland,IRL,1987,30226336.0
Ireland,IRL,1988,29883636.0
Ireland,IRL,1989,30061098.0
Ireland,IRL,1990,32945302.0
Ireland,IRL,1991,33675164.0
Ireland,IRL,1992,33496132.0
Ireland,IRL,1993,33717148.0
Ireland,IRL,1994,34838990.0
Ireland,IRL,1995,35853360.0
Ireland,IRL,1996,37469464.0
Ireland,IRL,1997,38804936.0
Ireland,IRL,1998,40708444.0
Ireland,IRL,1999,42440316.0
Ireland,IRL,2000,45249516.0
Ireland,IRL,2001,47607710.0
Ireland,IRL,2002,46081388.0
Ireland,IRL,2003,45683964.0
Ireland,IRL,2004,46166736.0
Ireland,IRL,2005,48152990.0
Ireland,IRL,2006,47597384.0
Ireland,IRL,2007,47658190.0
Ireland,IRL,2008,47361076.0
Ireland,IRL,2009,42177070.0
Ireland,IRL,2010,41790900.0
Ireland,IRL,2011,38054388.0
Ireland,IRL,2012,38223920.0
Ireland,IRL,2013,37278704.0
Ireland,IRL,2014,36849876.0
Ireland,IRL,2015,38715396.0
Ireland,IRL,2016,40369024.0
Ireland,IRL,2017,39040450.0
Ireland,IRL,2018,38922364.0
Ireland,IRL,2019,37199836.0
Ireland,IRL,2020,35052570.0
Ireland,IRL,2021,37473684.0
Ireland,IRL,2022,36675670.0
Ireland,IRL,2023,33567940.0
Ireland,IRL,2024,33310624.0
Iran,IRN,1906,3664.0
Iran,IRN,1911,135568.0
Iran,IRN,1912,252815.98
Iran,IRN,1913,853712.0
Iran,IRN,1914,1172480.0
Iran,IRN,1915,1403312.0
Iran,IRN,1916,2007872.1
Iran,IRN,1917,2799296.0
Iran,IRN,1918,3447824.0
Iran,IRN,1919,4319856.0
Iran,IRN,1920,5437376.0
Iran,IRN,1921,7254720.0
Iran,IRN,1922,9225952.0
Iran,IRN,1923,11578240.0
Iran,IRN,1924,13505504.0
Iran,IRN,1925,14201664.0
Iran,IRN,1926,15059040.0
Iran,IRN,1927,16700512.0
Iran,IRN,1928,17678800.0
Iran,IRN,1929,17022944.0
Iran,IRN,1930,18514192.0
Iran,IRN,1931,17924288.0
Iran,IRN,1932,20089712.0
Iran,IRN,1933,22086592.0
Iran,IRN,1934,23493568.0
Iran,IRN,1935,23339680.0
Iran,IRN,1936,25552736.0
Iran,IRN,1937,31689936.0
Iran,IRN,1938,31777872.0
Iran,IRN,1939,30052128.0
Iran,IRN,1940,27127988.0
Iran,IRN,1941,20822304.0
Iran,IRN,1942,29531632.0
Iran,IRN,1943,30455018.0
Iran,IRN,1944,41659532.0
Iran,IRN,1945,52897080.0
Iran,IRN,1946,60232320.0
Iran,IRN,1947,63467628.0
Iran,IRN,1948,77951336.0
Iran,IRN,1949,8129619.5
Iran,IRN,1950,9600773.0
Iran,IRN,1951,6913701.0
Iran,IRN,1952,4092480.2
Iran,IRN,1953,3828612.0
Iran,IRN,1954,1043973.0
Iran,IRN,1955,15813289.0
Iran,IRN,1956,22807508.0
Iran,IRN,1957,21799522.0
Iran,IRN,1958,25228640.0
Iran,IRN,1959,25568708.0
Iran,IRN,1960,37358600.0
Iran,IRN,1961,36508760.0
Iran,IRN,1962,37428424.0
Iran,IRN,1963,41304936.0
Iran,IRN,1964,47519076.0
Iran,IRN,1965,53718388.0
Iran,IRN,1966,64103364.0
Iran,IRN,1967,67880940.0
Iran,IRN,1968,82329560.0
Iran,IRN,1969,83038744.0
Iran,IRN,1970,91787460.0
Iran,IRN,1971,101627830.0
Iran,IRN,1972,106015140.0
Iran,IRN,1973,129475310.0
Iran,IRN,1974,143771800.0
Iran,IRN,1975,139213900.0
Iran,IRN,1976,156490420.0
Iran,IRN,1977,163806430.0
Iran,IRN,1978,162288690.0
Iran,IRN,1979,163137300.0
Iran,IRN,1980,120695336.0
Iran,IRN,1981,113273220.0
Iran,IRN,1982,138132320.0
Iran,IRN,1983,150028200.0
Iran,IRN,1984,150400530.0
Iran,IRN,1985,160485800.0
Iran,IRN,1986,148304880.0
Iran,IRN,1987,159340080.0
Iran,IRN,1988,175958340.0
Iran,IRN,1989,191114460.0
Iran,IRN,1990,211074610.0
Iran,IRN,1991,223042000.0
Iran,IRN,1992,228193820.0
Iran,IRN,1993,236992530.0
Iran,IRN,1994,264821940.0
Iran,IRN,1995,270875330.0
Iran,IRN,1996,276620320.0
Iran,IRN,1997,269262880.0
Iran,IRN,1998,305641630.0
Iran,IRN,1999,374452260.0
Iran,IRN,2000,367213340.0
Iran,IRN,2001,389912400.0
Iran,IRN,2002,397031420.0
Iran,IRN,2003,410966720.0
Iran,IRN,2004,442119400.0
Iran,IRN,2005,466795330.0
Iran,IRN,2006,501014980.0
Iran,IRN,2007,507771070.0
Iran,IRN,2008,528528200.0
Iran,IRN,2009,543405950.0
Iran,IRN,2010,561496060.0
Iran,IRN,2011,576365700.0
Iran,IRN,2012,599278340.0
Iran,IRN,2013,609996540.0
Iran,IRN,2014,644227600.0
Iran,IRN,2015,641958700.0
Iran,IRN,2016,644680500.0
Iran,IRN,2017,696407500.0
Iran,IRN,2018,664523260.0
Iran,IRN,2019,727268540.0
Iran,IRN,2020,745595800.0
Iran,IRN,2021,779525250.0
Iran,IRN,2022,767178500.0
Iran,IRN,2023,789675840.0
Iran,IRN,2024,792631200.0
Iraq,IRQ,1927,139232.0
Iraq,IRQ,1928,289456.0
Iraq,IRQ,1929,370064.0
Iraq,IRQ,1930,370064.0
Iraq,IRQ,1931,366400.0
Iraq,IRQ,1932,373728.0
Iraq,IRQ,1933,351744.0
Iraq,IRQ,1934,2865248.0
Iraq,IRQ,1935,5723168.0
Iraq,IRQ,1936,5792784.0
Iraq,IRQ,1937,6243456.0
Iraq,IRQ,1938,5917360.0
Iraq,IRQ,1939,12157152.0
Iraq,IRQ,1940,7690736.0
Iraq,IRQ,1941,4807168.0
Iraq,IRQ,1942,7961872.0
Iraq,IRQ,1943,10959024.0
Iraq,IRQ,1944,12772704.0
Iraq,IRQ,1945,14132048.0
Iraq,IRQ,1946,14355552.0
Iraq,IRQ,1947,14425168.0
Iraq,IRQ,1948,0.0
Iraq,IRQ,1949,1128482.0
Iraq,IRQ,1950,1648533.0
Iraq,IRQ,1951,2428935.0
Iraq,IRQ,1952,1959824.0
Iraq,IRQ,1953,2527448.0
Iraq,IRQ,1954,3047647.0
Iraq,IRQ,1955,4098736.8
Iraq,IRQ,1956,6395353.0
Iraq,IRQ,1957,5969883.0
Iraq,IRQ,1958,6665776.0
Iraq,IRQ,1959,7314334.0
Iraq,IRQ,1960,8256160.0
Iraq,IRQ,1961,8709218.0
Iraq,IRQ,1962,9020836.0
Iraq,IRQ,1963,9383364.0
Iraq,IRQ,1964,9063972.0
Iraq,IRQ,1965,19293088.0
Iraq,IRQ,1966,27676082.0
Iraq,IRQ,1967,18372978.0
Iraq,IRQ,1968,19695680.0
Iraq,IRQ,1969,22601294.0
Iraq,IRQ,1970,23883784.0
Iraq,IRQ,1971,28831858.0
Iraq,IRQ,1972,29520482.0
Iraq,IRQ,1973,30612708.0
Iraq,IRQ,1974,30909492.0
Iraq,IRQ,1975,33120258.0
Iraq,IRQ,1976,48746876.0
Iraq,IRQ,1977,43656004.0
Iraq,IRQ,1978,42250740.0
Iraq,IRQ,1979,52908308.0
Iraq,IRQ,1980,45472990.0
Iraq,IRQ,1981,32041828.0
Iraq,IRQ,1982,30537960.0
Iraq,IRQ,1983,38652030.0
Iraq,IRQ,1984,40071040.0
Iraq,IRQ,1985,44529812.0
Iraq,IRQ,1986,47596268.0
Iraq,IRQ,1987,52683630.0
Iraq,IRQ,1988,67698500.0
Iraq,IRQ,1989,72973680.0
Iraq,IRQ,1990,49683310.0
Iraq,IRQ,1991,45505268.0
Iraq,IRQ,1992,59019990.0
Iraq,IRQ,1993,63263100.0
Iraq,IRQ,1994,76572620.0
Iraq,IRQ,1995,79841260.0
Iraq,IRQ,1996,74822970.0
Iraq,IRQ,1997,76296350.0
Iraq,IRQ,1998,80983930.0
Iraq,IRQ,1999,82416240.0
Iraq,IRQ,2000,83721656.0
Iraq,IRQ,2001,96802000.0
Iraq,IRQ,2002,97090500.0
Iraq,IRQ,2003,101424340.0
Iraq,IRQ,2004,113015840.0
Iraq,IRQ,2005,114281864.0
Iraq,IRQ,2006,98838120.0
Iraq,IRQ,2007,61361420.0
Iraq,IRQ,2008,94335400.0
Iraq,IRQ,2009,105211460.0
Iraq,IRQ,2010,113983430.0
Iraq,IRQ,2011,123525610.0
Iraq,IRQ,2012,134039550.0
Iraq,IRQ,2013,141704380.0
Iraq,IRQ,2014,137512700.0
Iraq,IRQ,2015,142530000.0
Iraq,IRQ,2016,153132140.0
Iraq,IRQ,2017,167472350.0
Iraq,IRQ,2018,186156450.0
Iraq,IRQ,2019,191777620.0
Iraq,IRQ,2020,172098030.0
Iraq,IRQ,2021,193115150.0
Iraq,IRQ,2022,217643900.0
Iraq,IRQ,2023,227909700.0
Iraq,IRQ,2024,233635500.0
Iceland,ISL,1936,21984.0
Iceland,ISL,1937,18320.0
Iceland,ISL,1940,425008.0
Iceland,ISL,1941,412226.0
Iceland,ISL,1942,437523.0
Iceland,ISL,1943,472023.0
Iceland,ISL,1944,453026.0
Iceland,ISL,1945,432367.0
Iceland,ISL,1946,509880.0
Iceland,ISL,1947,599716.0
Iceland,ISL,1948,721747.0
Iceland,ISL,1949,742837.0
Iceland,ISL,1950,740128.0
Iceland,ISL,1951,644864.0
Iceland,ISL,1952,776768.0
Iceland,ISL,1953,916000.0
Iceland,ISL,1954,780432.0
Iceland,ISL,1955,912336.0
Iceland,ISL,1956,948976.0
Iceland,ISL,1957,963632.0
Iceland,ISL,1958,1091753.0
Iceland,ISL,1959,1238105.0
Iceland,ISL,1960,1212488.0
Iceland,ISL,1961,1091575.0
Iceland,ISL,1962,1197742.0
Iceland,ISL,1963,1303997.0
Iceland,ISL,1964,1307601.0
Iceland,ISL,1965,1395538.0
Iceland,ISL,1966,1494437.0
Iceland,ISL,1967,1443139.0
Iceland,ISL,1968,1593425.0
Iceland,ISL,1969,1263694.0
Iceland,ISL,1970,1388300.0
Iceland,ISL,1971,1472206.0
Iceland,ISL,1972,1482832.0
Iceland,ISL,1973,1750026.0
Iceland,ISL,1974,1738479.0
Iceland,ISL,1975,1613472.0
Iceland,ISL,1976,1701313.0
Iceland,ISL,1977,1902662.0
Iceland,ISL,1978,1920842.0
Iceland,ISL,1979,1983021.0
Iceland,ISL,1980,1861846.0
Iceland,ISL,1981,1748000.0
Iceland,ISL,1982,1593849.0
Iceland,ISL,1983,1542530.0
Iceland,ISL,1984,1809746.0
Iceland,ISL,1985,1622635.0
Iceland,ISL,1986,1780225.0
Iceland,ISL,1987,1845061.0
Iceland,ISL,1988,1841119.0
Iceland,ISL,1989,1896457.0
Iceland,ISL,1990,2221979.0
Iceland,ISL,1991,2103066.0
Iceland,ISL,1992,2249322.0
Iceland,ISL,1993,2400140.0
Iceland,ISL,1994,2349279.0
Iceland,ISL,1995,2468948.0
Iceland,ISL,1996,2523004.0
Iceland,ISL,1997,2618382.0
Iceland,ISL,1998,2638281.0
Iceland,ISL,1999,2840944.0
Iceland,ISL,2000,2932741.0
Iceland,ISL,2001,2864992.0
Iceland,ISL,2002,2991995.0
Iceland,ISL,2003,2985437.0
Iceland,ISL,2004,3107170.0
Iceland,ISL,2005,2976360.0
Iceland,ISL,2006,3154382.0
Iceland,ISL,2007,3494320.0
Iceland,ISL,2008,3811488.0
Iceland,ISL,2009,3730449.0
Iceland,ISL,2010,3626637.0
Iceland,ISL,2011,3503479.0
Iceland,ISL,2012,3499153.0
Iceland,ISL,2013,3488797.0
Iceland,ISL,2014,3445281.0
Iceland,ISL,2015,3541014.0
Iceland,ISL,2016,3493663.0
Iceland,ISL,2017,3610949.0
Iceland,ISL,2018,3665355.0
Iceland,ISL,2019,3552640.0
Iceland,ISL,2020,3338906.0
Iceland,ISL,2021,3490635.0
Iceland,ISL,2022,3597685.0
Iceland,ISL,2023,3508235.0
Iceland,ISL,2024,3803011.0
Israel,ISR,1930,39977.0
Israel,ISR,1931,39977.0
Israel,ISR,1932,50880.0
Israel,ISR,1933,65417.0
Israel,ISR,1934,69051.0
Israel,ISR,1935,90857.0
Israel,ISR,1936,76320.0
Israel,ISR,1937,79954.0
Israel,ISR,1938,47246.0
Israel,ISR,1939,54514.0
Israel,ISR,1940,72686.0
Israel,ISR,1941,58149.0
Israel,ISR,1942,109029.0
Israel,ISR,1943,83589.0
Israel,ISR,1944,87223.0
Israel,ISR,1945,72686.0
Israel,ISR,1946,130834.0
Israel,ISR,1947,163543.0
Israel,ISR,1948,79954.0
Israel,ISR,1949,119931.0
Israel,ISR,1950,1669239.0
Israel,ISR,1951,2918425.0
Israel,ISR,1952,3658523.0
Israel,ISR,1953,4039519.8
Israel,ISR,1954,4324896.0
Israel,ISR,1955,4815486.0
Israel,ISR,1956,4793710.0
Israel,ISR,1957,5170656.0
Israel,ISR,1958,5537086.0
Israel,ISR,1959,5602770.0
Israel,ISR,1960,6460027.0
Israel,ISR,1961,7060775.0
Israel,ISR,1962,7932361.0
Israel,ISR,1963,8199567.0
Israel,ISR,1964,9137254.0
Israel,ISR,1965,12928839.0
Israel,ISR,1966,13581386.0
Israel,ISR,1967,13527913.0
Israel,ISR,1968,13794168.0
Israel,ISR,1969,14800936.0
Israel,ISR,1970,16559357.0
Israel,ISR,1971,16218946.0
Israel,ISR,1972,16890886.0
Israel,ISR,1973,19261170.0
Israel,ISR,1974,19368960.0
Israel,ISR,1975,19540482.0
Israel,ISR,1976,19496744.0
Israel,ISR,1977,19765916.0
Israel,ISR,1978,21031664.0
Israel,ISR,1979,20864376.0
Israel,ISR,1980,20984618.0
Israel,ISR,1981,21017606.0
Israel,ISR,1982,23854860.0
Israel,ISR,1983,23709024.0
Israel,ISR,1984,23498480.0
Israel,ISR,1985,24613012.0
Israel,ISR,1986,26348256.0
Israel,ISR,1987,27068916.0
Israel,ISR,1988,29702602.0
Israel,ISR,1989,31394252.0
Israel,ISR,1990,35824360.0
Israel,ISR,1991,36148456.0
Israel,ISR,1992,42082496.0
Israel,ISR,1993,44234508.0
Israel,ISR,1994,47474584.0
Israel,ISR,1995,49865530.0
Israel,ISR,1996,51935750.0
Israel,ISR,1997,54865704.0
Israel,ISR,1998,56009770.0
Israel,ISR,1999,54756052.0
Israel,ISR,2000,59519380.0
Israel,ISR,2001,63023570.0
Israel,ISR,2002,59304900.0
Israel,ISR,2003,62414676.0
Israel,ISR,2004,58679230.0
Israel,ISR,2005,56527670.0
Israel,ISR,2006,62148964.0
Israel,ISR,2007,62799790.0
Israel,ISR,2008,67980280.0
Israel,ISR,2009,63860948.0
Israel,ISR,2010,68286904.0
Israel,ISR,2011,68594740.0
Israel,ISR,2012,74781190.0
Israel,ISR,2013,63095308.0
Israel,ISR,2014,60278816.0
Israel,ISR,2015,62935624.0
Israel,ISR,2016,61164350.0
Israel,ISR,2017,58849100.0
Israel,ISR,2018,59985932.0
Israel,ISR,2019,58950148.0
Israel,ISR,2020,59285372.0
Israel,ISR,2021,58950084.0
Israel,ISR,2022,62267304.0
Israel,ISR,2023,55381996.0
Israel,ISR,2024,52637136.0
Italy,ITA,1860,29312.0
Italy,ITA,1861,670512.0
Italy,ITA,1862,1227440.0
Italy,ITA,1863,1069888.0
Italy,ITA,1864,1604832.0
Italy,ITA,1865,1271408.0
Italy,ITA,1866,1476592.0
Italy,ITA,1867,1469264.0
Italy,ITA,1868,1696432.0
Italy,ITA,1869,1872304.0
Italy,ITA,1870,2678384.0
Italy,ITA,1871,2308320.0
Italy,ITA,1872,2975168.0
Italy,ITA,1873,2769984.0
Italy,ITA,1874,2997152.0
Italy,ITA,1875,3066768.0
Italy,ITA,1876,4107344.2
Italy,ITA,1877,3803232.0
Italy,ITA,1878,3784912.0
Italy,ITA,1879,4356496.0
Italy,ITA,1880,5067312.0
Italy,ITA,1881,5957664.0
Italy,ITA,1882,6272768.0
Italy,ITA,1883,6646496.0
Italy,ITA,1884,7360976.0
Italy,ITA,1885,8375904.0
Italy,ITA,1886,8328272.0
Italy,ITA,1887,10149280.0
Italy,ITA,1888,10896736.0
Italy,ITA,1889,11255808.0
Italy,ITA,1890,12208448.0
Italy,ITA,1891,10999328.0
Italy,ITA,1892,10889408.0
Italy,ITA,1893,10523008.0
Italy,ITA,1894,13062160.0
Italy,ITA,1895,12021584.0
Italy,ITA,1896,11424352.0
Italy,ITA,1897,11918992.0
Italy,ITA,1898,12402640.0
Italy,ITA,1899,13589776.0
Italy,ITA,1900,13908544.0
Italy,ITA,1901,13520160.0
Italy,ITA,1902,15015072.0
Italy,ITA,1903,15315520.0
Italy,ITA,1904,16187551.0
Italy,ITA,1905,17843680.0
Italy,ITA,1906,21089984.0
Italy,ITA,1907,22808400.0
Italy,ITA,1908,23262736.0
Italy,ITA,1909,25702960.0
Italy,ITA,1910,25735936.0
Italy,ITA,1911,26538352.0
Italy,ITA,1912,27850064.0
Italy,ITA,1913,29964192.0
Italy,ITA,1914,27238176.0
Italy,ITA,1915,23779360.0
Italy,ITA,1916,23511888.0
Italy,ITA,1917,16121599.0
Italy,ITA,1918,18979520.0
Italy,ITA,1919,18609456.0
Italy,ITA,1920,17869328.0
Italy,ITA,1921,21881408.0
Italy,ITA,1922,25699296.0
Italy,ITA,1923,26824144.0
Italy,ITA,1924,32180912.0
Italy,ITA,1925,30968128.0
Italy,ITA,1926,35841250.0
Italy,ITA,1927,40384610.0
Italy,ITA,1928,38148140.0
Italy,ITA,1929,44027132.0
Italy,ITA,1930,39549784.0
Italy,ITA,1931,34172700.0
Italy,ITA,1932,28064604.0
Italy,ITA,1933,30473790.0
Italy,ITA,1934,39660990.0
Italy,ITA,1935,45376240.0
Italy,ITA,1936,31989586.0
Italy,ITA,1937,45174150.0
Italy,ITA,1938,44978956.0
Italy,ITA,1939,46120100.0
Italy,ITA,1940,49030564.0
Italy,ITA,1941,42894144.0
Italy,ITA,1942,41888780.0
Italy,ITA,1943,7112232.0
Italy,ITA,1944,3577930.0
Italy,ITA,1945,4351886.0
Italy,ITA,1946,22166356.0
Italy,ITA,1947,36786412.0
Italy,ITA,1948,35528084.0
Italy,ITA,1949,39771060.0
Italy,ITA,1950,41430596.0
Italy,ITA,1951,48822436.0
Italy,ITA,1952,50620580.0
Italy,ITA,1953,55998240.0
Italy,ITA,1954,64945404.0
Italy,ITA,1955,73273290.0
Italy,ITA,1956,83478720.0
Italy,ITA,1957,87081630.0
Italy,ITA,1958,87602310.0
Italy,ITA,1959,94095600.0
Italy,ITA,1960,109217740.0
Italy,ITA,1961,124393220.0
Italy,ITA,1962,146269900.0
Italy,ITA,1963,164574560.0
Italy,ITA,1964,175743300.0
Italy,ITA,1965,189543020.0
Italy,ITA,1966,213997100.0
Italy,ITA,1967,234148060.0
Italy,ITA,1968,249186820.0
Italy,ITA,1969,269675620.0
Italy,ITA,1970,296379200.0
Italy,ITA,1971,311060200.0
Italy,ITA,1972,328244800.0
Italy,ITA,1973,353356260.0
Italy,ITA,1974,358260260.0
Italy,ITA,1975,341056130.0
Italy,ITA,1976,365799140.0
Italy,ITA,1977,354421280.0
Italy,ITA,1978,371277500.0
Italy,ITA,1979,385259200.0
Italy,ITA,1980,386436670.0
Italy,ITA,1981,375307260.0
Italy,ITA,1982,366882900.0
Italy,ITA,1983,358409100.0
Italy,ITA,1984,364604740.0
Italy,ITA,1985,368986050.0
Italy,ITA,1986,363187620.0
Italy,ITA,1987,380098750.0
Italy,ITA,1988,385962240.0
Italy,ITA,1989,404741950.0
Italy,ITA,1990,438208030.0
Italy,ITA,1991,437741820.0
Italy,ITA,1992,437936500.0
Italy,ITA,1993,430267780.0
Italy,ITA,1994,424506720.0
Italy,ITA,1995,448595840.0
Italy,ITA,1996,442842900.0
Italy,ITA,1997,448570940.0
Italy,ITA,1998,460824400.0
Italy,ITA,1999,465507840.0
Italy,ITA,2000,469598270.0
Italy,ITA,2001,469679260.0
Italy,ITA,2002,477136320.0
Italy,ITA,2003,495093800.0
Italy,ITA,2004,500687230.0
Italy,ITA,2005,501365470.0
Italy,ITA,2006,496074620.0
Italy,ITA,2007,489793630.0
Italy,ITA,2008,478131970.0
Italy,ITA,2009,424032030.0
Italy,ITA,2010,435672030.0
Italy,ITA,2011,423897120.0
Italy,ITA,2012,403443520.0
Italy,ITA,2013,369460540.0
Italy,ITA,2014,349388960.0
Italy,ITA,2015,361243700.0
Italy,ITA,2016,358133150.0
Italy,ITA,2017,352666240.0
Italy,ITA,2018,349048350.0
Italy,ITA,2019,339637950.0
Italy,ITA,2020,302600100.0
Italy,ITA,2021,335930430.0
Italy,ITA,2022,340114720.0
Italy,ITA,2023,312290660.0
Italy,ITA,2024,301929760.0
Jamaica,JAM,1950,271136.0
Jamaica,JAM,1951,520288.0
Jamaica,JAM,1952,563959.0
Jamaica,JAM,1953,615136.0
Jamaica,JAM,1954,791038.0
Jamaica,JAM,1955,985170.0
Jamaica,JAM,1956,1259881.0
Jamaica,JAM,1957,1604238.0
Jamaica,JAM,1958,1354969.0
Jamaica,JAM,1959,1838526.0
Jamaica,JAM,1960,1468402.0
Jamaica,JAM,1961,2127922.0
Jamaica,JAM,1962,2116990.0
Jamaica,JAM,1963,2395454.0
Jamaica,JAM,1964,4062248.2
Jamaica,JAM,1965,2988577.0
Jamaica,JAM,1966,3516015.0
Jamaica,JAM,1967,3864153.0
Jamaica,JAM,1968,3878512.0
Jamaica,JAM,1969,4266897.0
Jamaica,JAM,1970,4988584.0
Jamaica,JAM,1971,5747217.0
Jamaica,JAM,1972,6282311.0
Jamaica,JAM,1973,8290351.0
Jamaica,JAM,1974,7594310.0
Jamaica,JAM,1975,8180667.0
Jamaica,JAM,1976,7275862.0
Jamaica,JAM,1977,7440922.0
Jamaica,JAM,1978,9111866.0
Jamaica,JAM,1979,8529469.0
Jamaica,JAM,1980,8445355.0
Jamaica,JAM,1981,7408473.0
Jamaica,JAM,1982,6214029.0
Jamaica,JAM,1983,6444906.0
Jamaica,JAM,1984,5140603.0
Jamaica,JAM,1985,5041745.0
Jamaica,JAM,1986,4547176.0
Jamaica,JAM,1987,5379035.0
Jamaica,JAM,1988,4525484.0
Jamaica,JAM,1989,6724091.0
Jamaica,JAM,1990,7527165.0
Jamaica,JAM,1991,7750991.0
Jamaica,JAM,1992,7708731.0
Jamaica,JAM,1993,8000958.5
Jamaica,JAM,1994,8188610.0
Jamaica,JAM,1995,9173406.0
Jamaica,JAM,1996,9687622.0
Jamaica,JAM,1997,10068187.0
Jamaica,JAM,1998,9694035.0
Jamaica,JAM,1999,9958188.0
Jamaica,JAM,2000,10313990.0
Jamaica,JAM,2001,10576440.0
Jamaica,JAM,2002,10202580.0
Jamaica,JAM,2003,10667060.0
Jamaica,JAM,2004,10574223.0
Jamaica,JAM,2005,10412875.0
Jamaica,JAM,2006,11573642.0
Jamaica,JAM,2007,10749231.0
Jamaica,JAM,2008,10775971.0
Jamaica,JAM,2009,7937452.0
Jamaica,JAM,2010,7677295.0
Jamaica,JAM,2011,8226292.5
Jamaica,JAM,2012,7887181.0
Jamaica,JAM,2013,8466728.0
Jamaica,JAM,2014,7675470.0
Jamaica,JAM,2015,7966219.0
Jamaica,JAM,2016,8134120.0
Jamaica,JAM,2017,7768234.0
Jamaica,JAM,2018,8060650.0
Jamaica,JAM,2019,9439483.0
Jamaica,JAM,2020,6865834.0
Jamaica,JAM,2021,7312535.0
Jamaica,JAM,2022,7907611.0
Jamaica,JAM,2023,8068915.5
Jamaica,JAM,2024,8401763.0
Jordan,JOR,1950,172208.0
Jordan,JOR,1951,161216.0
Jordan,JOR,1952,194192.0
Jordan,JOR,1953,212512.0
Jordan,JOR,1954,252549.0
Jordan,JOR,1955,380699.0
Jordan,JOR,1956,450345.0
Jordan,JOR,1957,494194.0
Jordan,JOR,1958,523506.0
Jordan,JOR,1959,655410.0
Jordan,JOR,1960,743138.0
Jordan,JOR,1961,977397.0
Jordan,JOR,1962,1046952.94
Jordan,JOR,1963,1218953.0
Jordan,JOR,1964,1240848.0
Jordan,JOR,1965,1420414.0
Jordan,JOR,1966,1581332.0
Jordan,JOR,1967,1412997.0
Jordan,JOR,1968,1503972.0
Jordan,JOR,1969,1756788.0
Jordan,JOR,1970,1555684.0
Jordan,JOR,1971,1654434.0
Jordan,JOR,1972,1913598.0
Jordan,JOR,1973,2199568.0
Jordan,JOR,1974,2225305.0
Jordan,JOR,1975,2489202.0
Jordan,JOR,1976,2946837.0
Jordan,JOR,1977,3158660.0
Jordan,JOR,1978,3634438.0
Jordan,JOR,1979,3787321.0
Jordan,JOR,1980,4714848.0
Jordan,JOR,1981,5849312.0
Jordan,JOR,1982,6278894.0
Jordan,JOR,1983,7342431.0
Jordan,JOR,1984,8321468.5
Jordan,JOR,1985,8505931.0
Jordan,JOR,1986,9247445.0
Jordan,JOR,1987,9619477.0
Jordan,JOR,1988,9276380.0
Jordan,JOR,1989,9192353.0
Jordan,JOR,1990,10590403.0
Jordan,JOR,1991,9991096.0
Jordan,JOR,1992,12188864.0
Jordan,JOR,1993,12008472.0
Jordan,JOR,1994,13521499.0
Jordan,JOR,1995,13451244.0
Jordan,JOR,1996,14073579.0
Jordan,JOR,1997,14308130.0
Jordan,JOR,1998,14447417.0
Jordan,JOR,1999,14467326.0
Jordan,JOR,2000,15400890.0
Jordan,JOR,2001,15857936.0
Jordan,JOR,2002,16707088.0
Jordan,JOR,2003,17273348.0
Jordan,JOR,2004,19003282.0
Jordan,JOR,2005,20790354.0
Jordan,JOR,2006,20829494.0
Jordan,JOR,2007,21700136.0
Jordan,JOR,2008,20987296.0
Jordan,JOR,2009,21545008.0
Jordan,JOR,2010,20838342.0
Jordan,JOR,2011,21409422.0
Jordan,JOR,2012,24069098.0
Jordan,JOR,2013,24060996.0
Jordan,JOR,2014,26164846.0
Jordan,JOR,2015,25799390.0
Jordan,JOR,2016,24949460.0
Jordan,JOR,2017,26079932.0
Jordan,JOR,2018,25419166.0
Jordan,JOR,2019,24569784.0
Jordan,JOR,2020,20621556.0
Jordan,JOR,2021,21190126.0
Jordan,JOR,2022,22427682.0
Jordan,JOR,2023,23119264.0
Jordan,JOR,2024,23219138.0
Japan,JPN,1868,10992.0
Japan,JPN,1869,18320.0
Japan,JPN,1870,18320.0
Japan,JPN,1871,25648.0
Japan,JPN,1872,32976.0
Japan,JPN,1873,40304.0
Japan,JPN,1874,586240.0
Japan,JPN,1875,1439952.0
Japan,JPN,1876,1403312.0
Japan,JPN,1877,1289728.0
Japan,JPN,1878,1857648.0
Japan,JPN,1879,2315648.0
Japan,JPN,1880,2348624.0
Japan,JPN,1881,2414576.0
Japan,JPN,1882,2513504.0
Japan,JPN,1883,2711360.0
Japan,JPN,1884,2956848.0
Japan,JPN,1885,3348896.0
Japan,JPN,1886,3605376.0
Japan,JPN,1887,4473744.0
Japan,JPN,1888,5169904.0
Japan,JPN,1889,6254448.0
Japan,JPN,1890,6756416.0
Japan,JPN,1891,8123088.0
Japan,JPN,1892,8075455.5
Japan,JPN,1893,8573760.0
Japan,JPN,1894,11024976.0
Japan,JPN,1895,12226768.0
Japan,JPN,1896,12915600.0
Japan,JPN,1897,13542144.0
Japan,JPN,1898,17246448.0
Japan,JPN,1899,17272096.0
Japan,JPN,1900,19411872.0
Japan,JPN,1901,23273728.0
Japan,JPN,1902,24944512.0
Japan,JPN,1903,25787232.0
Japan,JPN,1904,29051856.0
Japan,JPN,1905,29931216.0
Japan,JPN,1906,32855088.0
Japan,JPN,1907,35071810.0
Japan,JPN,1908,37632944.0
Japan,JPN,1909,38255824.0
Japan,JPN,1910,39384336.0
Japan,JPN,1911,44209824.0
Japan,JPN,1912,49280800.0
Japan,JPN,1913,54315136.0
Japan,JPN,1914,58015776.0
Japan,JPN,1915,52842210.0
Japan,JPN,1916,58598350.0
Japan,JPN,1917,67483550.0
Japan,JPN,1918,71543260.0
Japan,JPN,1919,79193700.0
Japan,JPN,1920,74280270.0
Japan,JPN,1921,66809380.0
Japan,JPN,1922,71429680.0
Japan,JPN,1923,75907090.0
Japan,JPN,1924,79347580.0
Japan,JPN,1925,82011310.0
Japan,JPN,1926,82604880.0
Japan,JPN,1927,89482210.0
Japan,JPN,1928,92390570.0
Japan,JPN,1929,94880340.0
Japan,JPN,1930,86165784.0
Japan,JPN,1931,77904010.0
Japan,JPN,1932,77980500.0
Japan,JPN,1933,91342500.0
Japan,JPN,1934,101202820.0
Japan,JPN,1935,106382490.0
Japan,JPN,1936,116849070.0
Japan,JPN,1937,125430960.0
Japan,JPN,1938,131735120.0
Japan,JPN,1939,127746840.0
Japan,JPN,1940,153244270.0
Japan,JPN,1941,154604580.0
Japan,JPN,1942,147791840.0
Japan,JPN,1943,150637470.0
Japan,JPN,1944,138732700.0
Japan,JPN,1945,76635160.0
Japan,JPN,1946,52706560.0
Japan,JPN,1947,70032370.0
Japan,JPN,1948,88082370.0
Japan,JPN,1949,98420104.0
Japan,JPN,1950,102540984.0
Japan,JPN,1951,123380700.0
Japan,JPN,1952,130362000.0
Japan,JPN,1953,145868600.0
Japan,JPN,1954,142662190.0
Japan,JPN,1955,142006910.0
Japan,JPN,1956,160800780.0
Japan,JPN,1957,188279260.0
Japan,JPN,1958,181420860.0
Japan,JPN,1959,192920450.0
Japan,JPN,1960,232829570.0
Japan,JPN,1961,283131330.0
Japan,JPN,1962,293278460.0
Japan,JPN,1963,325267800.0
Japan,JPN,1964,359352600.0
Japan,JPN,1965,386969630.0
Japan,JPN,1966,419780260.0
Japan,JPN,1967,489915650.0
Japan,JPN,1968,562568260.0
Japan,JPN,1969,653852800.0
Japan,JPN,1970,769747650.0
Japan,JPN,1971,799647100.0
Japan,JPN,1972,861053600.0
Japan,JPN,1973,914265900.0
Japan,JPN,1974,914306240.0
Japan,JPN,1975,869814900.0
Japan,JPN,1976,909575100.0
Japan,JPN,1977,935554000.0
Japan,JPN,1978,905087550.0
Japan,JPN,1979,957147100.0
Japan,JPN,1980,948551700.0
Japan,JPN,1981,930377400.0
Japan,JPN,1982,900724400.0
Japan,JPN,1983,884423800.0
Japan,JPN,1984,940541800.0
Japan,JPN,1985,915276160.0
Japan,JPN,1986,914048900.0
Japan,JPN,1987,902207500.0
Japan,JPN,1988,984698500.0
Japan,JPN,1989,1021297860.0
Japan,JPN,1990,1154853200.0
Japan,JPN,1991,1166552400.0
Japan,JPN,1992,1175454300.0
Japan,JPN,1993,1169328000.0
Japan,JPN,1994,1223158300.0
Japan,JPN,1995,1235873200.0
Japan,JPN,1996,1248690000.0
Japan,JPN,1997,1240980400.0
Japan,JPN,1998,1201334400.0
Japan,JPN,1999,1238121000.0
Japan,JPN,2000,1260203000.0
Japan,JPN,2001,1245935200.0
Japan,JPN,2002,1275420300.0
Japan,JPN,2003,1283845000.0
Japan,JPN,2004,1279121500.0
Japan,JPN,2005,1286412300.0
Japan,JPN,2006,1263440400.0
Japan,JPN,2007,1298973600.0
Japan,JPN,2008,1228686700.0
Japan,JPN,2009,1160252800.0
Japan,JPN,2010,1211090300.0
Japan,JPN,2011,1261180500.0
Japan,JPN,2012,1302112500.0
Japan,JPN,2013,1311875600.0
Japan,JPN,2014,1260272400.0
Japan,JPN,2015,1219982500.0
Japan,JPN,2016,1199932900.0
Japan,JPN,2017,1184391700.0
Japan,JPN,2018,1138549800.0
Japan,JPN,2019,1102063000.0
Japan,JPN,2020,1037284700.0
Japan,JPN,2021,1058501800.0
Japan,JPN,2022,1029644900.0
Japan,JPN,2023,986910140.0
Japan,JPN,2024,961867300.0
Kazakhstan,KAZ,1830,1216.0
Kazakhstan,KAZ,1831,1459.0
Kazakhstan,KAZ,1832,973.0
Kazakhstan,KAZ,1833,1216.0
Kazakhstan,KAZ,1850,7537.0
Kazakhstan,KAZ,1855,22856.0
Kazakhstan,KAZ,1858,32095.0
Kazakhstan,KAZ,1859,34040.0
Kazakhstan,KAZ,1860,44982.0
Kazakhstan,KAZ,1861,57139.0
Kazakhstan,KAZ,1862,51547.0
Kazakhstan,KAZ,1863,53978.0
Kazakhstan,KAZ,1864,60543.0
Kazakhstan,KAZ,1865,57868.0
Kazakhstan,KAZ,1866,182845.0
Kazakhstan,KAZ,1867,209834.0
Kazakhstan,KAZ,1868,174578.0
Kazakhstan,KAZ,1869,236823.0
Kazakhstan,KAZ,1870,257004.0
Kazakhstan,KAZ,1871,346967.0
Kazakhstan,KAZ,1872,356207.0
Kazakhstan,KAZ,1873,334324.0
Kazakhstan,KAZ,1874,405808.0
Kazakhstan,KAZ,1875,467081.0
Kazakhstan,KAZ,1876,579900.0
Kazakhstan,KAZ,1877,591814.0
Kazakhstan,KAZ,1878,773443.0
Kazakhstan,KAZ,1879,793624.0
Kazakhstan,KAZ,1880,931001.0
Kazakhstan,KAZ,1881,980603.0
Kazakhstan,KAZ,1882,1032879.0
Kazakhstan,KAZ,1883,1175605.0
Kazakhstan,KAZ,1884,1193597.0
Kazakhstan,KAZ,1885,1300095.0
Kazakhstan,KAZ,1886,1333405.0
Kazakhstan,KAZ,1887,1410969.0
Kazakhstan,KAZ,1888,1471755.0
Kazakhstan,KAZ,1889,1589437.0
Kazakhstan,KAZ,1890,1800000.0
Kazakhstan,KAZ,1891,1981872.0
Kazakhstan,KAZ,1892,2097852.0
Kazakhstan,KAZ,1893,2458922.0
Kazakhstan,KAZ,1894,2504390.0
Kazakhstan,KAZ,1895,2877617.0
Kazakhstan,KAZ,1896,2929407.0
Kazakhstan,KAZ,1897,3387005.0
Kazakhstan,KAZ,1898,3798649.0
Kazakhstan,KAZ,1899,4406754.0
Kazakhstan,KAZ,1900,4992004.0
Kazakhstan,KAZ,1901,5125004.0
Kazakhstan,KAZ,1902,4949940.0
Kazakhstan,KAZ,1903,4841983.0
Kazakhstan,KAZ,1904,5387114.0
Kazakhstan,KAZ,1905,4808672.0
Kazakhstan,KAZ,1906,5484858.0
Kazakhstan,KAZ,1907,6143537.0
Kazakhstan,KAZ,1908,6181224.0
Kazakhstan,KAZ,1909,6525031.0
Kazakhstan,KAZ,1910,6399082.0
Kazakhstan,KAZ,1911,6634446.0
Kazakhstan,KAZ,1912,7515359.0
Kazakhstan,KAZ,1913,8164069.0
Kazakhstan,KAZ,1914,7368257.0
Kazakhstan,KAZ,1915,6763069.0
Kazakhstan,KAZ,1916,7208267.0
Kazakhstan,KAZ,1917,6633960.0
Kazakhstan,KAZ,1918,2645657.0
Kazakhstan,KAZ,1919,2259787.0
Kazakhstan,KAZ,1920,2060651.1
Kazakhstan,KAZ,1921,2234743.0
Kazakhstan,KAZ,1922,2725409.0
Kazakhstan,KAZ,1923,3010618.0
Kazakhstan,KAZ,1924,3586870.0
Kazakhstan,KAZ,1925,3540187.0
Kazakhstan,KAZ,1926,5129380.0
Kazakhstan,KAZ,1927,6377199.0
Kazakhstan,KAZ,1928,7103472.0
Kazakhstan,KAZ,1929,7651669.0
Kazakhstan,KAZ,1930,10395429.0
Kazakhstan,KAZ,1931,12485385.0
Kazakhstan,KAZ,1932,14069241.0
Kazakhstan,KAZ,1933,15715148.0
Kazakhstan,KAZ,1934,19012654.0
Kazakhstan,KAZ,1935,21527010.0
Kazakhstan,KAZ,1936,24692850.0
Kazakhstan,KAZ,1937,25243852.0
Kazakhstan,KAZ,1938,26643024.0
Kazakhstan,KAZ,1939,26969240.0
Kazakhstan,KAZ,1940,32325200.0
Kazakhstan,KAZ,1941,28405022.0
Kazakhstan,KAZ,1942,15410267.0
Kazakhstan,KAZ,1943,16083048.0
Kazakhstan,KAZ,1944,23323412.0
Kazakhstan,KAZ,1945,24712652.0
Kazakhstan,KAZ,1946,27787980.0
Kazakhstan,KAZ,1947,33469296.0
Kazakhstan,KAZ,1948,35630964.0
Kazakhstan,KAZ,1949,40509256.0
Kazakhstan,KAZ,1950,45172436.0
Kazakhstan,KAZ,1951,48969176.0
Kazakhstan,KAZ,1952,52446890.0
Kazakhstan,KAZ,1953,55497036.0
Kazakhstan,KAZ,1954,60628756.0
Kazakhstan,KAZ,1955,68757180.0
Kazakhstan,KAZ,1956,75382990.0
Kazakhstan,KAZ,1957,82503340.0
Kazakhstan,KAZ,1958,88075490.0
Kazakhstan,KAZ,1959,92625870.0
Kazakhstan,KAZ,1960,96467340.0
Kazakhstan,KAZ,1961,99489820.0
Kazakhstan,KAZ,1962,104415490.0
Kazakhstan,KAZ,1963,111949260.0
Kazakhstan,KAZ,1964,119029920.0
Kazakhstan,KAZ,1965,126268980.0
Kazakhstan,KAZ,1966,133350820.0
Kazakhstan,KAZ,1967,139409340.0
Kazakhstan,KAZ,1968,143288750.0
Kazakhstan,KAZ,1969,149192270.0
Kazakhstan,KAZ,1970,156965000.0
Kazakhstan,KAZ,1971,166437680.0
Kazakhstan,KAZ,1972,175003420.0
Kazakhstan,KAZ,1973,182271620.0
Kazakhstan,KAZ,1974,189074980.0
Kazakhstan,KAZ,1975,198610240.0
Kazakhstan,KAZ,1976,206067310.0
Kazakhstan,KAZ,1977,212882820.0
Kazakhstan,KAZ,1978,219991650.0
Kazakhstan,KAZ,1979,221656770.0
Kazakhstan,KAZ,1980,230263420.0
Kazakhstan,KAZ,1981,225577980.0
Kazakhstan,KAZ,1982,229742240.0
Kazakhstan,KAZ,1983,232791630.0
Kazakhstan,KAZ,1984,234663020.0
Kazakhstan,KAZ,1985,253150020.0
Kazakhstan,KAZ,1986,258133600.0
Kazakhstan,KAZ,1987,256684910.0
Kazakhstan,KAZ,1988,273732860.0
Kazakhstan,KAZ,1989,264606140.0
Kazakhstan,KAZ,1990,267405360.0
Kazakhstan,KAZ,1991,260420500.0
Kazakhstan,KAZ,1992,233523400.0
Kazakhstan,KAZ,1993,207558720.0
Kazakhstan,KAZ,1994,174671120.0
Kazakhstan,KAZ,1995,168467980.0
Kazakhstan,KAZ,1996,154715700.0
Kazakhstan,KAZ,1997,147293120.0
Kazakhstan,KAZ,1998,145621870.0
Kazakhstan,KAZ,1999,118761624.0
Kazakhstan,KAZ,2000,142196980.0
Kazakhstan,KAZ,2001,138036500.0
Kazakhstan,KAZ,2002,156768220.0
Kazakhstan,KAZ,2003,175021970.0
Kazakhstan,KAZ,2004,185475840.0
Kazakhstan,KAZ,2005,198448540.0
Kazakhstan,KAZ,2006,219633150.0
Kazakhstan,KAZ,2007,225712400.0
Kazakhstan,KAZ,2008,226102380.0
Kazakhstan,KAZ,2009,223189230.0
Kazakhstan,KAZ,2010,248092770.0
Kazakhstan,KAZ,2011,238156960.0
Kazakhstan,KAZ,2012,245262910.0
Kazakhstan,KAZ,2013,253532740.0
Kazakhstan,KAZ,2014,299137340.0
Kazakhstan,KAZ,2015,303052300.0
Kazakhstan,KAZ,2016,301738800.0
Kazakhstan,KAZ,2017,317720420.0
Kazakhstan,KAZ,2018,329572130.0
Kazakhstan,KAZ,2019,296039600.0
Kazakhstan,KAZ,2020,281789200.0
Kazakhstan,KAZ,2021,244903710.0
Kazakhstan,KAZ,2022,274345570.0
Kazakhstan,KAZ,2023,286174900.0
Kazakhstan,KAZ,2024,287005950.0
Kenya,KEN,1950,908672.0
Kenya,KEN,1951,1392231.0
Kenya,KEN,1952,1590057.0
Kenya,KEN,1953,1513083.0
Kenya,KEN,1954,1699799.0
Kenya,KEN,1955,1985353.0
Kenya,KEN,1956,2219641.0
Kenya,KEN,1957,2281840.0
Kenya,KEN,1958,2087589.0
Kenya,KEN,1959,2208112.0
Kenya,KEN,1960,2424144.0
Kenya,KEN,1961,2398585.0
Kenya,KEN,1962,2622025.0
Kenya,KEN,1963,2852859.0
Kenya,KEN,1964,2823250.0
Kenya,KEN,1965,2463914.0
Kenya,KEN,1966,2680084.0
Kenya,KEN,1967,2698436.0
Kenya,KEN,1968,2815420.0
Kenya,KEN,1969,3126468.0
Kenya,KEN,1970,3078215.0
Kenya,KEN,1971,3678457.0
Kenya,KEN,1972,3864626.0
Kenya,KEN,1973,3911642.0
Kenya,KEN,1974,4940146.0
Kenya,KEN,1975,4964733.0
Kenya,KEN,1976,4596803.0
Kenya,KEN,1977,5041415.0
Kenya,KEN,1978,5308186.0
Kenya,KEN,1979,5024581.0
Kenya,KEN,1980,6176564.0
Kenya,KEN,1981,6504883.0
Kenya,KEN,1982,4671812.0
Kenya,KEN,1983,4638105.0
Kenya,KEN,1984,4298116.0
Kenya,KEN,1985,3752740.0
Kenya,KEN,1986,4136123.2
Kenya,KEN,1987,5146062.0
Kenya,KEN,1988,4761761.0
Kenya,KEN,1989,5164357.0
Kenya,KEN,1990,5788842.0
Kenya,KEN,1991,4804756.0
Kenya,KEN,1992,5504709.0
Kenya,KEN,1993,6311647.0
Kenya,KEN,1994,6522694.0
Kenya,KEN,1995,7515300.0
Kenya,KEN,1996,9283094.0
Kenya,KEN,1997,8226742.0
Kenya,KEN,1998,9998502.0
Kenya,KEN,1999,10020533.0
Kenya,KEN,2000,10384895.0
Kenya,KEN,2001,9223600.0
Kenya,KEN,2002,7819113.0
Kenya,KEN,2003,6716151.0
Kenya,KEN,2004,7621342.0
Kenya,KEN,2005,8454166.0
Kenya,KEN,2006,9566836.0
Kenya,KEN,2007,9734023.0
Kenya,KEN,2008,10098609.0
Kenya,KEN,2009,12184812.0
Kenya,KEN,2010,11856819.0
Kenya,KEN,2011,12217645.0
Kenya,KEN,2012,11245819.0
Kenya,KEN,2013,12162930.0
Kenya,KEN,2014,13214406.0
Kenya,KEN,2015,15212208.0
Kenya,KEN,2016,16288698.0
Kenya,KEN,2017,16181103.0
Kenya,KEN,2018,17002858.0
Kenya,KEN,2019,18158882.0
Kenya,KEN,2020,19989572.0
Kenya,KEN,2021,20589818.0
Kenya,KEN,2022,20544366.0
Kenya,KEN,2023,21185722.0
Kenya,KEN,2024,21225434.0
Kyrgyzstan,KGZ,1830,104.0
Kyrgyzstan,KGZ,1831,125.00001
Kyrgyzstan,KGZ,1832,83.0
Kyrgyzstan,KGZ,1833,104.0
Kyrgyzstan,KGZ,1850,647.0
Kyrgyzstan,KGZ,1855,1962.0
Kyrgyzstan,KGZ,1858,2755.0
Kyrgyzstan,KGZ,1859,2922.0
Kyrgyzstan,KGZ,1860,3861.0
Kyrgyzstan,KGZ,1861,4904.0
Kyrgyzstan,KGZ,1862,4424.0
Kyrgyzstan,KGZ,1863,4633.0
Kyrgyzstan,KGZ,1864,5196.0
Kyrgyzstan,KGZ,1865,4967.0
Kyrgyzstan,KGZ,1866,15693.0
Kyrgyzstan,KGZ,1867,18009.0
Kyrgyzstan,KGZ,1868,14983.0
Kyrgyzstan,KGZ,1869,20326.0
Kyrgyzstan,KGZ,1870,22058.0
Kyrgyzstan,KGZ,1871,29779.0
Kyrgyzstan,KGZ,1872,30572.0
Kyrgyzstan,KGZ,1873,28694.0
Kyrgyzstan,KGZ,1874,34829.0
Kyrgyzstan,KGZ,1875,40088.0
Kyrgyzstan,KGZ,1876,49771.0
Kyrgyzstan,KGZ,1877,50793.0
Kyrgyzstan,KGZ,1878,66382.0
Kyrgyzstan,KGZ,1879,68114.0
Kyrgyzstan,KGZ,1880,79905.0
Kyrgyzstan,KGZ,1881,84162.0
Kyrgyzstan,KGZ,1882,88648.0
Kyrgyzstan,KGZ,1883,100898.0
Kyrgyzstan,KGZ,1884,102442.0
Kyrgyzstan,KGZ,1885,111583.0
Kyrgyzstan,KGZ,1886,114441.0
Kyrgyzstan,KGZ,1887,121098.0
Kyrgyzstan,KGZ,1888,126315.99
Kyrgyzstan,KGZ,1889,136416.0
Kyrgyzstan,KGZ,1890,154488.0
Kyrgyzstan,KGZ,1891,170097.0
Kyrgyzstan,KGZ,1892,180051.0
Kyrgyzstan,KGZ,1893,211041.0
Kyrgyzstan,KGZ,1894,214943.0
Kyrgyzstan,KGZ,1895,246976.0
Kyrgyzstan,KGZ,1896,251421.0
Kyrgyzstan,KGZ,1897,290695.0
Kyrgyzstan,KGZ,1898,326025.0
Kyrgyzstan,KGZ,1899,378216.0
Kyrgyzstan,KGZ,1900,428446.0
Kyrgyzstan,KGZ,1901,439861.0
Kyrgyzstan,KGZ,1902,424836.0
Kyrgyzstan,KGZ,1903,415570.0
Kyrgyzstan,KGZ,1904,462357.0
Kyrgyzstan,KGZ,1905,412711.0
Kyrgyzstan,KGZ,1906,470746.0
Kyrgyzstan,KGZ,1907,527278.0
Kyrgyzstan,KGZ,1908,530513.0
Kyrgyzstan,KGZ,1909,560020.0
Kyrgyzstan,KGZ,1910,549211.0
Kyrgyzstan,KGZ,1911,569411.0
Kyrgyzstan,KGZ,1912,645017.0
Kyrgyzstan,KGZ,1913,700693.0
Kyrgyzstan,KGZ,1914,632391.0
Kyrgyzstan,KGZ,1915,580450.0
Kyrgyzstan,KGZ,1916,618660.0
Kyrgyzstan,KGZ,1917,569369.0
Kyrgyzstan,KGZ,1918,227067.0
Kyrgyzstan,KGZ,1919,193950.0
Kyrgyzstan,KGZ,1920,176858.0
Kyrgyzstan,KGZ,1921,191800.0
Kyrgyzstan,KGZ,1922,233912.0
Kyrgyzstan,KGZ,1923,258391.0
Kyrgyzstan,KGZ,1924,307848.0
Kyrgyzstan,KGZ,1925,303842.0
Kyrgyzstan,KGZ,1926,440237.0
Kyrgyzstan,KGZ,1927,547332.0
Kyrgyzstan,KGZ,1928,609317.0
Kyrgyzstan,KGZ,1929,656375.0
Kyrgyzstan,KGZ,1930,892079.0
Kyrgyzstan,KGZ,1931,1071436.0
Kyrgyzstan,KGZ,1932,1207130.0
Kyrgyzstan,KGZ,1933,1348363.0
Kyrgyzstan,KGZ,1934,1631190.0
Kyrgyzstan,KGZ,1935,1846753.0
Kyrgyzstan,KGZ,1936,2118152.0
Kyrgyzstan,KGZ,1937,2165533.0
Kyrgyzstan,KGZ,1938,2285579.0
Kyrgyzstan,KGZ,1939,2313568.0
Kyrgyzstan,KGZ,1940,2772938.0
Kyrgyzstan,KGZ,1941,2436871.0
Kyrgyzstan,KGZ,1942,1322609.0
Kyrgyzstan,KGZ,1943,1380351.0
Kyrgyzstan,KGZ,1944,2001766.0
Kyrgyzstan,KGZ,1945,2120466.0
Kyrgyzstan,KGZ,1946,2383986.0
Kyrgyzstan,KGZ,1947,2871237.0
Kyrgyzstan,KGZ,1948,3056398.0
Kyrgyzstan,KGZ,1949,3474833.0
Kyrgyzstan,KGZ,1950,3874508.0
Kyrgyzstan,KGZ,1951,4199987.0
Kyrgyzstan,KGZ,1952,4498353.0
Kyrgyzstan,KGZ,1953,4760020.0
Kyrgyzstan,KGZ,1954,5200088.0
Kyrgyzstan,KGZ,1955,5897370.0
Kyrgyzstan,KGZ,1956,6466082.0
Kyrgyzstan,KGZ,1957,7076848.0
Kyrgyzstan,KGZ,1958,7554927.0
Kyrgyzstan,KGZ,1959,7945421.0
Kyrgyzstan,KGZ,1960,8275396.5
Kyrgyzstan,KGZ,1961,8535374.0
Kyrgyzstan,KGZ,1962,8959523.0
Kyrgyzstan,KGZ,1963,9606445.0
Kyrgyzstan,KGZ,1964,10214127.0
Kyrgyzstan,KGZ,1965,10835712.0
Kyrgyzstan,KGZ,1966,11444406.0
Kyrgyzstan,KGZ,1967,11966843.0
Kyrgyzstan,KGZ,1968,12302215.0
Kyrgyzstan,KGZ,1969,12810962.0
Kyrgyzstan,KGZ,1970,13481653.0
Kyrgyzstan,KGZ,1971,14306076.0
Kyrgyzstan,KGZ,1972,15050849.0
Kyrgyzstan,KGZ,1973,15686771.0
Kyrgyzstan,KGZ,1974,16284117.0
Kyrgyzstan,KGZ,1975,17115124.0
Kyrgyzstan,KGZ,1976,17758716.0
Kyrgyzstan,KGZ,1977,18349320.0
Kyrgyzstan,KGZ,1978,18967164.0
Kyrgyzstan,KGZ,1979,19106486.0
Kyrgyzstan,KGZ,1980,19847288.0
Kyrgyzstan,KGZ,1981,19458402.0
Kyrgyzstan,KGZ,1982,19817096.0
Kyrgyzstan,KGZ,1983,20087730.0
Kyrgyzstan,KGZ,1984,20253148.0
Kyrgyzstan,KGZ,1985,21836838.0
Kyrgyzstan,KGZ,1986,21823764.0
Kyrgyzstan,KGZ,1987,21217606.0
Kyrgyzstan,KGZ,1988,21351716.0
Kyrgyzstan,KGZ,1989,20729724.0
Kyrgyzstan,KGZ,1990,19204034.0
Kyrgyzstan,KGZ,1991,15897467.0
Kyrgyzstan,KGZ,1992,11041681.0
Kyrgyzstan,KGZ,1993,8468166.0
Kyrgyzstan,KGZ,1994,6144479.0
Kyrgyzstan,KGZ,1995,4506950.0
Kyrgyzstan,KGZ,1996,5651918.0
Kyrgyzstan,KGZ,1997,5560681.0
Kyrgyzstan,KGZ,1998,5900999.0
Kyrgyzstan,KGZ,1999,4642439.0
Kyrgyzstan,KGZ,2000,4575258.0
Kyrgyzstan,KGZ,2001,3856740.0
Kyrgyzstan,KGZ,2002,4917247.0
Kyrgyzstan,KGZ,2003,5375527.0
Kyrgyzstan,KGZ,2004,5808160.0
Kyrgyzstan,KGZ,2005,5519072.0
Kyrgyzstan,KGZ,2006,5457268.0
Kyrgyzstan,KGZ,2007,6522285.0
Kyrgyzstan,KGZ,2008,7480887.0
Kyrgyzstan,KGZ,2009,6709287.0
Kyrgyzstan,KGZ,2010,6355656.0
Kyrgyzstan,KGZ,2011,7620172.0
Kyrgyzstan,KGZ,2012,10086689.0
Kyrgyzstan,KGZ,2013,9733813.0
Kyrgyzstan,KGZ,2014,10236388.0
Kyrgyzstan,KGZ,2015,10264781.0
Kyrgyzstan,KGZ,2016,9621676.0
Kyrgyzstan,KGZ,2017,9364119.0
Kyrgyzstan,KGZ,2018,11174909.0
Kyrgyzstan,KGZ,2019,9046661.0
Kyrgyzstan,KGZ,2020,8348490.5
Kyrgyzstan,KGZ,2021,10338292.0
Kyrgyzstan,KGZ,2022,11512894.0
Kyrgyzstan,KGZ,2023,11144427.0
Kyrgyzstan,KGZ,2024,11770158.0
Cambodia,KHM,1955,102592.0
Cambodia,KHM,1956,131904.0
Cambodia,KHM,1957,161216.0
Cambodia,KHM,1958,197856.0
Cambodia,KHM,1959,212512.0
Cambodia,KHM,1960,234496.0
Cambodia,KHM,1961,285792.0
Cambodia,KHM,1962,307776.0
Cambodia,KHM,1963,388384.0
Cambodia,KHM,1964,337127.0
Cambodia,KHM,1965,377392.0
Cambodia,KHM,1966,439680.0
Cambodia,KHM,1967,388384.0
Cambodia,KHM,1968,461664.0
Cambodia,KHM,1969,1315296.0
Cambodia,KHM,1970,1154160.0
Cambodia,KHM,1971,219840.0
Cambodia,KHM,1972,91600.0
Cambodia,KHM,1973,87936.0
Cambodia,KHM,1974,47632.0
Cambodia,KHM,1975,47632.0
Cambodia,KHM,1976,47632.0
Cambodia,KHM,1977,47632.0
Cambodia,KHM,1978,47632.0
Cambodia,KHM,1979,29312.0
Cambodia,KHM,1980,285792.0
Cambodia,KHM,1981,300448.0
Cambodia,KHM,1982,337088.0
Cambodia,KHM,1983,366400.0
Cambodia,KHM,1984,410368.0
Cambodia,KHM,1985,417696.0
Cambodia,KHM,1986,432352.0
Cambodia,KHM,1987,436016.0
Cambodia,KHM,1988,450672.0
Cambodia,KHM,1989,450672.0
Cambodia,KHM,1990,1260416.0
Cambodia,KHM,1991,1304384.0
Cambodia,KHM,1992,1348352.0
Cambodia,KHM,1993,1384992.0
Cambodia,KHM,1994,1425296.0
Cambodia,KHM,1995,1498576.0
Cambodia,KHM,1996,1516896.0
Cambodia,KHM,1997,1465600.0
Cambodia,KHM,1998,1875968.0
Cambodia,KHM,1999,1894288.0
Cambodia,KHM,2000,1996880.0
Cambodia,KHM,2001,2235040.0
Cambodia,KHM,2002,2154432.0
Cambodia,KHM,2003,2253360.0
Cambodia,KHM,2004,2238704.0
Cambodia,KHM,2005,2209392.0
Cambodia,KHM,2006,2846928.0
Cambodia,KHM,2007,3489462.0
Cambodia,KHM,2008,3936332.0
Cambodia,KHM,2009,4579380.0
Cambodia,KHM,2010,5067388.0
Cambodia,KHM,2011,5271034.0
Cambodia,KHM,2012,5572352.0
Cambodia,KHM,2013,5625738.0
Cambodia,KHM,2014,6702344.0
Cambodia,KHM,2015,8186074.5
Cambodia,KHM,2016,10643550.0
Cambodia,KHM,2017,12087146.0
Cambodia,KHM,2018,13937509.0
Cambodia,KHM,2019,18626280.0
Cambodia,KHM,2020,20990796.0
Cambodia,KHM,2021,20775382.0
Cambodia,KHM,2022,20865134.0
Cambodia,KHM,2023,21411502.0
Cambodia,KHM,2024,21882690.0
Kiribati,KIR,1961,7328.0
Kiribati,KIR,1962,10992.0
Kiribati,KIR,1963,18320.0
Kiribati,KIR,1964,18320.0
Kiribati,KIR,1965,10992.0
Kiribati,KIR,1966,10992.0
Kiribati,KIR,1967,21984.0
Kiribati,KIR,1968,32976.0
Kiribati,KIR,1969,10992.0
Kiribati,KIR,1970,21984.0
Kiribati,KIR,1971,29312.0
Kiribati,KIR,1972,25648.0
Kiribati,KIR,1973,36640.0
Kiribati,KIR,1974,32976.0
Kiribati,KIR,1975,32976.0
Kiribati,KIR,1976,32976.0
Kiribati,KIR,1977,21984.0
Kiribati,KIR,1978,21984.0
Kiribati,KIR,1979,25648.0
Kiribati,KIR,1980,29312.0
Kiribati,KIR,1981,29312.0
Kiribati,KIR,1982,25648.0
Kiribati,KIR,1983,21984.0
Kiribati,KIR,1984,21984.0
Kiribati,KIR,1985,21984.0
Kiribati,KIR,1986,18320.0
Kiribati,KIR,1987,21984.0
Kiribati,KIR,1988,21984.0
Kiribati,KIR,1989,21984.0
Kiribati,KIR,1990,21984.0
Kiribati,KIR,1991,21984.0
Kiribati,KIR,1992,25648.0
Kiribati,KIR,1993,29312.0
Kiribati,KIR,1994,29312.0
Kiribati,KIR,1995,29312.0
Kiribati,KIR,1996,32976.0
Kiribati,KIR,1997,29312.0
Kiribati,KIR,1998,29312.0
Kiribati,KIR,1999,29312.0
Kiribati,KIR,2000,36640.0
Kiribati,KIR,2001,32976.0
Kiribati,KIR,2002,40304.0
Kiribati,KIR,2003,40304.0
Kiribati,KIR,2004,43968.0
Kiribati,KIR,2005,47632.0
Kiribati,KIR,2006,51296.0
Kiribati,KIR,2007,51296.0
Kiribati,KIR,2008,47632.0
Kiribati,KIR,2009,47632.0
Kiribati,KIR,2010,58624.0
Kiribati,KIR,2011,54960.0
Kiribati,KIR,2012,54960.0
Kiribati,KIR,2013,54960.0
Kiribati,KIR,2014,54960.0
Kiribati,KIR,2015,58624.0
Kiribati,KIR,2016,54960.0
Kiribati,KIR,2017,69616.0
Kiribati,KIR,2018,69616.0
Kiribati,KIR,2019,69616.0
Kiribati,KIR,2020,69616.0
Kiribati,KIR,2021,69616.0
Kiribati,KIR,2022,69616.0
Kiribati,KIR,2023,69287.0
Kiribati,KIR,2024,72456.0
Saint Kitts and Nevis,KNA,1950,6107.0
Saint Kitts and Nevis,KNA,1951,9771.0
Saint Kitts and Nevis,KNA,1952,7328.0
Saint Kitts and Nevis,KNA,1953,8549.0
Saint Kitts and Nevis,KNA,1954,6107.0
Saint Kitts and Nevis,KNA,1955,10992.0
Saint Kitts and Nevis,KNA,1956,10992.0
Saint Kitts and Nevis,KNA,1957,10992.0
Saint Kitts and Nevis,KNA,1958,10992.0
Saint Kitts and Nevis,KNA,1959,14656.0
Saint Kitts and Nevis,KNA,1960,10992.0
Saint Kitts and Nevis,KNA,1961,21984.0
Saint Kitts and Nevis,KNA,1962,14656.0
Saint Kitts and Nevis,KNA,1963,18320.0
Saint Kitts and Nevis,KNA,1964,18320.0
Saint Kitts and Nevis,KNA,1965,21984.0
Saint Kitts and Nevis,KNA,1966,21984.0
Saint Kitts and Nevis,KNA,1967,21984.0
Saint Kitts and Nevis,KNA,1968,32976.0
Saint Kitts and Nevis,KNA,1969,25648.0
Saint Kitts and Nevis,KNA,1970,25648.0
Saint Kitts and Nevis,KNA,1971,29312.0
Saint Kitts and Nevis,KNA,1972,29312.0
Saint Kitts and Nevis,KNA,1973,29312.0
Saint Kitts and Nevis,KNA,1974,36640.0
Saint Kitts and Nevis,KNA,1975,32976.0
Saint Kitts and Nevis,KNA,1976,36640.0
Saint Kitts and Nevis,KNA,1977,36640.0
Saint Kitts and Nevis,KNA,1978,32976.0
Saint Kitts and Nevis,KNA,1979,36640.0
Saint Kitts and Nevis,KNA,1980,51296.0
Saint Kitts and Nevis,KNA,1981,54960.0
Saint Kitts and Nevis,KNA,1982,65952.0
Saint Kitts and Nevis,KNA,1983,51296.0
Saint Kitts and Nevis,KNA,1984,51296.0
Saint Kitts and Nevis,KNA,1985,51296.0
Saint Kitts and Nevis,KNA,1986,58624.0
Saint Kitts and Nevis,KNA,1987,54960.0
Saint Kitts and Nevis,KNA,1988,65952.0
Saint Kitts and Nevis,KNA,1989,65952.0
Saint Kitts and Nevis,KNA,1990,106256.0
Saint Kitts and Nevis,KNA,1991,106256.0
Saint Kitts and Nevis,KNA,1992,109920.0
Saint Kitts and Nevis,KNA,1993,113584.0
Saint Kitts and Nevis,KNA,1994,120912.0
Saint Kitts and Nevis,KNA,1995,124576.0
Saint Kitts and Nevis,KNA,1996,131904.0
Saint Kitts and Nevis,KNA,1997,139232.0
Saint Kitts and Nevis,KNA,1998,150224.0
Saint Kitts and Nevis,KNA,1999,157552.0
Saint Kitts and Nevis,KNA,2000,172208.0
Saint Kitts and Nevis,KNA,2001,175872.0
Saint Kitts and Nevis,KNA,2002,194192.0
Saint Kitts and Nevis,KNA,2003,194192.0
Saint Kitts and Nevis,KNA,2004,208848.0
Saint Kitts and Nevis,KNA,2005,194192.0
Saint Kitts and Nevis,KNA,2006,201520.0
Saint Kitts and Nevis,KNA,2007,216176.0
Saint Kitts and Nevis,KNA,2008,216176.0
Saint Kitts and Nevis,KNA,2009,219840.0
Saint Kitts and Nevis,KNA,2010,219840.0
Saint Kitts and Nevis,KNA,2011,227168.0
Saint Kitts and Nevis,KNA,2012,223504.0
Saint Kitts and Nevis,KNA,2013,223504.0
Saint Kitts and Nevis,KNA,2014,227168.0
Saint Kitts and Nevis,KNA,2015,230832.0
Saint Kitts and Nevis,KNA,2016,238160.0
Saint Kitts and Nevis,KNA,2017,241824.0
Saint Kitts and Nevis,KNA,2018,249152.0
Saint Kitts and Nevis,KNA,2019,260144.0
Saint Kitts and Nevis,KNA,2020,241824.0
Saint Kitts and Nevis,KNA,2021,234496.0
Saint Kitts and Nevis,KNA,2022,250654.02
Saint Kitts and Nevis,KNA,2023,250147.02
Saint Kitts and Nevis,KNA,2024,259757.02
South Korea,KOR,1905,771.0
South Korea,KOR,1909,8292.0
South Korea,KOR,1910,10413.0
South Korea,KOR,1911,12342.0
South Korea,KOR,1912,15427.0
South Korea,KOR,1913,17934.0
South Korea,KOR,1914,25648.0
South Korea,KOR,1915,32012.0
South Korea,KOR,1916,26612.0
South Korea,KOR,1918,26227.0
South Korea,KOR,1919,31048.0
South Korea,KOR,1920,40304.0
South Korea,KOR,1921,43389.0
South Korea,KOR,1922,44354.0
South Korea,KOR,1923,53032.0
South Korea,KOR,1924,55731.0
South Korea,KOR,1925,88900.0
South Korea,KOR,1926,95457.0
South Korea,KOR,1927,98928.0
South Korea,KOR,1928,113970.0
South Korea,KOR,1929,130940.01
South Korea,KOR,1930,123419.0
South Korea,KOR,1931,130747.01
South Korea,KOR,1932,154081.0
South Korea,KOR,1933,181657.0
South Korea,KOR,1934,241584.0
South Korea,KOR,1935,284151.0
South Korea,KOR,1936,333496.0
South Korea,KOR,1937,356810.0
South Korea,KOR,1938,477477.0
South Korea,KOR,1939,623204.0
South Korea,KOR,1940,801645.0
South Korea,KOR,1941,893930.0
South Korea,KOR,1942,986907.0
South Korea,KOR,1943,956392.0
South Korea,KOR,1944,1010473.0
South Korea,KOR,1945,3634.0
South Korea,KOR,1946,487282.0
South Korea,KOR,1947,897620.0
South Korea,KOR,1948,1670725.0
South Korea,KOR,1949,2176327.0
South Korea,KOR,1950,2183685.0
South Korea,KOR,1951,2923842.0
South Korea,KOR,1952,3462331.0
South Korea,KOR,1953,4693406.0
South Korea,KOR,1954,5158674.0
South Korea,KOR,1955,6444738.0
South Korea,KOR,1956,7554990.0
South Korea,KOR,1957,8214302.0
South Korea,KOR,1958,9008587.0
South Korea,KOR,1959,11221376.0
South Korea,KOR,1960,12540118.0
South Korea,KOR,1961,14448706.0
South Korea,KOR,1962,17261588.0
South Korea,KOR,1963,21083172.0
South Korea,KOR,1964,22195154.0
South Korea,KOR,1965,24978308.0
South Korea,KOR,1966,29982234.0
South Korea,KOR,1967,35113236.0
South Korea,KOR,1968,37197144.0
South Korea,KOR,1969,42468220.0
South Korea,KOR,1970,53716350.0
South Korea,KOR,1971,58533736.0
South Korea,KOR,1972,60247064.0
South Korea,KOR,1973,72974840.0
South Korea,KOR,1974,75550730.0
South Korea,KOR,1975,81665790.0
South Korea,KOR,1976,93104550.0
South Korea,KOR,1977,105459704.0
South Korea,KOR,1978,113119300.0
South Korea,KOR,1979,132874240.0
South Korea,KOR,1980,134524430.0
South Korea,KOR,1981,139589740.0
South Korea,KOR,1982,140781900.0
South Korea,KOR,1983,149133600.0
South Korea,KOR,1984,160700450.0
South Korea,KOR,1985,168757680.0
South Korea,KOR,1986,176297250.0
South Korea,KOR,1987,185358380.0
South Korea,KOR,1988,210953460.0
South Korea,KOR,1989,223510380.0
South Korea,KOR,1990,250510830.0
South Korea,KOR,1991,275688220.0
South Korea,KOR,1992,299905440.0
South Korea,KOR,1993,330173950.0
South Korea,KOR,1994,355694820.0
South Korea,KOR,1995,383665470.0
South Korea,KOR,1996,420996060.0
South Korea,KOR,1997,444967600.0
South Korea,KOR,1998,378037800.0
South Korea,KOR,1999,410518800.0
South Korea,KOR,2000,439980670.0
South Korea,KOR,2001,455630660.0
South Korea,KOR,2002,476064900.0
South Korea,KOR,2003,485212800.0
South Korea,KOR,2004,491389440.0
South Korea,KOR,2005,498688300.0
South Korea,KOR,2006,503478180.0
South Korea,KOR,2007,521708740.0
South Korea,KOR,2008,532650750.0
South Korea,KOR,2009,537819840.0
South Korea,KOR,2010,594339140.0
South Korea,KOR,2011,623442800.0
South Korea,KOR,2012,627943040.0
South Korea,KOR,2013,634580700.0
South Korea,KOR,2014,629366460.0
South Korea,KOR,2015,634177300.0
South Korea,KOR,2016,637914050.0
South Korea,KOR,2017,654537300.0
South Korea,KOR,2018,670168700.0
South Korea,KOR,2019,646102200.0
South Korea,KOR,2020,597634300.0
South Korea,KOR,2021,616075000.0
South Korea,KOR,2022,606877250.0
South Korea,KOR,2023,589178500.0
South Korea,KOR,2024,583679170.0
Kuwait,KWT,1946,2454880.0
Kuwait,KWT,1947,6749088.0
Kuwait,KWT,1948,337088.0
Kuwait,KWT,1949,1062560.0
Kuwait,KWT,1950,384720.0
Kuwait,KWT,1951,117248.0
Kuwait,KWT,1952,0.0
Kuwait,KWT,1953,0.0
Kuwait,KWT,1954,1403312.0
Kuwait,KWT,1955,1846656.0
Kuwait,KWT,1956,1040576.0
Kuwait,KWT,1957,2198400.0
Kuwait,KWT,1958,3689648.0
Kuwait,KWT,1959,3799568.0
Kuwait,KWT,1960,7796992.0
Kuwait,KWT,1961,9973408.0
Kuwait,KWT,1962,14278608.0
Kuwait,KWT,1963,17011952.0
Kuwait,KWT,1964,25314576.0
Kuwait,KWT,1965,35390576.0
Kuwait,KWT,1966,35123104.0
Kuwait,KWT,1967,25420832.0
Kuwait,KWT,1968,23149272.0
Kuwait,KWT,1969,26809488.0
Kuwait,KWT,1970,25021456.0
Kuwait,KWT,1971,27117264.0
Kuwait,KWT,1972,27611904.0
Kuwait,KWT,1973,24222704.0
Kuwait,KWT,1974,19312024.0
Kuwait,KWT,1975,16812936.0
Kuwait,KWT,1976,18457578.0
Kuwait,KWT,1977,17204174.0
Kuwait,KWT,1978,20979408.0
Kuwait,KWT,1979,17644994.0
Kuwait,KWT,1980,24643504.0
Kuwait,KWT,1981,25178484.0
Kuwait,KWT,1982,21135610.0
Kuwait,KWT,1983,21578792.0
Kuwait,KWT,1984,28329722.0
Kuwait,KWT,1985,29119912.0
Kuwait,KWT,1986,35276864.0
Kuwait,KWT,1987,31428694.0
Kuwait,KWT,1988,32873398.0
Kuwait,KWT,1989,35836540.0
Kuwait,KWT,1990,37863400.0
Kuwait,KWT,1991,492979420.0
Kuwait,KWT,1992,29683202.0
Kuwait,KWT,1993,49162756.0
Kuwait,KWT,1994,57264612.0
Kuwait,KWT,1995,56262870.0
Kuwait,KWT,1996,51768196.0
Kuwait,KWT,1997,56764860.0
Kuwait,KWT,1998,52910390.0
Kuwait,KWT,1999,55085210.0
Kuwait,KWT,2000,54979880.0
Kuwait,KWT,2001,59119360.0
Kuwait,KWT,2002,60113544.0
Kuwait,KWT,2003,62490804.0
Kuwait,KWT,2004,65855196.0
Kuwait,KWT,2005,74615270.0
Kuwait,KWT,2006,76221900.0
Kuwait,KWT,2007,77294950.0
Kuwait,KWT,2008,84442376.0
Kuwait,KWT,2009,88832100.0
Kuwait,KWT,2010,89721000.0
Kuwait,KWT,2011,87150870.0
Kuwait,KWT,2012,101200580.0
Kuwait,KWT,2013,83046690.0
Kuwait,KWT,2014,74993736.0
Kuwait,KWT,2015,93317470.0
Kuwait,KWT,2016,104018830.0
Kuwait,KWT,2017,100010360.0
Kuwait,KWT,2018,102453010.0
Kuwait,KWT,2019,104654216.0
Kuwait,KWT,2020,90102610.0
Kuwait,KWT,2021,87868850.0
Kuwait,KWT,2022,115848890.0
Kuwait,KWT,2023,123168720.0
Kuwait,KWT,2024,129518650.0
Laos,LAO,1955,25648.0
Laos,LAO,1956,58624.0
Laos,LAO,1957,58624.0
Laos,LAO,1958,73280.0
Laos,LAO,1959,76944.0
Laos,LAO,1960,80608.0
Laos,LAO,1961,113584.0
Laos,LAO,1962,131904.0
Laos,LAO,1963,146560.0
Laos,LAO,1964,172208.0
Laos,LAO,1965,179536.0
Laos,LAO,1966,234496.0
Laos,LAO,1967,318768.0
Laos,LAO,1968,168544.0
Laos,LAO,1969,318768.0
Laos,LAO,1970,571584.0
Laos,LAO,1971,421360.0
Laos,LAO,1972,487312.0
Laos,LAO,1973,516623.97
Laos,LAO,1974,293120.0
Laos,LAO,1975,252815.98
Laos,LAO,1976,223504.0
Laos,LAO,1977,230832.0
Laos,LAO,1978,230832.0
Laos,LAO,1979,223504.0
Laos,LAO,1980,186864.0
Laos,LAO,1981,150224.0
Laos,LAO,1982,157552.0
Laos,LAO,1983,179536.0
Laos,LAO,1984,183200.0
Laos,LAO,1985,205184.0
Laos,LAO,1986,208848.0
Laos,LAO,1987,212512.0
Laos,LAO,1988,212512.0
Laos,LAO,1989,230832.0
Laos,LAO,1990,512960.03
Laos,LAO,1991,545936.0
Laos,LAO,1992,592750.0
Laos,LAO,1993,607425.0
Laos,LAO,1994,630600.0
Laos,LAO,1995,670880.0
Laos,LAO,1996,753378.0
Laos,LAO,1997,792409.0
Laos,LAO,1998,820068.0
Laos,LAO,1999,845680.0
Laos,LAO,2000,960400.0
Laos,LAO,2001,1059169.0
Laos,LAO,2002,1165768.0
Laos,LAO,2003,1220964.0
Laos,LAO,2004,1282484.0
Laos,LAO,2005,1337012.0
Laos,LAO,2006,1757335.0
Laos,LAO,2007,1835724.0
Laos,LAO,2008,2131341.0
Laos,LAO,2009,2667456.0
Laos,LAO,2010,3000849.0
Laos,LAO,2011,3096824.0
Laos,LAO,2012,3328366.0
Laos,LAO,2013,4198311.0
Laos,LAO,2014,4383017.0
Laos,LAO,2015,9184793.0
Laos,LAO,2016,16406527.0
Laos,LAO,2017,19624934.0
Laos,LAO,2018,20481498.0
Laos,LAO,2019,18339868.0
Laos,LAO,2020,18293558.0
Laos,LAO,2021,21836638.0
Laos,LAO,2022,22548782.0
Laos,LAO,2023,24157068.0
Laos,LAO,2024,24399926.0
Lebanon,LBN,1931,3634.0
Lebanon,LBN,1932,10903.0
Lebanon,LBN,1933,14537.0
Lebanon,LBN,1935,50880.0
Lebanon,LBN,1936,58149.0
Lebanon,LBN,1937,61783.0
Lebanon,LBN,1938,61783.0
Lebanon,LBN,1939,58149.0
Lebanon,LBN,1940,21806.0
Lebanon,LBN,1941,21806.0
Lebanon,LBN,1942,348891.0
Lebanon,LBN,1943,36343.0
Lebanon,LBN,1944,65417.0
Lebanon,LBN,1945,72686.0
Lebanon,LBN,1946,72686.0
Lebanon,LBN,1947,83589.0
Lebanon,LBN,1948,101760.0
Lebanon,LBN,1949,116297.0
Lebanon,LBN,1950,1512165.0
Lebanon,LBN,1951,1457057.0
Lebanon,LBN,1952,1174985.0
Lebanon,LBN,1953,1248206.0
Lebanon,LBN,1954,1306681.0
Lebanon,LBN,1955,1621310.0
Lebanon,LBN,1956,1884999.0
Lebanon,LBN,1957,2064238.1
Lebanon,LBN,1958,1980174.0
Lebanon,LBN,1959,2448215.0
Lebanon,LBN,1960,2576004.0
Lebanon,LBN,1961,2678512.0
Lebanon,LBN,1962,2850779.0
Lebanon,LBN,1963,3022839.0
Lebanon,LBN,1964,3261058.0
Lebanon,LBN,1965,3311998.0
Lebanon,LBN,1966,3622932.0
Lebanon,LBN,1967,3564635.0
Lebanon,LBN,1968,3693317.0
Lebanon,LBN,1969,4344116.0
Lebanon,LBN,1970,3940725.0
Lebanon,LBN,1971,5300639.0
Lebanon,LBN,1972,5653358.0
Lebanon,LBN,1973,7066733.0
Lebanon,LBN,1974,7087861.0
Lebanon,LBN,1975,6265099.0
Lebanon,LBN,1976,5924023.0
Lebanon,LBN,1977,5385509.0
Lebanon,LBN,1978,5495880.0
Lebanon,LBN,1979,5785207.0
Lebanon,LBN,1980,5889758.0
Lebanon,LBN,1981,5844246.0
Lebanon,LBN,1982,5719422.0
Lebanon,LBN,1983,6942200.0
Lebanon,LBN,1984,6713183.0
Lebanon,LBN,1985,7764934.0
Lebanon,LBN,1986,7478448.0
Lebanon,LBN,1987,7670364.0
Lebanon,LBN,1988,7345655.0
Lebanon,LBN,1989,7720771.0
Lebanon,LBN,1990,7868195.0
Lebanon,LBN,1991,8115152.5
Lebanon,LBN,1992,9726913.0
Lebanon,LBN,1993,10354905.0
Lebanon,LBN,1994,11110825.0
Lebanon,LBN,1995,12254741.0
Lebanon,LBN,1996,12752780.0
Lebanon,LBN,1997,15098693.0
Lebanon,LBN,1998,16286495.0
Lebanon,LBN,1999,16429672.0
Lebanon,LBN,2000,15466264.0
Lebanon,LBN,2001,16406607.0
Lebanon,LBN,2002,16243744.0
Lebanon,LBN,2003,18529028.0
Lebanon,LBN,2004,17208414.0
Lebanon,LBN,2005,16650190.0
Lebanon,LBN,2006,14792376.0
Lebanon,LBN,2007,13746087.0
Lebanon,LBN,2008,17417774.0
Lebanon,LBN,2009,20957556.0
Lebanon,LBN,2010,19996596.0
Lebanon,LBN,2011,20264128.0
Lebanon,LBN,2012,22332032.0
Lebanon,LBN,2013,22163742.0
Lebanon,LBN,2014,23992028.0
Lebanon,LBN,2015,25731236.0
Lebanon,LBN,2016,26437870.0
Lebanon,LBN,2017,27820720.0
Lebanon,LBN,2018,25812102.0
Lebanon,LBN,2019,25141072.0
Lebanon,LBN,2020,23693950.0
Lebanon,LBN,2021,19474380.0
Lebanon,LBN,2022,15360705.0
Lebanon,LBN,2023,15558805.0
Lebanon,LBN,2024,15649973.0
Liberia,LBR,1950,47632.0
Liberia,LBR,1951,43968.0
Liberia,LBR,1952,54960.0
Liberia,LBR,1953,58624.0
Liberia,LBR,1954,102592.0
Liberia,LBR,1955,58624.0
Liberia,LBR,1956,47632.0
Liberia,LBR,1957,84272.0
Liberia,LBR,1958,161216.0
Liberia,LBR,1959,142896.0
Liberia,LBR,1960,164880.0
Liberia,LBR,1961,161216.0
Liberia,LBR,1962,252815.98
Liberia,LBR,1963,355408.0
Liberia,LBR,1964,483648.0
Liberia,LBR,1965,556928.0
Liberia,LBR,1966,611888.0
Liberia,LBR,1967,611888.0
Liberia,LBR,1968,882816.0
Liberia,LBR,1969,1271111.0
Liberia,LBR,1970,1450587.0
Liberia,LBR,1971,1523867.0
Liberia,LBR,1972,1505547.0
Liberia,LBR,1973,1479899.0
Liberia,LBR,1974,1721723.0
Liberia,LBR,1975,1483563.0
Liberia,LBR,1976,1475601.0
Liberia,LBR,1977,1471362.0
Liberia,LBR,1978,1503152.0
Liberia,LBR,1979,1941899.0
Liberia,LBR,1980,2037558.1
Liberia,LBR,1981,1934943.0
Liberia,LBR,1982,597408.0
Liberia,LBR,1983,706518.0
Liberia,LBR,1984,695432.0
Liberia,LBR,1985,716084.0
Liberia,LBR,1986,722879.0
Liberia,LBR,1987,758462.0
Liberia,LBR,1988,809184.0
Liberia,LBR,1989,659594.0
Liberia,LBR,1990,456132.0
Liberia,LBR,1991,374548.0
Liberia,LBR,1992,391658.0
Liberia,LBR,1993,417301.0
Liberia,LBR,1994,415256.0
Liberia,LBR,1995,416069.0
Liberia,LBR,1996,427462.0
Liberia,LBR,1997,446187.0
Liberia,LBR,1998,473047.0
Liberia,LBR,1999,376138.0
Liberia,LBR,2000,402433.0
Liberia,LBR,2001,413754.0
Liberia,LBR,2002,432027.0
Liberia,LBR,2003,460659.0
Liberia,LBR,2004,542808.0
Liberia,LBR,2005,650572.0
Liberia,LBR,2006,669070.0
Liberia,LBR,2007,628785.0
Liberia,LBR,2008,530796.0
Liberia,LBR,2009,521983.03
Liberia,LBR,2010,709268.0
Liberia,LBR,2011,822404.0
Liberia,LBR,2012,915015.0
Liberia,LBR,2013,874265.0
Liberia,LBR,2014,733526.0
Liberia,LBR,2015,698691.0
Liberia,LBR,2016,646650.0
Liberia,LBR,2017,667364.0
Liberia,LBR,2018,608632.0
Liberia,LBR,2019,931662.0
Liberia,LBR,2020,776749.0
Liberia,LBR,2021,782557.0
Liberia,LBR,2022,863766.0
Liberia,LBR,2023,834001.0
Liberia,LBR,2024,859369.0
Libya,LBY,1950,142896.0
Libya,LBY,1951,168544.0
Libya,LBY,1952,164880.0
Libya,LBY,1953,249152.0
Libya,LBY,1954,300448.0
Libya,LBY,1955,428688.0
Libya,LBY,1956,329760.0
Libya,LBY,1957,311440.0
Libya,LBY,1958,351744.0
Libya,LBY,1959,432352.0
Libya,LBY,1960,692496.0
Libya,LBY,1961,1194464.0
Libya,LBY,1962,1047904.0
Libya,LBY,1963,1461936.0
Libya,LBY,1964,663184.0
Libya,LBY,1965,1014928.0
Libya,LBY,1966,2627088.0
Libya,LBY,1967,18492208.0
Libya,LBY,1968,30114416.0
Libya,LBY,1969,35522212.0
Libya,LBY,1970,32305104.0
Libya,LBY,1971,21628296.0
Libya,LBY,1972,15220018.0
Libya,LBY,1973,14575065.0
Libya,LBY,1974,9337575.0
Libya,LBY,1975,11568416.0
Libya,LBY,1976,17887864.0
Libya,LBY,1977,20198250.0
Libya,LBY,1978,21155382.0
Libya,LBY,1979,25926382.0
Libya,LBY,1980,26780556.0
Libya,LBY,1981,28667964.0
Libya,LBY,1982,30565102.0
Libya,LBY,1983,30146018.0
Libya,LBY,1984,28276210.0
Libya,LBY,1985,31002176.0
Libya,LBY,1986,33895492.0
Libya,LBY,1987,32348262.0
Libya,LBY,1988,36160364.0
Libya,LBY,1989,37068520.0
Libya,LBY,1990,36513784.0
Libya,LBY,1991,42619850.0
Libya,LBY,1992,37024420.0
Libya,LBY,1993,38708330.0
Libya,LBY,1994,51359944.0
Libya,LBY,1995,54595650.0
Libya,LBY,1996,53951944.0
Libya,LBY,1997,51778956.0
Libya,LBY,1998,51652640.0
Libya,LBY,1999,50259920.0
Libya,LBY,2000,53238540.0
Libya,LBY,2001,53113610.0
Libya,LBY,2002,52524996.0
Libya,LBY,2003,55480620.0
Libya,LBY,2004,56853804.0
Libya,LBY,2005,55985500.0
Libya,LBY,2006,51450012.0
Libya,LBY,2007,44391884.0
Libya,LBY,2008,49699240.0
Libya,LBY,2009,51626750.0
Libya,LBY,2010,59147924.0
Libya,LBY,2011,53542210.0
Libya,LBY,2012,61606492.0
Libya,LBY,2013,51343916.0
Libya,LBY,2014,68348400.0
Libya,LBY,2015,60866180.0
Libya,LBY,2016,57378880.0
Libya,LBY,2017,67092250.0
Libya,LBY,2018,62644524.0
Libya,LBY,2019,73778310.0
Libya,LBY,2020,36110628.0
Libya,LBY,2021,56312464.0
Libya,LBY,2022,58974004.0
Libya,LBY,2023,64219084.0
Libya,LBY,2024,65260070.0
Saint Lucia,LCA,1950,3664.0
Saint Lucia,LCA,1951,10992.0
Saint Lucia,LCA,1952,7328.0
Saint Lucia,LCA,1953,10992.0
Saint Lucia,LCA,1954,7328.0
Saint Lucia,LCA,1955,10992.0
Saint Lucia,LCA,1956,10992.0
Saint Lucia,LCA,1957,10992.0
Saint Lucia,LCA,1958,10992.0
Saint Lucia,LCA,1959,10992.0
Saint Lucia,LCA,1960,14656.0
Saint Lucia,LCA,1961,18320.0
Saint Lucia,LCA,1962,18320.0
Saint Lucia,LCA,1963,21984.0
Saint Lucia,LCA,1964,21984.0
Saint Lucia,LCA,1965,25648.0
Saint Lucia,LCA,1966,29312.0
Saint Lucia,LCA,1967,32976.0
Saint Lucia,LCA,1968,36640.0
Saint Lucia,LCA,1969,62288.0
Saint Lucia,LCA,1970,65952.0
Saint Lucia,LCA,1971,69616.0
Saint Lucia,LCA,1972,76944.0
Saint Lucia,LCA,1973,80608.0
Saint Lucia,LCA,1974,73280.0
Saint Lucia,LCA,1975,76944.0
Saint Lucia,LCA,1976,84272.0
Saint Lucia,LCA,1977,69616.0
Saint Lucia,LCA,1978,98928.0
Saint Lucia,LCA,1979,150224.0
Saint Lucia,LCA,1980,113584.0
Saint Lucia,LCA,1981,95264.0
Saint Lucia,LCA,1982,113584.0
Saint Lucia,LCA,1983,102592.0
Saint Lucia,LCA,1984,113584.0
Saint Lucia,LCA,1985,128240.01
Saint Lucia,LCA,1986,131904.0
Saint Lucia,LCA,1987,146560.0
Saint Lucia,LCA,1988,164880.0
Saint Lucia,LCA,1989,164880.0
Saint Lucia,LCA,1990,179536.0
Saint Lucia,LCA,1991,186864.0
Saint Lucia,LCA,1992,212512.0
Saint Lucia,LCA,1993,234496.0
Saint Lucia,LCA,1994,260144.0
Saint Lucia,LCA,1995,274800.0
Saint Lucia,LCA,1996,293120.0
Saint Lucia,LCA,1997,293120.0
Saint Lucia,LCA,1998,322432.0
Saint Lucia,LCA,1999,337088.0
Saint Lucia,LCA,2000,340752.0
Saint Lucia,LCA,2001,359072.0
Saint Lucia,LCA,2002,355408.0
Saint Lucia,LCA,2003,377392.0
Saint Lucia,LCA,2004,399376.0
Saint Lucia,LCA,2005,392048.0
Saint Lucia,LCA,2006,414032.0
Saint Lucia,LCA,2007,421360.0
Saint Lucia,LCA,2008,425024.0
Saint Lucia,LCA,2009,425024.0
Saint Lucia,LCA,2010,483648.0
Saint Lucia,LCA,2011,483648.0
Saint Lucia,LCA,2012,487312.0
Saint Lucia,LCA,2013,487312.0
Saint Lucia,LCA,2014,487312.0
Saint Lucia,LCA,2015,479984.0
Saint Lucia,LCA,2016,472656.0
Saint Lucia,LCA,2017,494640.0
Saint Lucia,LCA,2018,509296.0
Saint Lucia,LCA,2019,501968.03
Saint Lucia,LCA,2020,487312.0
Saint Lucia,LCA,2021,505631.97
Saint Lucia,LCA,2022,518094.0
Saint Lucia,LCA,2023,517045.97
Saint Lucia,LCA,2024,536909.0
Liechtenstein,LIE,1959,11707.0
Liechtenstein,LIE,1960,15447.0
Liechtenstein,LIE,1961,16863.0
Liechtenstein,LIE,1962,17356.0
Liechtenstein,LIE,1963,18768.0
Liechtenstein,LIE,1964,57505.0
Liechtenstein,LIE,1965,62467.0
Liechtenstein,LIE,1966,61096.0
Liechtenstein,LIE,1967,60649.0
Liechtenstein,LIE,1968,73834.0
Liechtenstein,LIE,1969,87555.0
Liechtenstein,LIE,1970,110996.0
Liechtenstein,LIE,1971,116195.0
Liechtenstein,LIE,1972,107516.0
Liechtenstein,LIE,1973,134552.0
Liechtenstein,LIE,1974,109170.0
Liechtenstein,LIE,1975,137450.0
Liechtenstein,LIE,1976,133660.0
Liechtenstein,LIE,1977,152267.0
Liechtenstein,LIE,1978,151880.0
Liechtenstein,LIE,1979,130660.99
Liechtenstein,LIE,1980,157815.0
Liechtenstein,LIE,1981,148209.0
Liechtenstein,LIE,1982,103785.0
Liechtenstein,LIE,1983,130692.01
Liechtenstein,LIE,1984,136431.0
Liechtenstein,LIE,1985,170211.0
Liechtenstein,LIE,1986,195124.0
Liechtenstein,LIE,1987,135103.0
Liechtenstein,LIE,1988,179001.0
Liechtenstein,LIE,1989,187125.0
Liechtenstein,LIE,1990,198971.0
Liechtenstein,LIE,1991,206329.0
Liechtenstein,LIE,1992,206950.0
Liechtenstein,LIE,1993,215034.0
Liechtenstein,LIE,1994,201111.0
Liechtenstein,LIE,1995,204202.0
Liechtenstein,LIE,1996,205960.0
Liechtenstein,LIE,1997,218373.0
Liechtenstein,LIE,1998,229235.0
Liechtenstein,LIE,1999,226562.0
Liechtenstein,LIE,2000,216857.0
Liechtenstein,LIE,2001,214668.0
Liechtenstein,LIE,2002,220015.0
Liechtenstein,LIE,2003,229349.0
Liechtenstein,LIE,2004,229383.0
Liechtenstein,LIE,2005,228962.0
Liechtenstein,LIE,2006,231089.0
Liechtenstein,LIE,2007,200734.0
Liechtenstein,LIE,2008,219470.0
Liechtenstein,LIE,2009,205338.0
Liechtenstein,LIE,2010,190783.0
Liechtenstein,LIE,2011,176727.0
Liechtenstein,LIE,2012,185263.0
Liechtenstein,LIE,2013,192493.0
Liechtenstein,LIE,2014,161186.0
Liechtenstein,LIE,2015,159668.0
Liechtenstein,LIE,2016,149653.0
Liechtenstein,LIE,2017,155476.0
Liechtenstein,LIE,2018,142573.0
Liechtenstein,LIE,2019,148655.0
Liechtenstein,LIE,2020,141605.0
Liechtenstein,LIE,2021,145595.0
Liechtenstein,LIE,2022,128336.0
Liechtenstein,LIE,2023,131221.0
Liechtenstein,LIE,2024,131624.0
Sri Lanka,LKA,1950,1626816.0
Sri Lanka,LKA,1951,1545941.0
Sri Lanka,LKA,1952,1938019.0
Sri Lanka,LKA,1953,2066229.1
Sri Lanka,LKA,1954,1784041.0
Sri Lanka,LKA,1955,1663159.0
Sri Lanka,LKA,1956,1417611.0
Sri Lanka,LKA,1957,2319104.0
Sri Lanka,LKA,1958,1948922.0
Sri Lanka,LKA,1959,2055116.9
Sri Lanka,LKA,1960,2256667.0
Sri Lanka,LKA,1961,2333641.0
Sri Lanka,LKA,1962,2560779.0
Sri Lanka,LKA,1963,2531527.0
Sri Lanka,LKA,1964,2271383.0
Sri Lanka,LKA,1965,2656043.0
Sri Lanka,LKA,1966,2659737.0
Sri Lanka,LKA,1967,2945083.0
Sri Lanka,LKA,1968,3238085.0
Sri Lanka,LKA,1969,4315063.0
Sri Lanka,LKA,1970,3593077.0
Sri Lanka,LKA,1971,3190437.0
Sri Lanka,LKA,1972,3531828.0
Sri Lanka,LKA,1973,3674353.0
Sri Lanka,LKA,1974,2914425.0
Sri Lanka,LKA,1975,2877567.0
Sri Lanka,LKA,1976,2780990.0
Sri Lanka,LKA,1977,2895595.0
Sri Lanka,LKA,1978,3409202.0
Sri Lanka,LKA,1979,3780396.0
Sri Lanka,LKA,1980,3359822.0
Sri Lanka,LKA,1981,3972083.0
Sri Lanka,LKA,1982,4431675.0
Sri Lanka,LKA,1983,4826210.0
Sri Lanka,LKA,1984,3822768.0
Sri Lanka,LKA,1985,3880360.0
Sri Lanka,LKA,1986,3622832.0
Sri Lanka,LKA,1987,3988183.0
Sri Lanka,LKA,1988,3429972.0
Sri Lanka,LKA,1989,3419502.0
Sri Lanka,LKA,1990,3802257.0
Sri Lanka,LKA,1991,4106687.0
Sri Lanka,LKA,1992,5035799.0
Sri Lanka,LKA,1993,4912021.0
Sri Lanka,LKA,1994,5341534.0
Sri Lanka,LKA,1995,5717072.0
Sri Lanka,LKA,1996,6862750.0
Sri Lanka,LKA,1997,7400961.0
Sri Lanka,LKA,1998,7621323.0
Sri Lanka,LKA,1999,8381354.5
Sri Lanka,LKA,2000,9990373.0
Sri Lanka,LKA,2001,10157687.0
Sri Lanka,LKA,2002,10786742.0
Sri Lanka,LKA,2003,10761433.0
Sri Lanka,LKA,2004,11908245.0
Sri Lanka,LKA,2005,11669749.0
Sri Lanka,LKA,2006,11502950.0
Sri Lanka,LKA,2007,11843646.0
Sri Lanka,LKA,2008,11648252.0
Sri Lanka,LKA,2009,12572465.0
Sri Lanka,LKA,2010,12696774.0
Sri Lanka,LKA,2011,14476176.0
Sri Lanka,LKA,2012,15389400.0
Sri Lanka,LKA,2013,14143107.0
Sri Lanka,LKA,2014,17076016.0
Sri Lanka,LKA,2015,19178976.0
Sri Lanka,LKA,2016,22339186.0
Sri Lanka,LKA,2017,22167978.0
Sri Lanka,LKA,2018,20136762.0
Sri Lanka,LKA,2019,21105576.0
Sri Lanka,LKA,2020,20412408.0
Sri Lanka,LKA,2021,20823088.0
Sri Lanka,LKA,2022,18376960.0
Sri Lanka,LKA,2023,19166020.0
Sri Lanka,LKA,2024,20825544.0
Lesotho,LSO,1990,1472928.0
Lesotho,LSO,1991,1527888.0
Lesotho,LSO,1992,1586512.0
Lesotho,LSO,1993,1630480.0
Lesotho,LSO,1994,1674448.0
Lesotho,LSO,1995,1707424.0
Lesotho,LSO,1996,1736736.0
Lesotho,LSO,1997,1769712.0
Lesotho,LSO,1998,1802688.0
Lesotho,LSO,1999,1824672.0
Lesotho,LSO,2000,1850320.0
Lesotho,LSO,2001,1872304.0
Lesotho,LSO,2002,1905280.0
Lesotho,LSO,2003,1930928.0
Lesotho,LSO,2004,1978560.0
Lesotho,LSO,2005,2011535.9
Lesotho,LSO,2006,2033520.0
Lesotho,LSO,2007,2073823.9
Lesotho,LSO,2008,2121456.0
Lesotho,LSO,2009,2216720.0
Lesotho,LSO,2010,2275344.0
Lesotho,LSO,2011,2758992.0
Lesotho,LSO,2012,2791968.0
Lesotho,LSO,2013,2125120.0
Lesotho,LSO,2014,2242368.0
Lesotho,LSO,2015,2044512.0
Lesotho,LSO,2016,2026192.0
Lesotho,LSO,2017,2286336.0
Lesotho,LSO,2018,2165424.0
Lesotho,LSO,2019,2187408.0
Lesotho,LSO,2020,1985888.0
Lesotho,LSO,2021,3096080.0
Lesotho,LSO,2022,2551344.0
Lesotho,LSO,2023,2493633.0
Lesotho,LSO,2024,2571767.0
Lithuania,LTU,1830,191.0
Lithuania,LTU,1831,229.0
Lithuania,LTU,1832,153.0
Lithuania,LTU,1833,191.0
Lithuania,LTU,1850,1184.0
Lithuania,LTU,1855,3589.0
Lithuania,LTU,1858,5040.0
Lithuania,LTU,1859,5345.0
Lithuania,LTU,1860,7064.0
Lithuania,LTU,1861,8973.0
Lithuania,LTU,1862,8093.9995
Lithuania,LTU,1863,8476.0
Lithuania,LTU,1864,9507.0
Lithuania,LTU,1865,9087.0
Lithuania,LTU,1866,28712.0
Lithuania,LTU,1867,32951.0
Lithuania,LTU,1868,27414.0
Lithuania,LTU,1869,37189.0
Lithuania,LTU,1870,40358.0
Lithuania,LTU,1871,54485.0
Lithuania,LTU,1872,55936.0
Lithuania,LTU,1873,52499.0
Lithuania,LTU,1874,63725.004
Lithuania,LTU,1875,73347.0
Lithuania,LTU,1876,91063.0
Lithuania,LTU,1877,92934.0
Lithuania,LTU,1878,121455.0
Lithuania,LTU,1879,124624.0
Lithuania,LTU,1880,146197.0
Lithuania,LTU,1881,153986.0
Lithuania,LTU,1882,162195.0
Lithuania,LTU,1883,184607.0
Lithuania,LTU,1884,187433.0
Lithuania,LTU,1885,204156.0
Lithuania,LTU,1886,209387.0
Lithuania,LTU,1887,221567.0
Lithuania,LTU,1888,231112.0
Lithuania,LTU,1889,249592.0
Lithuania,LTU,1890,282657.0
Lithuania,LTU,1891,311217.0
Lithuania,LTU,1892,329429.0
Lithuania,LTU,1893,386129.0
Lithuania,LTU,1894,393269.0
Lithuania,LTU,1895,451877.0
Lithuania,LTU,1896,460010.0
Lithuania,LTU,1897,531867.0
Lithuania,LTU,1898,596509.0
Lithuania,LTU,1899,692000.0
Lithuania,LTU,1900,783903.0
Lithuania,LTU,1901,804788.0
Lithuania,LTU,1902,777298.0
Lithuania,LTU,1903,760345.0
Lithuania,LTU,1904,845948.0
Lithuania,LTU,1905,755114.0
Lithuania,LTU,1906,861297.0
Lithuania,LTU,1907,964730.0
Lithuania,LTU,1908,970648.0
Lithuania,LTU,1909,1024637.0
Lithuania,LTU,1910,1004859.0
Lithuania,LTU,1911,1041819.0
Lithuania,LTU,1912,1180150.0
Lithuania,LTU,1913,1282018.0
Lithuania,LTU,1914,1157050.0
Lithuania,LTU,1915,1062017.0
Lithuania,LTU,1916,1131927.0
Lithuania,LTU,1917,1041741.94
Lithuania,LTU,1918,415452.0
Lithuania,LTU,1919,354858.0
Lithuania,LTU,1920,323588.0
Lithuania,LTU,1921,350926.0
Lithuania,LTU,1922,427976.0
Lithuania,LTU,1923,472762.0
Lithuania,LTU,1924,563252.0
Lithuania,LTU,1925,555922.0
Lithuania,LTU,1926,805476.0
Lithuania,LTU,1927,1001423.0
Lithuania,LTU,1928,1102934.0
Lithuania,LTU,1929,1188519.0
Lithuania,LTU,1930,1622475.0
Lithuania,LTU,1931,1950122.0
Lithuania,LTU,1932,2193778.0
Lithuania,LTU,1933,2453391.0
Lithuania,LTU,1934,2965089.0
Lithuania,LTU,1935,3351958.0
Lithuania,LTU,1936,3838049.0
Lithuania,LTU,1937,3928133.0
Lithuania,LTU,1938,4146428.0
Lithuania,LTU,1939,4197372.0
Lithuania,LTU,1940,5030329.0
Lithuania,LTU,1941,4421838.0
Lithuania,LTU,1942,2419901.0
Lithuania,LTU,1943,2525549.0
Lithuania,LTU,1944,3662516.0
Lithuania,LTU,1945,3863223.0
Lithuania,LTU,1946,4331518.0
Lithuania,LTU,1947,5210923.0
Lithuania,LTU,1948,5536428.0
Lithuania,LTU,1949,6291710.0
Lithuania,LTU,1950,7002975.0
Lithuania,LTU,1951,7582757.0
Lithuania,LTU,1952,8120311.0
Lithuania,LTU,1953,8589954.0
Lithuania,LTU,1954,9375104.0
Lithuania,LTU,1955,10630504.0
Lithuania,LTU,1956,11666252.0
Lithuania,LTU,1957,12767945.0
Lithuania,LTU,1958,13632305.0
Lithuania,LTU,1959,14331127.0
Lithuania,LTU,1960,14921524.0
Lithuania,LTU,1961,15398499.0
Lithuania,LTU,1962,16179802.0
Lithuania,LTU,1963,17366368.0
Lithuania,LTU,1964,18478924.0
Lithuania,LTU,1965,19603964.0
Lithuania,LTU,1966,20706378.0
Lithuania,LTU,1967,21673964.0
Lithuania,LTU,1968,22304778.0
Lithuania,LTU,1969,23247304.0
Lithuania,LTU,1970,24462224.0
Lithuania,LTU,1971,26009888.0
Lithuania,LTU,1972,27418106.0
Lithuania,LTU,1973,28633444.0
Lithuania,LTU,1974,29785214.0
Lithuania,LTU,1975,31358656.0
Lithuania,LTU,1976,32584964.0
Lithuania,LTU,1977,33721788.0
Lithuania,LTU,1978,34921790.0
Lithuania,LTU,1979,35219756.0
Lithuania,LTU,1980,36613720.0
Lithuania,LTU,1981,35991404.0
Lithuania,LTU,1982,36680820.0
Lithuania,LTU,1983,37242828.0
Lithuania,LTU,1984,37600516.0
Lithuania,LTU,1985,40510932.0
Lithuania,LTU,1986,36062584.0
Lithuania,LTU,1987,36071370.0
Lithuania,LTU,1988,36467444.0
Lithuania,LTU,1989,36816680.0
Lithuania,LTU,1990,35737676.0
Lithuania,LTU,1991,37820376.0
Lithuania,LTU,1992,21168442.0
Lithuania,LTU,1993,16319714.0
Lithuania,LTU,1994,15767042.0
Lithuania,LTU,1995,15057343.0
Lithuania,LTU,1996,15739963.0
Lithuania,LTU,1997,15162846.0
Lithuania,LTU,1998,15997053.0
Lithuania,LTU,1999,13449596.0
Lithuania,LTU,2000,11843035.0
Lithuania,LTU,2001,12593737.0
Lithuania,LTU,2002,12666029.0
Lithuania,LTU,2003,12659431.0
Lithuania,LTU,2004,13254143.0
Lithuania,LTU,2005,13862545.0
Lithuania,LTU,2006,14195265.0
Lithuania,LTU,2007,15473504.0
Lithuania,LTU,2008,14918791.0
Lithuania,LTU,2009,12829125.0
Lithuania,LTU,2010,13801892.0
Lithuania,LTU,2011,13959649.0
Lithuania,LTU,2012,14054137.0
Lithuania,LTU,2013,13148174.0
Lithuania,LTU,2014,12845803.0
Lithuania,LTU,2015,13045220.0
Lithuania,LTU,2016,13101518.0
Lithuania,LTU,2017,13277398.0
Lithuania,LTU,2018,13414424.0
Lithuania,LTU,2019,13647340.0
Lithuania,LTU,2020,13499604.0
Lithuania,LTU,2021,13778095.0
Lithuania,LTU,2022,12895064.0
Lithuania,LTU,2023,12507402.0
Lithuania,LTU,2024,12541509.0
Luxembourg,LUX,1945,25440.0
Luxembourg,LUX,1946,36343.0
Luxembourg,LUX,1947,43611.0
Luxembourg,LUX,1948,50880.0
Luxembourg,LUX,1949,58149.0
Luxembourg,LUX,1950,7426393.0
Luxembourg,LUX,1951,9020233.0
Luxembourg,LUX,1952,9412370.0
Luxembourg,LUX,1953,8661102.0
Luxembourg,LUX,1954,8789312.0
Luxembourg,LUX,1955,9895840.0
Luxembourg,LUX,1956,10379458.0
Luxembourg,LUX,1957,10848331.0
Luxembourg,LUX,1958,10093554.0
Luxembourg,LUX,1959,10430635.0
Luxembourg,LUX,1960,11518754.0
Luxembourg,LUX,1961,11591975.0
Luxembourg,LUX,1962,11551671.0
Luxembourg,LUX,1963,11449168.0
Luxembourg,LUX,1964,12306544.0
Luxembourg,LUX,1965,12203860.0
Luxembourg,LUX,1966,11617682.0
Luxembourg,LUX,1967,11361292.0
Luxembourg,LUX,1968,12266300.0
Luxembourg,LUX,1969,13189539.0
Luxembourg,LUX,1970,13742651.0
Luxembourg,LUX,1971,13197676.0
Luxembourg,LUX,1972,13500482.0
Luxembourg,LUX,1973,14179017.0
Luxembourg,LUX,1974,14427709.0
Luxembourg,LUX,1975,11867550.0
Luxembourg,LUX,1976,11865494.0
Luxembourg,LUX,1977,10957610.0
Luxembourg,LUX,1978,11884497.0
Luxembourg,LUX,1979,12162284.0
Luxembourg,LUX,1980,11077174.0
Luxembourg,LUX,1981,9489622.0
Luxembourg,LUX,1982,8931505.0
Luxembourg,LUX,1983,8371279.5
Luxembourg,LUX,1984,9007821.0
Luxembourg,LUX,1985,9240506.0
Luxembourg,LUX,1986,9114821.0
Luxembourg,LUX,1987,8812367.0
Luxembourg,LUX,1988,9103279.0
Luxembourg,LUX,1989,9849941.0
Luxembourg,LUX,1990,11809167.0
Luxembourg,LUX,1991,12420411.0
Luxembourg,LUX,1992,12189432.0
Luxembourg,LUX,1993,12338294.0
Luxembourg,LUX,1994,11523991.0
Luxembourg,LUX,1995,9134483.0
Luxembourg,LUX,1996,9185693.0
Luxembourg,LUX,1997,8547978.0
Luxembourg,LUX,1998,7656827.0
Luxembourg,LUX,1999,8119314.0
Luxembourg,LUX,2000,8702319.0
Luxembourg,LUX,2001,9205365.0
Luxembourg,LUX,2002,9978491.0
Luxembourg,LUX,2003,10450939.0
Luxembourg,LUX,2004,11815994.0
Luxembourg,LUX,2005,12075892.0
Luxembourg,LUX,2006,11905623.0
Luxembourg,LUX,2007,11302203.0
Luxembourg,LUX,2008,11166763.0
Luxembourg,LUX,2009,10619787.0
Luxembourg,LUX,2010,11190507.0
Luxembourg,LUX,2011,11089509.0
Luxembourg,LUX,2012,10857971.0
Luxembourg,LUX,2013,10323408.0
Luxembourg,LUX,2014,9806854.0
Luxembourg,LUX,2015,9333977.0
Luxembourg,LUX,2016,9077205.0
Luxembourg,LUX,2017,9251006.0
Luxembourg,LUX,2018,9556162.0
Luxembourg,LUX,2019,9749969.0
Luxembourg,LUX,2020,8069083.0
Luxembourg,LUX,2021,8409505.0
Luxembourg,LUX,2022,7274379.0
Luxembourg,LUX,2023,6840733.0
Luxembourg,LUX,2024,7039783.0
Latvia,LVA,1830,122.0
Latvia,LVA,1831,147.0
Latvia,LVA,1832,98.0
Latvia,LVA,1833,122.0
Latvia,LVA,1850,759.0
Latvia,LVA,1855,2301.0
Latvia,LVA,1858,3231.0
Latvia,LVA,1859,3427.0
Latvia,LVA,1860,4529.0
Latvia,LVA,1861,5753.0
Latvia,LVA,1862,5190.0
Latvia,LVA,1863,5435.0
Latvia,LVA,1864,6095.0
Latvia,LVA,1865,5826.0
Latvia,LVA,1866,18409.0
Latvia,LVA,1867,21126.0
Latvia,LVA,1868,17577.0
Latvia,LVA,1869,23843.0
Latvia,LVA,1870,25875.0
Latvia,LVA,1871,34933.0
Latvia,LVA,1872,35863.0
Latvia,LVA,1873,33660.0
Latvia,LVA,1874,40857.0
Latvia,LVA,1875,47026.0
Latvia,LVA,1876,58385.0
Latvia,LVA,1877,59584.0
Latvia,LVA,1878,77871.0
Latvia,LVA,1879,79902.0
Latvia,LVA,1880,93734.0
Latvia,LVA,1881,98727.0
Latvia,LVA,1882,103991.0
Latvia,LVA,1883,118360.0
Latvia,LVA,1884,120172.0
Latvia,LVA,1885,130894.01
Latvia,LVA,1886,134248.0
Latvia,LVA,1887,142057.0
Latvia,LVA,1888,148177.0
Latvia,LVA,1889,160025.0
Latvia,LVA,1890,181225.0
Latvia,LVA,1891,199536.0
Latvia,LVA,1892,211213.0
Latvia,LVA,1893,247565.0
Latvia,LVA,1894,252143.0
Latvia,LVA,1895,289720.0
Latvia,LVA,1896,294934.0
Latvia,LVA,1897,341005.0
Latvia,LVA,1898,382449.0
Latvia,LVA,1899,443674.0
Latvia,LVA,1900,502596.97
Latvia,LVA,1901,515986.97
Latvia,LVA,1902,498362.0
Latvia,LVA,1903,487493.0
Latvia,LVA,1904,542377.0
Latvia,LVA,1905,484139.0
Latvia,LVA,1906,552217.0
Latvia,LVA,1907,618534.0
Latvia,LVA,1908,622328.0
Latvia,LVA,1909,656942.0
Latvia,LVA,1910,644262.0
Latvia,LVA,1911,667958.0
Latvia,LVA,1912,756649.0
Latvia,LVA,1913,821961.0
Latvia,LVA,1914,741839.0
Latvia,LVA,1915,680908.0
Latvia,LVA,1916,725731.0
Latvia,LVA,1917,667909.0
Latvia,LVA,1918,266366.0
Latvia,LVA,1919,227516.0
Latvia,LVA,1920,207467.0
Latvia,LVA,1921,224995.0
Latvia,LVA,1922,274395.0
Latvia,LVA,1923,303110.0
Latvia,LVA,1924,361127.0
Latvia,LVA,1925,356427.0
Latvia,LVA,1926,516428.0
Latvia,LVA,1927,642059.0
Latvia,LVA,1928,708716.0
Latvia,LVA,1929,762956.0
Latvia,LVA,1930,1043018.0
Latvia,LVA,1931,1253526.0
Latvia,LVA,1932,1409196.0
Latvia,LVA,1933,1573192.0
Latvia,LVA,1934,1899606.0
Latvia,LVA,1935,2149230.0
Latvia,LVA,1936,2458921.0
Latvia,LVA,1937,2513352.0
Latvia,LVA,1938,2647774.0
Latvia,LVA,1939,2678962.0
Latvia,LVA,1940,3245701.0
Latvia,LVA,1941,2852255.0
Latvia,LVA,1942,1551511.0
Latvia,LVA,1943,1619247.0
Latvia,LVA,1944,2348210.0
Latvia,LVA,1945,2484793.0
Latvia,LVA,1946,2791612.0
Latvia,LVA,1947,3361152.0
Latvia,LVA,1948,3576019.0
Latvia,LVA,1949,4065028.2
Latvia,LVA,1950,4530368.0
Latvia,LVA,1951,4909369.0
Latvia,LVA,1952,5257662.0
Latvia,LVA,1953,5562746.0
Latvia,LVA,1954,6075159.0
Latvia,LVA,1955,6889179.0
Latvia,LVA,1956,7555135.0
Latvia,LVA,1957,8268586.0
Latvia,LVA,1958,8827382.0
Latvia,LVA,1959,9282293.0
Latvia,LVA,1960,9666607.0
Latvia,LVA,1961,9972120.0
Latvia,LVA,1962,10470946.0
Latvia,LVA,1963,11231453.0
Latvia,LVA,1964,11946009.0
Latvia,LVA,1965,12674038.0
Latvia,LVA,1966,13386594.0
Latvia,LVA,1967,14002162.0
Latvia,LVA,1968,14399615.0
Latvia,LVA,1969,14999000.0
Latvia,LVA,1970,15779262.0
Latvia,LVA,1971,16752617.0
Latvia,LVA,1972,17636198.0
Latvia,LVA,1973,18392770.0
Latvia,LVA,1974,19106046.0
Latvia,LVA,1975,20093566.0
Latvia,LVA,1976,20867690.0
Latvia,LVA,1977,21580524.0
Latvia,LVA,1978,22326238.0
Latvia,LVA,1979,22509984.0
Latvia,LVA,1980,23394948.0
Latvia,LVA,1981,22964624.0
Latvia,LVA,1982,23396512.0
Latvia,LVA,1983,23736738.0
Latvia,LVA,1984,23951808.0
Latvia,LVA,1985,25819072.0
Latvia,LVA,1986,23608822.0
Latvia,LVA,1987,19294130.0
Latvia,LVA,1988,18865442.0
Latvia,LVA,1989,17943096.0
Latvia,LVA,1990,19661604.0
Latvia,LVA,1991,17919586.0
Latvia,LVA,1992,14193533.0
Latvia,LVA,1993,11921674.0
Latvia,LVA,1994,10370181.0
Latvia,LVA,1995,9133941.0
Latvia,LVA,1996,9211659.0
Latvia,LVA,1997,8679916.0
Latvia,LVA,1998,8306022.5
Latvia,LVA,1999,7717860.0
Latvia,LVA,2000,7081630.0
Latvia,LVA,2001,7496506.0
Latvia,LVA,2002,7520418.0
Latvia,LVA,2003,7726040.0
Latvia,LVA,2004,7731198.0
Latvia,LVA,2005,7810764.0
Latvia,LVA,2006,8310115.0
Latvia,LVA,2007,8637233.0
Latvia,LVA,2008,8198058.0
Latvia,LVA,2009,7456196.0
Latvia,LVA,2010,8554521.0
Latvia,LVA,2011,7808430.0
Latvia,LVA,2012,7519718.0
Latvia,LVA,2013,7368746.0
Latvia,LVA,2014,7172200.0
Latvia,LVA,2015,7262421.0
Latvia,LVA,2016,7210682.0
Latvia,LVA,2017,7215320.0
Latvia,LVA,2018,7843189.0
Latvia,LVA,2019,7633452.0
Latvia,LVA,2020,6999268.0
Latvia,LVA,2021,7218349.0
Latvia,LVA,2022,6607997.0
Latvia,LVA,2023,6589883.0
Latvia,LVA,2024,6461889.0
Macao,MAC,1954,21984.0
Macao,MAC,1955,21984.0
Macao,MAC,1956,25648.0
Macao,MAC,1957,29312.0
Macao,MAC,1958,29312.0
Macao,MAC,1959,36640.0
Macao,MAC,1960,51296.0
Macao,MAC,1961,69616.0
Macao,MAC,1962,95264.0
Macao,MAC,1963,106256.0
Macao,MAC,1964,128240.01
Macao,MAC,1965,131904.0
Macao,MAC,1966,150224.0
Macao,MAC,1967,164880.0
Macao,MAC,1968,168544.0
Macao,MAC,1969,168544.0
Macao,MAC,1970,205184.0
Macao,MAC,1971,227168.0
Macao,MAC,1972,230832.0
Macao,MAC,1973,223504.0
Macao,MAC,1974,267472.0
Macao,MAC,1975,296784.0
Macao,MAC,1976,252815.98
Macao,MAC,1977,307776.0
Macao,MAC,1978,414032.0
Macao,MAC,1979,414032.0
Macao,MAC,1980,527616.0
Macao,MAC,1981,534944.0
Macao,MAC,1982,483648.0
Macao,MAC,1983,681504.0
Macao,MAC,1984,604560.0
Macao,MAC,1985,732800.0
Macao,MAC,1986,875696.0
Macao,MAC,1987,970960.0
Macao,MAC,1988,963632.0
Macao,MAC,1989,1029584.06
Macao,MAC,1990,901344.0
Macao,MAC,1991,967296.0
Macao,MAC,1992,978288.0
Macao,MAC,1993,1102864.0
Macao,MAC,1994,1179808.0
Macao,MAC,1995,1124848.0
Macao,MAC,1996,1300720.0
Macao,MAC,1997,1366672.0
Macao,MAC,1998,1443616.0
Macao,MAC,1999,1425296.0
Macao,MAC,2000,1527888.0
Macao,MAC,2001,1560864.0
Macao,MAC,2002,1388656.0
Macao,MAC,2003,1421632.0
Macao,MAC,2004,1582848.0
Macao,MAC,2005,1681776.0
Macao,MAC,2006,1454608.0
Macao,MAC,2007,1363008.0
Macao,MAC,2008,1128512.0
Macao,MAC,2009,1894288.0
Macao,MAC,2010,1234768.0
Macao,MAC,2011,1293392.0
Macao,MAC,2012,1132176.0
Macao,MAC,2013,989280.0
Macao,MAC,2014,1293392.0
Macao,MAC,2015,1773376.0
Macao,MAC,2016,1780704.0
Macao,MAC,2017,1927264.0
Macao,MAC,2018,1242096.0
Macao,MAC,2019,1212784.0
Macao,MAC,2020,1033247.94
Macao,MAC,2021,1029584.06
Macao,MAC,2022,1048775.0
Macao,MAC,2023,1042865.06
Macao,MAC,2024,1056328.0
Morocco,MAR,1928,29074.0
Morocco,MAR,1929,32708.998
Morocco,MAR,1930,40007.0
Morocco,MAR,1931,90981.0
Morocco,MAR,1932,149333.0
Morocco,MAR,1933,175070.0
Morocco,MAR,1934,189785.0
Morocco,MAR,1935,233723.0
Morocco,MAR,1936,211858.0
Morocco,MAR,1937,369440.0
Morocco,MAR,1938,464674.0
Morocco,MAR,1939,318768.0
Morocco,MAR,1940,395712.0
Morocco,MAR,1941,388384.0
Morocco,MAR,1942,329760.0
Morocco,MAR,1943,354843.0
Morocco,MAR,1944,420914.0
Morocco,MAR,1945,523655.0
Morocco,MAR,1946,684459.0
Morocco,MAR,1947,830840.0
Morocco,MAR,1948,940578.0
Morocco,MAR,1949,1087138.0
Morocco,MAR,1950,2559830.0
Morocco,MAR,1951,2926020.0
Morocco,MAR,1952,3563319.0
Morocco,MAR,1953,4170829.8
Morocco,MAR,1954,3584382.0
Morocco,MAR,1955,3554802.0
Morocco,MAR,1956,3518551.0
Morocco,MAR,1957,3053728.0
Morocco,MAR,1958,3266652.0
Morocco,MAR,1959,3368859.0
Morocco,MAR,1960,3636004.0
Morocco,MAR,1961,3771367.0
Morocco,MAR,1962,3074934.0
Morocco,MAR,1963,3954059.0
Morocco,MAR,1964,4415040.0
Morocco,MAR,1965,4254388.0
Morocco,MAR,1966,5459547.0
Morocco,MAR,1967,5408251.0
Morocco,MAR,1968,5620228.0
Morocco,MAR,1969,5817401.0
Morocco,MAR,1970,7282020.0
Morocco,MAR,1971,8186280.5
Morocco,MAR,1972,8027626.0
Morocco,MAR,1973,9612593.0
Morocco,MAR,1974,11098529.0
Morocco,MAR,1975,11065450.0
Morocco,MAR,1976,11489691.0
Morocco,MAR,1977,12624541.0
Morocco,MAR,1978,12991673.0
Morocco,MAR,1979,15850193.0
Morocco,MAR,1980,15817737.0
Morocco,MAR,1981,15718117.0
Morocco,MAR,1982,16904630.0
Morocco,MAR,1983,17626518.0
Morocco,MAR,1984,17645234.0
Morocco,MAR,1985,17681776.0
Morocco,MAR,1986,18683950.0
Morocco,MAR,1987,19904884.0
Morocco,MAR,1988,20930808.0
Morocco,MAR,1989,22660664.0
Morocco,MAR,1990,22297998.0
Morocco,MAR,1991,23688164.0
Morocco,MAR,1992,24736784.0
Morocco,MAR,1993,26782156.0
Morocco,MAR,1994,28123800.0
Morocco,MAR,1995,28750270.0
Morocco,MAR,1996,29524522.0
Morocco,MAR,1997,29977578.0
Morocco,MAR,1998,30881156.0
Morocco,MAR,1999,31989332.0
Morocco,MAR,2000,33199036.0
Morocco,MAR,2001,36808930.0
Morocco,MAR,2002,37309516.0
Morocco,MAR,2003,36570124.0
Morocco,MAR,2004,42225556.0
Morocco,MAR,2005,44660772.0
Morocco,MAR,2006,46249416.0
Morocco,MAR,2007,48912716.0
Morocco,MAR,2008,51372324.0
Morocco,MAR,2009,50859732.0
Morocco,MAR,2010,54365200.0
Morocco,MAR,2011,54867636.0
Morocco,MAR,2012,56953540.0
Morocco,MAR,2013,56606420.0
Morocco,MAR,2014,57174916.0
Morocco,MAR,2015,58498840.0
Morocco,MAR,2016,58457476.0
Morocco,MAR,2017,61103764.0
Morocco,MAR,2018,62314932.0
Morocco,MAR,2019,68743490.0
Morocco,MAR,2020,64541824.0
Morocco,MAR,2021,70275310.0
Morocco,MAR,2022,69779460.0
Morocco,MAR,2023,68961176.0
Morocco,MAR,2024,69062344.0
Moldova,MDA,1830,189.0
Moldova,MDA,1831,226.0
Moldova,MDA,1832,151.0
Moldova,MDA,1833,189.0
Moldova,MDA,1850,1170.0
Moldova,MDA,1855,3547.0
Moldova,MDA,1858,4981.0
Moldova,MDA,1859,5283.0
Moldova,MDA,1860,6981.0
Moldova,MDA,1861,8867.0
Moldova,MDA,1862,7999.0
Moldova,MDA,1863,8377.0
Moldova,MDA,1864,9396.0
Moldova,MDA,1865,8981.0
Moldova,MDA,1866,28375.0
Moldova,MDA,1867,32564.0
Moldova,MDA,1868,27093.0
Moldova,MDA,1869,36752.0
Moldova,MDA,1870,39884.0
Moldova,MDA,1871,53845.0
Moldova,MDA,1872,55279.0
Moldova,MDA,1873,51883.0
Moldova,MDA,1874,62977.0
Moldova,MDA,1875,72486.0
Moldova,MDA,1876,89994.0
Moldova,MDA,1877,91843.0
Moldova,MDA,1878,120030.0
Moldova,MDA,1879,123161.0
Moldova,MDA,1880,144481.0
Moldova,MDA,1881,152178.0
Moldova,MDA,1882,160291.0
Moldova,MDA,1883,182441.0
Moldova,MDA,1884,185233.0
Moldova,MDA,1885,201760.0
Moldova,MDA,1886,206929.0
Moldova,MDA,1887,218966.0
Moldova,MDA,1888,228400.0
Moldova,MDA,1889,246663.0
Moldova,MDA,1890,279340.0
Moldova,MDA,1891,307564.0
Moldova,MDA,1892,325563.0
Moldova,MDA,1893,381597.0
Moldova,MDA,1894,388653.0
Moldova,MDA,1895,446574.0
Moldova,MDA,1896,454611.0
Moldova,MDA,1897,525625.0
Moldova,MDA,1898,589507.0
Moldova,MDA,1899,683878.0
Moldova,MDA,1900,774702.0
Moldova,MDA,1901,795343.0
Moldova,MDA,1902,768175.0
Moldova,MDA,1903,751421.0
Moldova,MDA,1904,836019.0
Moldova,MDA,1905,746252.0
Moldova,MDA,1906,851188.0
Moldova,MDA,1907,953407.0
Moldova,MDA,1908,959256.0
Moldova,MDA,1909,1012611.06
Moldova,MDA,1910,993065.0
Moldova,MDA,1911,1029590.94
Moldova,MDA,1912,1166299.0
Moldova,MDA,1913,1266971.0
Moldova,MDA,1914,1143470.0
Moldova,MDA,1915,1049552.0
Moldova,MDA,1916,1118641.0
Moldova,MDA,1917,1029515.0
Moldova,MDA,1918,410576.0
Moldova,MDA,1919,350693.0
Moldova,MDA,1920,319790.0
Moldova,MDA,1921,346807.0
Moldova,MDA,1922,422953.0
Moldova,MDA,1923,467214.0
Moldova,MDA,1924,556642.0
Moldova,MDA,1925,549397.0
Moldova,MDA,1926,796022.0
Moldova,MDA,1927,989669.0
Moldova,MDA,1928,1098875.0
Moldova,MDA,1929,1183468.0
Moldova,MDA,1930,1609392.0
Moldova,MDA,1931,1933506.0
Moldova,MDA,1932,2178171.0
Moldova,MDA,1933,2434361.0
Moldova,MDA,1934,2944478.0
Moldova,MDA,1935,3332691.0
Moldova,MDA,1936,3821195.0
Moldova,MDA,1937,3907562.0
Moldova,MDA,1938,4124276.2
Moldova,MDA,1939,4174862.0
Moldova,MDA,1940,5005097.0
Moldova,MDA,1941,4398406.0
Moldova,MDA,1942,2391499.0
Moldova,MDA,1943,2495907.0
Moldova,MDA,1944,3619529.0
Moldova,MDA,1945,3831904.0
Moldova,MDA,1946,4306694.0
Moldova,MDA,1947,5186495.0
Moldova,MDA,1948,5520078.0
Moldova,MDA,1949,6276058.0
Moldova,MDA,1950,6997428.0
Moldova,MDA,1951,7585352.0
Moldova,MDA,1952,8125252.0
Moldova,MDA,1953,8599064.0
Moldova,MDA,1954,9394978.0
Moldova,MDA,1955,10656746.0
Moldova,MDA,1956,11688023.0
Moldova,MDA,1957,12796004.0
Moldova,MDA,1958,13666165.0
Moldova,MDA,1959,14378951.0
Moldova,MDA,1960,14985402.0
Moldova,MDA,1961,15468067.0
Moldova,MDA,1962,16251120.0
Moldova,MDA,1963,17434330.0
Moldova,MDA,1964,18547996.0
Moldova,MDA,1965,19690952.0
Moldova,MDA,1966,20811612.0
Moldova,MDA,1967,21776314.0
Moldova,MDA,1968,22400960.0
Moldova,MDA,1969,23336846.0
Moldova,MDA,1970,24561556.0
Moldova,MDA,1971,26071974.0
Moldova,MDA,1972,27441056.0
Moldova,MDA,1973,28616774.0
Moldova,MDA,1974,29726302.0
Moldova,MDA,1975,31261738.0
Moldova,MDA,1976,32462128.0
Moldova,MDA,1977,33569308.0
Moldova,MDA,1978,34719340.0
Moldova,MDA,1979,34994692.0
Moldova,MDA,1980,36366290.0
Moldova,MDA,1981,35704140.0
Moldova,MDA,1982,36359716.0
Moldova,MDA,1983,36892380.0
Moldova,MDA,1984,37226016.0
Moldova,MDA,1985,40105370.0
Moldova,MDA,1986,39112270.0
Moldova,MDA,1987,37497816.0
Moldova,MDA,1988,39037332.0
Moldova,MDA,1989,38141160.0
Moldova,MDA,1990,36505456.0
Moldova,MDA,1991,29617870.0
Moldova,MDA,1992,20978112.0
Moldova,MDA,1993,15845813.0
Moldova,MDA,1994,12426964.0
Moldova,MDA,1995,11405406.0
Moldova,MDA,1996,11687090.0
Moldova,MDA,1997,7301343.0
Moldova,MDA,1998,6443838.0
Moldova,MDA,1999,4684538.0
Moldova,MDA,2000,3572952.0
Moldova,MDA,2001,3786589.0
Moldova,MDA,2002,4051736.0
Moldova,MDA,2003,4404268.0
Moldova,MDA,2004,4613424.0
Moldova,MDA,2005,4937548.0
Moldova,MDA,2006,5029747.0
Moldova,MDA,2007,4978554.0
Moldova,MDA,2008,5190380.0
Moldova,MDA,2009,4539512.0
Moldova,MDA,2010,4830905.0
Moldova,MDA,2011,4944974.0
Moldova,MDA,2012,4765682.0
Moldova,MDA,2013,4899358.0
Moldova,MDA,2014,4755152.0
Moldova,MDA,2015,4785084.0
Moldova,MDA,2016,4907333.0
Moldova,MDA,2017,5090404.0
Moldova,MDA,2018,5351240.0
Moldova,MDA,2019,5378353.0
Moldova,MDA,2020,5113134.0
Moldova,MDA,2021,5760043.0
Moldova,MDA,2022,5173479.0
Moldova,MDA,2023,5329303.0
Moldova,MDA,2024,5326843.0
Madagascar,MDG,1933,3634.0
Madagascar,MDG,1934,7269.0
Madagascar,MDG,1935,3634.0
Madagascar,MDG,1945,7328.0
Madagascar,MDG,1947,3634.0
Madagascar,MDG,1948,3634.0
Madagascar,MDG,1949,3634.0
Madagascar,MDG,1950,304082.0
Madagascar,MDG,1951,245458.0
Madagascar,MDG,1952,307776.0
Madagascar,MDG,1953,252815.98
Madagascar,MDG,1954,289456.0
Madagascar,MDG,1955,304112.0
Madagascar,MDG,1956,318768.0
Madagascar,MDG,1957,315104.0
Madagascar,MDG,1958,373728.0
Madagascar,MDG,1959,373728.0
Madagascar,MDG,1960,399376.0
Madagascar,MDG,1961,355408.0
Madagascar,MDG,1962,395653.0
Madagascar,MDG,1963,461486.0
Madagascar,MDG,1964,483468.0
Madagascar,MDG,1965,556779.0
Madagascar,MDG,1966,578704.0
Madagascar,MDG,1967,842482.0
Madagascar,MDG,1968,912069.0
Madagascar,MDG,1969,849751.0
Madagascar,MDG,1970,970663.0
Madagascar,MDG,1971,1025624.06
Madagascar,MDG,1972,1285797.0
Madagascar,MDG,1973,1073256.0
Madagascar,MDG,1974,1186898.0
Madagascar,MDG,1975,1692530.0
Madagascar,MDG,1976,992234.0
Madagascar,MDG,1977,845601.0
Madagascar,MDG,1978,1017215.94
Madagascar,MDG,1979,1130237.0
Madagascar,MDG,1980,1613940.0
Madagascar,MDG,1981,1024539.94
Madagascar,MDG,1982,1013337.0
Madagascar,MDG,1983,650391.0
Madagascar,MDG,1984,866372.0
Madagascar,MDG,1985,1053031.0
Madagascar,MDG,1986,1137097.0
Madagascar,MDG,1987,1282418.0
Madagascar,MDG,1988,1285795.0
Madagascar,MDG,1989,925801.0
Madagascar,MDG,1990,944296.0
Madagascar,MDG,1991,1024866.0
Madagascar,MDG,1992,1002845.06
Madagascar,MDG,1993,1028456.0
Madagascar,MDG,1994,1152219.0
Madagascar,MDG,1995,1192441.0
Madagascar,MDG,1996,1249003.0
Madagascar,MDG,1997,1535182.0
Madagascar,MDG,1998,1619053.0
Madagascar,MDG,1999,1766354.0
Madagascar,MDG,2000,1955170.0
Madagascar,MDG,2001,1746684.0
Madagascar,MDG,2002,1232145.0
Madagascar,MDG,2003,1699386.0
Madagascar,MDG,2004,1804376.0
Madagascar,MDG,2005,1741218.0
Madagascar,MDG,2006,1674711.0
Madagascar,MDG,2007,1727691.0
Madagascar,MDG,2008,1787286.0
Madagascar,MDG,2009,1699051.0
Madagascar,MDG,2010,1871714.0
Madagascar,MDG,2011,2329853.0
Madagascar,MDG,2012,2660200.0
Madagascar,MDG,2013,3060920.0
Madagascar,MDG,2014,2971004.0
Madagascar,MDG,2015,3121228.0
Madagascar,MDG,2016,3256796.0
Madagascar,MDG,2017,3803787.0
Madagascar,MDG,2018,3604454.0
Madagascar,MDG,2019,4146515.0
Madagascar,MDG,2020,3788076.0
Madagascar,MDG,2021,4246076.0
Madagascar,MDG,2022,4209640.0
Madagascar,MDG,2023,4446771.0
Madagascar,MDG,2024,4528381.0
Maldives,MDV,1971,3664.0
Maldives,MDV,1972,3664.0
Maldives,MDV,1973,3664.0
Maldives,MDV,1974,3664.0
Maldives,MDV,1975,7328.0
Maldives,MDV,1976,10992.0
Maldives,MDV,1977,14656.0
Maldives,MDV,1978,21984.0
Maldives,MDV,1979,29312.0
Maldives,MDV,1980,43968.0
Maldives,MDV,1981,47632.0
Maldives,MDV,1982,47632.0
Maldives,MDV,1983,51296.0
Maldives,MDV,1984,58624.0
Maldives,MDV,1985,65952.0
Maldives,MDV,1986,80608.0
Maldives,MDV,1987,80608.0
Maldives,MDV,1988,95264.0
Maldives,MDV,1989,124576.0
Maldives,MDV,1990,168544.0
Maldives,MDV,1991,153888.0
Maldives,MDV,1992,230832.0
Maldives,MDV,1993,194192.0
Maldives,MDV,1994,197856.0
Maldives,MDV,1995,249152.0
Maldives,MDV,1996,289456.0
Maldives,MDV,1997,329760.0
Maldives,MDV,1998,300448.0
Maldives,MDV,1999,421360.0
Maldives,MDV,2000,450672.0
Maldives,MDV,2001,461664.0
Maldives,MDV,2002,589904.0
Maldives,MDV,2003,509296.0
Maldives,MDV,2004,663184.0
Maldives,MDV,2005,600896.0
Maldives,MDV,2006,743792.0
Maldives,MDV,2007,780432.0
Maldives,MDV,2008,839056.0
Maldives,MDV,2009,883024.0
Maldives,MDV,2010,930656.0
Maldives,MDV,2011,985616.0
Maldives,MDV,2012,1110192.0
Maldives,MDV,2013,1095536.0
Maldives,MDV,2014,1319040.0
Maldives,MDV,2015,1282400.0
Maldives,MDV,2016,1432624.0
Maldives,MDV,2017,1513232.0
Maldives,MDV,2018,1736736.0
Maldives,MDV,2019,1993216.0
Maldives,MDV,2020,1678112.0
Maldives,MDV,2021,1996880.0
Maldives,MDV,2022,2215800.0
Maldives,MDV,2023,2205334.0
Maldives,MDV,2024,2306210.0
Mexico,MEX,1856,7969.0005
Mexico,MEX,1857,7325.0
Mexico,MEX,1858,15481.0
Mexico,MEX,1859,7979.0
Mexico,MEX,1860,5040.0
Mexico,MEX,1861,11711.0
Mexico,MEX,1862,32768.0
Mexico,MEX,1863,21575.0
Mexico,MEX,1864,6127.0
Mexico,MEX,1865,20357.0
Mexico,MEX,1866,35192.0
Mexico,MEX,1867,15340.0
Mexico,MEX,1868,11595.0
Mexico,MEX,1869,3583.0
Mexico,MEX,1870,10454.0
Mexico,MEX,1871,12655.0
Mexico,MEX,1872,25230.0
Mexico,MEX,1873,33314.0
Mexico,MEX,1874,34471.0
Mexico,MEX,1875,37313.0
Mexico,MEX,1876,37844.0
Mexico,MEX,1877,46777.0
Mexico,MEX,1878,61573.0
Mexico,MEX,1879,80263.0
Mexico,MEX,1880,88427.0
Mexico,MEX,1881,57898.0
Mexico,MEX,1882,79114.0
Mexico,MEX,1883,83428.0
Mexico,MEX,1884,71496.0
Mexico,MEX,1885,63814.996
Mexico,MEX,1886,88327.0
Mexico,MEX,1887,172716.0
Mexico,MEX,1888,232112.0
Mexico,MEX,1889,297114.0
Mexico,MEX,1890,456209.0
Mexico,MEX,1891,1104052.0
Mexico,MEX,1892,1620459.0
Mexico,MEX,1893,1420225.0
Mexico,MEX,1894,1556654.0
Mexico,MEX,1895,1506848.0
Mexico,MEX,1896,1647261.0
Mexico,MEX,1897,2310492.0
Mexico,MEX,1898,2617837.0
Mexico,MEX,1899,3259902.0
Mexico,MEX,1900,3504230.0
Mexico,MEX,1901,4199414.0
Mexico,MEX,1902,4570518.0
Mexico,MEX,1903,5383771.0
Mexico,MEX,1904,5777833.0
Mexico,MEX,1905,6156636.0
Mexico,MEX,1906,6455764.0
Mexico,MEX,1907,7151416.0
Mexico,MEX,1908,7118767.0
Mexico,MEX,1909,7186217.0
Mexico,MEX,1910,7363978.0
Mexico,MEX,1911,11143016.0
Mexico,MEX,1912,10875470.0
Mexico,MEX,1913,13603184.0
Mexico,MEX,1914,11933138.0
Mexico,MEX,1915,15777556.0
Mexico,MEX,1916,18407630.0
Mexico,MEX,1917,27475374.0
Mexico,MEX,1918,32390640.0
Mexico,MEX,1919,42360896.0
Mexico,MEX,1920,77665340.0
Mexico,MEX,1921,91419170.0
Mexico,MEX,1922,86504696.0
Mexico,MEX,1923,73320120.0
Mexico,MEX,1924,68933880.0
Mexico,MEX,1925,57506010.0
Mexico,MEX,1926,45134012.0
Mexico,MEX,1927,32859714.0
Mexico,MEX,1928,24456444.0
Mexico,MEX,1929,22482310.0
Mexico,MEX,1930,20718980.0
Mexico,MEX,1931,16948686.0
Mexico,MEX,1932,16326145.0
Mexico,MEX,1933,17630242.0
Mexico,MEX,1934,19065008.0
Mexico,MEX,1935,21662626.0
Mexico,MEX,1936,22212920.0
Mexico,MEX,1937,25130572.0
Mexico,MEX,1938,24476150.0
Mexico,MEX,1939,22826158.0
Mexico,MEX,1940,23378442.0
Mexico,MEX,1941,22710594.0
Mexico,MEX,1942,19116282.0
Mexico,MEX,1943,19197288.0
Mexico,MEX,1944,20265532.0
Mexico,MEX,1945,22768986.0
Mexico,MEX,1946,25623044.0
Mexico,MEX,1947,29351926.0
Mexico,MEX,1948,30509422.0
Mexico,MEX,1949,28958958.0
Mexico,MEX,1950,30507610.0
Mexico,MEX,1951,34889400.0
Mexico,MEX,1952,37212196.0
Mexico,MEX,1953,36706536.0
Mexico,MEX,1954,36270280.0
Mexico,MEX,1955,39661988.0
Mexico,MEX,1956,42134116.0
Mexico,MEX,1957,49277788.0
Mexico,MEX,1958,54008100.0
Mexico,MEX,1959,58286970.0
Mexico,MEX,1960,63052290.0
Mexico,MEX,1961,65239908.0
Mexico,MEX,1962,63743710.0
Mexico,MEX,1963,66292190.0
Mexico,MEX,1964,74200130.0
Mexico,MEX,1965,75167900.0
Mexico,MEX,1966,80844570.0
Mexico,MEX,1967,90005530.0
Mexico,MEX,1968,93887230.0
Mexico,MEX,1969,102176184.0
Mexico,MEX,1970,113950680.0
Mexico,MEX,1971,126182310.0
Mexico,MEX,1972,132260760.0
Mexico,MEX,1973,144040500.0
Mexico,MEX,1974,154701440.0
Mexico,MEX,1975,164103730.0
Mexico,MEX,1976,183693500.0
Mexico,MEX,1977,192337710.0
Mexico,MEX,1978,222047580.0
Mexico,MEX,1979,240175380.0
Mexico,MEX,1980,267644690.0
Mexico,MEX,1981,283586700.0
Mexico,MEX,1982,303763700.0
Mexico,MEX,1983,277430430.0
Mexico,MEX,1984,276491070.0
Mexico,MEX,1985,287181100.0
Mexico,MEX,1986,293219400.0
Mexico,MEX,1987,305790180.0
Mexico,MEX,1988,305418270.0
Mexico,MEX,1989,323215970.0
Mexico,MEX,1990,316745800.0
Mexico,MEX,1991,329831040.0
Mexico,MEX,1992,332453400.0
Mexico,MEX,1993,337721920.0
Mexico,MEX,1994,351533920.0
Mexico,MEX,1995,330905300.0
Mexico,MEX,1996,341543740.0
Mexico,MEX,1997,362465900.0
Mexico,MEX,1998,381101800.0
Mexico,MEX,1999,386036350.0
Mexico,MEX,2000,391435260.0
Mexico,MEX,2001,407484670.0
Mexico,MEX,2002,410301060.0
Mexico,MEX,2003,435968700.0
Mexico,MEX,2004,438588450.0
Mexico,MEX,2005,463435520.0
Mexico,MEX,2006,474522560.0
Mexico,MEX,2007,473595230.0
Mexico,MEX,2008,472981280.0
Mexico,MEX,2009,460290180.0
Mexico,MEX,2010,456408960.0
Mexico,MEX,2011,483301600.0
Mexico,MEX,2012,501492300.0
Mexico,MEX,2013,495411550.0
Mexico,MEX,2014,484044500.0
Mexico,MEX,2015,479433730.0
Mexico,MEX,2016,478827740.0
Mexico,MEX,2017,464406620.0
Mexico,MEX,2018,468420600.0
Mexico,MEX,2019,468235840.0
Mexico,MEX,2020,428936830.0
Mexico,MEX,2021,446837570.0
Mexico,MEX,2022,453799100.0
Mexico,MEX,2023,458253860.0
Mexico,MEX,2024,460987650.0
Marshall Islands,MHL,1992,76944.0
Marshall Islands,MHL,1993,80608.0
Marshall Islands,MHL,1994,84272.0
Marshall Islands,MHL,1995,87936.0
Marshall Islands,MHL,1996,91600.0
Marshall Islands,MHL,1997,91600.0
Marshall Islands,MHL,1998,91600.0
Marshall Islands,MHL,1999,91600.0
Marshall Islands,MHL,2000,98928.0
Marshall Islands,MHL,2001,102592.0
Marshall Islands,MHL,2002,109920.0
Marshall Islands,MHL,2003,109920.0
Marshall Islands,MHL,2004,113584.0
Marshall Islands,MHL,2005,113584.0
Marshall Islands,MHL,2006,120912.0
Marshall Islands,MHL,2007,128240.01
Marshall Islands,MHL,2008,128240.01
Marshall Islands,MHL,2009,131904.0
Marshall Islands,MHL,2010,135568.0
Marshall Islands,MHL,2011,135568.0
Marshall Islands,MHL,2012,135568.0
Marshall Islands,MHL,2013,139232.0
Marshall Islands,MHL,2014,139232.0
Marshall Islands,MHL,2015,142896.0
Marshall Islands,MHL,2016,142896.0
Marshall Islands,MHL,2017,146560.0
Marshall Islands,MHL,2018,146560.0
Marshall Islands,MHL,2019,146560.0
Marshall Islands,MHL,2020,146560.0
Marshall Islands,MHL,2021,146560.0
Marshall Islands,MHL,2022,148424.0
Marshall Islands,MHL,2023,147722.0
Marshall Islands,MHL,2024,154480.0
North Macedonia,MKD,1885,2584.0
North Macedonia,MKD,1890,7752.0
North Macedonia,MKD,1891,9044.0
North Macedonia,MKD,1892,10013.0
North Macedonia,MKD,1893,17766.0
North Macedonia,MKD,1894,33917.0
North Macedonia,MKD,1895,33917.0
North Macedonia,MKD,1896,37793.0
North Macedonia,MKD,1897,29394.0
North Macedonia,MKD,1898,44576.0
North Macedonia,MKD,1899,52005.0
North Macedonia,MKD,1900,70417.0
North Macedonia,MKD,1901,76878.0
North Macedonia,MKD,1902,72032.0
North Macedonia,MKD,1903,78170.0
North Macedonia,MKD,1904,83338.0
North Macedonia,MKD,1905,90444.0
North Macedonia,MKD,1906,108210.0
North Macedonia,MKD,1907,110148.0
North Macedonia,MKD,1908,118547.0
North Macedonia,MKD,1909,121777.0
North Macedonia,MKD,1910,120485.0
North Macedonia,MKD,1911,130498.01
North Macedonia,MKD,1912,133728.0
North Macedonia,MKD,1913,367268.0
North Macedonia,MKD,1919,263257.0
North Macedonia,MKD,1920,349502.0
North Macedonia,MKD,1921,372113.0
North Macedonia,MKD,1922,540727.0
North Macedonia,MKD,1923,589825.0
North Macedonia,MKD,1924,604684.0
North Macedonia,MKD,1925,663796.0
North Macedonia,MKD,1926,646353.0
North Macedonia,MKD,1927,730337.0
North Macedonia,MKD,1928,793307.0
North Macedonia,MKD,1929,904765.0
North Macedonia,MKD,1930,851468.0
North Macedonia,MKD,1931,746821.0
North Macedonia,MKD,1932,687925.0
North Macedonia,MKD,1933,634964.0
North Macedonia,MKD,1934,661041.0
North Macedonia,MKD,1935,687994.0
North Macedonia,MKD,1936,684744.0
North Macedonia,MKD,1937,767000.0
North Macedonia,MKD,1938,719961.0
North Macedonia,MKD,1939,759433.0
North Macedonia,MKD,1940,908318.0
North Macedonia,MKD,1943,463.0
North Macedonia,MKD,1944,8075.0
North Macedonia,MKD,1945,452968.0
North Macedonia,MKD,1946,880133.0
North Macedonia,MKD,1947,1205569.0
North Macedonia,MKD,1948,1368125.0
North Macedonia,MKD,1949,1566404.0
North Macedonia,MKD,1950,1503101.0
North Macedonia,MKD,1951,1422406.0
North Macedonia,MKD,1952,1421444.0
North Macedonia,MKD,1953,1413656.0
North Macedonia,MKD,1954,1692853.0
North Macedonia,MKD,1955,1939930.0
North Macedonia,MKD,1956,2229352.0
North Macedonia,MKD,1957,2407836.0
North Macedonia,MKD,1958,2371549.0
North Macedonia,MKD,1959,2722931.0
North Macedonia,MKD,1960,2976716.0
North Macedonia,MKD,1961,3130202.0
North Macedonia,MKD,1962,3207627.0
North Macedonia,MKD,1963,3566615.0
North Macedonia,MKD,1964,4049335.0
North Macedonia,MKD,1965,4169194.2
North Macedonia,MKD,1966,4126354.2
North Macedonia,MKD,1967,4169895.2
North Macedonia,MKD,1968,4452561.0
North Macedonia,MKD,1969,4615270.0
North Macedonia,MKD,1970,6062912.0
North Macedonia,MKD,1971,6523842.0
North Macedonia,MKD,1972,6066006.0
North Macedonia,MKD,1973,7280150.0
North Macedonia,MKD,1974,7300244.0
North Macedonia,MKD,1975,7611223.0
North Macedonia,MKD,1976,7844489.0
North Macedonia,MKD,1977,7605898.0
North Macedonia,MKD,1978,8514796.0
North Macedonia,MKD,1979,9276815.0
North Macedonia,MKD,1980,9101291.0
North Macedonia,MKD,1981,9896738.0
North Macedonia,MKD,1982,9062760.0
North Macedonia,MKD,1983,9791704.0
North Macedonia,MKD,1984,10351730.0
North Macedonia,MKD,1985,10578751.0
North Macedonia,MKD,1986,11063710.0
North Macedonia,MKD,1987,10792861.0
North Macedonia,MKD,1988,11157818.0
North Macedonia,MKD,1989,11130195.0
North Macedonia,MKD,1990,11098236.0
North Macedonia,MKD,1991,7788779.0
North Macedonia,MKD,1992,8394224.0
North Macedonia,MKD,1993,7599232.0
North Macedonia,MKD,1994,7903248.0
North Macedonia,MKD,1995,7925232.0
North Macedonia,MKD,1996,9416480.0
North Macedonia,MKD,1997,8445520.0
North Macedonia,MKD,1998,9647242.0
North Macedonia,MKD,1999,8782695.0
North Macedonia,MKD,2000,8467603.0
North Macedonia,MKD,2001,8291524.0
North Macedonia,MKD,2002,7837296.0
North Macedonia,MKD,2003,8533328.0
North Macedonia,MKD,2004,8229344.5
North Macedonia,MKD,2005,8595744.0
North Macedonia,MKD,2006,8650704.0
North Macedonia,MKD,2007,9013295.0
North Macedonia,MKD,2008,8936496.0
North Macedonia,MKD,2009,8247513.0
North Macedonia,MKD,2010,8181847.5
North Macedonia,MKD,2011,8822912.0
North Macedonia,MKD,2012,8456512.0
North Macedonia,MKD,2013,7452442.0
North Macedonia,MKD,2014,7166784.0
North Macedonia,MKD,2015,6719776.0
North Macedonia,MKD,2016,6606192.0
North Macedonia,MKD,2017,7090023.0
North Macedonia,MKD,2018,6653824.0
North Macedonia,MKD,2019,7624613.0
North Macedonia,MKD,2020,6979920.0
North Macedonia,MKD,2021,6518256.0
North Macedonia,MKD,2022,7352171.0
North Macedonia,MKD,2023,7338385.0
North Macedonia,MKD,2024,6619636.0
Mali,MLI,1959,47632.0
Mali,MLI,1960,120912.0
Mali,MLI,1961,117248.0
Mali,MLI,1962,139232.0
Mali,MLI,1963,175872.0
Mali,MLI,1964,175872.0
Mali,MLI,1965,197856.0
Mali,MLI,1966,190528.0
Mali,MLI,1967,223504.0
Mali,MLI,1968,197856.0
Mali,MLI,1969,161216.0
Mali,MLI,1970,201520.0
Mali,MLI,1971,227168.0
Mali,MLI,1972,245488.0
Mali,MLI,1973,267294.0
Mali,MLI,1974,303934.0
Mali,MLI,1975,340544.0
Mali,MLI,1976,340257.0
Mali,MLI,1977,413473.0
Mali,MLI,1978,394948.0
Mali,MLI,1979,427912.0
Mali,MLI,1980,391343.0
Mali,MLI,1981,394884.0
Mali,MLI,1982,365132.0
Mali,MLI,1983,416621.0
Mali,MLI,1984,434818.0
Mali,MLI,1985,405383.0
Mali,MLI,1986,379612.0
Mali,MLI,1987,357505.0
Mali,MLI,1988,383030.0
Mali,MLI,1989,415882.0
Mali,MLI,1990,422243.0
Mali,MLI,1991,425894.0
Mali,MLI,1992,462522.0
Mali,MLI,1993,502812.97
Mali,MLI,1994,548393.0
Mali,MLI,1995,595200.0
Mali,MLI,1996,646081.0
Mali,MLI,1997,723001.0
Mali,MLI,1998,930656.0
Mali,MLI,1999,970960.0
Mali,MLI,2000,1066224.0
Mali,MLI,2001,1161488.0
Mali,MLI,2002,1209120.0
Mali,MLI,2003,1245760.0
Mali,MLI,2004,1414304.0
Mali,MLI,2005,1458272.0
Mali,MLI,2006,1535216.0
Mali,MLI,2007,1784368.0
Mali,MLI,2008,1956576.0
Mali,MLI,2009,1886960.0
Mali,MLI,2010,2088480.0
Mali,MLI,2011,2279008.0
Mali,MLI,2012,2436560.0
Mali,MLI,2013,2743394.0
Mali,MLI,2014,3139313.0
Mali,MLI,2015,3399103.0
Mali,MLI,2016,4286165.0
Mali,MLI,2017,4766551.0
Mali,MLI,2018,5198325.0
Mali,MLI,2019,5594037.0
Mali,MLI,2020,6330056.0
Mali,MLI,2021,7393170.0
Mali,MLI,2022,7019715.0
Mali,MLI,2023,6743016.0
Mali,MLI,2024,6978840.0
Malta,MLT,1950,245488.0
Malta,MLT,1951,256480.02
Malta,MLT,1952,241824.0
Malta,MLT,1953,230832.0
Malta,MLT,1954,307776.0
Malta,MLT,1955,340752.0
Malta,MLT,1956,296784.0
Malta,MLT,1957,311440.0
Malta,MLT,1958,329760.0
Malta,MLT,1959,388384.0
Malta,MLT,1960,340752.0
Malta,MLT,1961,293120.0
Malta,MLT,1962,329760.0
Malta,MLT,1963,410368.0
Malta,MLT,1964,498304.0
Malta,MLT,1965,472656.0
Malta,MLT,1966,414032.0
Malta,MLT,1967,520288.0
Malta,MLT,1968,637536.0
Malta,MLT,1969,652192.0
Malta,MLT,1970,663184.0
Malta,MLT,1971,659520.0
Malta,MLT,1972,839056.0
Malta,MLT,1973,806080.0
Malta,MLT,1974,743792.0
Malta,MLT,1975,666848.0
Malta,MLT,1976,762112.0
Malta,MLT,1977,802416.0
Malta,MLT,1978,934320.0
Malta,MLT,1979,905008.0
Malta,MLT,1980,1022256.0
Malta,MLT,1981,1143168.0
Malta,MLT,1982,1311712.0
Malta,MLT,1983,996608.0
Malta,MLT,1984,1363008.0
Malta,MLT,1985,1198128.0
Malta,MLT,1986,1483920.0
Malta,MLT,1987,1853984.0
Malta,MLT,1988,2011535.9
Malta,MLT,1989,2169088.0
Malta,MLT,1990,2427410.0
Malta,MLT,1991,2271858.0
Malta,MLT,1992,2293611.0
Malta,MLT,1993,2885604.0
Malta,MLT,1994,2658364.0
Malta,MLT,1995,2452147.0
Malta,MLT,1996,2533966.0
Malta,MLT,1997,2556266.0
Malta,MLT,1998,2524950.0
Malta,MLT,1999,2572876.0
Malta,MLT,2000,2468170.0
Malta,MLT,2001,2736578.0
Malta,MLT,2002,2747250.0
Malta,MLT,2003,2960865.0
Malta,MLT,2004,2849102.0
Malta,MLT,2005,2649810.0
Malta,MLT,2006,2655351.0
Malta,MLT,2007,2727800.0
Malta,MLT,2008,2721287.0
Malta,MLT,2009,2560864.0
Malta,MLT,2010,2619259.0
Malta,MLT,2011,2608196.0
Malta,MLT,2012,2749059.0
Malta,MLT,2013,2429647.0
Malta,MLT,2014,2417320.0
Malta,MLT,2015,1697468.0
Malta,MLT,2016,1375879.0
Malta,MLT,2017,1537206.0
Malta,MLT,2018,1547703.0
Malta,MLT,2019,1649196.0
Malta,MLT,2020,1600889.0
Malta,MLT,2021,1611409.0
Malta,MLT,2022,1774245.0
Malta,MLT,2023,1768002.0
Malta,MLT,2024,1728766.0
Myanmar,MMR,1928,3158368.0
Myanmar,MMR,1929,3048448.0
Myanmar,MMR,1930,3085088.0
Myanmar,MMR,1931,2934864.0
Myanmar,MMR,1932,2978832.0
Myanmar,MMR,1933,2997152.0
Myanmar,MMR,1934,3063104.0
Myanmar,MMR,1935,3026464.0
Myanmar,MMR,1936,3110736.0
Myanmar,MMR,1937,3216992.0
Myanmar,MMR,1938,3088752.0
Myanmar,MMR,1939,3231648.0
Myanmar,MMR,1940,3173024.0
Myanmar,MMR,1941,3184016.0
Myanmar,MMR,1942,1025920.06
Myanmar,MMR,1943,410368.0
Myanmar,MMR,1944,307776.0
Myanmar,MMR,1945,296784.0
Myanmar,MMR,1946,7328.0
Myanmar,MMR,1947,25648.0
Myanmar,MMR,1948,153888.0
Myanmar,MMR,1949,102592.0
Myanmar,MMR,1950,802416.0
Myanmar,MMR,1951,915941.0
Myanmar,MMR,1952,1131998.0
Myanmar,MMR,1953,1304206.0
Myanmar,MMR,1954,1461698.0
Myanmar,MMR,1955,1421394.0
Myanmar,MMR,1956,1655979.0
Myanmar,MMR,1957,2099323.0
Myanmar,MMR,1958,2410763.0
Myanmar,MMR,1959,2777163.0
Myanmar,MMR,1960,2714846.0
Myanmar,MMR,1961,2590299.0
Myanmar,MMR,1962,2879696.0
Myanmar,MMR,1963,2633911.0
Myanmar,MMR,1964,2857385.0
Myanmar,MMR,1965,2725481.0
Myanmar,MMR,1966,2806059.0
Myanmar,MMR,1967,3615833.0
Myanmar,MMR,1968,2926823.0
Myanmar,MMR,1969,3212585.0
Myanmar,MMR,1970,4612293.0
Myanmar,MMR,1971,5099486.0
Myanmar,MMR,1972,4894302.0
Myanmar,MMR,1973,4106571.2
Myanmar,MMR,1974,4670917.0
Myanmar,MMR,1975,4582922.0
Myanmar,MMR,1976,4892791.0
Myanmar,MMR,1977,5165654.0
Myanmar,MMR,1978,5146074.0
Myanmar,MMR,1979,5086024.0
Myanmar,MMR,1980,5508783.0
Myanmar,MMR,1981,5622979.0
Myanmar,MMR,1982,5579515.0
Myanmar,MMR,1983,5753767.0
Myanmar,MMR,1984,6548548.0
Myanmar,MMR,1985,6675517.0
Myanmar,MMR,1986,6756346.0
Myanmar,MMR,1987,4943397.0
Myanmar,MMR,1988,4086656.0
Myanmar,MMR,1989,4425299.0
Myanmar,MMR,1990,4235719.0
Myanmar,MMR,1991,4137416.0
Myanmar,MMR,1992,4841915.0
Myanmar,MMR,1993,5303029.0
Myanmar,MMR,1994,6173965.0
Myanmar,MMR,1995,6892622.0
Myanmar,MMR,1996,7187982.0
Myanmar,MMR,1997,7419640.0
Myanmar,MMR,1998,8046166.5
Myanmar,MMR,1999,8933607.0
Myanmar,MMR,2000,10219368.0
Myanmar,MMR,2001,8855704.0
Myanmar,MMR,2002,9328067.0
Myanmar,MMR,2003,9997118.0
Myanmar,MMR,2004,12565488.0
Myanmar,MMR,2005,11547761.0
Myanmar,MMR,2006,12817119.0
Myanmar,MMR,2007,12844723.0
Myanmar,MMR,2008,9772056.0
Myanmar,MMR,2009,10210863.0
Myanmar,MMR,2010,13125187.0
Myanmar,MMR,2011,15122017.0
Myanmar,MMR,2012,11825691.0
Myanmar,MMR,2013,12714823.0
Myanmar,MMR,2014,15849346.0
Myanmar,MMR,2015,21879816.0
Myanmar,MMR,2016,21144082.0
Myanmar,MMR,2017,23633410.0
Myanmar,MMR,2018,34016840.0
Myanmar,MMR,2019,33616924.0
Myanmar,MMR,2020,34587800.0
Myanmar,MMR,2021,29284832.0
Myanmar,MMR,2022,31638664.0
Myanmar,MMR,2023,31792970.0
Myanmar,MMR,2024,31603438.0
Montenegro,MNE,1885,501.99997
Montenegro,MNE,1890,1505.0
Montenegro,MNE,1891,1756.0
Montenegro,MNE,1892,1944.0
Montenegro,MNE,1893,3450.0
Montenegro,MNE,1894,6586.0
Montenegro,MNE,1895,6586.0
Montenegro,MNE,1896,7339.0
Montenegro,MNE,1897,5708.0
Montenegro,MNE,1898,8656.0
Montenegro,MNE,1899,10098.0
Montenegro,MNE,1900,13674.0
Montenegro,MNE,1901,14928.0
Montenegro,MNE,1902,13987.0
Montenegro,MNE,1903,15179.0
Montenegro,MNE,1904,16183.0
Montenegro,MNE,1905,17563.0
Montenegro,MNE,1906,21012.0
Montenegro,MNE,1907,21389.0
Montenegro,MNE,1908,23020.0
Montenegro,MNE,1909,23647.0
Montenegro,MNE,1910,23396.0
Montenegro,MNE,1911,25340.0
Montenegro,MNE,1912,25968.0
Montenegro,MNE,1913,71317.0
Montenegro,MNE,1919,51120.0
Montenegro,MNE,1920,67867.0
Montenegro,MNE,1921,72258.0
Montenegro,MNE,1922,104999.0
Montenegro,MNE,1923,114533.0
Montenegro,MNE,1924,117418.0
Montenegro,MNE,1925,128897.0
Montenegro,MNE,1926,125510.01
Montenegro,MNE,1927,141818.0
Montenegro,MNE,1928,161074.0
Montenegro,MNE,1929,175689.0
Montenegro,MNE,1930,165339.0
Montenegro,MNE,1931,152795.0
Montenegro,MNE,1932,139309.0
Montenegro,MNE,1933,128897.0
Montenegro,MNE,1934,134166.0
Montenegro,MNE,1935,140438.0
Montenegro,MNE,1936,138494.0
Montenegro,MNE,1937,154300.0
Montenegro,MNE,1938,146146.0
Montenegro,MNE,1939,153359.0
Montenegro,MNE,1940,176379.0
Montenegro,MNE,1943,6461.0
Montenegro,MNE,1944,1568.0
Montenegro,MNE,1945,89130.0
Montenegro,MNE,1946,176128.0
Montenegro,MNE,1947,245061.0
Montenegro,MNE,1948,276234.0
Montenegro,MNE,1949,315562.0
Montenegro,MNE,1950,302327.0
Montenegro,MNE,1951,286145.0
Montenegro,MNE,1952,287399.0
Montenegro,MNE,1953,285392.0
Montenegro,MNE,1954,340589.0
Montenegro,MNE,1955,390140.0
Montenegro,MNE,1956,446215.0
Montenegro,MNE,1957,484539.0
Montenegro,MNE,1958,477326.0
Montenegro,MNE,1959,547639.0
Montenegro,MNE,1960,598320.0
Montenegro,MNE,1961,627674.0
Montenegro,MNE,1962,644108.0
Montenegro,MNE,1963,716554.0
Montenegro,MNE,1964,811831.0
Montenegro,MNE,1965,835352.0
Montenegro,MNE,1966,827762.0
Montenegro,MNE,1967,836105.0
Montenegro,MNE,1968,894249.0
Montenegro,MNE,1969,927242.0
Montenegro,MNE,1970,1211630.0
Montenegro,MNE,1971,1305904.0
Montenegro,MNE,1972,1223924.0
Montenegro,MNE,1973,1462148.0
Montenegro,MNE,1974,1468546.0
Montenegro,MNE,1975,1532461.0
Montenegro,MNE,1976,1581636.0
Montenegro,MNE,1977,1538232.0
Montenegro,MNE,1978,1718876.0
Montenegro,MNE,1979,1869537.0
Montenegro,MNE,1980,1838301.0
Montenegro,MNE,1981,2000567.0
Montenegro,MNE,1982,1837925.0
Montenegro,MNE,1983,1979115.0
Montenegro,MNE,1984,2087188.0
Montenegro,MNE,1985,2129087.0
Montenegro,MNE,1986,2223486.0
Montenegro,MNE,1987,2170799.0
Montenegro,MNE,1988,2239983.0
Montenegro,MNE,1989,2233146.0
Montenegro,MNE,1990,2209123.0
Montenegro,MNE,1991,1562945.0
Montenegro,MNE,1992,1671268.0
Montenegro,MNE,1993,1457577.0
Montenegro,MNE,1994,1416060.0
Montenegro,MNE,1995,1495702.0
Montenegro,MNE,1996,1749554.0
Montenegro,MNE,1997,1881161.0
Montenegro,MNE,1998,1980069.0
Montenegro,MNE,1999,1365453.0
Montenegro,MNE,2000,1515511.0
Montenegro,MNE,2001,1627038.0
Montenegro,MNE,2002,1740464.0
Montenegro,MNE,2003,1863251.0
Montenegro,MNE,2004,2034068.1
Montenegro,MNE,2005,1934177.0
Montenegro,MNE,2006,2062832.1
Montenegro,MNE,2007,2055504.1
Montenegro,MNE,2008,2605104.0
Montenegro,MNE,2009,1681776.0
Montenegro,MNE,2010,2421904.0
Montenegro,MNE,2011,2407248.0
Montenegro,MNE,2012,2213056.0
Montenegro,MNE,2013,2150768.0
Montenegro,MNE,2014,2106800.0
Montenegro,MNE,2015,2238704.0
Montenegro,MNE,2016,2015199.9
Montenegro,MNE,2017,2103136.0
Montenegro,MNE,2018,2403584.0
Montenegro,MNE,2019,2476864.0
Montenegro,MNE,2020,2403584.0
Montenegro,MNE,2021,2410912.0
Montenegro,MNE,2022,2495184.0
Montenegro,MNE,2023,2406849.0
Montenegro,MNE,2024,2376258.0
Mongolia,MNG,1950,285792.0
Mongolia,MNG,1951,293120.0
Mongolia,MNG,1952,300448.0
Mongolia,MNG,1953,304112.0
Mongolia,MNG,1954,487312.0
Mongolia,MNG,1955,589904.0
Mongolia,MNG,1956,688832.0
Mongolia,MNG,1957,762112.0
Mongolia,MNG,1958,1135840.0
Mongolia,MNG,1959,1344688.0
Mongolia,MNG,1960,1293392.0
Mongolia,MNG,1961,1392320.0
Mongolia,MNG,1962,1971232.0
Mongolia,MNG,1963,1601168.0
Mongolia,MNG,1964,2044512.0
Mongolia,MNG,1965,1956576.0
Mongolia,MNG,1966,1952912.0
Mongolia,MNG,1967,2150560.0
Mongolia,MNG,1968,2480231.0
Mongolia,MNG,1969,2681751.0
Mongolia,MNG,1970,2846542.0
Mongolia,MNG,1971,3032441.0
Mongolia,MNG,1972,3275977.0
Mongolia,MNG,1973,3472096.0
Mongolia,MNG,1974,3740771.0
Mongolia,MNG,1975,4054571.2
Mongolia,MNG,1976,4390020.0
Mongolia,MNG,1977,4960706.0
Mongolia,MNG,1978,5763810.0
Mongolia,MNG,1979,6277336.0
Mongolia,MNG,1980,6855166.0
Mongolia,MNG,1981,6614668.0
Mongolia,MNG,1982,6712307.0
Mongolia,MNG,1983,6969065.0
Mongolia,MNG,1984,6424712.0
Mongolia,MNG,1985,8997952.0
Mongolia,MNG,1986,9595142.0
Mongolia,MNG,1987,10482516.0
Mongolia,MNG,1988,11492876.0
Mongolia,MNG,1989,10459013.0
Mongolia,MNG,1990,9791058.0
Mongolia,MNG,1991,11959794.0
Mongolia,MNG,1992,10942613.0
Mongolia,MNG,1993,9193024.0
Mongolia,MNG,1994,7864772.0
Mongolia,MNG,1995,7837062.0
Mongolia,MNG,1996,7935414.0
Mongolia,MNG,1997,7615103.0
Mongolia,MNG,1998,7621516.0
Mongolia,MNG,1999,7487592.0
Mongolia,MNG,2000,7431864.0
Mongolia,MNG,2001,7803958.0
Mongolia,MNG,2002,8196567.5
Mongolia,MNG,2003,7934596.0
Mongolia,MNG,2004,8501100.0
Mongolia,MNG,2005,8515106.0
Mongolia,MNG,2006,9281176.0
Mongolia,MNG,2007,11957832.0
Mongolia,MNG,2008,11917791.0
Mongolia,MNG,2009,13030046.0
Mongolia,MNG,2010,13772353.0
Mongolia,MNG,2011,21367836.0
Mongolia,MNG,2012,34996204.0
Mongolia,MNG,2013,43478044.0
Mongolia,MNG,2014,29629786.0
Mongolia,MNG,2015,23278636.0
Mongolia,MNG,2016,25629114.0
Mongolia,MNG,2017,34138988.0
Mongolia,MNG,2018,45319308.0
Mongolia,MNG,2019,47118988.0
Mongolia,MNG,2020,42477500.0
Mongolia,MNG,2021,35971700.0
Mongolia,MNG,2022,40443170.0
Mongolia,MNG,2023,44183664.0
Mongolia,MNG,2024,44693890.0
Mozambique,MOZ,1927,43968.0
Mozambique,MOZ,1928,21925.0
Mozambique,MOZ,1929,10903.0
Mozambique,MOZ,1930,10903.0
Mozambique,MOZ,1931,10903.0
Mozambique,MOZ,1932,62199.0
Mozambique,MOZ,1933,51213.0
Mozambique,MOZ,1934,65893.0
Mozambique,MOZ,1935,47573.0
Mozambique,MOZ,1936,51237.0
Mozambique,MOZ,1937,58565.0
Mozambique,MOZ,1938,40206.0
Mozambique,MOZ,1939,65833.0
Mozambique,MOZ,1940,65833.0
Mozambique,MOZ,1941,58505.0
Mozambique,MOZ,1942,29223.0
Mozambique,MOZ,1943,51168.0
Mozambique,MOZ,1944,54849.0
Mozambique,MOZ,1945,47494.0
Mozambique,MOZ,1946,54849.0
Mozambique,MOZ,1947,58484.0
Mozambique,MOZ,1948,43819.0
Mozambique,MOZ,1949,58434.0
Mozambique,MOZ,1950,901137.0
Mozambique,MOZ,1951,930329.0
Mozambique,MOZ,1952,1073225.0
Mozambique,MOZ,1953,1080523.0
Mozambique,MOZ,1954,1142753.0
Mozambique,MOZ,1955,1373434.0
Mozambique,MOZ,1956,1552910.0
Mozambique,MOZ,1957,1769029.0
Mozambique,MOZ,1958,1816631.0
Mozambique,MOZ,1959,1794498.0
Mozambique,MOZ,1960,1882405.0
Mozambique,MOZ,1961,2629890.0
Mozambique,MOZ,1962,1985174.0
Mozambique,MOZ,1963,1659109.0
Mozambique,MOZ,1964,2139033.0
Mozambique,MOZ,1965,2003317.1
Mozambique,MOZ,1966,2124199.0
Mozambique,MOZ,1967,1871294.0
Mozambique,MOZ,1968,2776153.0
Mozambique,MOZ,1969,3237758.0
Mozambique,MOZ,1970,2980891.0
Mozambique,MOZ,1971,3611010.0
Mozambique,MOZ,1972,3295698.0
Mozambique,MOZ,1973,3558942.0
Mozambique,MOZ,1974,3145504.0
Mozambique,MOZ,1975,2882439.0
Mozambique,MOZ,1976,2555417.0
Mozambique,MOZ,1977,2706439.0
Mozambique,MOZ,1978,2865849.0
Mozambique,MOZ,1979,2634568.0
Mozambique,MOZ,1980,3198489.0
Mozambique,MOZ,1981,2479035.0
Mozambique,MOZ,1982,2523930.0
Mozambique,MOZ,1983,1954480.0
Mozambique,MOZ,1984,1510863.0
Mozambique,MOZ,1985,1134944.0
Mozambique,MOZ,1986,977139.0
Mozambique,MOZ,1987,976747.0
Mozambique,MOZ,1988,1006193.06
Mozambique,MOZ,1989,1034531.0
Mozambique,MOZ,1990,1025375.94
Mozambique,MOZ,1991,941464.0
Mozambique,MOZ,1992,1027205.94
Mozambique,MOZ,1993,1140326.0
Mozambique,MOZ,1994,1098034.0
Mozambique,MOZ,1995,1130973.0
Mozambique,MOZ,1996,1091814.0
Mozambique,MOZ,1997,1170237.0
Mozambique,MOZ,1998,1111895.0
Mozambique,MOZ,1999,1168343.0
Mozambique,MOZ,2000,1321945.0
Mozambique,MOZ,2001,1553994.0
Mozambique,MOZ,2002,1537057.0
Mozambique,MOZ,2003,1855517.0
Mozambique,MOZ,2004,1863973.0
Mozambique,MOZ,2005,1769698.0
Mozambique,MOZ,2006,1915622.0
Mozambique,MOZ,2007,2188943.0
Mozambique,MOZ,2008,2179852.0
Mozambique,MOZ,2009,2439006.0
Mozambique,MOZ,2010,2637635.0
Mozambique,MOZ,2011,3106628.0
Mozambique,MOZ,2012,3051742.0
Mozambique,MOZ,2013,3578664.0
Mozambique,MOZ,2014,8118426.5
Mozambique,MOZ,2015,6730549.0
Mozambique,MOZ,2016,8547749.0
Mozambique,MOZ,2017,6905362.0
Mozambique,MOZ,2018,7010116.0
Mozambique,MOZ,2019,7097435.0
Mozambique,MOZ,2020,6340353.0
Mozambique,MOZ,2021,7722039.0
Mozambique,MOZ,2022,9295686.0
Mozambique,MOZ,2023,9093456.0
Mozambique,MOZ,2024,8612630.0
Mauritania,MRT,1959,32976.0
Mauritania,MRT,1960,36640.0
Mauritania,MRT,1961,47632.0
Mauritania,MRT,1962,62288.0
Mauritania,MRT,1963,87936.0
Mauritania,MRT,1964,117248.0
Mauritania,MRT,1965,161216.0
Mauritania,MRT,1966,179536.0
Mauritania,MRT,1967,197856.0
Mauritania,MRT,1968,234496.0
Mauritania,MRT,1969,274800.0
Mauritania,MRT,1970,428688.0
Mauritania,MRT,1971,399376.0
Mauritania,MRT,1972,447008.0
Mauritania,MRT,1973,468992.0
Mauritania,MRT,1974,483648.0
Mauritania,MRT,1975,509296.0
Mauritania,MRT,1976,516623.97
Mauritania,MRT,1977,556928.0
Mauritania,MRT,1978,582576.0
Mauritania,MRT,1979,604560.0
Mauritania,MRT,1980,630208.0
Mauritania,MRT,1981,633709.0
Mauritania,MRT,1982,883024.0
Mauritania,MRT,1983,937984.0
Mauritania,MRT,1984,872032.0
Mauritania,MRT,1985,655856.0
Mauritania,MRT,1986,373728.0
Mauritania,MRT,1987,3242640.0
Mauritania,MRT,1988,3184016.0
Mauritania,MRT,1989,2802960.0
Mauritania,MRT,1990,853518.0
Mauritania,MRT,1991,868368.0
Mauritania,MRT,1992,905008.0
Mauritania,MRT,1993,926799.0
Mauritania,MRT,1994,959409.0
Mauritania,MRT,1995,1014928.0
Mauritania,MRT,1996,1062560.0
Mauritania,MRT,1997,1077216.0
Mauritania,MRT,1998,1073552.0
Mauritania,MRT,1999,1095536.0
Mauritania,MRT,2000,1113856.0
Mauritania,MRT,2001,1172480.0
Mauritania,MRT,2002,1249424.0
Mauritania,MRT,2003,1286064.0
Mauritania,MRT,2004,1384992.0
Mauritania,MRT,2005,1433674.0
Mauritania,MRT,2006,1550078.0
Mauritania,MRT,2007,1757602.0
Mauritania,MRT,2008,1830772.0
Mauritania,MRT,2009,2012298.1
Mauritania,MRT,2010,2093519.9
Mauritania,MRT,2011,2226577.0
Mauritania,MRT,2012,2447571.0
Mauritania,MRT,2013,2168855.0
Mauritania,MRT,2014,2562746.0
Mauritania,MRT,2015,3002486.0
Mauritania,MRT,2016,2623861.0
Mauritania,MRT,2017,3581137.0
Mauritania,MRT,2018,4444432.0
Mauritania,MRT,2019,4613280.0
Mauritania,MRT,2020,4781520.0
Mauritania,MRT,2021,4499685.0
Mauritania,MRT,2022,5267432.0
Mauritania,MRT,2023,5036898.0
Mauritania,MRT,2024,5238679.0
Montserrat,MSR,1962,3664.0
Montserrat,MSR,1963,3664.0
Montserrat,MSR,1964,7328.0
Montserrat,MSR,1965,3664.0
Montserrat,MSR,1966,7328.0
Montserrat,MSR,1967,7328.0
Montserrat,MSR,1968,7328.0
Montserrat,MSR,1969,7328.0
Montserrat,MSR,1970,14656.0
Montserrat,MSR,1971,14656.0
Montserrat,MSR,1972,14656.0
Montserrat,MSR,1973,14656.0
Montserrat,MSR,1974,14656.0
Montserrat,MSR,1975,10992.0
Montserrat,MSR,1976,10992.0
Montserrat,MSR,1977,25648.0
Montserrat,MSR,1978,25648.0
Montserrat,MSR,1979,25648.0
Montserrat,MSR,1980,14656.0
Montserrat,MSR,1981,18320.0
Montserrat,MSR,1982,18320.0
Montserrat,MSR,1983,21984.0
Montserrat,MSR,1984,21984.0
Montserrat,MSR,1985,25648.0
Montserrat,MSR,1986,29312.0
Montserrat,MSR,1987,29312.0
Montserrat,MSR,1988,29312.0
Montserrat,MSR,1989,29312.0
Montserrat,MSR,1990,29312.0
Montserrat,MSR,1991,29312.0
Montserrat,MSR,1992,29312.0
Montserrat,MSR,1993,29312.0
Montserrat,MSR,1994,32976.0
Montserrat,MSR,1995,32976.0
Montserrat,MSR,1996,36640.0
Montserrat,MSR,1997,32976.0
Montserrat,MSR,1998,29312.0
Montserrat,MSR,1999,36640.0
Montserrat,MSR,2000,25648.0
Montserrat,MSR,2001,25648.0
Montserrat,MSR,2002,43968.0
Montserrat,MSR,2003,36640.0
Montserrat,MSR,2004,47632.0
Montserrat,MSR,2005,40304.0
Montserrat,MSR,2006,40304.0
Montserrat,MSR,2007,40304.0
Montserrat,MSR,2008,43968.0
Montserrat,MSR,2009,43968.0
Montserrat,MSR,2010,58624.0
Montserrat,MSR,2011,36640.0
Montserrat,MSR,2012,40304.0
Montserrat,MSR,2013,51296.0
Montserrat,MSR,2014,43968.0
Montserrat,MSR,2015,51296.0
Montserrat,MSR,2016,29312.0
Montserrat,MSR,2017,25648.0
Montserrat,MSR,2018,29312.0
Montserrat,MSR,2019,25648.0
Montserrat,MSR,2020,21984.0
Montserrat,MSR,2021,21984.0
Montserrat,MSR,2022,25648.0
Montserrat,MSR,2023,25596.0
Montserrat,MSR,2024,26579.0
Mauritius,MUS,1950,201520.0
Mauritius,MUS,1951,139232.0
Mauritius,MUS,1952,175872.0
Mauritius,MUS,1953,186864.0
Mauritius,MUS,1954,186864.0
Mauritius,MUS,1955,128240.01
Mauritius,MUS,1956,219840.0
Mauritius,MUS,1957,219840.0
Mauritius,MUS,1958,208848.0
Mauritius,MUS,1959,223504.0
Mauritius,MUS,1960,179536.0
Mauritius,MUS,1961,186864.0
Mauritius,MUS,1962,252815.98
Mauritius,MUS,1963,208848.0
Mauritius,MUS,1964,307776.0
Mauritius,MUS,1965,304112.0
Mauritius,MUS,1966,274800.0
Mauritius,MUS,1967,498304.0
Mauritius,MUS,1968,637536.0
Mauritius,MUS,1969,571584.0
Mauritius,MUS,1970,498304.0
Mauritius,MUS,1971,395712.0
Mauritius,MUS,1972,688832.0
Mauritius,MUS,1973,677840.0
Mauritius,MUS,1974,692496.0
Mauritius,MUS,1975,589904.0
Mauritius,MUS,1976,619216.0
Mauritius,MUS,1977,641200.0
Mauritius,MUS,1978,630208.0
Mauritius,MUS,1979,659520.0
Mauritius,MUS,1980,589904.0
Mauritius,MUS,1981,542272.0
Mauritius,MUS,1982,501968.03
Mauritius,MUS,1983,597232.0
Mauritius,MUS,1984,626544.0
Mauritius,MUS,1985,707152.0
Mauritius,MUS,1986,798752.0
Mauritius,MUS,1987,930656.0
Mauritius,MUS,1988,853712.0
Mauritius,MUS,1989,1051568.0
Mauritius,MUS,1990,1461936.0
Mauritius,MUS,1991,1520560.0
Mauritius,MUS,1992,1707424.0
Mauritius,MUS,1993,1773376.0
Mauritius,MUS,1994,1623152.0
Mauritius,MUS,1995,1828336.0
Mauritius,MUS,1996,1949248.0
Mauritius,MUS,1997,1996880.0
Mauritius,MUS,1998,2169088.0
Mauritius,MUS,1999,2425568.0
Mauritius,MUS,2000,2689376.0
Mauritius,MUS,2001,2861584.0
Mauritius,MUS,2002,2883568.0
Mauritius,MUS,2003,3059440.0
Mauritius,MUS,2004,3088752.0
Mauritius,MUS,2005,3293936.0
Mauritius,MUS,2006,3627360.0
Mauritius,MUS,2007,3685984.0
Mauritius,MUS,2008,3766592.0
Mauritius,MUS,2009,3707968.0
Mauritius,MUS,2010,3913152.0
Mauritius,MUS,2011,3916816.0
Mauritius,MUS,2012,3964448.0
Mauritius,MUS,2013,4067040.0
Mauritius,MUS,2014,4206272.0
Mauritius,MUS,2015,4209936.0
Mauritius,MUS,2016,4341840.0
Mauritius,MUS,2017,4539696.0
Mauritius,MUS,2018,4455424.0
Mauritius,MUS,2019,4525040.0
Mauritius,MUS,2020,3799568.0
Mauritius,MUS,2021,3968112.0
Mauritius,MUS,2022,4316741.0
Mauritius,MUS,2023,4587621.0
Mauritius,MUS,2024,4673616.0
Malawi,MWI,1950,234550.0
Malawi,MWI,1951,258634.0
Malawi,MWI,1952,290925.0
Malawi,MWI,1953,317085.0
Malawi,MWI,1954,348631.0
Malawi,MWI,1955,411140.0
Malawi,MWI,1956,448222.0
Malawi,MWI,1957,461358.0
Malawi,MWI,1958,412111.0
Malawi,MWI,1959,459741.0
Malawi,MWI,1960,438347.0
Malawi,MWI,1961,373318.0
Malawi,MWI,1962,360614.0
Malawi,MWI,1963,346705.0
Malawi,MWI,1964,329641.0
Malawi,MWI,1965,347961.0
Malawi,MWI,1966,428510.0
Malawi,MWI,1967,366222.0
Malawi,MWI,1968,388148.0
Malawi,MWI,1969,380756.0
Malawi,MWI,1970,454069.0
Malawi,MWI,1971,501672.03
Malawi,MWI,1972,545572.0
Malawi,MWI,1973,571115.0
Malawi,MWI,1974,549090.0
Malawi,MWI,1975,578272.0
Malawi,MWI,1976,581989.0
Malawi,MWI,1977,636859.0
Malawi,MWI,1978,669734.0
Malawi,MWI,1979,636722.0
Malawi,MWI,1980,710076.0
Malawi,MWI,1981,603851.0
Malawi,MWI,1982,593091.0
Malawi,MWI,1983,574535.0
Malawi,MWI,1984,556183.0
Malawi,MWI,1985,556311.0
Malawi,MWI,1986,552455.0
Malawi,MWI,1987,545095.0
Malawi,MWI,1988,541487.0
Malawi,MWI,1989,563351.0
Malawi,MWI,1990,736906.0
Malawi,MWI,1991,787355.0
Malawi,MWI,1992,787089.0
Malawi,MWI,1993,878576.0
Malawi,MWI,1994,901750.0
Malawi,MWI,1995,903090.0
Malawi,MWI,1996,919530.0
Malawi,MWI,1997,918222.0
Malawi,MWI,1998,901754.0
Malawi,MWI,1999,893264.0
Malawi,MWI,2000,853982.0
Malawi,MWI,2001,777288.0
Malawi,MWI,2002,856235.0
Malawi,MWI,2003,914835.0
Malawi,MWI,2004,901678.0
Malawi,MWI,2005,845319.0
Malawi,MWI,2006,851328.0
Malawi,MWI,2007,919179.0
Malawi,MWI,2008,998705.0
Malawi,MWI,2009,1017604.94
Malawi,MWI,2010,972162.0
Malawi,MWI,2011,1033844.0
Malawi,MWI,2012,1040751.0
Malawi,MWI,2013,1120229.0
Malawi,MWI,2014,1015111.0
Malawi,MWI,2015,1049909.0
Malawi,MWI,2016,1172440.0
Malawi,MWI,2017,1193033.0
Malawi,MWI,2018,1690049.0
Malawi,MWI,2019,1695354.0
Malawi,MWI,2020,1868050.0
Malawi,MWI,2021,1682495.0
Malawi,MWI,2022,1801388.0
Malawi,MWI,2023,1852568.0
Malawi,MWI,2024,1881479.0
Malaysia,MYS,1890,7328.0
Malaysia,MYS,1891,18320.0
Malaysia,MYS,1892,47632.0
Malaysia,MYS,1893,10992.0
Malaysia,MYS,1894,47632.0
Malaysia,MYS,1895,109920.0
Malaysia,MYS,1896,124576.0
Malaysia,MYS,1897,91600.0
Malaysia,MYS,1898,128240.01
Malaysia,MYS,1899,120912.0
Malaysia,MYS,1900,58624.0
Malaysia,MYS,1901,47632.0
Malaysia,MYS,1902,51296.0
Malaysia,MYS,1903,51296.0
Malaysia,MYS,1904,32976.0
Malaysia,MYS,1905,40304.0
Malaysia,MYS,1906,36640.0
Malaysia,MYS,1907,87936.0
Malaysia,MYS,1908,91600.0
Malaysia,MYS,1909,168544.0
Malaysia,MYS,1910,234496.0
Malaysia,MYS,1912,18320.0
Malaysia,MYS,1913,62288.0
Malaysia,MYS,1914,146560.0
Malaysia,MYS,1915,205184.0
Malaysia,MYS,1916,549600.0
Malaysia,MYS,1917,652192.0
Malaysia,MYS,1918,670512.0
Malaysia,MYS,1919,769440.0
Malaysia,MYS,1920,1110192.0
Malaysia,MYS,1921,1414304.0
Malaysia,MYS,1922,2004208.1
Malaysia,MYS,1923,2583120.0
Malaysia,MYS,1924,2506176.0
Malaysia,MYS,1925,2964176.0
Malaysia,MYS,1926,3400192.0
Malaysia,MYS,1927,3378208.0
Malaysia,MYS,1928,3806896.0
Malaysia,MYS,1929,4114672.2
Malaysia,MYS,1930,3671328.0
Malaysia,MYS,1931,2707696.0
Malaysia,MYS,1932,1795360.0
Malaysia,MYS,1933,1590176.0
Malaysia,MYS,1934,1733072.0
Malaysia,MYS,1935,1806352.0
Malaysia,MYS,1936,2048176.0
Malaysia,MYS,1937,2344960.0
Malaysia,MYS,1938,1912608.0
Malaysia,MYS,1939,1703760.0
Malaysia,MYS,1940,2568464.0
Malaysia,MYS,1941,2183744.0
Malaysia,MYS,1942,659520.0
Malaysia,MYS,1943,1319040.0
Malaysia,MYS,1944,1102864.0
Malaysia,MYS,1945,611888.0
Malaysia,MYS,1946,604560.0
Malaysia,MYS,1947,685168.0
Malaysia,MYS,1948,1190262.0
Malaysia,MYS,1949,1220112.0
Malaysia,MYS,1950,3655348.0
Malaysia,MYS,1951,5220367.0
Malaysia,MYS,1952,6370886.0
Malaysia,MYS,1953,6498899.0
Malaysia,MYS,1954,7004164.0
Malaysia,MYS,1955,7429726.0
Malaysia,MYS,1956,7562529.0
Malaysia,MYS,1957,3513331.0
Malaysia,MYS,1958,3832099.0
Malaysia,MYS,1959,3183244.0
Malaysia,MYS,1960,4201450.0
Malaysia,MYS,1961,4684919.0
Malaysia,MYS,1962,4776549.0
Malaysia,MYS,1963,5827968.0
Malaysia,MYS,1964,7399409.0
Malaysia,MYS,1965,8380229.0
Malaysia,MYS,1966,9834393.0
Malaysia,MYS,1967,10127602.0
Malaysia,MYS,1968,10530226.0
Malaysia,MYS,1969,9137758.0
Malaysia,MYS,1970,14585889.0
Malaysia,MYS,1971,16662594.0
Malaysia,MYS,1972,17900626.0
Malaysia,MYS,1973,17505126.0
Malaysia,MYS,1974,19044680.0
Malaysia,MYS,1975,19445158.0
Malaysia,MYS,1976,23897642.0
Malaysia,MYS,1977,22620840.0
Malaysia,MYS,1978,23260444.0
Malaysia,MYS,1979,27305936.0
Malaysia,MYS,1980,28032596.0
Malaysia,MYS,1981,30877660.0
Malaysia,MYS,1982,30641940.0
Malaysia,MYS,1983,38048304.0
Malaysia,MYS,1984,34794430.0
Malaysia,MYS,1985,36329770.0
Malaysia,MYS,1986,40101890.0
Malaysia,MYS,1987,40877684.0
Malaysia,MYS,1988,42869204.0
Malaysia,MYS,1989,50083868.0
Malaysia,MYS,1990,54269364.0
Malaysia,MYS,1991,65785132.0
Malaysia,MYS,1992,72961016.0
Malaysia,MYS,1993,86612380.0
Malaysia,MYS,1994,87497430.0
Malaysia,MYS,1995,109595210.0
Malaysia,MYS,1996,110108470.0
Malaysia,MYS,1997,118471340.0
Malaysia,MYS,1998,109781690.0
Malaysia,MYS,1999,103986550.0
Malaysia,MYS,2000,122881384.0
Malaysia,MYS,2001,130890050.0
Malaysia,MYS,2002,132035230.0
Malaysia,MYS,2003,153384340.0
Malaysia,MYS,2004,169674400.0
Malaysia,MYS,2005,169978320.0
Malaysia,MYS,2006,170166450.0
Malaysia,MYS,2007,175454450.0
Malaysia,MYS,2008,192847060.0
Malaysia,MYS,2009,192122740.0
Malaysia,MYS,2010,199346400.0
Malaysia,MYS,2011,203452770.0
Malaysia,MYS,2012,212993630.0
Malaysia,MYS,2013,241671090.0
Malaysia,MYS,2014,245053380.0
Malaysia,MYS,2015,235941760.0
Malaysia,MYS,2016,237293890.0
Malaysia,MYS,2017,244457090.0
Malaysia,MYS,2018,262647070.0
Malaysia,MYS,2019,277672900.0
Malaysia,MYS,2020,262158820.0
Malaysia,MYS,2021,273332160.0
Malaysia,MYS,2022,281883800.0
Malaysia,MYS,2023,276296770.0
Malaysia,MYS,2024,290223840.0
Namibia,NAM,1991,1044240.0
Namibia,NAM,1992,1139504.0
Namibia,NAM,1993,1374000.0
Namibia,NAM,1994,1557183.0
Namibia,NAM,1995,1619488.0
Namibia,NAM,1996,1718416.0
Namibia,NAM,1997,1813724.0
Namibia,NAM,1998,1864976.0
Namibia,NAM,1999,1740400.0
Namibia,NAM,2000,1718416.0
Namibia,NAM,2001,2231376.0
Namibia,NAM,2002,1971232.0
Namibia,NAM,2003,2092144.0
Namibia,NAM,2004,2238704.0
Namibia,NAM,2005,2531824.0
Namibia,NAM,2006,2524496.0
Namibia,NAM,2007,2326640.0
Namibia,NAM,2008,2857920.0
Namibia,NAM,2009,2660064.0
Namibia,NAM,2010,2788304.0
Namibia,NAM,2011,2785549.0
Namibia,NAM,2012,3194064.0
Namibia,NAM,2013,3003744.0
Namibia,NAM,2014,3099139.0
Namibia,NAM,2015,3393660.0
Namibia,NAM,2016,3582204.0
Namibia,NAM,2017,3589609.0
Namibia,NAM,2018,3635037.0
Namibia,NAM,2019,3730077.0
Namibia,NAM,2020,3440421.0
Namibia,NAM,2021,3607799.0
Namibia,NAM,2022,3413848.0
Namibia,NAM,2023,3442664.0
Namibia,NAM,2024,3469112.0
New Caledonia,NCL,1950,219840.0
New Caledonia,NCL,1951,282128.0
New Caledonia,NCL,1952,472656.0
New Caledonia,NCL,1953,399376.0
New Caledonia,NCL,1954,520288.0
New Caledonia,NCL,1955,699824.0
New Caledonia,NCL,1956,1165152.0
New Caledonia,NCL,1957,1066224.0
New Caledonia,NCL,1958,740128.0
New Caledonia,NCL,1959,589904.0
New Caledonia,NCL,1960,861040.0
New Caledonia,NCL,1961,886688.0
New Caledonia,NCL,1962,564256.0
New Caledonia,NCL,1963,619216.0
New Caledonia,NCL,1964,1099200.0
New Caledonia,NCL,1965,1231104.0
New Caledonia,NCL,1966,1509568.0
New Caledonia,NCL,1967,1472928.0
New Caledonia,NCL,1968,1839328.0
New Caledonia,NCL,1969,1557200.0
New Caledonia,NCL,1970,2392592.0
New Caledonia,NCL,1971,2418240.0
New Caledonia,NCL,1972,1703760.0
New Caledonia,NCL,1973,2597568.0
New Caledonia,NCL,1974,2780709.0
New Caledonia,NCL,1975,2527922.0
New Caledonia,NCL,1976,2388422.0
New Caledonia,NCL,1977,2138972.0
New Caledonia,NCL,1978,1541285.0
New Caledonia,NCL,1979,1639872.0
New Caledonia,NCL,1980,1998603.0
New Caledonia,NCL,1981,1390324.0
New Caledonia,NCL,1982,1261786.0
New Caledonia,NCL,1983,1151198.0
New Caledonia,NCL,1984,1202153.0
New Caledonia,NCL,1985,1450955.0
New Caledonia,NCL,1986,1400822.0
New Caledonia,NCL,1987,1454488.0
New Caledonia,NCL,1988,1501239.0
New Caledonia,NCL,1989,1639444.0
New Caledonia,NCL,1990,1576355.0
New Caledonia,NCL,1991,1758709.0
New Caledonia,NCL,1992,1575469.0
New Caledonia,NCL,1993,1831821.0
New Caledonia,NCL,1994,1974764.0
New Caledonia,NCL,1995,2066711.9
New Caledonia,NCL,1996,2183915.0
New Caledonia,NCL,1997,1817470.0
New Caledonia,NCL,1998,1810016.0
New Caledonia,NCL,1999,2055504.1
New Caledonia,NCL,2000,2224040.0
New Caledonia,NCL,2001,1876642.0
New Caledonia,NCL,2002,2392238.0
New Caledonia,NCL,2003,2725557.0
New Caledonia,NCL,2004,2514913.0
New Caledonia,NCL,2005,2806102.0
New Caledonia,NCL,2006,2710306.0
New Caledonia,NCL,2007,2926788.0
New Caledonia,NCL,2008,2847959.0
New Caledonia,NCL,2009,3035808.0
New Caledonia,NCL,2010,3657625.0
New Caledonia,NCL,2011,3694428.0
New Caledonia,NCL,2012,3705562.0
New Caledonia,NCL,2013,3970129.0
New Caledonia,NCL,2014,5009068.0
New Caledonia,NCL,2015,4876909.0
New Caledonia,NCL,2016,5481737.0
New Caledonia,NCL,2017,5583765.0
New Caledonia,NCL,2018,5913008.0
New Caledonia,NCL,2019,5672867.0
New Caledonia,NCL,2020,5109173.0
New Caledonia,NCL,2021,4536780.0
New Caledonia,NCL,2022,5115597.0
New Caledonia,NCL,2023,5068005.0
New Caledonia,NCL,2024,5286637.0
Niger,NER,1950,28373.0
Niger,NER,1951,23724.0
Niger,NER,1952,26530.0
Niger,NER,1953,22041.0
Niger,NER,1954,25969.0
Niger,NER,1955,25888.0
Niger,NER,1956,29976.0
Niger,NER,1957,30697.0
Niger,NER,1958,25648.0
Niger,NER,1959,21984.0
Niger,NER,1960,29312.0
Niger,NER,1961,54960.0
Niger,NER,1962,65952.0
Niger,NER,1963,87936.0
Niger,NER,1964,95264.0
Niger,NER,1965,91600.0
Niger,NER,1966,135509.0
Niger,NER,1967,131815.0
Niger,NER,1968,161127.0
Niger,NER,1969,190439.0
Niger,NER,1970,216057.0
Niger,NER,1971,230371.0
Niger,NER,1972,252013.0
Niger,NER,1973,326897.0
Niger,NER,1974,288341.0
Niger,NER,1975,332509.0
Niger,NER,1976,330710.0
Niger,NER,1977,363259.0
Niger,NER,1978,413413.0
Niger,NER,1979,475987.0
Niger,NER,1980,566275.0
Niger,NER,1981,680342.0
Niger,NER,1982,742202.0
Niger,NER,1983,957925.0
Niger,NER,1984,986810.0
Niger,NER,1985,990022.0
Niger,NER,1986,894383.0
Niger,NER,1987,992855.0
Niger,NER,1988,983004.0
Niger,NER,1989,1033957.94
Niger,NER,1990,598802.0
Niger,NER,1991,566288.0
Niger,NER,1992,520943.0
Niger,NER,1993,602075.0
Niger,NER,1994,577108.0
Niger,NER,1995,558041.0
Niger,NER,1996,638863.0
Niger,NER,1997,647858.0
Niger,NER,1998,696173.0
Niger,NER,1999,681637.0
Niger,NER,2000,683499.0
Niger,NER,2001,646167.0
Niger,NER,2002,684661.0
Niger,NER,2003,743704.0
Niger,NER,2004,795380.0
Niger,NER,2005,691319.0
Niger,NER,2006,670964.0
Niger,NER,2007,705882.0
Niger,NER,2008,792046.0
Niger,NER,2009,952182.0
Niger,NER,2010,1159981.0
Niger,NER,2011,1313027.0
Niger,NER,2012,1851814.0
Niger,NER,2013,2078361.0
Niger,NER,2014,2256260.0
Niger,NER,2015,2198770.0
Niger,NER,2016,2141519.0
Niger,NER,2017,2242503.0
Niger,NER,2018,1803409.0
Niger,NER,2019,2513365.0
Niger,NER,2020,3040036.0
Niger,NER,2021,2588205.0
Niger,NER,2022,3200732.0
Niger,NER,2023,3133399.0
Niger,NER,2024,3169958.0
Nigeria,NGA,1915,18320.0
Nigeria,NGA,1916,65952.0
Nigeria,NGA,1917,223504.0
Nigeria,NGA,1918,399376.0
Nigeria,NGA,1919,370064.0
Nigeria,NGA,1920,487312.0
Nigeria,NGA,1921,571584.0
Nigeria,NGA,1922,304112.0
Nigeria,NGA,1923,472656.0
Nigeria,NGA,1924,542272.0
Nigeria,NGA,1925,644864.0
Nigeria,NGA,1926,875696.0
Nigeria,NGA,1927,967296.0
Nigeria,NGA,1928,967296.0
Nigeria,NGA,1929,930656.0
Nigeria,NGA,1930,937984.0
Nigeria,NGA,1931,883024.0
Nigeria,NGA,1932,677840.0
Nigeria,NGA,1933,633872.0
Nigeria,NGA,1934,699824.0
Nigeria,NGA,1935,696160.0
Nigeria,NGA,1936,787760.0
Nigeria,NGA,1937,978288.0
Nigeria,NGA,1938,974624.0
Nigeria,NGA,1939,820736.0
Nigeria,NGA,1940,835392.0
Nigeria,NGA,1941,989280.0
Nigeria,NGA,1942,1242096.0
Nigeria,NGA,1943,1363008.0
Nigeria,NGA,1944,1656128.0
Nigeria,NGA,1945,1381328.0
Nigeria,NGA,1946,1637808.0
Nigeria,NGA,1947,1560864.0
Nigeria,NGA,1948,1637808.0
Nigeria,NGA,1949,1483920.0
Nigeria,NGA,1950,2257024.0
Nigeria,NGA,1951,1685440.0
Nigeria,NGA,1952,2180080.0
Nigeria,NGA,1953,2436560.0
Nigeria,NGA,1954,2572128.0
Nigeria,NGA,1955,2696704.0
Nigeria,NGA,1956,3011808.0
Nigeria,NGA,1957,3184016.0
Nigeria,NGA,1958,3722178.0
Nigeria,NGA,1959,3564567.0
Nigeria,NGA,1960,3403173.0
Nigeria,NGA,1961,4109552.0
Nigeria,NGA,1962,4174999.2
Nigeria,NGA,1963,5343636.0
Nigeria,NGA,1964,7266700.0
Nigeria,NGA,1965,11750129.0
Nigeria,NGA,1966,12893237.0
Nigeria,NGA,1967,12824484.0
Nigeria,NGA,1968,6625858.0
Nigeria,NGA,1969,12099904.0
Nigeria,NGA,1970,21519958.0
Nigeria,NGA,1971,32248070.0
Nigeria,NGA,1972,41375724.0
Nigeria,NGA,1973,49513264.0
Nigeria,NGA,1974,62210356.0
Nigeria,NGA,1975,47316030.0
Nigeria,NGA,1976,55156908.0
Nigeria,NGA,1977,50468170.0
Nigeria,NGA,1978,48184590.0
Nigeria,NGA,1979,70142770.0
Nigeria,NGA,1980,67986780.0
Nigeria,NGA,1981,65750932.0
Nigeria,NGA,1982,65309068.0
Nigeria,NGA,1983,59622080.0
Nigeria,NGA,1984,69337910.0
Nigeria,NGA,1985,69561390.0
Nigeria,NGA,1986,73107380.0
Nigeria,NGA,1987,58942336.0
Nigeria,NGA,1988,70347070.0
Nigeria,NGA,1989,42046410.0
Nigeria,NGA,1990,38785600.0
Nigeria,NGA,1991,41841452.0
Nigeria,NGA,1992,46161516.0
Nigeria,NGA,1993,44704576.0
Nigeria,NGA,1994,80360184.0
Nigeria,NGA,1995,84230400.0
Nigeria,NGA,1996,97767470.0
Nigeria,NGA,1997,95648950.0
Nigeria,NGA,1998,86338210.0
Nigeria,NGA,1999,84837704.0
Nigeria,NGA,2000,96831040.0
Nigeria,NGA,2001,100218150.0
Nigeria,NGA,2002,89906310.0
Nigeria,NGA,2003,100029690.0
Nigeria,NGA,2004,94961840.0
Nigeria,NGA,2005,101666030.0
Nigeria,NGA,2006,90097150.0
Nigeria,NGA,2007,82170030.0
Nigeria,NGA,2008,86488856.0
Nigeria,NGA,2009,77031380.0
Nigeria,NGA,2010,112049800.0
Nigeria,NGA,2011,126115480.0
Nigeria,NGA,2012,110124550.0
Nigeria,NGA,2013,117400790.0
Nigeria,NGA,2014,123971240.0
Nigeria,NGA,2015,110524590.0
Nigeria,NGA,2016,116396000.0
Nigeria,NGA,2017,112540370.0
Nigeria,NGA,2018,106785730.0
Nigeria,NGA,2019,127859300.0
Nigeria,NGA,2020,124899300.0
Nigeria,NGA,2021,147776620.0
Nigeria,NGA,2022,131440936.0
Nigeria,NGA,2023,129376100.0
Nigeria,NGA,2024,135824000.0
Nicaragua,NIC,1870,0.0
Nicaragua,NIC,1871,8.0
Nicaragua,NIC,1872,8.0
Nicaragua,NIC,1873,23.0
Nicaragua,NIC,1874,62.0
Nicaragua,NIC,1875,26.0
Nicaragua,NIC,1876,28.0
Nicaragua,NIC,1877,87.0
Nicaragua,NIC,1878,513.0
Nicaragua,NIC,1879,887.0
Nicaragua,NIC,1880,516.0
Nicaragua,NIC,1881,87.0
Nicaragua,NIC,1882,77.0
Nicaragua,NIC,1883,641.0
Nicaragua,NIC,1884,1652.0
Nicaragua,NIC,1885,1077.0
Nicaragua,NIC,1886,336.0
Nicaragua,NIC,1887,913.0
Nicaragua,NIC,1888,1624.0
Nicaragua,NIC,1889,6915.0
Nicaragua,NIC,1890,16858.0
Nicaragua,NIC,1891,28092.0
Nicaragua,NIC,1892,21965.0
Nicaragua,NIC,1893,11067.0
Nicaragua,NIC,1894,13399.0
Nicaragua,NIC,1895,9785.0
Nicaragua,NIC,1896,5499.0
Nicaragua,NIC,1897,5325.0
Nicaragua,NIC,1898,5432.0
Nicaragua,NIC,1899,5837.0
Nicaragua,NIC,1900,6858.0
Nicaragua,NIC,1901,8115.0
Nicaragua,NIC,1902,7710.0
Nicaragua,NIC,1903,7902.0
Nicaragua,NIC,1904,7266.0
Nicaragua,NIC,1905,6240.0
Nicaragua,NIC,1906,6038.0
Nicaragua,NIC,1907,4922.0
Nicaragua,NIC,1908,4440.0
Nicaragua,NIC,1909,4399.0
Nicaragua,NIC,1910,4896.0
Nicaragua,NIC,1911,6668.0
Nicaragua,NIC,1912,5314.0
Nicaragua,NIC,1913,3678.0
Nicaragua,NIC,1914,3988.0
Nicaragua,NIC,1915,3982.9998
Nicaragua,NIC,1916,5535.0
Nicaragua,NIC,1917,7397.0
Nicaragua,NIC,1918,6751.0
Nicaragua,NIC,1919,5737.0
Nicaragua,NIC,1920,2970.0
Nicaragua,NIC,1921,4771.0
Nicaragua,NIC,1922,2649.0
Nicaragua,NIC,1923,9297.0
Nicaragua,NIC,1924,14042.0
Nicaragua,NIC,1925,6786.0
Nicaragua,NIC,1926,17194.0
Nicaragua,NIC,1927,2626.0
Nicaragua,NIC,1928,1403.0
Nicaragua,NIC,1929,957.0
Nicaragua,NIC,1930,544.0
Nicaragua,NIC,1931,354.0
Nicaragua,NIC,1932,195.0
Nicaragua,NIC,1933,357.0
Nicaragua,NIC,1934,192.0
Nicaragua,NIC,1935,267.0
Nicaragua,NIC,1936,344.0
Nicaragua,NIC,1937,459.0
Nicaragua,NIC,1938,154.0
Nicaragua,NIC,1939,192.0
Nicaragua,NIC,1940,192.0
Nicaragua,NIC,1941,231.0
Nicaragua,NIC,1942,0.0
Nicaragua,NIC,1943,7882.0
Nicaragua,NIC,1944,3939.0
Nicaragua,NIC,1945,7422.0
Nicaragua,NIC,1946,3634.0
Nicaragua,NIC,1947,7422.0
Nicaragua,NIC,1948,7574.0
Nicaragua,NIC,1949,7612.0
Nicaragua,NIC,1950,190661.0
Nicaragua,NIC,1951,201431.0
Nicaragua,NIC,1952,274711.0
Nicaragua,NIC,1953,285703.0
Nicaragua,NIC,1954,315015.0
Nicaragua,NIC,1955,391929.0
Nicaragua,NIC,1956,377214.0
Nicaragua,NIC,1957,417518.0
Nicaragua,NIC,1958,600747.0
Nicaragua,NIC,1959,479835.0
Nicaragua,NIC,1960,531161.0
Nicaragua,NIC,1961,560443.0
Nicaragua,NIC,1962,659342.0
Nicaragua,NIC,1963,842512.0
Nicaragua,NIC,1964,948738.0
Nicaragua,NIC,1965,780165.0
Nicaragua,NIC,1966,959641.0
Nicaragua,NIC,1967,1080494.0
Nicaragua,NIC,1968,1230688.0
Nicaragua,NIC,1969,1285618.0
Nicaragua,NIC,1970,1402807.0
Nicaragua,NIC,1971,1505429.0
Nicaragua,NIC,1972,1604357.0
Nicaragua,NIC,1973,1827563.0
Nicaragua,NIC,1974,1948297.0
Nicaragua,NIC,1975,1926551.0
Nicaragua,NIC,1976,2222080.0
Nicaragua,NIC,1977,2832921.0
Nicaragua,NIC,1978,2627214.0
Nicaragua,NIC,1979,1709111.0
Nicaragua,NIC,1980,2022022.0
Nicaragua,NIC,1981,2134433.0
Nicaragua,NIC,1982,2110403.0
Nicaragua,NIC,1983,1996346.0
Nicaragua,NIC,1984,1845649.0
Nicaragua,NIC,1985,1984408.0
Nicaragua,NIC,1986,2255072.0
Nicaragua,NIC,1987,2430471.0
Nicaragua,NIC,1988,2239470.0
Nicaragua,NIC,1989,1467548.0
Nicaragua,NIC,1990,2042579.9
Nicaragua,NIC,1991,1984461.0
Nicaragua,NIC,1992,2370025.0
Nicaragua,NIC,1993,2279613.0
Nicaragua,NIC,1994,2514102.0
Nicaragua,NIC,1995,2750504.0
Nicaragua,NIC,1996,2841622.0
Nicaragua,NIC,1997,3107987.0
Nicaragua,NIC,1998,3385655.0
Nicaragua,NIC,1999,3590062.0
Nicaragua,NIC,2000,3709726.0
Nicaragua,NIC,2001,3909472.0
Nicaragua,NIC,2002,3975589.0
Nicaragua,NIC,2003,4310426.0
Nicaragua,NIC,2004,4362256.0
Nicaragua,NIC,2005,4253188.0
Nicaragua,NIC,2006,4406583.0
Nicaragua,NIC,2007,4539816.0
Nicaragua,NIC,2008,4353261.0
Nicaragua,NIC,2009,4432131.0
Nicaragua,NIC,2010,4453063.0
Nicaragua,NIC,2011,4788554.0
Nicaragua,NIC,2012,4533836.0
Nicaragua,NIC,2013,4585682.0
Nicaragua,NIC,2014,4719788.0
Nicaragua,NIC,2015,5408233.0
Nicaragua,NIC,2016,5378534.0
Nicaragua,NIC,2017,5440822.0
Nicaragua,NIC,2018,5177981.0
Nicaragua,NIC,2019,5208109.0
Nicaragua,NIC,2020,4641018.0
Nicaragua,NIC,2021,5132574.0
Nicaragua,NIC,2022,5131236.0
Nicaragua,NIC,2023,5428299.0
Nicaragua,NIC,2024,5630346.0
Niue,NIU,1970,3664.0
Niue,NIU,1971,3664.0
Niue,NIU,1972,3664.0
Niue,NIU,1973,3664.0
Niue,NIU,1974,3664.0
Niue,NIU,1975,3664.0
Niue,NIU,1976,3664.0
Niue,NIU,1977,3664.0
Niue,NIU,1978,3664.0
Niue,NIU,1979,3664.0
Niue,NIU,1980,3664.0
Niue,NIU,1981,3664.0
Niue,NIU,1982,3664.0
Niue,NIU,1983,3664.0
Niue,NIU,1984,3664.0
Niue,NIU,1985,3664.0
Niue,NIU,1986,3664.0
Niue,NIU,1987,3664.0
Niue,NIU,1988,3664.0
Niue,NIU,1989,3664.0
Niue,NIU,1990,7328.0
Niue,NIU,1991,7328.0
Niue,NIU,1992,7328.0
Niue,NIU,1993,7328.0
Niue,NIU,1994,7328.0
Niue,NIU,1995,3664.0
Niue,NIU,1996,3664.0
Niue,NIU,1997,3664.0
Niue,NIU,1998,7328.0
Niue,NIU,1999,7328.0
Niue,NIU,2000,7328.0
Niue,NIU,2001,7328.0
Niue,NIU,2002,7328.0
Niue,NIU,2003,3664.0
Niue,NIU,2004,3664.0
Niue,NIU,2005,3664.0
Niue,NIU,2006,3664.0
Niue,NIU,2007,3664.0
Niue,NIU,2008,7328.0
Niue,NIU,2009,3664.0
Niue,NIU,2010,3664.0
Niue,NIU,2011,3664.0
Niue,NIU,2012,3664.0
Niue,NIU,2013,7328.0
Niue,NIU,2014,7328.0
Niue,NIU,2015,7328.0
Niue,NIU,2016,7328.0
Niue,NIU,2017,7328.0
Niue,NIU,2018,7328.0
Niue,NIU,2019,7328.0
Niue,NIU,2020,7328.0
Niue,NIU,2021,7328.0
Niue,NIU,2022,7328.0
Niue,NIU,2023,7293.0
Niue,NIU,2024,7627.0
Netherlands,NLD,1846,2868912.0
Netherlands,NLD,1847,3869184.0
Netherlands,NLD,1848,3649344.0
Netherlands,NLD,1849,3330576.0
Netherlands,NLD,1850,3136384.0
Netherlands,NLD,1851,3118064.0
Netherlands,NLD,1852,3762928.0
Netherlands,NLD,1853,4169632.0
Netherlands,NLD,1854,5946672.0
Netherlands,NLD,1855,4649616.0
Netherlands,NLD,1856,4722896.0
Netherlands,NLD,1857,4217264.0
Netherlands,NLD,1858,3707968.0
Netherlands,NLD,1859,3524768.0
Netherlands,NLD,1860,4796176.0
Netherlands,NLD,1861,4404128.0
Netherlands,NLD,1862,5671872.0
Netherlands,NLD,1863,4085360.0
Netherlands,NLD,1864,3403856.0
Netherlands,NLD,1865,3847200.0
Netherlands,NLD,1866,4217264.0
Netherlands,NLD,1867,4041391.8
Netherlands,NLD,1868,4239248.0
Netherlands,NLD,1869,4371152.0
Netherlands,NLD,1870,4942736.0
Netherlands,NLD,1871,4979376.0
Netherlands,NLD,1872,5331120.0
Netherlands,NLD,1873,5140592.0
Netherlands,NLD,1874,4741216.0
Netherlands,NLD,1875,5419056.0
Netherlands,NLD,1876,6210480.0
Netherlands,NLD,1877,6309408.0
Netherlands,NLD,1878,6686800.0
Netherlands,NLD,1879,7210752.0
Netherlands,NLD,1880,7972864.0
Netherlands,NLD,1881,8027824.5
Netherlands,NLD,1882,8130416.0
Netherlands,NLD,1883,9009776.0
Netherlands,NLD,1884,9017104.0
Netherlands,NLD,1885,9420144.0
Netherlands,NLD,1886,9618000.0
Netherlands,NLD,1887,9786544.0
Netherlands,NLD,1888,10860096.0
Netherlands,NLD,1889,10610944.0
Netherlands,NLD,1890,10284848.0
Netherlands,NLD,1891,11908000.0
Netherlands,NLD,1892,11321760.0
Netherlands,NLD,1893,11460992.0
Netherlands,NLD,1894,11618544.0
Netherlands,NLD,1895,11625872.0
Netherlands,NLD,1896,12494240.0
Netherlands,NLD,1897,13102464.0
Netherlands,NLD,1898,12933920.0
Netherlands,NLD,1899,13278336.0
Netherlands,NLD,1900,14634016.0
Netherlands,NLD,1901,14311584.0
Netherlands,NLD,1902,14300592.0
Netherlands,NLD,1903,15297200.0
Netherlands,NLD,1904,16165567.0
Netherlands,NLD,1905,16594255.0
Netherlands,NLD,1906,18056192.0
Netherlands,NLD,1907,18576480.0
Netherlands,NLD,1908,18920896.0
Netherlands,NLD,1909,19917504.0
Netherlands,NLD,1910,20833504.0
Netherlands,NLD,1911,22079264.0
Netherlands,NLD,1912,24922528.0
Netherlands,NLD,1913,27549616.0
Netherlands,NLD,1914,25823872.0
Netherlands,NLD,1915,24534144.0
Netherlands,NLD,1916,22398032.0
Netherlands,NLD,1917,8654368.0
Netherlands,NLD,1918,14527760.0
Netherlands,NLD,1919,21980336.0
Netherlands,NLD,1920,22170864.0
Netherlands,NLD,1921,23233424.0
Netherlands,NLD,1922,27271152.0
Netherlands,NLD,1923,27197872.0
Netherlands,NLD,1924,30594400.0
Netherlands,NLD,1925,33591550.0
Netherlands,NLD,1926,34328016.0
Netherlands,NLD,1927,37966370.0
Netherlands,NLD,1928,38006670.0
Netherlands,NLD,1929,41266770.0
Netherlands,NLD,1930,40779430.0
Netherlands,NLD,1931,44956480.0
Netherlands,NLD,1932,41416816.0
Netherlands,NLD,1933,38569470.0
Netherlands,NLD,1934,38627948.0
Netherlands,NLD,1935,37265090.0
Netherlands,NLD,1936,39892000.0
Netherlands,NLD,1937,43999190.0
Netherlands,NLD,1938,43306636.0
Netherlands,NLD,1939,40701176.0
Netherlands,NLD,1940,33437664.0
Netherlands,NLD,1941,37125440.0
Netherlands,NLD,1942,34594000.0
Netherlands,NLD,1943,34927456.0
Netherlands,NLD,1944,23335154.0
Netherlands,NLD,1945,14651415.0
Netherlands,NLD,1946,31102062.0
Netherlands,NLD,1947,44603428.0
Netherlands,NLD,1948,47263220.0
Netherlands,NLD,1949,50498684.0
Netherlands,NLD,1950,51300924.0
Netherlands,NLD,1951,54986490.0
Netherlands,NLD,1952,54733170.0
Netherlands,NLD,1953,55275320.0
Netherlands,NLD,1954,58411228.0
Netherlands,NLD,1955,61004810.0
Netherlands,NLD,1956,65096870.0
Netherlands,NLD,1957,64426124.0
Netherlands,NLD,1958,66708588.0
Netherlands,NLD,1959,67136320.0
Netherlands,NLD,1960,73455920.0
Netherlands,NLD,1961,75833440.0
Netherlands,NLD,1962,83300220.0
Netherlands,NLD,1963,91162904.0
Netherlands,NLD,1964,96787544.0
Netherlands,NLD,1965,100414580.0
Netherlands,NLD,1966,103564780.0
Netherlands,NLD,1967,106689430.0
Netherlands,NLD,1968,113452820.0
Netherlands,NLD,1969,115805730.0
Netherlands,NLD,1970,141810580.0
Netherlands,NLD,1971,140669760.0
Netherlands,NLD,1972,157499020.0
Netherlands,NLD,1973,165263500.0
Netherlands,NLD,1974,159988820.0
Netherlands,NLD,1975,152529100.0
Netherlands,NLD,1976,169130820.0
Netherlands,NLD,1977,163609310.0
Netherlands,NLD,1978,169793040.0
Netherlands,NLD,1979,187007090.0
Netherlands,NLD,1980,176635440.0
Netherlands,NLD,1981,164113470.0
Netherlands,NLD,1982,133490750.0
Netherlands,NLD,1983,137361000.0
Netherlands,NLD,1984,144072860.0
Netherlands,NLD,1985,146980000.0
Netherlands,NLD,1986,144014380.0
Netherlands,NLD,1987,151484030.0
Netherlands,NLD,1988,145602780.0
Netherlands,NLD,1989,161664200.0
Netherlands,NLD,1990,163032750.0
Netherlands,NLD,1991,171469150.0
Netherlands,NLD,1992,171277390.0
Netherlands,NLD,1993,171185020.0
Netherlands,NLD,1994,171951920.0
Netherlands,NLD,1995,173482380.0
Netherlands,NLD,1996,182542600.0
Netherlands,NLD,1997,175466190.0
Netherlands,NLD,1998,176396200.0
Netherlands,NLD,1999,171053000.0
Netherlands,NLD,2000,172153890.0
Netherlands,NLD,2001,177464220.0
Netherlands,NLD,2002,176738240.0
Netherlands,NLD,2003,180168660.0
Netherlands,NLD,2004,182090420.0
Netherlands,NLD,2005,178129760.0
Netherlands,NLD,2006,173279360.0
Netherlands,NLD,2007,173028180.0
Netherlands,NLD,2008,175903660.0
Netherlands,NLD,2009,170433400.0
Netherlands,NLD,2010,182478750.0
Netherlands,NLD,2011,169346110.0
Netherlands,NLD,2012,165751870.0
Netherlands,NLD,2013,164925380.0
Netherlands,NLD,2014,157502820.0
Netherlands,NLD,2015,163958100.0
Netherlands,NLD,2016,164811760.0
Netherlands,NLD,2017,162295740.0
Netherlands,NLD,2018,158264260.0
Netherlands,NLD,2019,152727100.0
Netherlands,NLD,2020,136974140.0
Netherlands,NLD,2021,139885680.0
Netherlands,NLD,2022,127503144.0
Netherlands,NLD,2023,117016380.0
Netherlands,NLD,2024,114784730.0
Norway,NOR,1750,0.0
Norway,NOR,1751,0.0
Norway,NOR,1752,0.0
Norway,NOR,1753,0.0
Norway,NOR,1754,0.0
Norway,NOR,1755,0.0
Norway,NOR,1756,0.0
Norway,NOR,1757,0.0
Norway,NOR,1758,0.0
Norway,NOR,1759,0.0
Norway,NOR,1760,0.0
Norway,NOR,1761,0.0
Norway,NOR,1762,0.0
Norway,NOR,1763,0.0
Norway,NOR,1764,0.0
Norway,NOR,1765,0.0
Norway,NOR,1766,0.0
Norway,NOR,1767,0.0
Norway,NOR,1768,0.0
Norway,NOR,1769,0.0
Norway,NOR,1770,0.0
Norway,NOR,1771,0.0
Norway,NOR,1772,0.0
Norway,NOR,1773,0.0
Norway,NOR,1774,0.0
Norway,NOR,1775,0.0
Norway,NOR,1776,0.0
Norway,NOR,1777,0.0
Norway,NOR,1778,0.0
Norway,NOR,1779,0.0
Norway,NOR,1780,0.0
Norway,NOR,1781,0.0
Norway,NOR,1782,0.0
Norway,NOR,1783,0.0
Norway,NOR,1784,0.0
Norway,NOR,1785,0.0
Norway,NOR,1786,0.0
Norway,NOR,1787,0.0
Norway,NOR,1788,0.0
Norway,NOR,1789,0.0
Norway,NOR,1790,0.0
Norway,NOR,1791,0.0
Norway,NOR,1792,0.0
Norway,NOR,1793,0.0
Norway,NOR,1794,0.0
Norway,NOR,1795,0.0
Norway,NOR,1796,0.0
Norway,NOR,1797,0.0
Norway,NOR,1798,0.0
Norway,NOR,1799,0.0
Norway,NOR,1800,0.0
Norway,NOR,1801,0.0
Norway,NOR,1802,0.0
Norway,NOR,1803,0.0
Norway,NOR,1804,0.0
Norway,NOR,1805,0.0
Norway,NOR,1806,0.0
Norway,NOR,1807,0.0
Norway,NOR,1808,0.0
Norway,NOR,1809,0.0
Norway,NOR,1810,0.0
Norway,NOR,1811,0.0
Norway,NOR,1812,0.0
Norway,NOR,1813,0.0
Norway,NOR,1814,0.0
Norway,NOR,1815,0.0
Norway,NOR,1816,0.0
Norway,NOR,1817,0.0
Norway,NOR,1818,0.0
Norway,NOR,1819,0.0
Norway,NOR,1820,0.0
Norway,NOR,1821,0.0
Norway,NOR,1822,0.0
Norway,NOR,1823,0.0
Norway,NOR,1824,0.0
Norway,NOR,1825,0.0
Norway,NOR,1826,0.0
Norway,NOR,1827,0.0
Norway,NOR,1828,0.0
Norway,NOR,1829,10992.0
Norway,NOR,1830,7328.0
Norway,NOR,1831,3664.0
Norway,NOR,1832,0.0
Norway,NOR,1833,0.0
Norway,NOR,1834,0.0
Norway,NOR,1835,14656.0
Norway,NOR,1836,18320.0
Norway,NOR,1837,25648.0
Norway,NOR,1838,51296.0
Norway,NOR,1839,40304.0
Norway,NOR,1840,43968.0
Norway,NOR,1841,58624.0
Norway,NOR,1842,73280.0
Norway,NOR,1843,62288.0
Norway,NOR,1844,65952.0
Norway,NOR,1845,98928.0
Norway,NOR,1846,98928.0
Norway,NOR,1847,102592.0
Norway,NOR,1848,131904.0
Norway,NOR,1849,106256.0
Norway,NOR,1850,139232.0
Norway,NOR,1851,150224.0
Norway,NOR,1852,150224.0
Norway,NOR,1853,164880.0
Norway,NOR,1854,234496.0
Norway,NOR,1855,256480.02
Norway,NOR,1856,304112.0
Norway,NOR,1857,304112.0
Norway,NOR,1858,267472.0
Norway,NOR,1859,326096.0
Norway,NOR,1860,333424.0
Norway,NOR,1861,428688.0
Norway,NOR,1862,370064.0
Norway,NOR,1863,362736.0
Norway,NOR,1864,479984.0
Norway,NOR,1865,472656.0
Norway,NOR,1866,520288.0
Norway,NOR,1867,619216.0
Norway,NOR,1868,633872.0
Norway,NOR,1869,553264.0
Norway,NOR,1870,630208.0
Norway,NOR,1871,611888.0
Norway,NOR,1872,655856.0
Norway,NOR,1873,659520.0
Norway,NOR,1874,817072.0
Norway,NOR,1875,1025920.06
Norway,NOR,1876,905008.0
Norway,NOR,1877,1220112.0
Norway,NOR,1878,1088208.0
Norway,NOR,1879,1143168.0
Norway,NOR,1880,1249424.0
Norway,NOR,1881,1293392.0
Norway,NOR,1882,1414304.0
Norway,NOR,1883,1524224.0
Norway,NOR,1884,1560864.0
Norway,NOR,1885,1784368.0
Norway,NOR,1886,1744064.0
Norway,NOR,1887,1681776.0
Norway,NOR,1888,1945584.0
Norway,NOR,1889,2220384.0
Norway,NOR,1890,2077488.0
Norway,NOR,1891,2414576.0
Norway,NOR,1892,2465872.0
Norway,NOR,1893,2462208.0
Norway,NOR,1894,2905552.0
Norway,NOR,1895,3059440.0
Norway,NOR,1896,3125392.0
Norway,NOR,1897,3385536.0
Norway,NOR,1898,3385536.0
Norway,NOR,1899,4048720.0
Norway,NOR,1900,4154976.0
Norway,NOR,1901,3894832.0
Norway,NOR,1902,4242912.0
Norway,NOR,1903,4239248.0
Norway,NOR,1904,4158640.0
Norway,NOR,1905,4147647.8
Norway,NOR,1906,4224592.0
Norway,NOR,1907,4781520.0
Norway,NOR,1908,5715840.0
Norway,NOR,1909,5763472.0
Norway,NOR,1910,5939344.0
Norway,NOR,1911,6078576.0
Norway,NOR,1912,6877328.0
Norway,NOR,1913,6917632.0
Norway,NOR,1914,7709056.0
Norway,NOR,1915,8449184.0
Norway,NOR,1916,7895920.0
Norway,NOR,1917,3495456.0
Norway,NOR,1918,4451760.0
Norway,NOR,1919,5290816.0
Norway,NOR,1920,5301808.0
Norway,NOR,1921,3374544.0
Norway,NOR,1922,6481616.0
Norway,NOR,1923,6793056.0
Norway,NOR,1924,7727376.0
Norway,NOR,1925,7595472.0
Norway,NOR,1926,6360704.0
Norway,NOR,1927,8667718.0
Norway,NOR,1928,8453624.0
Norway,NOR,1929,9520614.0
Norway,NOR,1930,8726636.0
Norway,NOR,1931,8086297.0
Norway,NOR,1932,8643426.0
Norway,NOR,1933,9179236.0
Norway,NOR,1934,9485086.0
Norway,NOR,1935,9781810.0
Norway,NOR,1936,10441182.0
Norway,NOR,1937,11760133.0
Norway,NOR,1938,10477702.0
Norway,NOR,1939,12514649.0
Norway,NOR,1940,6509561.0
Norway,NOR,1941,4813218.0
Norway,NOR,1942,4626115.0
Norway,NOR,1943,5443456.0
Norway,NOR,1944,4879141.0
Norway,NOR,1945,4011515.2
Norway,NOR,1946,7073431.0
Norway,NOR,1947,10627362.0
Norway,NOR,1948,10982533.0
Norway,NOR,1949,10407017.0
Norway,NOR,1950,8432180.0
Norway,NOR,1951,9475946.0
Norway,NOR,1952,9684764.0
Norway,NOR,1953,9783482.0
Norway,NOR,1954,9882352.0
Norway,NOR,1955,11413785.0
Norway,NOR,1956,11952007.0
Norway,NOR,1957,11357963.0
Norway,NOR,1958,11185696.0
Norway,NOR,1959,11808160.0
Norway,NOR,1960,13086807.0
Norway,NOR,1961,13335483.0
Norway,NOR,1962,14060391.0
Norway,NOR,1963,14965280.0
Norway,NOR,1964,16170321.0
Norway,NOR,1965,16389921.0
Norway,NOR,1966,19540070.0
Norway,NOR,1967,19304238.0
Norway,NOR,1968,21113690.0
Norway,NOR,1969,22193766.0
Norway,NOR,1970,27978744.0
Norway,NOR,1971,27166050.0
Norway,NOR,1972,29395056.0
Norway,NOR,1973,30491832.0
Norway,NOR,1974,27690220.0
Norway,NOR,1975,30602088.0
Norway,NOR,1976,33332158.0
Norway,NOR,1977,33309498.0
Norway,NOR,1978,32624504.0
Norway,NOR,1979,34625172.0
Norway,NOR,1980,31777006.0
Norway,NOR,1981,31804670.0
Norway,NOR,1982,30912102.0
Norway,NOR,1983,31947258.0
Norway,NOR,1984,33810250.0
Norway,NOR,1985,32285598.0
Norway,NOR,1986,34785340.0
Norway,NOR,1987,33207004.0
Norway,NOR,1988,35591656.0
Norway,NOR,1989,34147852.0
Norway,NOR,1990,35009000.0
Norway,NOR,1991,33466000.0
Norway,NOR,1992,34402000.0
Norway,NOR,1993,35948000.0
Norway,NOR,1994,37863000.0
Norway,NOR,1995,38469000.0
Norway,NOR,1996,41540000.0
Norway,NOR,1997,41644000.0
Norway,NOR,1998,41838000.0
Norway,NOR,1999,42609000.0
Norway,NOR,2000,42131000.0
Norway,NOR,2001,43519000.0
Norway,NOR,2002,42571000.0
Norway,NOR,2003,43919000.0
Norway,NOR,2004,44257000.0
Norway,NOR,2005,43279000.0
Norway,NOR,2006,43859000.0
Norway,NOR,2007,45605000.0
Norway,NOR,2008,44692000.0
Norway,NOR,2009,43098000.0
Norway,NOR,2010,45659000.0
Norway,NOR,2011,44775000.0
Norway,NOR,2012,44258000.0
Norway,NOR,2013,44539000.0
Norway,NOR,2014,44975000.0
Norway,NOR,2015,45523000.0
Norway,NOR,2016,44708000.0
Norway,NOR,2017,44197000.0
Norway,NOR,2018,44472000.0
Norway,NOR,2019,42866000.0
Norway,NOR,2020,41275000.0
Norway,NOR,2021,41058000.0
Norway,NOR,2022,40833000.0
Norway,NOR,2023,38869000.0
Norway,NOR,2024,37183000.0
Nepal,NPL,1950,25648.0
Nepal,NPL,1951,29312.0
Nepal,NPL,1952,29312.0
Nepal,NPL,1953,36640.0
Nepal,NPL,1954,40304.0
Nepal,NPL,1955,43968.0
Nepal,NPL,1956,47632.0
Nepal,NPL,1957,54960.0
Nepal,NPL,1958,58624.0
Nepal,NPL,1959,65952.0
Nepal,NPL,1960,80608.0
Nepal,NPL,1961,80608.0
Nepal,NPL,1962,87936.0
Nepal,NPL,1963,98928.0
Nepal,NPL,1964,150224.0
Nepal,NPL,1965,179536.0
Nepal,NPL,1966,190528.0
Nepal,NPL,1967,212512.0
Nepal,NPL,1968,252815.98
Nepal,NPL,1969,399376.0
Nepal,NPL,1970,227168.0
Nepal,NPL,1971,197856.0
Nepal,NPL,1972,267472.0
Nepal,NPL,1973,421360.0
Nepal,NPL,1974,424875.0
Nepal,NPL,1975,351714.0
Nepal,NPL,1976,281839.0
Nepal,NPL,1977,336399.0
Nepal,NPL,1978,328981.0
Nepal,NPL,1979,512359.97
Nepal,NPL,1980,541295.0
Nepal,NPL,1981,453186.0
Nepal,NPL,1982,442361.0
Nepal,NPL,1983,492418.0
Nepal,NPL,1984,701424.0
Nepal,NPL,1985,676018.0
Nepal,NPL,1986,697014.0
Nepal,NPL,1987,860680.0
Nepal,NPL,1988,975970.0
Nepal,NPL,1989,893564.0
Nepal,NPL,1990,721436.0
Nepal,NPL,1991,1026311.06
Nepal,NPL,1992,1232929.0
Nepal,NPL,1993,1397333.0
Nepal,NPL,1994,1619432.0
Nepal,NPL,1995,2308915.0
Nepal,NPL,1996,2352779.0
Nepal,NPL,1997,2641111.0
Nepal,NPL,1998,2223327.0
Nepal,NPL,1999,3191083.0
Nepal,NPL,2000,3037431.0
Nepal,NPL,2001,3236078.0
Nepal,NPL,2002,2596383.0
Nepal,NPL,2003,2810383.0
Nepal,NPL,2004,2582410.0
Nepal,NPL,2005,2986772.0
Nepal,NPL,2006,2456469.0
Nepal,NPL,2007,2570341.0
Nepal,NPL,2008,3355316.0
Nepal,NPL,2009,4126129.2
Nepal,NPL,2010,4827968.0
Nepal,NPL,2011,5216765.0
Nepal,NPL,2012,5470253.0
Nepal,NPL,2013,6217840.0
Nepal,NPL,2014,7587670.0
Nepal,NPL,2015,6904651.0
Nepal,NPL,2016,10088048.0
Nepal,NPL,2017,12421580.0
Nepal,NPL,2018,14038992.0
Nepal,NPL,2019,12750490.0
Nepal,NPL,2020,15630800.0
Nepal,NPL,2021,15486231.0
Nepal,NPL,2022,17608968.0
Nepal,NPL,2023,18347820.0
Nepal,NPL,2024,18776082.0
Nauru,NRU,1964,29312.0
Nauru,NRU,1965,32976.0
Nauru,NRU,1966,32976.0
Nauru,NRU,1967,47632.0
Nauru,NRU,1968,47632.0
Nauru,NRU,1969,65952.0
Nauru,NRU,1970,65952.0
Nauru,NRU,1971,87936.0
Nauru,NRU,1972,76944.0
Nauru,NRU,1973,84272.0
Nauru,NRU,1974,98928.0
Nauru,NRU,1975,102592.0
Nauru,NRU,1976,102592.0
Nauru,NRU,1977,113584.0
Nauru,NRU,1978,113584.0
Nauru,NRU,1979,113584.0
Nauru,NRU,1980,124576.0
Nauru,NRU,1981,124576.0
Nauru,NRU,1982,124576.0
Nauru,NRU,1983,124576.0
Nauru,NRU,1984,124576.0
Nauru,NRU,1985,124576.0
Nauru,NRU,1986,161216.0
Nauru,NRU,1987,157552.0
Nauru,NRU,1988,157552.0
Nauru,NRU,1989,157552.0
Nauru,NRU,1990,124576.0
Nauru,NRU,1991,124576.0
Nauru,NRU,1992,120912.0
Nauru,NRU,1993,113584.0
Nauru,NRU,1994,109920.0
Nauru,NRU,1995,106256.0
Nauru,NRU,1996,102592.0
Nauru,NRU,1997,102592.0
Nauru,NRU,1998,98928.0
Nauru,NRU,1999,91600.0
Nauru,NRU,2000,87936.0
Nauru,NRU,2001,80608.0
Nauru,NRU,2002,76944.0
Nauru,NRU,2003,65952.0
Nauru,NRU,2004,62288.0
Nauru,NRU,2005,62288.0
Nauru,NRU,2006,43968.0
Nauru,NRU,2007,40304.0
Nauru,NRU,2008,40304.0
Nauru,NRU,2009,40304.0
Nauru,NRU,2010,43968.0
Nauru,NRU,2011,40304.0
Nauru,NRU,2012,40304.0
Nauru,NRU,2013,47632.0
Nauru,NRU,2014,51296.0
Nauru,NRU,2015,54960.0
Nauru,NRU,2016,51296.0
Nauru,NRU,2017,54960.0
Nauru,NRU,2018,54960.0
Nauru,NRU,2019,51296.0
Nauru,NRU,2020,54960.0
Nauru,NRU,2021,54960.0
Nauru,NRU,2022,58984.0
Nauru,NRU,2023,58705.0
Nauru,NRU,2024,61390.0
New Zealand,NZL,1750,0.0
New Zealand,NZL,1751,0.0
New Zealand,NZL,1752,0.0
New Zealand,NZL,1753,0.0
New Zealand,NZL,1754,0.0
New Zealand,NZL,1755,0.0
New Zealand,NZL,1756,0.0
New Zealand,NZL,1757,0.0
New Zealand,NZL,1758,0.0
New Zealand,NZL,1759,0.0
New Zealand,NZL,1760,0.0
New Zealand,NZL,1761,0.0
New Zealand,NZL,1762,0.0
New Zealand,NZL,1763,0.0
New Zealand,NZL,1764,0.0
New Zealand,NZL,1765,0.0
New Zealand,NZL,1766,0.0
New Zealand,NZL,1767,0.0
New Zealand,NZL,1768,0.0
New Zealand,NZL,1769,0.0
New Zealand,NZL,1770,0.0
New Zealand,NZL,1771,0.0
New Zealand,NZL,1772,0.0
New Zealand,NZL,1773,0.0
New Zealand,NZL,1774,0.0
New Zealand,NZL,1775,0.0
New Zealand,NZL,1776,0.0
New Zealand,NZL,1777,0.0
New Zealand,NZL,1778,0.0
New Zealand,NZL,1779,0.0
New Zealand,NZL,1780,0.0
New Zealand,NZL,1781,0.0
New Zealand,NZL,1782,0.0
New Zealand,NZL,1783,0.0
New Zealand,NZL,1784,0.0
New Zealand,NZL,1785,0.0
New Zealand,NZL,1786,0.0
New Zealand,NZL,1787,0.0
New Zealand,NZL,1788,0.0
New Zealand,NZL,1789,0.0
New Zealand,NZL,1790,0.0
New Zealand,NZL,1791,0.0
New Zealand,NZL,1792,0.0
New Zealand,NZL,1793,0.0
New Zealand,NZL,1794,0.0
New Zealand,NZL,1795,0.0
New Zealand,NZL,1796,0.0
New Zealand,NZL,1797,0.0
New Zealand,NZL,1798,0.0
New Zealand,NZL,1799,0.0
New Zealand,NZL,1800,0.0
New Zealand,NZL,1801,0.0
New Zealand,NZL,1802,0.0
New Zealand,NZL,1803,0.0
New Zealand,NZL,1804,0.0
New Zealand,NZL,1805,0.0
New Zealand,NZL,1806,0.0
New Zealand,NZL,1807,0.0
New Zealand,NZL,1808,0.0
New Zealand,NZL,1809,0.0
New Zealand,NZL,1810,0.0
New Zealand,NZL,1811,0.0
New Zealand,NZL,1812,0.0
New Zealand,NZL,1813,0.0
New Zealand,NZL,1814,0.0
New Zealand,NZL,1815,0.0
New Zealand,NZL,1816,0.0
New Zealand,NZL,1817,0.0
New Zealand,NZL,1818,0.0
New Zealand,NZL,1819,0.0
New Zealand,NZL,1820,0.0
New Zealand,NZL,1821,0.0
New Zealand,NZL,1822,0.0
New Zealand,NZL,1823,0.0
New Zealand,NZL,1824,0.0
New Zealand,NZL,1825,0.0
New Zealand,NZL,1826,0.0
New Zealand,NZL,1827,0.0
New Zealand,NZL,1828,0.0
New Zealand,NZL,1829,0.0
New Zealand,NZL,1830,0.0
New Zealand,NZL,1831,0.0
New Zealand,NZL,1832,0.0
New Zealand,NZL,1833,0.0
New Zealand,NZL,1834,0.0
New Zealand,NZL,1835,0.0
New Zealand,NZL,1836,0.0
New Zealand,NZL,1837,0.0
New Zealand,NZL,1838,0.0
New Zealand,NZL,1839,0.0
New Zealand,NZL,1840,0.0
New Zealand,NZL,1841,0.0
New Zealand,NZL,1842,0.0
New Zealand,NZL,1843,0.0
New Zealand,NZL,1844,0.0
New Zealand,NZL,1845,0.0
New Zealand,NZL,1846,0.0
New Zealand,NZL,1847,0.0
New Zealand,NZL,1848,0.0
New Zealand,NZL,1849,0.0
New Zealand,NZL,1850,0.0
New Zealand,NZL,1851,0.0
New Zealand,NZL,1852,0.0
New Zealand,NZL,1853,0.0
New Zealand,NZL,1854,0.0
New Zealand,NZL,1855,0.0
New Zealand,NZL,1856,0.0
New Zealand,NZL,1857,0.0
New Zealand,NZL,1858,0.0
New Zealand,NZL,1859,0.0
New Zealand,NZL,1860,0.0
New Zealand,NZL,1861,0.0
New Zealand,NZL,1862,0.0
New Zealand,NZL,1863,0.0
New Zealand,NZL,1864,0.0
New Zealand,NZL,1865,0.0
New Zealand,NZL,1866,0.0
New Zealand,NZL,1867,0.0
New Zealand,NZL,1868,0.0
New Zealand,NZL,1869,0.0
New Zealand,NZL,1870,0.0
New Zealand,NZL,1871,0.0
New Zealand,NZL,1872,0.0
New Zealand,NZL,1873,0.0
New Zealand,NZL,1874,0.0
New Zealand,NZL,1875,0.0
New Zealand,NZL,1876,0.0
New Zealand,NZL,1877,0.0
New Zealand,NZL,1878,355408.0
New Zealand,NZL,1879,505631.97
New Zealand,NZL,1880,655856.0
New Zealand,NZL,1881,736464.0
New Zealand,NZL,1882,828064.0
New Zealand,NZL,1883,926992.0
New Zealand,NZL,1884,1058896.0
New Zealand,NZL,1885,1128512.0
New Zealand,NZL,1886,1179808.0
New Zealand,NZL,1887,1238432.0
New Zealand,NZL,1888,1363008.0
New Zealand,NZL,1889,1311712.0
New Zealand,NZL,1890,1421632.0
New Zealand,NZL,1891,1491248.0
New Zealand,NZL,1892,1502240.0
New Zealand,NZL,1893,1542544.0
New Zealand,NZL,1894,1608496.0
New Zealand,NZL,1895,1623152.0
New Zealand,NZL,1896,1769712.0
New Zealand,NZL,1897,1875968.0
New Zealand,NZL,1898,2022527.9
New Zealand,NZL,1899,2176416.0
New Zealand,NZL,1900,2440224.0
New Zealand,NZL,1901,2740672.0
New Zealand,NZL,1902,3041120.0
New Zealand,NZL,1903,3169360.0
New Zealand,NZL,1904,3433168.0
New Zealand,NZL,1905,3539424.0
New Zealand,NZL,1906,3861856.0
New Zealand,NZL,1907,4085360.0
New Zealand,NZL,1908,4151311.8
New Zealand,NZL,1909,4264896.0
New Zealand,NZL,1910,4902432.0
New Zealand,NZL,1911,4609312.0
New Zealand,NZL,1912,4862128.0
New Zealand,NZL,1913,4213600.0
New Zealand,NZL,1914,5081968.0
New Zealand,NZL,1915,4931744.0
New Zealand,NZL,1916,5038000.0
New Zealand,NZL,1917,4616640.0
New Zealand,NZL,1918,4543360.0
New Zealand,NZL,1919,4129327.8
New Zealand,NZL,1920,3557744.0
New Zealand,NZL,1921,3499120.0
New Zealand,NZL,1922,3561408.0
New Zealand,NZL,1923,3836208.0
New Zealand,NZL,1924,3990096.0
New Zealand,NZL,1925,4089024.0
New Zealand,NZL,1926,4272224.0
New Zealand,NZL,1927,4495728.0
New Zealand,NZL,1928,4714737.0
New Zealand,NZL,1929,4894302.0
New Zealand,NZL,1930,4865019.0
New Zealand,NZL,1931,4238625.0
New Zealand,NZL,1932,3538830.0
New Zealand,NZL,1933,3546040.0
New Zealand,NZL,1934,3982768.0
New Zealand,NZL,1935,4150807.0
New Zealand,NZL,1936,4176335.8
New Zealand,NZL,1937,4381431.0
New Zealand,NZL,1938,4245685.0
New Zealand,NZL,1939,4461801.0
New Zealand,NZL,1940,4758645.0
New Zealand,NZL,1941,5000469.0
New Zealand,NZL,1942,5095733.0
New Zealand,NZL,1943,5370503.0
New Zealand,NZL,1944,5469431.0
New Zealand,NZL,1945,5619624.0
New Zealand,NZL,1946,5531719.0
New Zealand,NZL,1947,5451141.0
New Zealand,NZL,1948,5502318.0
New Zealand,NZL,1949,5608545.0
New Zealand,NZL,1950,8569056.0
New Zealand,NZL,1951,8170066.0
New Zealand,NZL,1952,9320146.0
New Zealand,NZL,1953,8550647.0
New Zealand,NZL,1954,9070691.0
New Zealand,NZL,1955,9392832.0
New Zealand,NZL,1956,9674811.0
New Zealand,NZL,1957,10304663.0
New Zealand,NZL,1958,10179998.0
New Zealand,NZL,1959,10319230.0
New Zealand,NZL,1960,11531776.0
New Zealand,NZL,1961,11755131.0
New Zealand,NZL,1962,11198292.0
New Zealand,NZL,1963,12216528.0
New Zealand,NZL,1964,13091956.0
New Zealand,NZL,1965,13685286.0
New Zealand,NZL,1966,14000272.0
New Zealand,NZL,1967,13626782.0
New Zealand,NZL,1968,13473102.0
New Zealand,NZL,1969,14257049.0
New Zealand,NZL,1970,14179986.0
New Zealand,NZL,1971,15049003.0
New Zealand,NZL,1972,16189594.0
New Zealand,NZL,1973,18200338.0
New Zealand,NZL,1974,18759972.0
New Zealand,NZL,1975,18270304.0
New Zealand,NZL,1976,19248512.0
New Zealand,NZL,1977,20313414.0
New Zealand,NZL,1978,18024024.0
New Zealand,NZL,1979,16494432.0
New Zealand,NZL,1980,17482464.0
New Zealand,NZL,1981,16560961.0
New Zealand,NZL,1982,18270238.0
New Zealand,NZL,1983,17998090.0
New Zealand,NZL,1984,19336614.0
New Zealand,NZL,1985,21857954.0
New Zealand,NZL,1986,22945982.0
New Zealand,NZL,1987,24165260.0
New Zealand,NZL,1988,25445732.0
New Zealand,NZL,1989,25453206.0
New Zealand,NZL,1990,25490110.0
New Zealand,NZL,1991,26169858.0
New Zealand,NZL,1992,28153966.0
New Zealand,NZL,1993,27745960.0
New Zealand,NZL,1994,27885176.0
New Zealand,NZL,1995,27989446.0
New Zealand,NZL,1996,29287784.0
New Zealand,NZL,1997,31261426.0
New Zealand,NZL,1998,29837288.0
New Zealand,NZL,1999,31442578.0
New Zealand,NZL,2000,32221126.0
New Zealand,NZL,2001,34356280.0
New Zealand,NZL,2002,34519210.0
New Zealand,NZL,2003,36219564.0
New Zealand,NZL,2004,35805760.0
New Zealand,NZL,2005,37401250.0
New Zealand,NZL,2006,37304428.0
New Zealand,NZL,2007,36382660.0
New Zealand,NZL,2008,37485452.0
New Zealand,NZL,2009,34594220.0
New Zealand,NZL,2010,34786920.0
New Zealand,NZL,2011,34241144.0
New Zealand,NZL,2012,35918250.0
New Zealand,NZL,2013,35219212.0
New Zealand,NZL,2014,35399336.0
New Zealand,NZL,2015,35805096.0
New Zealand,NZL,2016,34134956.0
New Zealand,NZL,2017,35661264.0
New Zealand,NZL,2018,35686796.0
New Zealand,NZL,2019,36710612.0
New Zealand,NZL,2020,34108960.0
New Zealand,NZL,2021,34596516.0
New Zealand,NZL,2022,31965866.0
New Zealand,NZL,2023,31559814.0
New Zealand,NZL,2024,32479432.0
Oman,OMN,1964,10992.0
Oman,OMN,1965,25648.0
Oman,OMN,1966,29312.0
Oman,OMN,1967,135568.0
Oman,OMN,1968,161216.0
Oman,OMN,1969,234496.0
Oman,OMN,1970,234496.0
Oman,OMN,1971,2092144.0
Oman,OMN,1972,2088480.0
Oman,OMN,1973,2110464.0
Oman,OMN,1974,2333968.0
Oman,OMN,1975,7251056.0
Oman,OMN,1976,8320944.0
Oman,OMN,1977,8500480.0
Oman,OMN,1978,7789664.0
Oman,OMN,1979,7716384.0
Oman,OMN,1980,6041936.0
Oman,OMN,1981,6012624.0
Oman,OMN,1982,5730496.0
Oman,OMN,1983,7525856.0
Oman,OMN,1984,8053471.5
Oman,OMN,1985,8645560.0
Oman,OMN,1986,9856971.0
Oman,OMN,1987,9443774.0
Oman,OMN,1988,10563666.0
Oman,OMN,1989,10041137.0
Oman,OMN,1990,11285067.0
Oman,OMN,1991,11658472.0
Oman,OMN,1992,11956003.0
Oman,OMN,1993,13291398.0
Oman,OMN,1994,17465970.0
Oman,OMN,1995,18816350.0
Oman,OMN,1996,18197204.0
Oman,OMN,1997,18144510.0
Oman,OMN,1998,18543088.0
Oman,OMN,1999,22076124.0
Oman,OMN,2000,23984356.0
Oman,OMN,2001,22511740.0
Oman,OMN,2002,26978980.0
Oman,OMN,2003,34563364.0
Oman,OMN,2004,29247372.0
Oman,OMN,2005,31835340.0
Oman,OMN,2006,40449716.0
Oman,OMN,2007,45308412.0
Oman,OMN,2008,47435624.0
Oman,OMN,2009,44503908.0
Oman,OMN,2010,51429150.0
Oman,OMN,2011,57305132.0
Oman,OMN,2012,63104910.0
Oman,OMN,2013,65586984.0
Oman,OMN,2014,66190040.0
Oman,OMN,2015,67883224.0
Oman,OMN,2016,66239816.0
Oman,OMN,2017,66343720.0
Oman,OMN,2018,70677940.0
Oman,OMN,2019,72034904.0
Oman,OMN,2020,71845150.0
Oman,OMN,2021,75041400.0
Oman,OMN,2022,77993790.0
Oman,OMN,2023,79810640.0
Oman,OMN,2024,82661976.0
Africa,OWID_AFR,1884,21984.0
Africa,OWID_AFR,1885,36640.0
Africa,OWID_AFR,1886,47632.0
Africa,OWID_AFR,1887,47632.0
Africa,OWID_AFR,1888,80608.0
Africa,OWID_AFR,1889,131904.0
Africa,OWID_AFR,1890,296784.0
Africa,OWID_AFR,1891,296784.0
Africa,OWID_AFR,1892,479984.0
Africa,OWID_AFR,1893,1799024.0
Africa,OWID_AFR,1894,2432896.0
Africa,OWID_AFR,1895,3337904.0
Africa,OWID_AFR,1896,4257568.0
Africa,OWID_AFR,1897,4777856.0
Africa,OWID_AFR,1898,6049264.0
Africa,OWID_AFR,1899,5517984.0
Africa,OWID_AFR,1900,2330304.0
Africa,OWID_AFR,1901,3909488.0
Africa,OWID_AFR,1902,5825760.0
Africa,OWID_AFR,1903,7895920.0
Africa,OWID_AFR,1904,8910848.0
Africa,OWID_AFR,1905,10262864.0
Africa,OWID_AFR,1906,11717472.0
Africa,OWID_AFR,1907,12930256.0
Africa,OWID_AFR,1908,13402912.0
Africa,OWID_AFR,1909,15385136.0
Africa,OWID_AFR,1910,17411328.0
Africa,OWID_AFR,1911,16865392.0
Africa,OWID_AFR,1912,17953600.0
Africa,OWID_AFR,1913,19606064.0
Africa,OWID_AFR,1914,19551104.0
Africa,OWID_AFR,1915,19606064.0
Africa,OWID_AFR,1916,23255408.0
Africa,OWID_AFR,1917,25343888.0
Africa,OWID_AFR,1918,24724672.0
Africa,OWID_AFR,1919,25442816.0
Africa,OWID_AFR,1920,28051584.0
Africa,OWID_AFR,1921,27985632.0
Africa,OWID_AFR,1922,23969888.0
Africa,OWID_AFR,1923,29044528.0
Africa,OWID_AFR,1924,30631040.0
Africa,OWID_AFR,1925,32184576.0
Africa,OWID_AFR,1926,34437936.0
Africa,OWID_AFR,1927,33840704.0
Africa,OWID_AFR,1928,34770320.0
Africa,OWID_AFR,1929,35801616.0
Africa,OWID_AFR,1930,33695670.0
Africa,OWID_AFR,1931,29463712.0
Africa,OWID_AFR,1932,26622752.0
Africa,OWID_AFR,1933,28491132.0
Africa,OWID_AFR,1934,32539280.0
Africa,OWID_AFR,1935,35909544.0
Africa,OWID_AFR,1936,39015950.0
Africa,OWID_AFR,1937,41844264.0
Africa,OWID_AFR,1938,44013164.0
Africa,OWID_AFR,1939,46852930.0
Africa,OWID_AFR,1940,49649184.0
Africa,OWID_AFR,1941,54023456.0
Africa,OWID_AFR,1942,58822884.0
Africa,OWID_AFR,1943,60119628.0
Africa,OWID_AFR,1944,66632910.0
Africa,OWID_AFR,1945,67527180.0
Africa,OWID_AFR,1946,68159370.0
Africa,OWID_AFR,1947,67934744.0
Africa,OWID_AFR,1948,71733140.0
Africa,OWID_AFR,1949,77323530.0
Africa,OWID_AFR,1950,94750750.0
Africa,OWID_AFR,1951,101051990.0
Africa,OWID_AFR,1952,110273920.0
Africa,OWID_AFR,1953,111985016.0
Africa,OWID_AFR,1954,117517816.0
Africa,OWID_AFR,1955,129395110.0
Africa,OWID_AFR,1956,135095330.0
Africa,OWID_AFR,1957,141585740.0
Africa,OWID_AFR,1958,148670930.0
Africa,OWID_AFR,1959,147841250.0
Africa,OWID_AFR,1960,156570800.0
Africa,OWID_AFR,1961,161994340.0
Africa,OWID_AFR,1962,166334960.0
Africa,OWID_AFR,1963,176334930.0
Africa,OWID_AFR,1964,193639340.0
Africa,OWID_AFR,1965,213634400.0
Africa,OWID_AFR,1966,221082160.0
Africa,OWID_AFR,1967,237045200.0
Africa,OWID_AFR,1968,257271490.0
Africa,OWID_AFR,1969,277716580.0
Africa,OWID_AFR,1970,302409570.0
Africa,OWID_AFR,1971,331582370.0
Africa,OWID_AFR,1972,351615070.0
Africa,OWID_AFR,1973,377703900.0
Africa,OWID_AFR,1974,388046270.0
Africa,OWID_AFR,1975,386832580.0
Africa,OWID_AFR,1976,419684800.0
Africa,OWID_AFR,1977,432652320.0
Africa,OWID_AFR,1978,462045800.0
Africa,OWID_AFR,1979,498671400.0
Africa,OWID_AFR,1980,535707100.0
Africa,OWID_AFR,1981,548510700.0
Africa,OWID_AFR,1982,571422500.0
Africa,OWID_AFR,1983,594289100.0
Africa,OWID_AFR,1984,648848960.0
Africa,OWID_AFR,1985,665459650.0
Africa,OWID_AFR,1986,689134660.0
Africa,OWID_AFR,1987,689027000.0
Africa,OWID_AFR,1988,723893200.0
Africa,OWID_AFR,1989,696667700.0
Africa,OWID_AFR,1990,655809400.0
Africa,OWID_AFR,1991,684248900.0
Africa,OWID_AFR,1992,663712800.0
Africa,OWID_AFR,1993,704589630.0
Africa,OWID_AFR,1994,788761800.0
Africa,OWID_AFR,1995,842296450.0
Africa,OWID_AFR,1996,870784600.0
Africa,OWID_AFR,1997,892642940.0
Africa,OWID_AFR,1998,911158850.0
Africa,OWID_AFR,1999,897515200.0
Africa,OWID_AFR,2000,927859800.0
Africa,OWID_AFR,2001,917321900.0
Africa,OWID_AFR,2002,896956300.0
Africa,OWID_AFR,2003,988110850.0
Africa,OWID_AFR,2004,1043504300.0
Africa,OWID_AFR,2005,1055712800.0
Africa,OWID_AFR,2006,1084852900.0
Africa,OWID_AFR,2007,1113891800.0
Africa,OWID_AFR,2008,1166199400.0
Africa,OWID_AFR,2009,1160895700.0
Africa,OWID_AFR,2010,1216281000.0
Africa,OWID_AFR,2011,1264906200.0
Africa,OWID_AFR,2012,1263515800.0
Africa,OWID_AFR,2013,1280567000.0
Africa,OWID_AFR,2014,1360819000.0
Africa,OWID_AFR,2015,1335945700.0
Africa,OWID_AFR,2016,1367232300.0
Africa,OWID_AFR,2017,1377317600.0
Africa,OWID_AFR,2018,1391186800.0
Africa,OWID_AFR,2019,1456083200.0
Africa,OWID_AFR,2020,1369248800.0
Africa,OWID_AFR,2021,1475349400.0
Africa,OWID_AFR,2022,1459113900.0
Africa,OWID_AFR,2023,1481814400.0
Africa,OWID_AFR,2024,1502098700.0
Asia,OWID_ASI,1750,0.0
Asia,OWID_ASI,1751,0.0
Asia,OWID_ASI,1752,0.0
Asia,OWID_ASI,1753,0.0
Asia,OWID_ASI,1754,0.0
Asia,OWID_ASI,1755,0.0
Asia,OWID_ASI,1756,0.0
Asia,OWID_ASI,1757,0.0
Asia,OWID_ASI,1758,0.0
Asia,OWID_ASI,1759,0.0
Asia,OWID_ASI,1760,0.0
Asia,OWID_ASI,1761,0.0
Asia,OWID_ASI,1762,0.0
Asia,OWID_ASI,1763,0.0
Asia,OWID_ASI,1764,0.0
Asia,OWID_ASI,1765,0.0
Asia,OWID_ASI,1766,0.0
Asia,OWID_ASI,1767,0.0
Asia,OWID_ASI,1768,0.0
Asia,OWID_ASI,1769,0.0
Asia,OWID_ASI,1770,0.0
Asia,OWID_ASI,1771,0.0
Asia,OWID_ASI,1772,0.0
Asia,OWID_ASI,1773,0.0
Asia,OWID_ASI,1774,0.0
Asia,OWID_ASI,1775,0.0
Asia,OWID_ASI,1776,0.0
Asia,OWID_ASI,1777,0.0
Asia,OWID_ASI,1778,0.0
Asia,OWID_ASI,1779,0.0
Asia,OWID_ASI,1780,0.0
Asia,OWID_ASI,1781,0.0
Asia,OWID_ASI,1782,0.0
Asia,OWID_ASI,1783,0.0
Asia,OWID_ASI,1784,0.0
Asia,OWID_ASI,1785,0.0
Asia,OWID_ASI,1786,0.0
Asia,OWID_ASI,1787,0.0
Asia,OWID_ASI,1788,0.0
Asia,OWID_ASI,1789,0.0
Asia,OWID_ASI,1790,0.0
Asia,OWID_ASI,1791,0.0
Asia,OWID_ASI,1792,0.0
Asia,OWID_ASI,1793,0.0
Asia,OWID_ASI,1794,0.0
Asia,OWID_ASI,1795,0.0
Asia,OWID_ASI,1796,0.0
Asia,OWID_ASI,1797,0.0
Asia,OWID_ASI,1798,0.0
Asia,OWID_ASI,1799,0.0
Asia,OWID_ASI,1800,0.0
Asia,OWID_ASI,1801,0.0
Asia,OWID_ASI,1802,0.0
Asia,OWID_ASI,1803,0.0
Asia,OWID_ASI,1804,0.0
Asia,OWID_ASI,1805,0.0
Asia,OWID_ASI,1806,0.0
Asia,OWID_ASI,1807,0.0
Asia,OWID_ASI,1808,0.0
Asia,OWID_ASI,1809,0.0
Asia,OWID_ASI,1810,0.0
Asia,OWID_ASI,1811,0.0
Asia,OWID_ASI,1812,0.0
Asia,OWID_ASI,1813,0.0
Asia,OWID_ASI,1814,0.0
Asia,OWID_ASI,1815,0.0
Asia,OWID_ASI,1816,0.0
Asia,OWID_ASI,1817,0.0
Asia,OWID_ASI,1818,0.0
Asia,OWID_ASI,1819,0.0
Asia,OWID_ASI,1820,0.0
Asia,OWID_ASI,1821,0.0
Asia,OWID_ASI,1822,0.0
Asia,OWID_ASI,1823,0.0
Asia,OWID_ASI,1824,0.0
Asia,OWID_ASI,1825,0.0
Asia,OWID_ASI,1826,0.0
Asia,OWID_ASI,1827,0.0
Asia,OWID_ASI,1828,0.0
Asia,OWID_ASI,1829,0.0
Asia,OWID_ASI,1830,2365.0
Asia,OWID_ASI,1831,2837.0
Asia,OWID_ASI,1832,1890.0
Asia,OWID_ASI,1833,2365.0
Asia,OWID_ASI,1834,0.0
Asia,OWID_ASI,1835,0.0
Asia,OWID_ASI,1836,0.0
Asia,OWID_ASI,1837,0.0
Asia,OWID_ASI,1838,0.0
Asia,OWID_ASI,1839,0.0
Asia,OWID_ASI,1840,0.0
Asia,OWID_ASI,1841,0.0
Asia,OWID_ASI,1842,0.0
Asia,OWID_ASI,1843,0.0
Asia,OWID_ASI,1844,0.0
Asia,OWID_ASI,1845,0.0
Asia,OWID_ASI,1846,0.0
Asia,OWID_ASI,1847,0.0
Asia,OWID_ASI,1848,0.0
Asia,OWID_ASI,1849,0.0
Asia,OWID_ASI,1850,14657.0
Asia,OWID_ASI,1851,0.0
Asia,OWID_ASI,1852,0.0
Asia,OWID_ASI,1853,0.0
Asia,OWID_ASI,1854,0.0
Asia,OWID_ASI,1855,44449.0
Asia,OWID_ASI,1856,0.0
Asia,OWID_ASI,1857,0.0
Asia,OWID_ASI,1858,456899.0
Asia,OWID_ASI,1859,702674.0
Asia,OWID_ASI,1860,730582.0
Asia,OWID_ASI,1861,608367.0
Asia,OWID_ASI,1862,650531.0
Asia,OWID_ASI,1863,714928.0
Asia,OWID_ASI,1864,694547.0
Asia,OWID_ASI,1865,829624.0
Asia,OWID_ASI,1866,1204224.0
Asia,OWID_ASI,1867,635242.0
Asia,OWID_ASI,1868,526373.0
Asia,OWID_ASI,1869,746355.0
Asia,OWID_ASI,1870,675679.0
Asia,OWID_ASI,1871,898267.0
Asia,OWID_ASI,1872,971197.0
Asia,OWID_ASI,1873,928640.0
Asia,OWID_ASI,1874,1631914.0
Asia,OWID_ASI,1875,2700050.0
Asia,OWID_ASI,1876,2805871.0
Asia,OWID_ASI,1877,2887666.0
Asia,OWID_ASI,1878,5454773.0
Asia,OWID_ASI,1879,5667977.0
Asia,OWID_ASI,1880,6185161.0
Asia,OWID_ASI,1881,6344105.0
Asia,OWID_ASI,1882,6872338.0
Asia,OWID_ASI,1883,7599698.0
Asia,OWID_ASI,1884,8183936.0
Asia,OWID_ASI,1885,8530808.0
Asia,OWID_ASI,1886,9106100.0
Asia,OWID_ASI,1887,10529181.0
Asia,OWID_ASI,1888,11709071.0
Asia,OWID_ASI,1889,13773977.0
Asia,OWID_ASI,1890,15076951.0
Asia,OWID_ASI,1891,17193024.0
Asia,OWID_ASI,1892,18263734.0
Asia,OWID_ASI,1893,20401096.0
Asia,OWID_ASI,1894,22735778.0
Asia,OWID_ASI,1895,26290228.0
Asia,OWID_ASI,1896,28015830.0
Asia,OWID_ASI,1897,30470748.0
Asia,OWID_ASI,1898,36470270.0
Asia,OWID_ASI,1899,38626130.0
Asia,OWID_ASI,1900,43976980.0
Asia,OWID_ASI,1901,50336864.0
Asia,OWID_ASI,1902,52380036.0
Asia,OWID_ASI,1903,55036240.0
Asia,OWID_ASI,1904,61878316.0
Asia,OWID_ASI,1905,62977084.0
Asia,OWID_ASI,1906,70252320.0
Asia,OWID_ASI,1907,97163880.0
Asia,OWID_ASI,1908,105951950.0
Asia,OWID_ASI,1909,109169750.0
Asia,OWID_ASI,1910,110742090.0
Asia,OWID_ASI,1911,117721900.0
Asia,OWID_ASI,1912,119731290.0
Asia,OWID_ASI,1913,137316080.0
Asia,OWID_ASI,1914,142830460.0
Asia,OWID_ASI,1915,136618350.0
Asia,OWID_ASI,1916,149857740.0
Asia,OWID_ASI,1917,161955360.0
Asia,OWID_ASI,1918,166861710.0
Asia,OWID_ASI,1919,183546660.0
Asia,OWID_ASI,1920,175417630.0
Asia,OWID_ASI,1921,171785010.0
Asia,OWID_ASI,1922,181263780.0
Asia,OWID_ASI,1923,199193870.0
Asia,OWID_ASI,1924,213260960.0
Asia,OWID_ASI,1925,215426100.0
Asia,OWID_ASI,1926,218787340.0
Asia,OWID_ASI,1927,236764620.0
Asia,OWID_ASI,1928,248363710.0
Asia,OWID_ASI,1929,258312340.0
Asia,OWID_ASI,1930,257875000.0
Asia,OWID_ASI,1931,248619630.0
Asia,OWID_ASI,1932,248699660.0
Asia,OWID_ASI,1933,272989340.0
Asia,OWID_ASI,1934,309518500.0
Asia,OWID_ASI,1935,337160500.0
Asia,OWID_ASI,1936,364027000.0
Asia,OWID_ASI,1937,385361440.0
Asia,OWID_ASI,1938,394587070.0
Asia,OWID_ASI,1939,418703650.0
Asia,OWID_ASI,1940,471628930.0
Asia,OWID_ASI,1941,478236000.0
Asia,OWID_ASI,1942,447314620.0
Asia,OWID_ASI,1943,440021800.0
Asia,OWID_ASI,1944,440440580.0
Asia,OWID_ASI,1945,327970050.0
Asia,OWID_ASI,1946,315475170.0
Asia,OWID_ASI,1947,380219940.0
Asia,OWID_ASI,1948,383794720.0
Asia,OWID_ASI,1949,382433600.0
Asia,OWID_ASI,1950,400210270.0
Asia,OWID_ASI,1951,454438940.0
Asia,OWID_ASI,1952,504144770.0
Asia,OWID_ASI,1953,539902000.0
Asia,OWID_ASI,1954,591670100.0
Asia,OWID_ASI,1955,674382340.0
Asia,OWID_ASI,1956,748929860.0
Asia,OWID_ASI,1957,843197950.0
Asia,OWID_ASI,1958,1137608000.0
Asia,OWID_ASI,1959,1373323900.0
Asia,OWID_ASI,1960,1538123400.0
Asia,OWID_ASI,1961,1392969500.0
Asia,OWID_ASI,1962,1342039900.0
Asia,OWID_ASI,1963,1422530600.0
Asia,OWID_ASI,1964,1506772200.0
Asia,OWID_ASI,1965,1649181200.0
Asia,OWID_ASI,1966,1796336000.0
Asia,OWID_ASI,1967,1824343700.0
Asia,OWID_ASI,1968,2015223600.0
Asia,OWID_ASI,1969,2288606700.0
Asia,OWID_ASI,1970,2696906000.0
Asia,OWID_ASI,1971,2952501200.0
Asia,OWID_ASI,1972,3128200700.0
Asia,OWID_ASI,1973,3350604300.0
Asia,OWID_ASI,1974,3410210600.0
Asia,OWID_ASI,1975,3576883000.0
Asia,OWID_ASI,1976,3802953500.0
Asia,OWID_ASI,1977,4047529700.0
Asia,OWID_ASI,1978,4229859300.0
Asia,OWID_ASI,1979,4404124000.0
Asia,OWID_ASI,1980,4398616000.0
Asia,OWID_ASI,1981,4372236300.0
Asia,OWID_ASI,1982,4516320000.0
Asia,OWID_ASI,1983,4697412000.0
Asia,OWID_ASI,1984,4971183000.0
Asia,OWID_ASI,1985,5260702700.0
Asia,OWID_ASI,1986,5486270500.0
Asia,OWID_ASI,1987,5722182000.0
Asia,OWID_ASI,1988,6182026000.0
Asia,OWID_ASI,1989,6396979000.0
Asia,OWID_ASI,1990,6582485000.0
Asia,OWID_ASI,1991,7373495300.0
Asia,OWID_ASI,1992,7206709000.0
Asia,OWID_ASI,1993,7533513000.0
Asia,OWID_ASI,1994,7885157000.0
Asia,OWID_ASI,1995,8256111600.0
Asia,OWID_ASI,1996,8596898000.0
Asia,OWID_ASI,1997,8721443000.0
Asia,OWID_ASI,1998,8473977000.0
Asia,OWID_ASI,1999,8965377000.0
Asia,OWID_ASI,2000,9330988000.0
Asia,OWID_ASI,2001,9518093000.0
Asia,OWID_ASI,2002,10033991000.0
Asia,OWID_ASI,2003,11036212000.0
Asia,OWID_ASI,2004,11688358000.0
Asia,OWID_ASI,2005,12547687000.0
Asia,OWID_ASI,2006,13390618000.0
Asia,OWID_ASI,2007,14118133000.0
Asia,OWID_ASI,2008,14843059000.0
Asia,OWID_ASI,2009,15377569000.0
Asia,OWID_ASI,2010,16536467000.0
Asia,OWID_ASI,2011,17768819000.0
Asia,OWID_ASI,2012,18438480000.0
Asia,OWID_ASI,2013,18685477000.0
Asia,OWID_ASI,2014,18961437000.0
Asia,OWID_ASI,2015,19070407000.0
Asia,OWID_ASI,2016,19202404000.0
Asia,OWID_ASI,2017,19775838000.0
Asia,OWID_ASI,2018,20366350000.0
Asia,OWID_ASI,2019,20926585000.0
Asia,OWID_ASI,2020,20691950000.0
Asia,OWID_ASI,2021,21520503000.0
Asia,OWID_ASI,2022,22237813000.0
Asia,OWID_ASI,2023,22997092000.0
Asia,OWID_ASI,2024,23392487000.0
European Union (27),OWID_EU27,1792,468992.0
European Union (27),OWID_EU27,1793,479984.0
European Union (27),OWID_EU27,1794,443344.0
European Union (27),OWID_EU27,1795,447008.0
European Union (27),OWID_EU27,1796,534944.0
European Union (27),OWID_EU27,1797,549600.0
European Union (27),OWID_EU27,1798,575248.0
European Union (27),OWID_EU27,1799,626544.0
European Union (27),OWID_EU27,1800,1201792.0
European Union (27),OWID_EU27,1801,978288.0
European Union (27),OWID_EU27,1802,9639984.0
European Union (27),OWID_EU27,1803,996608.0
European Union (27),OWID_EU27,1804,3642016.0
European Union (27),OWID_EU27,1805,1612160.0
European Union (27),OWID_EU27,1806,1458272.0
European Union (27),OWID_EU27,1807,3235312.0
European Union (27),OWID_EU27,1808,1399648.0
European Union (27),OWID_EU27,1809,1403312.0
European Union (27),OWID_EU27,1810,3667664.0
European Union (27),OWID_EU27,1811,3568736.0
European Union (27),OWID_EU27,1812,3583392.0
European Union (27),OWID_EU27,1813,3319584.0
European Union (27),OWID_EU27,1814,3477136.0
European Union (27),OWID_EU27,1815,3960784.0
European Union (27),OWID_EU27,1816,5561952.0
European Union (27),OWID_EU27,1817,6785728.0
European Union (27),OWID_EU27,1818,6837024.0
European Union (27),OWID_EU27,1819,6844352.0
European Union (27),OWID_EU27,1820,7364640.0
European Union (27),OWID_EU27,1821,7731040.0
European Union (27),OWID_EU27,1822,8075456.0
European Union (27),OWID_EU27,1823,8771616.0
European Union (27),OWID_EU27,1824,8423536.0
European Union (27),OWID_EU27,1825,10024704.0
European Union (27),OWID_EU27,1826,9955088.0
European Union (27),OWID_EU27,1827,12234096.0
European Union (27),OWID_EU27,1828,12450272.0
European Union (27),OWID_EU27,1829,11248480.0
European Union (27),OWID_EU27,1830,19141234.0
European Union (27),OWID_EU27,1831,16470278.0
European Union (27),OWID_EU27,1832,16481071.0
European Union (27),OWID_EU27,1833,17763570.0
European Union (27),OWID_EU27,1834,19562096.0
European Union (27),OWID_EU27,1835,20848160.0
European Union (27),OWID_EU27,1836,23577840.0
European Union (27),OWID_EU27,1837,25585712.0
European Union (27),OWID_EU27,1838,27146576.0
European Union (27),OWID_EU27,1839,28271424.0
European Union (27),OWID_EU27,1840,32049008.0
European Union (27),OWID_EU27,1841,34503890.0
European Union (27),OWID_EU27,1842,37138304.0
European Union (27),OWID_EU27,1843,35929184.0
European Union (27),OWID_EU27,1844,38574590.0
European Union (27),OWID_EU27,1845,43916704.0
European Union (27),OWID_EU27,1846,49266144.0
European Union (27),OWID_EU27,1847,53648290.0
European Union (27),OWID_EU27,1848,47573376.0
European Union (27),OWID_EU27,1849,49130576.0
European Union (27),OWID_EU27,1850,54189984.0
European Union (27),OWID_EU27,1851,57297630.0
European Union (27),OWID_EU27,1852,64284880.0
European Union (27),OWID_EU27,1853,71180530.0
European Union (27),OWID_EU27,1854,82319090.0
European Union (27),OWID_EU27,1855,90821600.0
European Union (27),OWID_EU27,1856,96396180.0
European Union (27),OWID_EU27,1857,100452220.0
European Union (27),OWID_EU27,1858,105866104.0
European Union (27),OWID_EU27,1859,103998260.0
European Union (27),OWID_EU27,1860,112653450.0
European Union (27),OWID_EU27,1861,123851950.0
European Union (27),OWID_EU27,1862,134075880.0
European Union (27),OWID_EU27,1863,139488600.0
European Union (27),OWID_EU27,1864,150897330.0
European Union (27),OWID_EU27,1865,163822820.0
European Union (27),OWID_EU27,1866,168329440.0
European Union (27),OWID_EU27,1867,180490300.0
European Union (27),OWID_EU27,1868,189353740.0
European Union (27),OWID_EU27,1869,197348430.0
European Union (27),OWID_EU27,1870,198126140.0
European Union (27),OWID_EU27,1871,211580560.0
European Union (27),OWID_EU27,1872,235092560.0
European Union (27),OWID_EU27,1873,251699860.0
European Union (27),OWID_EU27,1874,220222380.0
European Union (27),OWID_EU27,1875,254916260.0
European Union (27),OWID_EU27,1876,266346500.0
European Union (27),OWID_EU27,1877,259884430.0
European Union (27),OWID_EU27,1878,268510600.0
European Union (27),OWID_EU27,1879,284259400.0
European Union (27),OWID_EU27,1880,328858900.0
European Union (27),OWID_EU27,1881,330136000.0
European Union (27),OWID_EU27,1882,348957380.0
European Union (27),OWID_EU27,1883,372652320.0
European Union (27),OWID_EU27,1884,376345660.0
European Union (27),OWID_EU27,1885,380988930.0
European Union (27),OWID_EU27,1886,382774620.0
European Union (27),OWID_EU27,1887,400965150.0
European Union (27),OWID_EU27,1888,431375600.0
European Union (27),OWID_EU27,1889,454561950.0
European Union (27),OWID_EU27,1890,481648580.0
European Union (27),OWID_EU27,1891,501333470.0
European Union (27),OWID_EU27,1892,493623870.0
European Union (27),OWID_EU27,1893,501924500.0
European Union (27),OWID_EU27,1894,527212930.0
European Union (27),OWID_EU27,1895,543311500.0
European Union (27),OWID_EU27,1896,575299460.0
European Union (27),OWID_EU27,1897,608570300.0
European Union (27),OWID_EU27,1898,635500350.0
European Union (27),OWID_EU27,1899,669347600.0
European Union (27),OWID_EU27,1900,712155140.0
European Union (27),OWID_EU27,1901,709673700.0
European Union (27),OWID_EU27,1902,696461400.0
European Union (27),OWID_EU27,1903,743087740.0
European Union (27),OWID_EU27,1904,757167200.0
European Union (27),OWID_EU27,1905,795774300.0
European Union (27),OWID_EU27,1906,812360640.0
European Union (27),OWID_EU27,1907,927507000.0
European Union (27),OWID_EU27,1908,962036860.0
European Union (27),OWID_EU27,1909,955020740.0
European Union (27),OWID_EU27,1910,972867600.0
European Union (27),OWID_EU27,1911,992715100.0
European Union (27),OWID_EU27,1912,1064398100.0
European Union (27),OWID_EU27,1913,1146193700.0
European Union (27),OWID_EU27,1914,980975550.0
European Union (27),OWID_EU27,1915,900031000.0
European Union (27),OWID_EU27,1916,946096060.0
European Union (27),OWID_EU27,1917,938312800.0
European Union (27),OWID_EU27,1918,883436700.0
European Union (27),OWID_EU27,1919,686954500.0
European Union (27),OWID_EU27,1920,861444400.0
European Union (27),OWID_EU27,1921,894138000.0
European Union (27),OWID_EU27,1922,918104100.0
European Union (27),OWID_EU27,1923,823405900.0
European Union (27),OWID_EU27,1924,1000200960.0
European Union (27),OWID_EU27,1925,1011747100.0
European Union (27),OWID_EU27,1926,977943360.0
European Union (27),OWID_EU27,1927,1099382100.0
European Union (27),OWID_EU27,1928,1125198800.0
European Union (27),OWID_EU27,1929,1235746600.0
European Union (27),OWID_EU27,1930,1123393900.0
European Union (27),OWID_EU27,1931,1011756400.0
European Union (27),OWID_EU27,1932,894193860.0
European Union (27),OWID_EU27,1933,921863000.0
European Union (27),OWID_EU27,1934,993537400.0
European Union (27),OWID_EU27,1935,1040038660.0
European Union (27),OWID_EU27,1936,1083907100.0
European Union (27),OWID_EU27,1937,1219932200.0
European Union (27),OWID_EU27,1938,1232382600.0
European Union (27),OWID_EU27,1939,1269089900.0
European Union (27),OWID_EU27,1940,1320450800.0
European Union (27),OWID_EU27,1941,1301399700.0
European Union (27),OWID_EU27,1942,1320678700.0
European Union (27),OWID_EU27,1943,1331681800.0
European Union (27),OWID_EU27,1944,1141707000.0
European Union (27),OWID_EU27,1945,492955680.0
European Union (27),OWID_EU27,1946,847727940.0
European Union (27),OWID_EU27,1947,990836540.0
European Union (27),OWID_EU27,1948,1095501700.0
European Union (27),OWID_EU27,1949,1211261200.0
European Union (27),OWID_EU27,1950,1277577600.0
European Union (27),OWID_EU27,1951,1429619300.0
European Union (27),OWID_EU27,1952,1486735000.0
European Union (27),OWID_EU27,1953,1514889300.0
European Union (27),OWID_EU27,1954,1611345800.0
European Union (27),OWID_EU27,1955,1743385900.0
European Union (27),OWID_EU27,1956,1867177300.0
European Union (27),OWID_EU27,1957,1926530700.0
European Union (27),OWID_EU27,1958,1911059800.0
European Union (27),OWID_EU27,1959,1940905900.0
European Union (27),OWID_EU27,1960,2101582600.0
European Union (27),OWID_EU27,1961,2201440800.0
European Union (27),OWID_EU27,1962,2356558600.0
European Union (27),OWID_EU27,1963,2514701300.0
European Union (27),OWID_EU27,1964,2646008300.0
European Union (27),OWID_EU27,1965,2678696200.0
European Union (27),OWID_EU27,1966,2760302300.0
European Union (27),OWID_EU27,1967,2822135600.0
European Union (27),OWID_EU27,1968,2995612000.0
European Union (27),OWID_EU27,1969,3194592000.0
European Union (27),OWID_EU27,1970,3334414000.0
European Union (27),OWID_EU27,1971,3428460000.0
European Union (27),OWID_EU27,1972,3558672100.0
European Union (27),OWID_EU27,1973,3732199000.0
European Union (27),OWID_EU27,1974,3712970800.0
European Union (27),OWID_EU27,1975,3640122600.0
European Union (27),OWID_EU27,1976,3916066600.0
European Union (27),OWID_EU27,1977,3877844500.0
European Union (27),OWID_EU27,1978,4007998500.0
European Union (27),OWID_EU27,1979,4117395200.0
European Union (27),OWID_EU27,1980,4081316000.0
European Union (27),OWID_EU27,1981,3867043000.0
European Union (27),OWID_EU27,1982,3774743000.0
European Union (27),OWID_EU27,1983,3731654000.0
European Union (27),OWID_EU27,1984,3766663200.0
European Union (27),OWID_EU27,1985,3823649300.0
European Union (27),OWID_EU27,1986,3807141600.0
European Union (27),OWID_EU27,1987,3840888600.0
European Union (27),OWID_EU27,1988,3798377200.0
European Union (27),OWID_EU27,1989,3836181000.0
European Union (27),OWID_EU27,1990,3870252800.0
European Union (27),OWID_EU27,1991,3804530200.0
European Union (27),OWID_EU27,1992,3677736400.0
European Union (27),OWID_EU27,1993,3608153900.0
European Union (27),OWID_EU27,1994,3589454300.0
European Union (27),OWID_EU27,1995,3635878400.0
European Union (27),OWID_EU27,1996,3720709600.0
European Union (27),OWID_EU27,1997,3654451000.0
European Union (27),OWID_EU27,1998,3644649200.0
European Union (27),OWID_EU27,1999,3589160700.0
European Union (27),OWID_EU27,2000,3600416000.0
European Union (27),OWID_EU27,2001,3657100000.0
European Union (27),OWID_EU27,2002,3657391400.0
European Union (27),OWID_EU27,2003,3736359000.0
European Union (27),OWID_EU27,2004,3743383800.0
European Union (27),OWID_EU27,2005,3734891500.0
European Union (27),OWID_EU27,2006,3752004600.0
European Union (27),OWID_EU27,2007,3701867500.0
European Union (27),OWID_EU27,2008,3625826000.0
European Union (27),OWID_EU27,2009,3330504400.0
European Union (27),OWID_EU27,2010,3424326700.0
European Union (27),OWID_EU27,2011,3327058700.0
European Union (27),OWID_EU27,2012,3258616300.0
European Union (27),OWID_EU27,2013,3176529000.0
European Union (27),OWID_EU27,2014,3038861300.0
European Union (27),OWID_EU27,2015,3094906600.0
European Union (27),OWID_EU27,2016,3094515500.0
European Union (27),OWID_EU27,2017,3118460000.0
European Union (27),OWID_EU27,2018,3049483800.0
European Union (27),OWID_EU27,2019,2904949200.0
European Union (27),OWID_EU27,2020,2627051300.0
European Union (27),OWID_EU27,2021,2801469000.0
European Union (27),OWID_EU27,2022,2736946000.0
European Union (27),OWID_EU27,2023,2484996600.0
European Union (27),OWID_EU27,2024,2426166000.0
Europe,OWID_EUR,1750,9305937.0
Europe,OWID_EUR,1751,9407229.0
Europe,OWID_EUR,1752,9505168.0
Europe,OWID_EUR,1753,9610490.0
Europe,OWID_EUR,1754,9733580.0
Europe,OWID_EUR,1755,9793468.0
Europe,OWID_EUR,1756,9909914.0
Europe,OWID_EUR,1757,10093936.0
Europe,OWID_EUR,1758,10216358.0
Europe,OWID_EUR,1759,10338854.0
Europe,OWID_EUR,1760,10514331.0
Europe,OWID_EUR,1761,10747885.0
Europe,OWID_EUR,1762,10952198.0
Europe,OWID_EUR,1763,11191592.0
Europe,OWID_EUR,1764,11396982.0
Europe,OWID_EUR,1765,11643486.0
Europe,OWID_EUR,1766,11876080.0
Europe,OWID_EUR,1767,12152509.0
Europe,OWID_EUR,1768,12466936.0
Europe,OWID_EUR,1769,12780074.0
Europe,OWID_EUR,1770,13097216.0
Europe,OWID_EUR,1771,13369488.0
Europe,OWID_EUR,1772,13623507.0
Europe,OWID_EUR,1773,13808138.0
Europe,OWID_EUR,1774,14012415.0
Europe,OWID_EUR,1775,14338920.0
Europe,OWID_EUR,1776,14654124.0
Europe,OWID_EUR,1777,14959537.0
Europe,OWID_EUR,1778,15243483.0
Europe,OWID_EUR,1779,15535235.0
Europe,OWID_EUR,1780,15878726.0
Europe,OWID_EUR,1781,16234383.0
Europe,OWID_EUR,1782,16580954.0
Europe,OWID_EUR,1783,17062752.0
Europe,OWID_EUR,1784,17471092.0
Europe,OWID_EUR,1785,17961464.0
Europe,OWID_EUR,1786,18443832.0
Europe,OWID_EUR,1787,18855466.0
Europe,OWID_EUR,1788,19282564.0
Europe,OWID_EUR,1789,19859760.0
Europe,OWID_EUR,1790,20394430.0
Europe,OWID_EUR,1791,20928086.0
Europe,OWID_EUR,1792,21925550.0
Europe,OWID_EUR,1793,22293598.0
Europe,OWID_EUR,1794,22515992.0
Europe,OWID_EUR,1795,22311582.0
Europe,OWID_EUR,1796,22117712.0
Europe,OWID_EUR,1797,22086414.0
Europe,OWID_EUR,1798,23102266.0
Europe,OWID_EUR,1799,27481544.0
Europe,OWID_EUR,1800,32541872.0
Europe,OWID_EUR,1801,31714914.0
Europe,OWID_EUR,1802,40017350.0
Europe,OWID_EUR,1803,29238058.0
Europe,OWID_EUR,1804,31432090.0
Europe,OWID_EUR,1805,30907166.0
Europe,OWID_EUR,1806,32366874.0
Europe,OWID_EUR,1807,35818970.0
Europe,OWID_EUR,1808,35101290.0
Europe,OWID_EUR,1809,35925850.0
Europe,OWID_EUR,1810,39069692.0
Europe,OWID_EUR,1811,39723810.0
Europe,OWID_EUR,1812,40325010.0
Europe,OWID_EUR,1813,40679356.0
Europe,OWID_EUR,1814,41658940.0
Europe,OWID_EUR,1815,42979950.0
Europe,OWID_EUR,1816,44827450.0
Europe,OWID_EUR,1817,48552070.0
Europe,OWID_EUR,1818,50606024.0
Europe,OWID_EUR,1819,50160850.0
Europe,OWID_EUR,1820,49931828.0
Europe,OWID_EUR,1821,51224476.0
Europe,OWID_EUR,1822,53149412.0
Europe,OWID_EUR,1823,55448036.0
Europe,OWID_EUR,1824,56560324.0
Europe,OWID_EUR,1825,59588492.0
Europe,OWID_EUR,1826,60056732.0
Europe,OWID_EUR,1827,64281724.0
Europe,OWID_EUR,1828,65080500.0
Europe,OWID_EUR,1829,64502350.0
Europe,OWID_EUR,1830,86888240.0
Europe,OWID_EUR,1831,80978620.0
Europe,OWID_EUR,1832,79052160.0
Europe,OWID_EUR,1833,79703770.0
Europe,OWID_EUR,1834,85364220.0
Europe,OWID_EUR,1835,93060240.0
Europe,OWID_EUR,1836,102140710.0
Europe,OWID_EUR,1837,100864980.0
Europe,OWID_EUR,1838,100783830.0
Europe,OWID_EUR,1839,104097896.0
Europe,OWID_EUR,1840,112883860.0
Europe,OWID_EUR,1841,115892920.0
Europe,OWID_EUR,1842,122404710.0
Europe,OWID_EUR,1843,124561020.0
Europe,OWID_EUR,1844,132595670.0
Europe,OWID_EUR,1845,143794050.0
Europe,OWID_EUR,1846,144858750.0
Europe,OWID_EUR,1847,155573810.0
Europe,OWID_EUR,1848,156683300.0
Europe,OWID_EUR,1849,166586960.0
Europe,OWID_EUR,1850,176775200.0
Europe,OWID_EUR,1851,173859040.0
Europe,OWID_EUR,1852,180432720.0
Europe,OWID_EUR,1853,186703490.0
Europe,OWID_EUR,1854,221565870.0
Europe,OWID_EUR,1855,221538050.0
Europe,OWID_EUR,1856,236781490.0
Europe,OWID_EUR,1857,238329620.0
Europe,OWID_EUR,1858,241521680.0
Europe,OWID_EUR,1859,254665310.0
Europe,OWID_EUR,1860,281813340.0
Europe,OWID_EUR,1861,300479780.0
Europe,OWID_EUR,1862,305041340.0
Europe,OWID_EUR,1863,321231500.0
Europe,OWID_EUR,1864,346628540.0
Europe,OWID_EUR,1865,371215550.0
Europe,OWID_EUR,1866,383594980.0
Europe,OWID_EUR,1867,401825860.0
Europe,OWID_EUR,1868,406195940.0
Europe,OWID_EUR,1869,425362180.0
Europe,OWID_EUR,1870,431416200.0
Europe,OWID_EUR,1871,459750800.0
Europe,OWID_EUR,1872,496541380.0
Europe,OWID_EUR,1873,522506750.0
Europe,OWID_EUR,1874,484555260.0
Europe,OWID_EUR,1875,534647550.0
Europe,OWID_EUR,1876,547138560.0
Europe,OWID_EUR,1877,545946560.0
Europe,OWID_EUR,1878,551763500.0
Europe,OWID_EUR,1879,569586300.0
Europe,OWID_EUR,1880,640741500.0
Europe,OWID_EUR,1881,657774200.0
Europe,OWID_EUR,1882,680198800.0
Europe,OWID_EUR,1883,718767000.0
Europe,OWID_EUR,1884,714144640.0
Europe,OWID_EUR,1885,716659840.0
Europe,OWID_EUR,1886,715986900.0
Europe,OWID_EUR,1887,743286700.0
Europe,OWID_EUR,1888,787506560.0
Europe,OWID_EUR,1889,824558900.0
Europe,OWID_EUR,1890,862573800.0
Europe,OWID_EUR,1891,893012350.0
Europe,OWID_EUR,1892,879321600.0
Europe,OWID_EUR,1893,854880400.0
Europe,OWID_EUR,1894,927918100.0
Europe,OWID_EUR,1895,952627700.0
Europe,OWID_EUR,1896,996165250.0
Europe,OWID_EUR,1897,1045666300.0
Europe,OWID_EUR,1898,1079168000.0
Europe,OWID_EUR,1899,1149517800.0
Europe,OWID_EUR,1900,1205761500.0
Europe,OWID_EUR,1901,1195232800.0
Europe,OWID_EUR,1902,1196093400.0
Europe,OWID_EUR,1903,1245173800.0
Europe,OWID_EUR,1904,1268442600.0
Europe,OWID_EUR,1905,1305698300.0
Europe,OWID_EUR,1906,1347435300.0
Europe,OWID_EUR,1907,1492849800.0
Europe,OWID_EUR,1908,1517263900.0
Europe,OWID_EUR,1909,1518876900.0
Europe,OWID_EUR,1910,1538655100.0
Europe,OWID_EUR,1911,1574153700.0
Europe,OWID_EUR,1912,1632547300.0
Europe,OWID_EUR,1913,1767425000.0
Europe,OWID_EUR,1914,1573981000.0
Europe,OWID_EUR,1915,1492878500.0
Europe,OWID_EUR,1916,1561198600.0
Europe,OWID_EUR,1917,1533435500.0
Europe,OWID_EUR,1918,1394121500.0
Europe,OWID_EUR,1919,1183818800.0
Europe,OWID_EUR,1920,1383445000.0
Europe,OWID_EUR,1921,1265554400.0
Europe,OWID_EUR,1922,1409319800.0
Europe,OWID_EUR,1923,1346923800.0
Europe,OWID_EUR,1924,1553839500.0
Europe,OWID_EUR,1925,1538195500.0
Europe,OWID_EUR,1926,1323210400.0
Europe,OWID_EUR,1927,1684910600.0
Europe,OWID_EUR,1928,1693740900.0
Europe,OWID_EUR,1929,1837967700.0
Europe,OWID_EUR,1930,1741164500.0
Europe,OWID_EUR,1931,1625608800.0
Europe,OWID_EUR,1932,1511837700.0
Europe,OWID_EUR,1933,1557659400.0
Europe,OWID_EUR,1934,1704667300.0
Europe,OWID_EUR,1935,1789410800.0
Europe,OWID_EUR,1936,1899830300.0
Europe,OWID_EUR,1937,2060766800.0
Europe,OWID_EUR,1938,2070434300.0
Europe,OWID_EUR,1939,2116642200.0
Europe,OWID_EUR,1940,2253947000.0
Europe,OWID_EUR,1941,2174063400.0
Europe,OWID_EUR,1942,2021260500.0
Europe,OWID_EUR,1943,2039171100.0
Europe,OWID_EUR,1944,1937932700.0
Europe,OWID_EUR,1945,1269833000.0
Europe,OWID_EUR,1946,1686021100.0
Europe,OWID_EUR,1947,1932562200.0
Europe,OWID_EUR,1948,2085037800.0
Europe,OWID_EUR,1949,2266351900.0
Europe,OWID_EUR,1950,2381798400.0
Europe,OWID_EUR,1951,2628854500.0
Europe,OWID_EUR,1952,2712866300.0
Europe,OWID_EUR,1953,2790577700.0
Europe,OWID_EUR,1954,2969349600.0
Europe,OWID_EUR,1955,3233243600.0
Europe,OWID_EUR,1956,3445158700.0
Europe,OWID_EUR,1957,3593346300.0
Europe,OWID_EUR,1958,3632002000.0
Europe,OWID_EUR,1959,3713709800.0
Europe,OWID_EUR,1960,3966934500.0
Europe,OWID_EUR,1961,4112139800.0
Europe,OWID_EUR,1962,4339414000.0
Europe,OWID_EUR,1963,4612307500.0
Europe,OWID_EUR,1964,4842246000.0
Europe,OWID_EUR,1965,4984466400.0
Europe,OWID_EUR,1966,5156101000.0
Europe,OWID_EUR,1967,5270223000.0
Europe,OWID_EUR,1968,5515944000.0
Europe,OWID_EUR,1969,5816407000.0
Europe,OWID_EUR,1970,6098689500.0
Europe,OWID_EUR,1971,6327589000.0
Europe,OWID_EUR,1972,6556552700.0
Europe,OWID_EUR,1973,6849511000.0
Europe,OWID_EUR,1974,6867690000.0
Europe,OWID_EUR,1975,6907077600.0
Europe,OWID_EUR,1976,7281985500.0
Europe,OWID_EUR,1977,7338524700.0
Europe,OWID_EUR,1978,7570691000.0
Europe,OWID_EUR,1979,7750150700.0
Europe,OWID_EUR,1980,7753727000.0
Europe,OWID_EUR,1981,7471875000.0
Europe,OWID_EUR,1982,7411571700.0
Europe,OWID_EUR,1983,7417897000.0
Europe,OWID_EUR,1984,7468784600.0
Europe,OWID_EUR,1985,7792995300.0
Europe,OWID_EUR,1986,7805502500.0
Europe,OWID_EUR,1987,7826896000.0
Europe,OWID_EUR,1988,7865633000.0
Europe,OWID_EUR,1989,7831148500.0
Europe,OWID_EUR,1990,8038894600.0
Europe,OWID_EUR,1991,7739830000.0
Europe,OWID_EUR,1992,7094296000.0
Europe,OWID_EUR,1993,6806441000.0
Europe,OWID_EUR,1994,6445869000.0
Europe,OWID_EUR,1995,6422432000.0
Europe,OWID_EUR,1996,6472014000.0
Europe,OWID_EUR,1997,6266619400.0
Europe,OWID_EUR,1998,6240622600.0
Europe,OWID_EUR,1999,6156683300.0
Europe,OWID_EUR,2000,6155514400.0
Europe,OWID_EUR,2001,6282925000.0
Europe,OWID_EUR,2002,6249447000.0
Europe,OWID_EUR,2003,6391066600.0
Europe,OWID_EUR,2004,6419376000.0
Europe,OWID_EUR,2005,6427948500.0
Europe,OWID_EUR,2006,6529225700.0
Europe,OWID_EUR,2007,6473231400.0
Europe,OWID_EUR,2008,6407231500.0
Europe,OWID_EUR,2009,5893126700.0
Europe,OWID_EUR,2010,6117359600.0
Europe,OWID_EUR,2011,6044340700.0
Europe,OWID_EUR,2012,5998598700.0
Europe,OWID_EUR,2013,5840099000.0
Europe,OWID_EUR,2014,5609139000.0
Europe,OWID_EUR,2015,5613445600.0
Europe,OWID_EUR,2016,5598046700.0
Europe,OWID_EUR,2017,5632420000.0
Europe,OWID_EUR,2018,5613847600.0
Europe,OWID_EUR,2019,5437201400.0
Europe,OWID_EUR,2020,5025675300.0
Europe,OWID_EUR,2021,5265446400.0
Europe,OWID_EUR,2022,5095635000.0
Europe,OWID_EUR,2023,4887137300.0
Europe,OWID_EUR,2024,4880514000.0
High-income countries,OWID_HIC,1750,9305937.0
High-income countries,OWID_HIC,1751,9407229.0
High-income countries,OWID_HIC,1752,9505168.0
High-income countries,OWID_HIC,1753,9610490.0
High-income countries,OWID_HIC,1754,9733580.0
High-income countries,OWID_HIC,1755,9793468.0
High-income countries,OWID_HIC,1756,9909914.0
High-income countries,OWID_HIC,1757,10093936.0
High-income countries,OWID_HIC,1758,10216358.0
High-income countries,OWID_HIC,1759,10338854.0
High-income countries,OWID_HIC,1760,10514331.0
High-income countries,OWID_HIC,1761,10747885.0
High-income countries,OWID_HIC,1762,10952198.0
High-income countries,OWID_HIC,1763,11191592.0
High-income countries,OWID_HIC,1764,11396982.0
High-income countries,OWID_HIC,1765,11643486.0
High-income countries,OWID_HIC,1766,11876080.0
High-income countries,OWID_HIC,1767,12152509.0
High-income countries,OWID_HIC,1768,12466936.0
High-income countries,OWID_HIC,1769,12780074.0
High-income countries,OWID_HIC,1770,13097216.0
High-income countries,OWID_HIC,1771,13369488.0
High-income countries,OWID_HIC,1772,13623507.0
High-income countries,OWID_HIC,1773,13808138.0
High-income countries,OWID_HIC,1774,14012415.0
High-income countries,OWID_HIC,1775,14338920.0
High-income countries,OWID_HIC,1776,14654124.0
High-income countries,OWID_HIC,1777,14959537.0
High-income countries,OWID_HIC,1778,15243483.0
High-income countries,OWID_HIC,1779,15535235.0
High-income countries,OWID_HIC,1780,15878726.0
High-income countries,OWID_HIC,1781,16234383.0
High-income countries,OWID_HIC,1782,16580954.0
High-income countries,OWID_HIC,1783,17062752.0
High-income countries,OWID_HIC,1784,17471092.0
High-income countries,OWID_HIC,1785,17965128.0
High-income countries,OWID_HIC,1786,18447496.0
High-income countries,OWID_HIC,1787,18859130.0
High-income countries,OWID_HIC,1788,19286228.0
High-income countries,OWID_HIC,1789,19863424.0
High-income countries,OWID_HIC,1790,20398094.0
High-income countries,OWID_HIC,1791,20931750.0
High-income countries,OWID_HIC,1792,21929214.0
High-income countries,OWID_HIC,1793,22297262.0
High-income countries,OWID_HIC,1794,22519656.0
High-income countries,OWID_HIC,1795,22315246.0
High-income countries,OWID_HIC,1796,22121376.0
High-income countries,OWID_HIC,1797,22090078.0
High-income countries,OWID_HIC,1798,23105930.0
High-income countries,OWID_HIC,1799,27485208.0
High-income countries,OWID_HIC,1800,32798352.0
High-income countries,OWID_HIC,1801,31986050.0
High-income countries,OWID_HIC,1802,40310470.0
High-income countries,OWID_HIC,1803,29538506.0
High-income countries,OWID_HIC,1804,31769178.0
High-income countries,OWID_HIC,1805,31251818.0
High-income countries,OWID_HIC,1806,32704622.0
High-income countries,OWID_HIC,1807,36200652.0
High-income countries,OWID_HIC,1808,35497788.0
High-income countries,OWID_HIC,1809,36333812.0
High-income countries,OWID_HIC,1810,39492310.0
High-income countries,OWID_HIC,1811,40176684.0
High-income countries,OWID_HIC,1812,40814524.0
High-income countries,OWID_HIC,1813,41206140.0
High-income countries,OWID_HIC,1814,42226650.0
High-income countries,OWID_HIC,1815,43587264.0
High-income countries,OWID_HIC,1816,45496576.0
High-income countries,OWID_HIC,1817,49275924.0
High-income countries,OWID_HIC,1818,51392010.0
High-income countries,OWID_HIC,1819,50930164.0
High-income countries,OWID_HIC,1820,50733076.0
High-income countries,OWID_HIC,1821,52059350.0
High-income countries,OWID_HIC,1822,54021716.0
High-income countries,OWID_HIC,1823,56357764.0
High-income countries,OWID_HIC,1824,57583636.0
High-income countries,OWID_HIC,1825,60730868.0
High-income countries,OWID_HIC,1826,61382132.0
High-income countries,OWID_HIC,1827,65738572.0
High-income countries,OWID_HIC,1828,66681788.0
High-income countries,OWID_HIC,1829,66307410.0
High-income countries,OWID_HIC,1830,88981880.0
High-income countries,OWID_HIC,1831,83242960.0
High-income countries,OWID_HIC,1832,82086456.0
High-income countries,OWID_HIC,1833,83242330.0
High-income countries,OWID_HIC,1834,88763120.0
High-income countries,OWID_HIC,1835,97399590.0
High-income countries,OWID_HIC,1836,106894500.0
High-income countries,OWID_HIC,1837,106199416.0
High-income countries,OWID_HIC,1838,105845260.0
High-income countries,OWID_HIC,1839,109653030.0
High-income countries,OWID_HIC,1840,118808510.0
High-income countries,OWID_HIC,1841,122165544.0
High-income countries,OWID_HIC,1842,129388790.0
High-income countries,OWID_HIC,1843,132369390.0
High-income countries,OWID_HIC,1844,141966430.0
High-income countries,OWID_HIC,1845,155073400.0
High-income countries,OWID_HIC,1846,157701800.0
High-income countries,OWID_HIC,1847,170796750.0
High-income countries,OWID_HIC,1848,173643490.0
High-income countries,OWID_HIC,1849,185048030.0
High-income countries,OWID_HIC,1850,196806560.0
High-income countries,OWID_HIC,1851,198778560.0
High-income countries,OWID_HIC,1852,207595090.0
High-income countries,OWID_HIC,1853,217236960.0
High-income countries,OWID_HIC,1854,255038560.0
High-income countries,OWID_HIC,1855,260135460.0
High-income countries,OWID_HIC,1856,277548830.0
High-income countries,OWID_HIC,1857,280422820.0
High-income countries,OWID_HIC,1858,284223040.0
High-income countries,OWID_HIC,1859,300979840.0
High-income countries,OWID_HIC,1860,330564160.0
High-income countries,OWID_HIC,1861,347375000.0
High-income countries,OWID_HIC,1862,354036160.0
High-income countries,OWID_HIC,1863,377656700.0
High-income countries,OWID_HIC,1864,407321000.0
High-income countries,OWID_HIC,1865,432395140.0
High-income countries,OWID_HIC,1866,445564800.0
High-income countries,OWID_HIC,1867,477997980.0
High-income countries,OWID_HIC,1868,491579700.0
High-income countries,OWID_HIC,1869,521549280.0
High-income countries,OWID_HIC,1870,532756580.0
High-income countries,OWID_HIC,1871,565634400.0
High-income countries,OWID_HIC,1872,626480000.0
High-income countries,OWID_HIC,1873,665945700.0
High-income countries,OWID_HIC,1874,623874750.0
High-income countries,OWID_HIC,1875,675991360.0
High-income countries,OWID_HIC,1876,685256960.0
High-income countries,OWID_HIC,1877,698450600.0
High-income countries,OWID_HIC,1878,701266370.0
High-income countries,OWID_HIC,1879,751549440.0
High-income countries,OWID_HIC,1880,849098300.0
High-income countries,OWID_HIC,1881,878574500.0
High-income countries,OWID_HIC,1882,927878100.0
High-income countries,OWID_HIC,1883,986198900.0
High-income countries,OWID_HIC,1884,997297200.0
High-income countries,OWID_HIC,1885,1004602940.0
High-income countries,OWID_HIC,1886,1019623740.0
High-income countries,OWID_HIC,1887,1069380200.0
High-income countries,OWID_HIC,1888,1185260800.0
High-income countries,OWID_HIC,1889,1183591400.0
High-income countries,OWID_HIC,1890,1287466500.0
High-income countries,OWID_HIC,1891,1347635500.0
High-income countries,OWID_HIC,1892,1355560200.0
High-income countries,OWID_HIC,1893,1334408300.0
High-income countries,OWID_HIC,1894,1381841200.0
High-income countries,OWID_HIC,1895,1460822900.0
High-income countries,OWID_HIC,1896,1507843300.0
High-income countries,OWID_HIC,1897,1576314200.0
High-income countries,OWID_HIC,1898,1659456600.0
High-income countries,OWID_HIC,1899,1811932700.0
High-income countries,OWID_HIC,1900,1908874600.0
High-income countries,OWID_HIC,1901,1965819100.0
High-income countries,OWID_HIC,1902,2014857500.0
High-income countries,OWID_HIC,1903,2197625600.0
High-income countries,OWID_HIC,1904,2215083000.0
High-income countries,OWID_HIC,1905,2364046600.0
High-income countries,OWID_HIC,1906,2461631700.0
High-income countries,OWID_HIC,1907,2788543200.0
High-income countries,OWID_HIC,1908,2666228500.0
High-income countries,OWID_HIC,1909,2777306600.0
High-income countries,OWID_HIC,1910,2915880200.0
High-income countries,OWID_HIC,1911,2953626600.0
High-income countries,OWID_HIC,1912,3108921300.0
High-income countries,OWID_HIC,1913,3357250000.0
High-income countries,OWID_HIC,1914,3038707000.0
High-income countries,OWID_HIC,1915,2992130000.0
High-income countries,OWID_HIC,1916,3230254600.0
High-income countries,OWID_HIC,1917,3375876900.0
High-income countries,OWID_HIC,1918,3335956500.0
High-income countries,OWID_HIC,1919,2850114300.0
High-income countries,OWID_HIC,1920,3317020700.0
High-income countries,OWID_HIC,1921,2870359600.0
High-income countries,OWID_HIC,1922,3018954000.0
High-income countries,OWID_HIC,1923,3448122600.0
High-income countries,OWID_HIC,1924,3448028000.0
High-income countries,OWID_HIC,1925,3480948200.0
High-income countries,OWID_HIC,1926,3418768100.0
High-income countries,OWID_HIC,1927,3748442000.0
High-income countries,OWID_HIC,1928,3724906800.0
High-income countries,OWID_HIC,1929,4005931000.0
High-income countries,OWID_HIC,1930,3666608600.0
High-income countries,OWID_HIC,1931,3251875800.0
High-income countries,OWID_HIC,1932,2900039400.0
High-income countries,OWID_HIC,1933,3048384300.0
High-income countries,OWID_HIC,1934,3294648800.0
High-income countries,OWID_HIC,1935,3434512000.0
High-income countries,OWID_HIC,1936,3778370300.0
High-income countries,OWID_HIC,1937,4037916700.0
High-income countries,OWID_HIC,1938,3766591200.0
High-income countries,OWID_HIC,1939,3982255600.0
High-income countries,OWID_HIC,1940,4343899000.0
High-income countries,OWID_HIC,1941,4468472300.0
High-income countries,OWID_HIC,1942,4520685600.0
High-income countries,OWID_HIC,1943,4620288500.0
High-income countries,OWID_HIC,1944,4657917400.0
High-income countries,OWID_HIC,1945,3823323600.0
High-income countries,OWID_HIC,1946,4130239700.0
High-income countries,OWID_HIC,1947,4630737000.0
High-income countries,OWID_HIC,1948,4878433300.0
High-income countries,OWID_HIC,1949,4634993700.0
High-income countries,OWID_HIC,1950,5115645400.0
High-income countries,OWID_HIC,1951,5465522000.0
High-income countries,OWID_HIC,1952,5476447000.0
High-income countries,OWID_HIC,1953,5625541600.0
High-income countries,OWID_HIC,1954,5677407000.0
High-income countries,OWID_HIC,1955,6162749400.0
High-income countries,OWID_HIC,1956,6528571400.0
High-income countries,OWID_HIC,1957,6642084000.0
High-income countries,OWID_HIC,1958,6572724700.0
High-income countries,OWID_HIC,1959,6746242600.0
High-income countries,OWID_HIC,1960,7108723000.0
High-income countries,OWID_HIC,1961,7295226400.0
High-income countries,OWID_HIC,1962,7656946000.0
High-income countries,OWID_HIC,1963,8086051000.0
High-income countries,OWID_HIC,1964,8511004700.0
High-income countries,OWID_HIC,1965,8831183000.0
High-income countries,OWID_HIC,1966,9199361000.0
High-income countries,OWID_HIC,1967,9550461000.0
High-income countries,OWID_HIC,1968,10027139000.0
High-income countries,OWID_HIC,1969,10649794000.0
High-income countries,OWID_HIC,1970,11408807000.0
High-income countries,OWID_HIC,1971,11707312000.0
High-income countries,OWID_HIC,1972,12239942000.0
High-income countries,OWID_HIC,1973,12830880000.0
High-income countries,OWID_HIC,1974,12657725000.0
High-income countries,OWID_HIC,1975,12430597000.0
High-income countries,OWID_HIC,1976,13098839000.0
High-income countries,OWID_HIC,1977,13334148000.0
High-income countries,OWID_HIC,1978,13693098000.0
High-income countries,OWID_HIC,1979,13993646000.0
High-income countries,OWID_HIC,1980,13838115000.0
High-income countries,OWID_HIC,1981,13342395000.0
High-income countries,OWID_HIC,1982,12982380000.0
High-income countries,OWID_HIC,1983,12986074000.0
High-income countries,OWID_HIC,1984,13279111000.0
High-income countries,OWID_HIC,1985,13571279000.0
High-income countries,OWID_HIC,1986,13599714000.0
High-income countries,OWID_HIC,1987,13859903000.0
High-income countries,OWID_HIC,1988,14290124000.0
High-income countries,OWID_HIC,1989,14477018000.0
High-income countries,OWID_HIC,1990,15006093000.0
High-income countries,OWID_HIC,1991,15335967000.0
High-income countries,OWID_HIC,1992,14510799000.0
High-income countries,OWID_HIC,1993,14538071000.0
High-income countries,OWID_HIC,1994,14511072000.0
High-income countries,OWID_HIC,1995,14628969000.0
High-income countries,OWID_HIC,1996,14979279000.0
High-income countries,OWID_HIC,1997,14900450000.0
High-income countries,OWID_HIC,1998,14859571000.0
High-income countries,OWID_HIC,1999,15028272000.0
High-income countries,OWID_HIC,2000,15461338000.0
High-income countries,OWID_HIC,2001,15468816000.0
High-income countries,OWID_HIC,2002,15564075000.0
High-income countries,OWID_HIC,2003,15852177000.0
High-income countries,OWID_HIC,2004,16053765000.0
High-income countries,OWID_HIC,2005,16125542000.0
High-income countries,OWID_HIC,2006,16189988000.0
High-income countries,OWID_HIC,2007,16308890000.0
High-income countries,OWID_HIC,2008,16049811000.0
High-income countries,OWID_HIC,2009,15093003000.0
High-income countries,OWID_HIC,2010,15713740000.0
High-income countries,OWID_HIC,2011,15608247000.0
High-income countries,OWID_HIC,2012,15520974000.0
High-income countries,OWID_HIC,2013,15485766000.0
High-income countries,OWID_HIC,2014,15294128000.0
High-income countries,OWID_HIC,2015,15215525000.0
High-income countries,OWID_HIC,2016,15070386000.0
High-income countries,OWID_HIC,2017,15069183000.0
High-income countries,OWID_HIC,2018,15204227000.0
High-income countries,OWID_HIC,2019,14916665000.0
High-income countries,OWID_HIC,2020,13694959000.0
High-income countries,OWID_HIC,2021,14370719000.0
High-income countries,OWID_HIC,2022,14274797000.0
High-income countries,OWID_HIC,2023,13890804000.0
High-income countries,OWID_HIC,2024,13867993000.0
Kosovo,OWID_KOS,1994,0.0
Kosovo,OWID_KOS,1995,0.0
Kosovo,OWID_KOS,1996,0.0
Kosovo,OWID_KOS,1997,0.0
Kosovo,OWID_KOS,1998,0.0
Kosovo,OWID_KOS,1999,0.0
Kosovo,OWID_KOS,2000,4807168.0
Kosovo,OWID_KOS,2001,6093232.0
Kosovo,OWID_KOS,2002,6060256.0
Kosovo,OWID_KOS,2003,6437648.0
Kosovo,OWID_KOS,2004,6616505.0
Kosovo,OWID_KOS,2005,6435256.0
Kosovo,OWID_KOS,2006,6488504.0
Kosovo,OWID_KOS,2007,6801637.0
Kosovo,OWID_KOS,2008,7358432.0
Kosovo,OWID_KOS,2009,8109154.5
Kosovo,OWID_KOS,2010,8354617.0
Kosovo,OWID_KOS,2011,8294393.5
Kosovo,OWID_KOS,2012,7847680.0
Kosovo,OWID_KOS,2013,7965702.0
Kosovo,OWID_KOS,2014,7129107.0
Kosovo,OWID_KOS,2015,8290589.5
Kosovo,OWID_KOS,2016,8793503.0
Kosovo,OWID_KOS,2017,8022662.0
Kosovo,OWID_KOS,2018,8044655.0
Kosovo,OWID_KOS,2019,8385858.5
Kosovo,OWID_KOS,2020,8451526.0
Kosovo,OWID_KOS,2021,8815831.0
Kosovo,OWID_KOS,2022,8569356.0
Kosovo,OWID_KOS,2023,8220213.0
Kosovo,OWID_KOS,2024,8049940.0
Low-income countries,OWID_LIC,1905,13885.0
Low-income countries,OWID_LIC,1909,149260.0
Low-income countries,OWID_LIC,1910,187443.0
Low-income countries,OWID_LIC,1911,222154.0
Low-income countries,OWID_LIC,1912,277693.0
Low-income countries,OWID_LIC,1913,322818.0
Low-income countries,OWID_LIC,1914,461664.0
Low-income countries,OWID_LIC,1915,576212.0
Low-income countries,OWID_LIC,1916,479020.0
Low-income countries,OWID_LIC,1918,472077.0
Low-income countries,OWID_LIC,1919,558856.0
Low-income countries,OWID_LIC,1920,729136.0
Low-income countries,OWID_LIC,1921,788339.0
Low-income countries,OWID_LIC,1922,878974.0
Low-income countries,OWID_LIC,1923,1115784.0
Low-income countries,OWID_LIC,1924,1219341.0
Low-income countries,OWID_LIC,1925,1772412.0
Low-income countries,OWID_LIC,1926,1956383.0
Low-income countries,OWID_LIC,1927,2055504.0
Low-income countries,OWID_LIC,1928,2355329.0
Low-income countries,OWID_LIC,1929,2671693.0
Low-income countries,OWID_LIC,1930,2620561.0
Low-income countries,OWID_LIC,1931,2616956.0
Low-income countries,OWID_LIC,1932,2897794.0
Low-income countries,OWID_LIC,1933,3342849.0
Low-income countries,OWID_LIC,1934,4450871.0
Low-income countries,OWID_LIC,1935,5213403.0
Low-income countries,OWID_LIC,1936,6123519.0
Low-income countries,OWID_LIC,1937,6645487.0
Low-income countries,OWID_LIC,1938,8817427.0
Low-income countries,OWID_LIC,1939,11443975.0
Low-income countries,OWID_LIC,1940,14601361.0
Low-income countries,OWID_LIC,1941,16288010.0
Low-income countries,OWID_LIC,1942,18012496.0
Low-income countries,OWID_LIC,1943,17547588.0
Low-income countries,OWID_LIC,1944,18451552.0
Low-income countries,OWID_LIC,1945,310314.0
Low-income countries,OWID_LIC,1946,460454.0
Low-income countries,OWID_LIC,1947,485870.0
Low-income countries,OWID_LIC,1948,1853062.0
Low-income countries,OWID_LIC,1949,2365862.0
Low-income countries,OWID_LIC,1950,5409656.0
Low-income countries,OWID_LIC,1951,5973394.0
Low-income countries,OWID_LIC,1952,6786231.0
Low-income countries,OWID_LIC,1953,8060543.0
Low-income countries,OWID_LIC,1954,16294112.0
Low-income countries,OWID_LIC,1955,19022222.0
Low-income countries,OWID_LIC,1956,20914956.0
Low-income countries,OWID_LIC,1957,24954492.0
Low-income countries,OWID_LIC,1958,28179200.0
Low-income countries,OWID_LIC,1959,33371724.0
Low-income countries,OWID_LIC,1960,39665996.0
Low-income countries,OWID_LIC,1961,41620084.0
Low-income countries,OWID_LIC,1962,47007076.0
Low-income countries,OWID_LIC,1963,48900760.0
Low-income countries,OWID_LIC,1964,53778556.0
Low-income countries,OWID_LIC,1965,63638264.0
Low-income countries,OWID_LIC,1966,68635460.0
Low-income countries,OWID_LIC,1967,73691000.0
Low-income countries,OWID_LIC,1968,93712584.0
Low-income countries,OWID_LIC,1969,95642500.0
Low-income countries,OWID_LIC,1970,103023250.0
Low-income countries,OWID_LIC,1971,140273150.0
Low-income countries,OWID_LIC,1972,120227140.0
Low-income countries,OWID_LIC,1973,130000160.0
Low-income countries,OWID_LIC,1974,136238180.0
Low-income countries,OWID_LIC,1975,142196820.0
Low-income countries,OWID_LIC,1976,145910600.0
Low-income countries,OWID_LIC,1977,151705300.0
Low-income countries,OWID_LIC,1978,147142340.0
Low-income countries,OWID_LIC,1979,157836800.0
Low-income countries,OWID_LIC,1980,161225180.0
Low-income countries,OWID_LIC,1981,167021420.0
Low-income countries,OWID_LIC,1982,167342900.0
Low-income countries,OWID_LIC,1983,181273460.0
Low-income countries,OWID_LIC,1984,195693550.0
Low-income countries,OWID_LIC,1985,204461280.0
Low-income countries,OWID_LIC,1986,218225460.0
Low-income countries,OWID_LIC,1987,242636850.0
Low-income countries,OWID_LIC,1988,269489630.0
Low-income countries,OWID_LIC,1989,276656400.0
Low-income countries,OWID_LIC,1990,188086860.0
Low-income countries,OWID_LIC,1991,185691840.0
Low-income countries,OWID_LIC,1992,170456100.0
Low-income countries,OWID_LIC,1993,162430850.0
Low-income countries,OWID_LIC,1994,157370980.0
Low-income countries,OWID_LIC,1995,154566540.0
Low-income countries,OWID_LIC,1996,147266350.0
Low-income countries,OWID_LIC,1997,148891900.0
Low-income countries,OWID_LIC,1998,147930110.0
Low-income countries,OWID_LIC,1999,157285020.0
Low-income countries,OWID_LIC,2000,163158660.0
Low-income countries,OWID_LIC,2001,165770220.0
Low-income countries,OWID_LIC,2002,153650740.0
Low-income countries,OWID_LIC,2003,175482980.0
Low-income countries,OWID_LIC,2004,177657230.0
Low-income countries,OWID_LIC,2005,182625970.0
Low-income countries,OWID_LIC,2006,191339100.0
Low-income countries,OWID_LIC,2007,196373220.0
Low-income countries,OWID_LIC,2008,208385260.0
Low-income countries,OWID_LIC,2009,206816830.0
Low-income countries,OWID_LIC,2010,206652670.0
Low-income countries,OWID_LIC,2011,189330540.0
Low-income countries,OWID_LIC,2012,175241600.0
Low-income countries,OWID_LIC,2013,165524880.0
Low-income countries,OWID_LIC,2014,173109600.0
Low-income countries,OWID_LIC,2015,150537730.0
Low-income countries,OWID_LIC,2016,156837140.0
Low-income countries,OWID_LIC,2017,199331540.0
Low-income countries,OWID_LIC,2018,197054480.0
Low-income countries,OWID_LIC,2019,212130430.0
Low-income countries,OWID_LIC,2020,204479200.0
Low-income countries,OWID_LIC,2021,196969970.0
Low-income countries,OWID_LIC,2022,199960980.0
Low-income countries,OWID_LIC,2023,206501470.0
Low-income countries,OWID_LIC,2024,208199410.0
Lower-middle-income countries,OWID_LMC,1830,641.0
Lower-middle-income countries,OWID_LMC,1831,769.0
Lower-middle-income countries,OWID_LMC,1832,512.0
Lower-middle-income countries,OWID_LMC,1833,641.0
Lower-middle-income countries,OWID_LMC,1850,3974.0
Lower-middle-income countries,OWID_LMC,1855,12052.0
Lower-middle-income countries,OWID_LMC,1858,411406.0
Lower-middle-income countries,OWID_LMC,1859,654425.0
Lower-middle-income countries,OWID_LMC,1860,666824.0
Lower-middle-income countries,OWID_LMC,1861,527376.0
Lower-middle-income countries,OWID_LMC,1862,581444.0
Lower-middle-income countries,OWID_LMC,1863,638418.0
Lower-middle-income countries,OWID_LMC,1864,609662.0
Lower-middle-income countries,OWID_LMC,1865,603157.0
Lower-middle-income countries,OWID_LMC,1866,738131.0
Lower-middle-income countries,OWID_LMC,1867,113011.0
Lower-middle-income countries,OWID_LMC,1868,97726.0
Lower-middle-income countries,OWID_LMC,1869,128586.0
Lower-middle-income countries,OWID_LMC,1870,138560.0
Lower-middle-income countries,OWID_LMC,1871,189444.0
Lower-middle-income countries,OWID_LMC,1872,199440.0
Lower-middle-income countries,OWID_LMC,1873,192029.0
Lower-middle-income countries,OWID_LMC,1874,224837.0
Lower-middle-income countries,OWID_LMC,1875,257993.0
Lower-middle-income countries,OWID_LMC,1876,324567.0
Lower-middle-income countries,OWID_LMC,1877,330147.0
Lower-middle-income countries,OWID_LMC,1878,2205063.0
Lower-middle-income countries,OWID_LMC,1879,2136796.0
Lower-middle-income countries,OWID_LMC,1880,2417058.0
Lower-middle-income countries,OWID_LMC,1881,2403792.0
Lower-middle-income countries,OWID_LMC,1882,2795484.0
Lower-middle-income countries,OWID_LMC,1883,3107644.0
Lower-middle-income countries,OWID_LMC,1884,3420166.0
Lower-middle-income countries,OWID_LMC,1885,3217033.0
Lower-middle-income countries,OWID_LMC,1886,3523263.0
Lower-middle-income countries,OWID_LMC,1887,3889017.0
Lower-middle-income countries,OWID_LMC,1888,4295830.0
Lower-middle-income countries,OWID_LMC,1889,4947207.0
Lower-middle-income countries,OWID_LMC,1890,5498642.0
Lower-middle-income countries,OWID_LMC,1891,5954524.0
Lower-middle-income countries,OWID_LMC,1892,6458781.0
Lower-middle-income countries,OWID_LMC,1893,6939585.0
Lower-middle-income countries,OWID_LMC,1894,7034715.0
Lower-middle-income countries,OWID_LMC,1895,8646058.0
Lower-middle-income countries,OWID_LMC,1896,9240147.0
Lower-middle-income countries,OWID_LMC,1897,10127418.0
Lower-middle-income countries,OWID_LMC,1898,11197028.0
Lower-middle-income countries,OWID_LMC,1899,12448189.0
Lower-middle-income countries,OWID_LMC,1900,14615705.0
Lower-middle-income countries,OWID_LMC,1901,15950672.0
Lower-middle-income countries,OWID_LMC,1902,17195304.0
Lower-middle-income countries,OWID_LMC,1903,17519260.0
Lower-middle-income countries,OWID_LMC,1904,19621844.0
Lower-middle-income countries,OWID_LMC,1905,19762436.0
Lower-middle-income countries,OWID_LMC,1906,22743018.0
Lower-middle-income countries,OWID_LMC,1907,25353418.0
Lower-middle-income countries,OWID_LMC,1908,28619104.0
Lower-middle-income countries,OWID_LMC,1909,28050668.0
Lower-middle-income countries,OWID_LMC,1910,27351600.0
Lower-middle-income countries,OWID_LMC,1911,28880840.0
Lower-middle-income countries,OWID_LMC,1912,33189424.0
Lower-middle-income countries,OWID_LMC,1913,36510096.0
Lower-middle-income countries,OWID_LMC,1914,36871460.0
Lower-middle-income countries,OWID_LMC,1915,37969120.0
Lower-middle-income countries,OWID_LMC,1916,39035790.0
Lower-middle-income countries,OWID_LMC,1917,40743100.0
Lower-middle-income countries,OWID_LMC,1918,43518984.0
Lower-middle-income countries,OWID_LMC,1919,46756576.0
Lower-middle-income countries,OWID_LMC,1920,38595584.0
Lower-middle-income countries,OWID_LMC,1921,41523796.0
Lower-middle-income countries,OWID_LMC,1922,40739316.0
Lower-middle-income countries,OWID_LMC,1923,42461504.0
Lower-middle-income countries,OWID_LMC,1924,45559490.0
Lower-middle-income countries,OWID_LMC,1925,45657316.0
Lower-middle-income countries,OWID_LMC,1926,47520024.0
Lower-middle-income countries,OWID_LMC,1927,50317456.0
Lower-middle-income countries,OWID_LMC,1928,53684920.0
Lower-middle-income countries,OWID_LMC,1929,55395296.0
Lower-middle-income countries,OWID_LMC,1930,55496696.0
Lower-middle-income countries,OWID_LMC,1931,51869292.0
Lower-middle-income countries,OWID_LMC,1932,53236024.0
Lower-middle-income countries,OWID_LMC,1933,52557644.0
Lower-middle-income countries,OWID_LMC,1934,61332024.0
Lower-middle-income countries,OWID_LMC,1935,65239524.0
Lower-middle-income countries,OWID_LMC,1936,63450040.0
Lower-middle-income countries,OWID_LMC,1937,75682024.0
Lower-middle-income countries,OWID_LMC,1938,78734490.0
Lower-middle-income countries,OWID_LMC,1939,80097656.0
Lower-middle-income countries,OWID_LMC,1940,92533000.0
Lower-middle-income countries,OWID_LMC,1941,95965800.0
Lower-middle-income countries,OWID_LMC,1942,84537980.0
Lower-middle-income countries,OWID_LMC,1943,76761110.0
Lower-middle-income countries,OWID_LMC,1944,87078504.0
Lower-middle-income countries,OWID_LMC,1945,92978000.0
Lower-middle-income countries,OWID_LMC,1946,96682456.0
Lower-middle-income countries,OWID_LMC,1947,103119944.0
Lower-middle-income countries,OWID_LMC,1948,111947670.0
Lower-middle-income countries,OWID_LMC,1949,122905970.0
Lower-middle-income countries,OWID_LMC,1950,157887310.0
Lower-middle-income countries,OWID_LMC,1951,174733740.0
Lower-middle-income countries,OWID_LMC,1952,186747550.0
Lower-middle-income countries,OWID_LMC,1953,188203100.0
Lower-middle-income countries,OWID_LMC,1954,200210430.0
Lower-middle-income countries,OWID_LMC,1955,221593040.0
Lower-middle-income countries,OWID_LMC,1956,236548560.0
Lower-middle-income countries,OWID_LMC,1957,258474670.0
Lower-middle-income countries,OWID_LMC,1958,253217650.0
Lower-middle-income countries,OWID_LMC,1959,272577730.0
Lower-middle-income countries,OWID_LMC,1960,283231680.0
Lower-middle-income countries,OWID_LMC,1961,289985730.0
Lower-middle-income countries,OWID_LMC,1962,310919900.0
Lower-middle-income countries,OWID_LMC,1963,335203170.0
Lower-middle-income countries,OWID_LMC,1964,345295600.0
Lower-middle-income countries,OWID_LMC,1965,376967970.0
Lower-middle-income countries,OWID_LMC,1966,386981630.0
Lower-middle-income countries,OWID_LMC,1967,394652830.0
Lower-middle-income countries,OWID_LMC,1968,413963840.0
Lower-middle-income countries,OWID_LMC,1969,430751900.0
Lower-middle-income countries,OWID_LMC,1970,463322750.0
Lower-middle-income countries,OWID_LMC,1971,482447680.0
Lower-middle-income countries,OWID_LMC,1972,512371200.0
Lower-middle-income countries,OWID_LMC,1973,541392000.0
Lower-middle-income countries,OWID_LMC,1974,580980400.0
Lower-middle-income countries,OWID_LMC,1975,584448960.0
Lower-middle-income countries,OWID_LMC,1976,606095100.0
Lower-middle-income countries,OWID_LMC,1977,632584700.0
Lower-middle-income countries,OWID_LMC,1978,651996300.0
Lower-middle-income countries,OWID_LMC,1979,707401400.0
Lower-middle-income countries,OWID_LMC,1980,751503300.0
Lower-middle-income countries,OWID_LMC,1981,780273300.0
Lower-middle-income countries,OWID_LMC,1982,804162500.0
Lower-middle-income countries,OWID_LMC,1983,834789900.0
Lower-middle-income countries,OWID_LMC,1984,864430800.0
Lower-middle-income countries,OWID_LMC,1985,927951600.0
Lower-middle-income countries,OWID_LMC,1986,975158300.0
Lower-middle-income countries,OWID_LMC,1987,1006883900.0
Lower-middle-income countries,OWID_LMC,1988,1073470500.0
Lower-middle-income countries,OWID_LMC,1989,1097269200.0
Lower-middle-income countries,OWID_LMC,1990,1149566300.0
Lower-middle-income countries,OWID_LMC,1991,1183862800.0
Lower-middle-income countries,OWID_LMC,1992,1233317800.0
Lower-middle-income countries,OWID_LMC,1993,1299579400.0
Lower-middle-income countries,OWID_LMC,1994,1374831900.0
Lower-middle-income countries,OWID_LMC,1995,1444201500.0
Lower-middle-income countries,OWID_LMC,1996,1540169100.0
Lower-middle-income countries,OWID_LMC,1997,1606478300.0
Lower-middle-income countries,OWID_LMC,1998,1656030000.0
Lower-middle-income countries,OWID_LMC,1999,1761490200.0
Lower-middle-income countries,OWID_LMC,2000,1820024400.0
Lower-middle-income countries,OWID_LMC,2001,1822959600.0
Lower-middle-income countries,OWID_LMC,2002,1893883100.0
Lower-middle-income countries,OWID_LMC,2003,1958896800.0
Lower-middle-income countries,OWID_LMC,2004,2037126300.0
Lower-middle-income countries,OWID_LMC,2005,2130420700.0
Lower-middle-income countries,OWID_LMC,2006,2258598000.0
Lower-middle-income countries,OWID_LMC,2007,2381909500.0
Lower-middle-income countries,OWID_LMC,2008,2502963700.0
Lower-middle-income countries,OWID_LMC,2009,2617886200.0
Lower-middle-income countries,OWID_LMC,2010,2775721000.0
Lower-middle-income countries,OWID_LMC,2011,2900200700.0
Lower-middle-income countries,OWID_LMC,2012,3066869500.0
Lower-middle-income countries,OWID_LMC,2013,3175028000.0
Lower-middle-income countries,OWID_LMC,2014,3341492700.0
Lower-middle-income countries,OWID_LMC,2015,3430742000.0
Lower-middle-income countries,OWID_LMC,2016,3621248800.0
Lower-middle-income countries,OWID_LMC,2017,3740908500.0
Lower-middle-income countries,OWID_LMC,2018,3874261000.0
Lower-middle-income countries,OWID_LMC,2019,3909786600.0
Lower-middle-income countries,OWID_LMC,2020,3722722000.0
Lower-middle-income countries,OWID_LMC,2021,4101157600.0
Lower-middle-income countries,OWID_LMC,2022,4222639400.0
Lower-middle-income countries,OWID_LMC,2023,4451222000.0
Lower-middle-income countries,OWID_LMC,2024,4617956000.0
North America,OWID_NAM,1785,3664.0
North America,OWID_NAM,1786,3664.0
North America,OWID_NAM,1787,3664.0
North America,OWID_NAM,1788,3664.0
North America,OWID_NAM,1789,3664.0
North America,OWID_NAM,1790,3664.0
North America,OWID_NAM,1791,3664.0
North America,OWID_NAM,1792,3664.0
North America,OWID_NAM,1793,3664.0
North America,OWID_NAM,1794,3664.0
North America,OWID_NAM,1795,3664.0
North America,OWID_NAM,1796,3664.0
North America,OWID_NAM,1797,3664.0
North America,OWID_NAM,1798,3664.0
North America,OWID_NAM,1799,3664.0
North America,OWID_NAM,1800,256479.98
North America,OWID_NAM,1801,271136.0
North America,OWID_NAM,1802,293120.0
North America,OWID_NAM,1803,300448.0
North America,OWID_NAM,1804,337088.0
North America,OWID_NAM,1805,344416.0
North America,OWID_NAM,1806,337088.0
North America,OWID_NAM,1807,381056.0
North America,OWID_NAM,1808,395712.0
North America,OWID_NAM,1809,406704.0
North America,OWID_NAM,1810,421360.0
North America,OWID_NAM,1811,450672.0
North America,OWID_NAM,1812,487312.0
North America,OWID_NAM,1813,523952.0
North America,OWID_NAM,1814,564256.0
North America,OWID_NAM,1815,604560.0
North America,OWID_NAM,1816,666848.0
North America,OWID_NAM,1817,721808.0
North America,OWID_NAM,1818,784096.0
North America,OWID_NAM,1819,765776.0
North America,OWID_NAM,1820,795088.0
North America,OWID_NAM,1821,831728.0
North America,OWID_NAM,1822,868368.0
North America,OWID_NAM,1823,905008.0
North America,OWID_NAM,1824,1018592.0
North America,OWID_NAM,1825,1139504.0
North America,OWID_NAM,1826,1319040.0
North America,OWID_NAM,1827,1450944.0
North America,OWID_NAM,1828,1597504.0
North America,OWID_NAM,1829,1799024.0
North America,OWID_NAM,1830,2092144.0
North America,OWID_NAM,1831,2268016.0
North America,OWID_NAM,1832,3026464.0
North America,OWID_NAM,1833,3532096.0
North America,OWID_NAM,1834,3385536.0
North America,OWID_NAM,1835,4319856.0
North America,OWID_NAM,1836,4733888.0
North America,OWID_NAM,1837,5309136.0
North America,OWID_NAM,1838,5034336.0
North America,OWID_NAM,1839,5521648.0
North America,OWID_NAM,1840,5877056.0
North America,OWID_NAM,1841,6217808.0
North America,OWID_NAM,1842,6921296.0
North America,OWID_NAM,1843,7767680.0
North America,OWID_NAM,1844,9310224.0
North America,OWID_NAM,1845,11208176.0
North America,OWID_NAM,1846,12736064.0
North America,OWID_NAM,1847,15103008.0
North America,OWID_NAM,1848,16825088.0
North America,OWID_NAM,1849,18268704.0
North America,OWID_NAM,1850,19851552.0
North America,OWID_NAM,1851,24702688.0
North America,OWID_NAM,1852,26875440.0
North America,OWID_NAM,1853,30264640.0
North America,OWID_NAM,1854,33283774.0
North America,OWID_NAM,1855,38310784.0
North America,OWID_NAM,1856,40608550.0
North America,OWID_NAM,1857,41639350.0
North America,OWID_NAM,1858,42266390.0
North America,OWID_NAM,1859,45960576.0
North America,OWID_NAM,1860,48121740.0
North America,OWID_NAM,1861,46590956.0
North America,OWID_NAM,1862,48634420.0
North America,OWID_NAM,1863,55905530.0
North America,OWID_NAM,1864,60117110.0
North America,OWID_NAM,1865,60449588.0
North America,OWID_NAM,1866,61101436.0
North America,OWID_NAM,1867,75109410.0
North America,OWID_NAM,1868,83908930.0
North America,OWID_NAM,1869,95069656.0
North America,OWID_NAM,1870,100493880.0
North America,OWID_NAM,1871,105424984.0
North America,OWID_NAM,1872,128799670.0
North America,OWID_NAM,1873,141792420.0
North America,OWID_NAM,1874,136606960.0
North America,OWID_NAM,1875,138314050.0
North America,OWID_NAM,1876,135277740.0
North America,OWID_NAM,1877,149839310.0
North America,OWID_NAM,1878,146594990.0
North America,OWID_NAM,1879,178436500.0
North America,OWID_NAM,1880,204774640.0
North America,OWID_NAM,1881,216661440.0
North America,OWID_NAM,1882,242977010.0
North America,OWID_NAM,1883,262347040.0
North America,OWID_NAM,1884,277187650.0
North America,OWID_NAM,1885,281432450.0
North America,OWID_NAM,1886,297307330.0
North America,OWID_NAM,1887,318908220.0
North America,OWID_NAM,1888,388686100.0
North America,OWID_NAM,1889,348532450.0
North America,OWID_NAM,1890,416105630.0
North America,OWID_NAM,1891,444136320.0
North America,OWID_NAM,1892,467781400.0
North America,OWID_NAM,1893,472057700.0
North America,OWID_NAM,1894,442608900.0
North America,OWID_NAM,1895,496785800.0
North America,OWID_NAM,1896,498858240.0
North America,OWID_NAM,1897,519146020.0
North America,OWID_NAM,1898,565555650.0
North America,OWID_NAM,1899,650259800.0
North America,OWID_NAM,1900,689274560.0
North America,OWID_NAM,1901,752325400.0
North America,OWID_NAM,1902,797930940.0
North America,OWID_NAM,1903,931599300.0
North America,OWID_NAM,1904,925116500.0
North America,OWID_NAM,1905,1033274000.0
North America,OWID_NAM,1906,1085844200.0
North America,OWID_NAM,1907,1264722700.0
North America,OWID_NAM,1908,1114123300.0
North America,OWID_NAM,1909,1226393700.0
North America,OWID_NAM,1910,1340182400.0
North America,OWID_NAM,1911,1340375900.0
North America,OWID_NAM,1912,1432892400.0
North America,OWID_NAM,1913,1547516200.0
North America,OWID_NAM,1914,1409811800.0
North America,OWID_NAM,1915,1456051600.0
North America,OWID_NAM,1916,1626382000.0
North America,OWID_NAM,1917,1796726100.0
North America,OWID_NAM,1918,1880819000.0
North America,OWID_NAM,1919,1608359600.0
North America,OWID_NAM,1920,1913851800.0
North America,OWID_NAM,1921,1607007500.0
North America,OWID_NAM,1922,1604141800.0
North America,OWID_NAM,1923,2078408700.0
North America,OWID_NAM,1924,1861292900.0
North America,OWID_NAM,1925,1894640500.0
North America,OWID_NAM,1926,2039605600.0
North America,OWID_NAM,1927,1991507100.0
North America,OWID_NAM,1928,1954095500.0
North America,OWID_NAM,1929,2089554600.0
North America,OWID_NAM,1930,1864992600.0
North America,OWID_NAM,1931,1581821700.0
North America,OWID_NAM,1932,1348415700.0
North America,OWID_NAM,1933,1440842900.0
North America,OWID_NAM,1934,1540829700.0
North America,OWID_NAM,1935,1598686300.0
North America,OWID_NAM,1936,1828468600.0
North America,OWID_NAM,1937,1919474000.0
North America,OWID_NAM,1938,1635000700.0
North America,OWID_NAM,1939,1798916200.0
North America,OWID_NAM,1940,2018418800.0
North America,OWID_NAM,1941,2196926200.0
North America,OWID_NAM,1942,2359614700.0
North America,OWID_NAM,1943,2440362500.0
North America,OWID_NAM,1944,2616900000.0
North America,OWID_NAM,1945,2524446500.0
North America,OWID_NAM,1946,2432982800.0
North America,OWID_NAM,1947,2671360000.0
North America,OWID_NAM,1948,2784729000.0
North America,OWID_NAM,1949,2353018400.0
North America,OWID_NAM,1950,2744908300.0
North America,OWID_NAM,1951,2840856000.0
North America,OWID_NAM,1952,2768359700.0
North America,OWID_NAM,1953,2832029000.0
North America,OWID_NAM,1954,2718288000.0
North America,OWID_NAM,1955,2966306600.0
North America,OWID_NAM,1956,3124124700.0
North America,OWID_NAM,1957,3103315200.0
North America,OWID_NAM,1958,3022798800.0
North America,OWID_NAM,1959,3115066000.0
North America,OWID_NAM,1960,3189234400.0
North America,OWID_NAM,1961,3184431000.0
North America,OWID_NAM,1962,3309483800.0
North America,OWID_NAM,1963,3442642200.0
North America,OWID_NAM,1964,3621586000.0
North America,OWID_NAM,1965,3771806500.0
North America,OWID_NAM,1966,3956434200.0
North America,OWID_NAM,1967,4127059700.0
North America,OWID_NAM,1968,4289618200.0
North America,OWID_NAM,1969,4501628400.0
North America,OWID_NAM,1970,4862542000.0
North America,OWID_NAM,1971,4915969000.0
North America,OWID_NAM,1972,5161936000.0
North America,OWID_NAM,1973,5389427700.0
North America,OWID_NAM,1974,5238351000.0
North America,OWID_NAM,1975,5064188400.0
North America,OWID_NAM,1976,5308195300.0
North America,OWID_NAM,1977,5450855400.0
North America,OWID_NAM,1978,5632973300.0
North America,OWID_NAM,1979,5692481000.0
North America,OWID_NAM,1980,5541655000.0
North America,OWID_NAM,1981,5351420400.0
North America,OWID_NAM,1982,5126822000.0
North America,OWID_NAM,1983,5118913500.0
North America,OWID_NAM,1984,5276948500.0
North America,OWID_NAM,1985,5306051600.0
North America,OWID_NAM,1986,5282712000.0
North America,OWID_NAM,1987,5520225000.0
North America,OWID_NAM,1988,5750680600.0
North America,OWID_NAM,1989,5843614000.0
North America,OWID_NAM,1990,5999264000.0
North America,OWID_NAM,1991,5947688000.0
North America,OWID_NAM,1992,6065276000.0
North America,OWID_NAM,1993,6172271600.0
North America,OWID_NAM,1994,6286338600.0
North America,OWID_NAM,1995,6349420000.0
North America,OWID_NAM,1996,6557365000.0
North America,OWID_NAM,1997,6671063000.0
North America,OWID_NAM,1998,6760881000.0
North America,OWID_NAM,1999,6849317000.0
North America,OWID_NAM,2000,7111529000.0
North America,OWID_NAM,2001,7005433000.0
North America,OWID_NAM,2002,7062446000.0
North America,OWID_NAM,2003,7170593000.0
North America,OWID_NAM,2004,7269825500.0
North America,OWID_NAM,2005,7313038300.0
North America,OWID_NAM,2006,7249320400.0
North America,OWID_NAM,2007,7352746500.0
North America,OWID_NAM,2008,7133121500.0
North America,OWID_NAM,2009,6653199400.0
North America,OWID_NAM,2010,6851848700.0
North America,OWID_NAM,2011,6757270500.0
North America,OWID_NAM,2012,6565685000.0
North America,OWID_NAM,2013,6708860000.0
North America,OWID_NAM,2014,6754714000.0
North America,OWID_NAM,2015,6592755700.0
North America,OWID_NAM,2016,6453526000.0
North America,OWID_NAM,2017,6397038600.0
North America,OWID_NAM,2018,6576287000.0
North America,OWID_NAM,2019,6463362000.0
North America,OWID_NAM,2020,5798350000.0
North America,OWID_NAM,2021,6176851500.0
North America,OWID_NAM,2022,6236024000.0
North America,OWID_NAM,2023,6104680400.0
North America,OWID_NAM,2024,6084276000.0
Oceania,OWID_OCE,1750,0.0
Oceania,OWID_OCE,1751,0.0
Oceania,OWID_OCE,1752,0.0
Oceania,OWID_OCE,1753,0.0
Oceania,OWID_OCE,1754,0.0
Oceania,OWID_OCE,1755,0.0
Oceania,OWID_OCE,1756,0.0
Oceania,OWID_OCE,1757,0.0
Oceania,OWID_OCE,1758,0.0
Oceania,OWID_OCE,1759,0.0
Oceania,OWID_OCE,1760,0.0
Oceania,OWID_OCE,1761,0.0
Oceania,OWID_OCE,1762,0.0
Oceania,OWID_OCE,1763,0.0
Oceania,OWID_OCE,1764,0.0
Oceania,OWID_OCE,1765,0.0
Oceania,OWID_OCE,1766,0.0
Oceania,OWID_OCE,1767,0.0
Oceania,OWID_OCE,1768,0.0
Oceania,OWID_OCE,1769,0.0
Oceania,OWID_OCE,1770,0.0
Oceania,OWID_OCE,1771,0.0
Oceania,OWID_OCE,1772,0.0
Oceania,OWID_OCE,1773,0.0
Oceania,OWID_OCE,1774,0.0
Oceania,OWID_OCE,1775,0.0
Oceania,OWID_OCE,1776,0.0
Oceania,OWID_OCE,1777,0.0
Oceania,OWID_OCE,1778,0.0
Oceania,OWID_OCE,1779,0.0
Oceania,OWID_OCE,1780,0.0
Oceania,OWID_OCE,1781,0.0
Oceania,OWID_OCE,1782,0.0
Oceania,OWID_OCE,1783,0.0
Oceania,OWID_OCE,1784,0.0
Oceania,OWID_OCE,1785,0.0
Oceania,OWID_OCE,1786,0.0
Oceania,OWID_OCE,1787,0.0
Oceania,OWID_OCE,1788,0.0
Oceania,OWID_OCE,1789,0.0
Oceania,OWID_OCE,1790,0.0
Oceania,OWID_OCE,1791,0.0
Oceania,OWID_OCE,1792,0.0
Oceania,OWID_OCE,1793,0.0
Oceania,OWID_OCE,1794,0.0
Oceania,OWID_OCE,1795,0.0
Oceania,OWID_OCE,1796,0.0
Oceania,OWID_OCE,1797,0.0
Oceania,OWID_OCE,1798,0.0
Oceania,OWID_OCE,1799,0.0
Oceania,OWID_OCE,1800,0.0
Oceania,OWID_OCE,1801,0.0
Oceania,OWID_OCE,1802,0.0
Oceania,OWID_OCE,1803,0.0
Oceania,OWID_OCE,1804,0.0
Oceania,OWID_OCE,1805,236.0
Oceania,OWID_OCE,1806,661.0
Oceania,OWID_OCE,1807,629.0
Oceania,OWID_OCE,1808,787.0
Oceania,OWID_OCE,1809,1259.0
Oceania,OWID_OCE,1810,1259.0
Oceania,OWID_OCE,1811,2203.0
Oceania,OWID_OCE,1812,2203.0
Oceania,OWID_OCE,1813,2832.0
Oceania,OWID_OCE,1814,3451.0
Oceania,OWID_OCE,1815,2753.0
Oceania,OWID_OCE,1816,2281.0
Oceania,OWID_OCE,1817,2045.0
Oceania,OWID_OCE,1818,1888.0
Oceania,OWID_OCE,1819,3540.0
Oceania,OWID_OCE,1820,6160.0
Oceania,OWID_OCE,1821,3147.0
Oceania,OWID_OCE,1822,3934.0002
Oceania,OWID_OCE,1823,4720.0
Oceania,OWID_OCE,1824,4720.0
Oceania,OWID_OCE,1825,2870.0
Oceania,OWID_OCE,1826,6360.0
Oceania,OWID_OCE,1827,5902.0
Oceania,OWID_OCE,1828,3786.0
Oceania,OWID_OCE,1829,6031.0
Oceania,OWID_OCE,1830,5748.0
Oceania,OWID_OCE,1831,1421.0
Oceania,OWID_OCE,1832,11239.0
Oceania,OWID_OCE,1833,10718.0
Oceania,OWID_OCE,1834,13358.0
Oceania,OWID_OCE,1835,19498.0
Oceania,OWID_OCE,1836,19897.0
Oceania,OWID_OCE,1837,25305.0
Oceania,OWID_OCE,1838,27094.0
Oceania,OWID_OCE,1839,33487.0
Oceania,OWID_OCE,1840,47605.0
Oceania,OWID_OCE,1841,54819.0
Oceania,OWID_OCE,1842,62779.0
Oceania,OWID_OCE,1843,40692.0
Oceania,OWID_OCE,1844,36374.0
Oceania,OWID_OCE,1845,35125.0
Oceania,OWID_OCE,1846,61308.0
Oceania,OWID_OCE,1847,64088.0
Oceania,OWID_OCE,1848,71507.0
Oceania,OWID_OCE,1849,76336.0
Oceania,OWID_OCE,1850,112052.0
Oceania,OWID_OCE,1851,106379.0
Oceania,OWID_OCE,1852,106055.0
Oceania,OWID_OCE,1853,152321.0
Oceania,OWID_OCE,1854,183526.0
Oceania,OWID_OCE,1855,215678.0
Oceania,OWID_OCE,1856,298886.0
Oceania,OWID_OCE,1857,331100.0
Oceania,OWID_OCE,1858,340483.0
Oceania,OWID_OCE,1859,484948.0
Oceania,OWID_OCE,1860,599769.0
Oceania,OWID_OCE,1861,560575.0
Oceania,OWID_OCE,1862,787635.0
Oceania,OWID_OCE,1863,720450.0
Oceania,OWID_OCE,1864,903160.0
Oceania,OWID_OCE,1865,973508.0
Oceania,OWID_OCE,1866,1280060.0
Oceania,OWID_OCE,1867,1239852.0
Oceania,OWID_OCE,1868,1532259.0
Oceania,OWID_OCE,1869,1464684.0
Oceania,OWID_OCE,1870,1402391.0
Oceania,OWID_OCE,1871,1440910.0
Oceania,OWID_OCE,1872,1636610.0
Oceania,OWID_OCE,1873,1930549.0
Oceania,OWID_OCE,1874,2125629.0
Oceania,OWID_OCE,1875,2142736.0
Oceania,OWID_OCE,1876,2158161.0
Oceania,OWID_OCE,1877,2372097.0
Oceania,OWID_OCE,1878,2917052.0
Oceania,OWID_OCE,1879,3083507.0
Oceania,OWID_OCE,1880,3073339.0
Oceania,OWID_OCE,1881,3641577.0
Oceania,OWID_OCE,1882,4277829.0
Oceania,OWID_OCE,1883,5073743.0
Oceania,OWID_OCE,1884,5590824.0
Oceania,OWID_OCE,1885,5999834.0
Oceania,OWID_OCE,1886,6009109.0
Oceania,OWID_OCE,1887,6261250.0
Oceania,OWID_OCE,1888,6972248.0
Oceania,OWID_OCE,1889,7562008.0
Oceania,OWID_OCE,1890,6872483.0
Oceania,OWID_OCE,1891,8375925.0
Oceania,OWID_OCE,1892,7961785.0
Oceania,OWID_OCE,1893,7315646.0
Oceania,OWID_OCE,1894,8130214.0
Oceania,OWID_OCE,1895,8373957.0
Oceania,OWID_OCE,1896,8936921.0
Oceania,OWID_OCE,1897,9782685.0
Oceania,OWID_OCE,1898,10536444.0
Oceania,OWID_OCE,1899,10873019.0
Oceania,OWID_OCE,1900,12607824.0
Oceania,OWID_OCE,1901,14179680.0
Oceania,OWID_OCE,1902,14436160.0
Oceania,OWID_OCE,1903,14393768.0
Oceania,OWID_OCE,1904,14977158.0
Oceania,OWID_OCE,1905,15591857.0
Oceania,OWID_OCE,1906,18219918.0
Oceania,OWID_OCE,1907,19572344.0
Oceania,OWID_OCE,1908,20943384.0
Oceania,OWID_OCE,1909,18845024.0
Oceania,OWID_OCE,1910,22609452.0
Oceania,OWID_OCE,1911,24136106.0
Oceania,OWID_OCE,1912,26073290.0
Oceania,OWID_OCE,1913,27014900.0
Oceania,OWID_OCE,1914,30004424.0
Oceania,OWID_OCE,1915,27201164.0
Oceania,OWID_OCE,1916,24891626.0
Oceania,OWID_OCE,1917,25951116.0
Oceania,OWID_OCE,1918,27907988.0
Oceania,OWID_OCE,1919,26314662.0
Oceania,OWID_OCE,1920,29863852.0
Oceania,OWID_OCE,1921,27284434.0
Oceania,OWID_OCE,1922,28483052.0
Oceania,OWID_OCE,1923,29520592.0
Oceania,OWID_OCE,1924,32180746.0
Oceania,OWID_OCE,1925,33720956.0
Oceania,OWID_OCE,1926,33859450.0
Oceania,OWID_OCE,1927,35764830.0
Oceania,OWID_OCE,1928,33733316.0
Oceania,OWID_OCE,1929,31800364.0
Oceania,OWID_OCE,1930,30764512.0
Oceania,OWID_OCE,1931,26789996.0
Oceania,OWID_OCE,1932,26589732.0
Oceania,OWID_OCE,1933,28327570.0
Oceania,OWID_OCE,1934,30191492.0
Oceania,OWID_OCE,1935,33108736.0
Oceania,OWID_OCE,1936,35690024.0
Oceania,OWID_OCE,1937,38137220.0
Oceania,OWID_OCE,1938,37942420.0
Oceania,OWID_OCE,1939,42445464.0
Oceania,OWID_OCE,1940,40105132.0
Oceania,OWID_OCE,1941,44335188.0
Oceania,OWID_OCE,1942,47122844.0
Oceania,OWID_OCE,1943,46564212.0
Oceania,OWID_OCE,1944,46496400.0
Oceania,OWID_OCE,1945,44779228.0
Oceania,OWID_OCE,1946,48271880.0
Oceania,OWID_OCE,1947,50227836.0
Oceania,OWID_OCE,1948,52515016.0
Oceania,OWID_OCE,1949,53672830.0
Oceania,OWID_OCE,1950,64611340.0
Oceania,OWID_OCE,1951,69708776.0
Oceania,OWID_OCE,1952,72459270.0
Oceania,OWID_OCE,1953,72235040.0
Oceania,OWID_OCE,1954,77786380.0
Oceania,OWID_OCE,1955,82423610.0
Oceania,OWID_OCE,1956,86718080.0
Oceania,OWID_OCE,1957,87255750.0
Oceania,OWID_OCE,1958,89266810.0
Oceania,OWID_OCE,1959,94413280.0
Oceania,OWID_OCE,1960,100295090.0
Oceania,OWID_OCE,1961,100181430.0
Oceania,OWID_OCE,1962,103294030.0
Oceania,OWID_OCE,1963,109548400.0
Oceania,OWID_OCE,1964,118717740.0
Oceania,OWID_OCE,1965,129478890.0
Oceania,OWID_OCE,1966,132279140.0
Oceania,OWID_OCE,1967,138611220.0
Oceania,OWID_OCE,1968,145432300.0
Oceania,OWID_OCE,1969,153718830.0
Oceania,OWID_OCE,1970,166215820.0
Oceania,OWID_OCE,1971,170643970.0
Oceania,OWID_OCE,1972,174019410.0
Oceania,OWID_OCE,1973,193617860.0
Oceania,OWID_OCE,1974,190731230.0
Oceania,OWID_OCE,1975,196819650.0
Oceania,OWID_OCE,1976,194205660.0
Oceania,OWID_OCE,1977,207570140.0
Oceania,OWID_OCE,1978,213846820.0
Oceania,OWID_OCE,1979,213960100.0
Oceania,OWID_OCE,1980,227391700.0
Oceania,OWID_OCE,1981,235787900.0
Oceania,OWID_OCE,1982,241295580.0
Oceania,OWID_OCE,1983,230603340.0
Oceania,OWID_OCE,1984,241781630.0
Oceania,OWID_OCE,1985,251883520.0
Oceania,OWID_OCE,1986,252363400.0
Oceania,OWID_OCE,1987,264343070.0
Oceania,OWID_OCE,1988,271769540.0
Oceania,OWID_OCE,1989,287941500.0
Oceania,OWID_OCE,1990,309442460.0
Oceania,OWID_OCE,1991,311575040.0
Oceania,OWID_OCE,1992,318601150.0
Oceania,OWID_OCE,1993,322868100.0
Oceania,OWID_OCE,1994,328001730.0
Oceania,OWID_OCE,1995,339459460.0
Oceania,OWID_OCE,1996,347997860.0
Oceania,OWID_OCE,1997,358440900.0
Oceania,OWID_OCE,1998,371734300.0
Oceania,OWID_OCE,1999,382514900.0
Oceania,OWID_OCE,2000,390033800.0
Oceania,OWID_OCE,2001,400263140.0
Oceania,OWID_OCE,2002,405900700.0
Oceania,OWID_OCE,2003,416901060.0
Oceania,OWID_OCE,2004,428453020.0
Oceania,OWID_OCE,2005,433427400.0
Oceania,OWID_OCE,2006,439754140.0
Oceania,OWID_OCE,2007,448106370.0
Oceania,OWID_OCE,2008,453125120.0
Oceania,OWID_OCE,2009,452832260.0
Oceania,OWID_OCE,2010,451559740.0
Oceania,OWID_OCE,2011,450376670.0
Oceania,OWID_OCE,2012,452247680.0
Oceania,OWID_OCE,2013,445004350.0
Oceania,OWID_OCE,2014,442693300.0
Oceania,OWID_OCE,2015,451376030.0
Oceania,OWID_OCE,2016,460059040.0
Oceania,OWID_OCE,2017,465086850.0
Oceania,OWID_OCE,2018,467918750.0
Oceania,OWID_OCE,2019,468925470.0
Oceania,OWID_OCE,2020,449486300.0
Oceania,OWID_OCE,2021,439095170.0
Oceania,OWID_OCE,2022,433489800.0
Oceania,OWID_OCE,2023,433177120.0
Oceania,OWID_OCE,2024,436896640.0
South America,OWID_SAM,1844,24171.0
South America,OWID_SAM,1845,36046.0
South America,OWID_SAM,1846,45661.0
South America,OWID_SAM,1847,55846.0
South America,OWID_SAM,1848,63594.0
South America,OWID_SAM,1849,116034.0
South America,OWID_SAM,1850,94126.0
South America,OWID_SAM,1851,110448.0
South America,OWID_SAM,1852,180875.0
South America,OWID_SAM,1853,116529.0
South America,OWID_SAM,1854,5389.0
South America,OWID_SAM,1855,150900.0
South America,OWID_SAM,1856,556694.0
South America,OWID_SAM,1857,880976.0
South America,OWID_SAM,1858,962943.0
South America,OWID_SAM,1859,758669.0
South America,OWID_SAM,1860,1033002.0
South America,OWID_SAM,1861,950494.0
South America,OWID_SAM,1862,877144.0
South America,OWID_SAM,1863,962480.0
South America,OWID_SAM,1864,1182042.0
South America,OWID_SAM,1865,1383061.0
South America,OWID_SAM,1866,1886320.0
South America,OWID_SAM,1867,2003559.0
South America,OWID_SAM,1868,2330022.0
South America,OWID_SAM,1869,2088179.0
South America,OWID_SAM,1870,2135154.0
South America,OWID_SAM,1871,2261620.0
South America,OWID_SAM,1872,3012619.0
South America,OWID_SAM,1873,3308867.0
South America,OWID_SAM,1874,3742494.0
South America,OWID_SAM,1875,3243613.0
South America,OWID_SAM,1876,3202210.0
South America,OWID_SAM,1877,2987233.0
South America,OWID_SAM,1878,2919186.0
South America,OWID_SAM,1879,3020111.0
South America,OWID_SAM,1880,3453197.0
South America,OWID_SAM,1881,3751238.0
South America,OWID_SAM,1882,3832123.0
South America,OWID_SAM,1883,4075048.0
South America,OWID_SAM,1884,4632899.0
South America,OWID_SAM,1885,4829543.0
South America,OWID_SAM,1886,4530320.0
South America,OWID_SAM,1887,5250247.0
South America,OWID_SAM,1888,6387091.0
South America,OWID_SAM,1889,7538223.0
South America,OWID_SAM,1890,6329836.0
South America,OWID_SAM,1891,6584004.0
South America,OWID_SAM,1892,6727751.0
South America,OWID_SAM,1893,6725705.0
South America,OWID_SAM,1894,8401482.0
South America,OWID_SAM,1895,8548265.0
South America,OWID_SAM,1896,9217044.0
South America,OWID_SAM,1897,8561701.0
South America,OWID_SAM,1898,9186857.0
South America,OWID_SAM,1899,9629430.0
South America,OWID_SAM,1900,8932587.0
South America,OWID_SAM,1901,9644027.0
South America,OWID_SAM,1902,10289648.0
South America,OWID_SAM,1903,10492844.0
South America,OWID_SAM,1904,10929525.0
South America,OWID_SAM,1905,12766501.0
South America,OWID_SAM,1906,15509021.0
South America,OWID_SAM,1907,17710128.0
South America,OWID_SAM,1908,18709604.0
South America,OWID_SAM,1909,18441104.0
South America,OWID_SAM,1910,20672666.0
South America,OWID_SAM,1911,23954296.0
South America,OWID_SAM,1912,24730868.0
South America,OWID_SAM,1913,25967704.0
South America,OWID_SAM,1914,21570992.0
South America,OWID_SAM,1915,15675078.0
South America,OWID_SAM,1916,14646844.0
South America,OWID_SAM,1917,13086434.0
South America,OWID_SAM,1918,11650200.0
South America,OWID_SAM,1919,13630743.0
South America,OWID_SAM,1920,16127816.0
South America,OWID_SAM,1921,15376955.0
South America,OWID_SAM,1922,17538402.0
South America,OWID_SAM,1923,19904310.0
South America,OWID_SAM,1924,24937520.0
South America,OWID_SAM,1925,26465472.0
South America,OWID_SAM,1926,27506204.0
South America,OWID_SAM,1927,30158940.0
South America,OWID_SAM,1928,31606908.0
South America,OWID_SAM,1929,34773396.0
South America,OWID_SAM,1930,29601944.0
South America,OWID_SAM,1931,27014918.0
South America,OWID_SAM,1932,30424378.0
South America,OWID_SAM,1933,34371650.0
South America,OWID_SAM,1934,38439308.0
South America,OWID_SAM,1935,41464588.0
South America,OWID_SAM,1936,40896870.0
South America,OWID_SAM,1937,51129504.0
South America,OWID_SAM,1938,47639420.0
South America,OWID_SAM,1939,46572064.0
South America,OWID_SAM,1940,50912532.0
South America,OWID_SAM,1941,51506230.0
South America,OWID_SAM,1942,48387430.0
South America,OWID_SAM,1943,49034136.0
South America,OWID_SAM,1944,54083316.0
South America,OWID_SAM,1945,54755708.0
South America,OWID_SAM,1946,57635230.0
South America,OWID_SAM,1947,62898948.0
South America,OWID_SAM,1948,70073040.0
South America,OWID_SAM,1949,71232510.0
South America,OWID_SAM,1950,113413520.0
South America,OWID_SAM,1951,131276936.0
South America,OWID_SAM,1952,141468580.0
South America,OWID_SAM,1953,140632350.0
South America,OWID_SAM,1954,151041460.0
South America,OWID_SAM,1955,170065740.0
South America,OWID_SAM,1956,184167710.0
South America,OWID_SAM,1957,192906660.0
South America,OWID_SAM,1958,178736500.0
South America,OWID_SAM,1959,196974220.0
South America,OWID_SAM,1960,199140540.0
South America,OWID_SAM,1961,201758850.0
South America,OWID_SAM,1962,215627580.0
South America,OWID_SAM,1963,219375540.0
South America,OWID_SAM,1964,230142290.0
South America,OWID_SAM,1965,240086050.0
South America,OWID_SAM,1966,251980850.0
South America,OWID_SAM,1967,267317540.0
South America,OWID_SAM,1968,287591260.0
South America,OWID_SAM,1969,311218700.0
South America,OWID_SAM,1970,337804860.0
South America,OWID_SAM,1971,346519460.0
South America,OWID_SAM,1972,362536600.0
South America,OWID_SAM,1973,392645570.0
South America,OWID_SAM,1974,416508540.0
South America,OWID_SAM,1975,411638300.0
South America,OWID_SAM,1976,419311460.0
South America,OWID_SAM,1977,434795700.0
South America,OWID_SAM,1978,462104900.0
South America,OWID_SAM,1979,494344740.0
South America,OWID_SAM,1980,508381280.0
South America,OWID_SAM,1981,489757760.0
South America,OWID_SAM,1982,490925340.0
South America,OWID_SAM,1983,485902700.0
South America,OWID_SAM,1984,491551200.0
South America,OWID_SAM,1985,501907420.0
South America,OWID_SAM,1986,529881470.0
South America,OWID_SAM,1987,557404000.0
South America,OWID_SAM,1988,580437800.0
South America,OWID_SAM,1989,579902140.0
South America,OWID_SAM,1990,598367400.0
South America,OWID_SAM,1991,606069060.0
South America,OWID_SAM,1992,617997500.0
South America,OWID_SAM,1993,652739200.0
South America,OWID_SAM,1994,655626000.0
South America,OWID_SAM,1995,689657540.0
South America,OWID_SAM,1996,719898600.0
South America,OWID_SAM,1997,766825300.0
South America,OWID_SAM,1998,791080640.0
South America,OWID_SAM,1999,812940160.0
South America,OWID_SAM,2000,812034600.0
South America,OWID_SAM,2001,791451000.0
South America,OWID_SAM,2002,819742700.0
South America,OWID_SAM,2003,820543900.0
South America,OWID_SAM,2004,857033500.0
South America,OWID_SAM,2005,881900700.0
South America,OWID_SAM,2006,909777900.0
South America,OWID_SAM,2007,944882940.0
South America,OWID_SAM,2008,988742600.0
South America,OWID_SAM,2009,961341500.0
South America,OWID_SAM,2010,1072125250.0
South America,OWID_SAM,2011,1088221400.0
South America,OWID_SAM,2012,1142113800.0
South America,OWID_SAM,2013,1205617700.0
South America,OWID_SAM,2014,1221043200.0
South America,OWID_SAM,2015,1186978400.0
South America,OWID_SAM,2016,1142483500.0
South America,OWID_SAM,2017,1125791900.0
South America,OWID_SAM,2018,1082037000.0
South America,OWID_SAM,2019,1094835500.0
South America,OWID_SAM,2020,983969540.0
South America,OWID_SAM,2021,1110534700.0
South America,OWID_SAM,2022,1100027800.0
South America,OWID_SAM,2023,1107388300.0
South America,OWID_SAM,2024,1109841200.0
Upper-middle-income countries,OWID_UMC,1830,5978.0
Upper-middle-income countries,OWID_UMC,1831,7172.0
Upper-middle-income countries,OWID_UMC,1832,4781.0
Upper-middle-income countries,OWID_UMC,1833,5978.0
Upper-middle-income countries,OWID_UMC,1850,37054.0
Upper-middle-income countries,OWID_UMC,1855,112361.0
Upper-middle-income countries,OWID_UMC,1856,696783.0
Upper-middle-income countries,OWID_UMC,1857,758224.0
Upper-middle-income countries,OWID_UMC,1858,913958.0
Upper-middle-income countries,OWID_UMC,1859,937885.0
Upper-middle-income countries,OWID_UMC,1860,1067460.0
Upper-middle-income countries,OWID_UMC,1861,1287803.0
Upper-middle-income countries,OWID_UMC,1862,1373477.0
Upper-middle-income countries,OWID_UMC,1863,1239757.0
Upper-middle-income countries,OWID_UMC,1864,1594777.0
Upper-middle-income countries,OWID_UMC,1865,1853027.0
Upper-middle-income countries,OWID_UMC,1866,2764075.0
Upper-middle-income countries,OWID_UMC,1867,2702917.0
Upper-middle-income countries,OWID_UMC,1868,2816101.0
Upper-middle-income countries,OWID_UMC,1869,3053191.0
Upper-middle-income countries,OWID_UMC,1870,3228125.0
Upper-middle-income countries,OWID_UMC,1871,3952690.0
Upper-middle-income countries,OWID_UMC,1872,4282065.0
Upper-middle-income countries,OWID_UMC,1873,4329420.0
Upper-middle-income countries,OWID_UMC,1874,4562661.0
Upper-middle-income countries,OWID_UMC,1875,4798639.0
Upper-middle-income countries,OWID_UMC,1876,5000988.0
Upper-middle-income countries,OWID_UMC,1877,5252110.0
Upper-middle-income countries,OWID_UMC,1878,6178100.0
Upper-middle-income countries,OWID_UMC,1879,6108136.0
Upper-middle-income countries,OWID_UMC,1880,6712424.0
Upper-middle-income countries,OWID_UMC,1881,7194259.0
Upper-middle-income countries,OWID_UMC,1882,7484563.0
Upper-middle-income countries,OWID_UMC,1883,8555910.0
Upper-middle-income countries,OWID_UMC,1884,9044573.0
Upper-middle-income countries,OWID_UMC,1885,9669161.0
Upper-middle-income countries,OWID_UMC,1886,9840332.0
Upper-middle-income countries,OWID_UMC,1887,11013994.0
Upper-middle-income countries,OWID_UMC,1888,11785008.0
Upper-middle-income countries,OWID_UMC,1889,13558808.0
Upper-middle-income countries,OWID_UMC,1890,14290282.0
Upper-middle-income countries,OWID_UMC,1891,16008523.0
Upper-middle-income countries,OWID_UMC,1892,18517344.0
Upper-middle-income countries,OWID_UMC,1893,21831570.0
Upper-middle-income countries,OWID_UMC,1894,23351512.0
Upper-middle-income countries,OWID_UMC,1895,26494924.0
Upper-middle-income countries,OWID_UMC,1896,28367300.0
Upper-middle-income countries,OWID_UMC,1897,31963646.0
Upper-middle-income countries,OWID_UMC,1898,36312930.0
Upper-middle-income countries,OWID_UMC,1899,40043270.0
Upper-middle-income countries,OWID_UMC,1900,39393444.0
Upper-middle-income countries,OWID_UMC,1901,43858364.0
Upper-middle-income countries,OWID_UMC,1902,44903164.0
Upper-middle-income countries,OWID_UMC,1903,49447070.0
Upper-middle-income countries,OWID_UMC,1904,55550120.0
Upper-middle-income countries,OWID_UMC,1905,56747584.0
Upper-middle-income countries,OWID_UMC,1906,64603484.0
Upper-middle-income countries,OWID_UMC,1907,91052504.0
Upper-middle-income countries,OWID_UMC,1908,95547336.0
Upper-middle-income countries,OWID_UMC,1909,101604910.0
Upper-middle-income countries,OWID_UMC,1910,106853704.0
Upper-middle-income countries,OWID_UMC,1911,114477840.0
Upper-middle-income countries,OWID_UMC,1912,111540400.0
Upper-middle-income countries,OWID_UMC,1913,130762800.0
Upper-middle-income countries,OWID_UMC,1914,121709820.0
Upper-middle-income countries,OWID_UMC,1915,117355200.0
Upper-middle-income countries,OWID_UMC,1916,130462540.0
Upper-middle-income countries,OWID_UMC,1917,139878660.0
Upper-middle-income countries,OWID_UMC,1918,126137230.0
Upper-middle-income countries,OWID_UMC,1919,143683440.0
Upper-middle-income countries,OWID_UMC,1920,190412210.0
Upper-middle-income countries,OWID_UMC,1921,202322380.0
Upper-middle-income countries,OWID_UMC,1922,204144530.0
Upper-middle-income countries,OWID_UMC,1923,211295800.0
Upper-middle-income countries,OWID_UMC,1924,221335920.0
Upper-middle-income countries,OWID_UMC,1925,212255100.0
Upper-middle-income countries,OWID_UMC,1926,209162500.0
Upper-middle-income countries,OWID_UMC,1927,212131580.0
Upper-middle-income countries,OWID_UMC,1928,215363490.0
Upper-middle-income countries,OWID_UMC,1929,224212060.0
Upper-middle-income countries,OWID_UMC,1930,233368420.0
Upper-middle-income countries,OWID_UMC,1931,232956670.0
Upper-middle-income countries,OWID_UMC,1932,236416930.0
Upper-middle-income countries,OWID_UMC,1933,258397250.0
Upper-middle-income countries,OWID_UMC,1934,295753800.0
Upper-middle-income countries,OWID_UMC,1935,330775970.0
Upper-middle-income countries,OWID_UMC,1936,359984600.0
Upper-middle-income countries,OWID_UMC,1937,376469280.0
Upper-middle-income countries,OWID_UMC,1938,375473900.0
Upper-middle-income countries,OWID_UMC,1939,396335140.0
Upper-middle-income countries,OWID_UMC,1940,433628100.0
Upper-middle-income countries,OWID_UMC,1941,418364220.0
Upper-middle-income countries,OWID_UMC,1942,359287300.0
Upper-middle-income countries,OWID_UMC,1943,360676060.0
Upper-middle-income countries,OWID_UMC,1944,399038530.0
Upper-middle-income countries,OWID_UMC,1945,372699740.0
Upper-middle-income countries,OWID_UMC,1946,381162800.0
Upper-middle-income countries,OWID_UMC,1947,430860860.0
Upper-middle-income countries,OWID_UMC,1948,455648860.0
Upper-middle-income countries,OWID_UMC,1949,443767200.0
Upper-middle-income countries,OWID_UMC,1950,520621150.0
Upper-middle-income countries,OWID_UMC,1951,579755500.0
Upper-middle-income countries,OWID_UMC,1952,639454900.0
Upper-middle-income countries,OWID_UMC,1953,665406000.0
Upper-middle-income countries,OWID_UMC,1954,731464770.0
Upper-middle-income countries,OWID_UMC,1955,852214300.0
Upper-middle-income countries,OWID_UMC,1956,937865500.0
Upper-middle-income countries,OWID_UMC,1957,1035876160.0
Upper-middle-income countries,OWID_UMC,1958,1354764900.0
Upper-middle-income countries,OWID_UMC,1959,1588902800.0
Upper-middle-income countries,OWID_UMC,1960,1718468500.0
Upper-middle-income countries,OWID_UMC,1961,1526415100.0
Upper-middle-income countries,OWID_UMC,1962,1461086200.0
Upper-middle-income countries,OWID_UMC,1963,1512354200.0
Upper-middle-income countries,OWID_UMC,1964,1602786000.0
Upper-middle-income countries,OWID_UMC,1965,1716654800.0
Upper-middle-income countries,OWID_UMC,1966,1859029000.0
Upper-middle-income countries,OWID_UMC,1967,1845546000.0
Upper-middle-income countries,OWID_UMC,1968,1976036900.0
Upper-middle-income countries,OWID_UMC,1969,2172825300.0
Upper-middle-income countries,OWID_UMC,1970,2489019600.0
Upper-middle-income countries,OWID_UMC,1971,2714385000.0
Upper-middle-income countries,OWID_UMC,1972,2861919000.0
Upper-middle-income countries,OWID_UMC,1973,3050857000.0
Upper-middle-income countries,OWID_UMC,1974,3136175600.0
Upper-middle-income countries,OWID_UMC,1975,3385840000.0
Upper-middle-income countries,OWID_UMC,1976,3574949000.0
Upper-middle-income countries,OWID_UMC,1977,3793124900.0
Upper-middle-income countries,OWID_UMC,1978,4078949600.0
Upper-middle-income countries,OWID_UMC,1979,4194498300.0
Upper-middle-income countries,OWID_UMC,1980,4214288000.0
Upper-middle-income countries,OWID_UMC,1981,4179504400.0
Upper-middle-income countries,OWID_UMC,1982,4404107300.0
Upper-middle-income countries,OWID_UMC,1983,4542596600.0
Upper-middle-income countries,OWID_UMC,1984,4759550500.0
Upper-middle-income countries,OWID_UMC,1985,5074959400.0
Upper-middle-income countries,OWID_UMC,1986,5252610000.0
Upper-middle-income countries,OWID_UMC,1987,5470499300.0
Upper-middle-income countries,OWID_UMC,1988,5741184000.0
Upper-middle-income countries,OWID_UMC,1989,5785062400.0
Upper-middle-income countries,OWID_UMC,1990,5840189000.0
Upper-middle-income countries,OWID_UMC,1991,5957064700.0
Upper-middle-income countries,OWID_UMC,1992,6051715600.0
Upper-middle-income countries,OWID_UMC,1993,6192009000.0
Upper-middle-income countries,OWID_UMC,1994,6346149400.0
Upper-middle-income countries,OWID_UMC,1995,6671315500.0
Upper-middle-income countries,OWID_UMC,1996,6897910300.0
Upper-middle-income countries,OWID_UMC,1997,7020902400.0
Upper-middle-income countries,OWID_UMC,1998,6885677600.0
Upper-middle-income countries,OWID_UMC,1999,7117012500.0
Upper-middle-income countries,OWID_UMC,2000,7283093500.0
Upper-middle-income countries,OWID_UMC,2001,7457582000.0
Upper-middle-income countries,OWID_UMC,2002,7856508400.0
Upper-middle-income countries,OWID_UMC,2003,8836504000.0
Upper-middle-income countries,OWID_UMC,2004,9437613000.0
Upper-middle-income countries,OWID_UMC,2005,10220721000.0
Upper-middle-income countries,OWID_UMC,2006,10963196000.0
Upper-middle-income countries,OWID_UMC,2007,11563376000.0
Upper-middle-income countries,OWID_UMC,2008,12229872000.0
Upper-middle-income countries,OWID_UMC,2009,12580816000.0
Upper-middle-income countries,OWID_UMC,2010,13549095000.0
Upper-middle-income countries,OWID_UMC,2011,14675714000.0
Upper-middle-income countries,OWID_UMC,2012,15097091000.0
Upper-middle-income countries,OWID_UMC,2013,15338837000.0
Upper-middle-income countries,OWID_UMC,2014,15540644000.0
Upper-middle-income countries,OWID_UMC,2015,15453602000.0
Upper-middle-income countries,OWID_UMC,2016,15374789000.0
Upper-middle-income countries,OWID_UMC,2017,15763591000.0
Upper-middle-income countries,OWID_UMC,2018,16221612000.0
Upper-middle-income countries,OWID_UMC,2019,16807908000.0
Upper-middle-income countries,OWID_UMC,2020,16696054000.0
Upper-middle-income countries,OWID_UMC,2021,17318461000.0
Upper-middle-income countries,OWID_UMC,2022,17864212000.0
Upper-middle-income countries,OWID_UMC,2023,18462271000.0
Upper-middle-income countries,OWID_UMC,2024,18711454000.0
World,OWID_WRL,1750,9305937.0
World,OWID_WRL,1751,9407229.0
World,OWID_WRL,1752,9505168.0
World,OWID_WRL,1753,9610490.0
World,OWID_WRL,1754,9733580.0
World,OWID_WRL,1755,9793468.0
World,OWID_WRL,1756,9909914.0
World,OWID_WRL,1757,10093936.0
World,OWID_WRL,1758,10216358.0
World,OWID_WRL,1759,10338854.0
World,OWID_WRL,1760,10514331.0
World,OWID_WRL,1761,10747885.0
World,OWID_WRL,1762,10952198.0
World,OWID_WRL,1763,11191592.0
World,OWID_WRL,1764,11396982.0
World,OWID_WRL,1765,11643486.0
World,OWID_WRL,1766,11876080.0
World,OWID_WRL,1767,12152509.0
World,OWID_WRL,1768,12466936.0
World,OWID_WRL,1769,12780074.0
World,OWID_WRL,1770,13097216.0
World,OWID_WRL,1771,13369488.0
World,OWID_WRL,1772,13623507.0
World,OWID_WRL,1773,13808138.0
World,OWID_WRL,1774,14012415.0
World,OWID_WRL,1775,14338920.0
World,OWID_WRL,1776,14654124.0
World,OWID_WRL,1777,14959537.0
World,OWID_WRL,1778,15243483.0
World,OWID_WRL,1779,15535235.0
World,OWID_WRL,1780,15878726.0
World,OWID_WRL,1781,16234383.0
World,OWID_WRL,1782,16580954.0
World,OWID_WRL,1783,17062752.0
World,OWID_WRL,1784,17471092.0
World,OWID_WRL,1785,17965128.0
World,OWID_WRL,1786,18447496.0
World,OWID_WRL,1787,18859130.0
World,OWID_WRL,1788,19286228.0
World,OWID_WRL,1789,19863424.0
World,OWID_WRL,1790,20398094.0
World,OWID_WRL,1791,20931750.0
World,OWID_WRL,1792,21929214.0
World,OWID_WRL,1793,22297260.0
World,OWID_WRL,1794,22519656.0
World,OWID_WRL,1795,22315246.0
World,OWID_WRL,1796,22121374.0
World,OWID_WRL,1797,22090078.0
World,OWID_WRL,1798,23105928.0
World,OWID_WRL,1799,27485206.0
World,OWID_WRL,1800,32798352.0
World,OWID_WRL,1801,31986050.0
World,OWID_WRL,1802,40310476.0
World,OWID_WRL,1803,29538506.0
World,OWID_WRL,1804,31769176.0
World,OWID_WRL,1805,31251818.0
World,OWID_WRL,1806,32704620.0
World,OWID_WRL,1807,36200652.0
World,OWID_WRL,1808,35497788.0
World,OWID_WRL,1809,36333812.0
World,OWID_WRL,1810,39492310.0
World,OWID_WRL,1811,40176680.0
World,OWID_WRL,1812,40814520.0
World,OWID_WRL,1813,41206140.0
World,OWID_WRL,1814,42226650.0
World,OWID_WRL,1815,43587264.0
World,OWID_WRL,1816,45496580.0
World,OWID_WRL,1817,49275920.0
World,OWID_WRL,1818,51392010.0
World,OWID_WRL,1819,50930170.0
World,OWID_WRL,1820,50733076.0
World,OWID_WRL,1821,52059348.0
World,OWID_WRL,1822,54021710.0
World,OWID_WRL,1823,56357760.0
World,OWID_WRL,1824,57583636.0
World,OWID_WRL,1825,60730864.0
World,OWID_WRL,1826,61382130.0
World,OWID_WRL,1827,65738572.0
World,OWID_WRL,1828,66681790.0
World,OWID_WRL,1829,66307412.0
World,OWID_WRL,1830,88988500.0
World,OWID_WRL,1831,83250904.0
World,OWID_WRL,1832,82091750.0
World,OWID_WRL,1833,83248940.0
World,OWID_WRL,1834,88763100.0
World,OWID_WRL,1835,97399600.0
World,OWID_WRL,1836,106894500.0
World,OWID_WRL,1837,106199420.0
World,OWID_WRL,1838,105845260.0
World,OWID_WRL,1839,109653030.0
World,OWID_WRL,1840,118808510.0
World,OWID_WRL,1841,122165550.0
World,OWID_WRL,1842,129388790.0
World,OWID_WRL,1843,132369384.0
World,OWID_WRL,1844,141966450.0
World,OWID_WRL,1845,155073400.0
World,OWID_WRL,1846,157701780.0
World,OWID_WRL,1847,170796750.0
World,OWID_WRL,1848,173643470.0
World,OWID_WRL,1849,185048030.0
World,OWID_WRL,1850,196847600.0
World,OWID_WRL,1851,198778540.0
World,OWID_WRL,1852,207595090.0
World,OWID_WRL,1853,217236980.0
World,OWID_WRL,1854,255038560.0
World,OWID_WRL,1855,260259860.0
World,OWID_WRL,1856,278245630.0
World,OWID_WRL,1857,281181060.0
World,OWID_WRL,1858,285548380.0
World,OWID_WRL,1859,302572160.0
World,OWID_WRL,1860,332298430.0
World,OWID_WRL,1861,349190140.0
World,OWID_WRL,1862,355991070.0
World,OWID_WRL,1863,379534880.0
World,OWID_WRL,1864,409525400.0
World,OWID_WRL,1865,434851330.0
World,OWID_WRL,1866,449067000.0
World,OWID_WRL,1867,480813900.0
World,OWID_WRL,1868,494493540.0
World,OWID_WRL,1869,524731070.0
World,OWID_WRL,1870,536123300.0
World,OWID_WRL,1871,569776640.0
World,OWID_WRL,1872,630961500.0
World,OWID_WRL,1873,670467200.0
World,OWID_WRL,1874,628662200.0
World,OWID_WRL,1875,681048000.0
World,OWID_WRL,1876,690582500.0
World,OWID_WRL,1877,704032830.0
World,OWID_WRL,1878,709649540.0
World,OWID_WRL,1879,759794370.0
World,OWID_WRL,1880,858227800.0
World,OWID_WRL,1881,888172540.0
World,OWID_WRL,1882,938158100.0
World,OWID_WRL,1883,997862460.0
World,OWID_WRL,1884,1009762000.0
World,OWID_WRL,1885,1017489150.0
World,OWID_WRL,1886,1032987300.0
World,OWID_WRL,1887,1084283300.0
World,OWID_WRL,1888,1201341700.0
World,OWID_WRL,1889,1202097500.0
World,OWID_WRL,1890,1307255600.0
World,OWID_WRL,1891,1369598300.0
World,OWID_WRL,1892,1380536200.0
World,OWID_WRL,1893,1363179500.0
World,OWID_WRL,1894,1412227300.0
World,OWID_WRL,1895,1495963900.0
World,OWID_WRL,1896,1545450800.0
World,OWID_WRL,1897,1618405200.0
World,OWID_WRL,1898,1706966500.0
World,OWID_WRL,1899,1864424200.0
World,OWID_WRL,1900,1962883800.0
World,OWID_WRL,1901,2025628200.0
World,OWID_WRL,1902,2076956000.0
World,OWID_WRL,1903,2264592000.0
World,OWID_WRL,1904,2290254800.0
World,OWID_WRL,1905,2440570600.0
World,OWID_WRL,1906,2548978200.0
World,OWID_WRL,1907,2904949200.0
World,OWID_WRL,1908,2790395100.0
World,OWID_WRL,1909,2907111700.0
World,OWID_WRL,1910,3050273000.0
World,OWID_WRL,1911,3097207300.0
World,OWID_WRL,1912,3253928700.0
World,OWID_WRL,1913,3524845800.0
World,OWID_WRL,1914,3197750000.0
World,OWID_WRL,1915,3148030700.0
World,OWID_WRL,1916,3400232200.0
World,OWID_WRL,1917,3556498400.0
World,OWID_WRL,1918,3506084600.0
World,OWID_WRL,1919,3041113000.0
World,OWID_WRL,1920,3546758000.0
World,OWID_WRL,1921,3114994000.0
World,OWID_WRL,1922,3264716800.0
World,OWID_WRL,1923,3702996000.0
World,OWID_WRL,1924,3716142600.0
World,OWID_WRL,1925,3740632800.0
World,OWID_WRL,1926,3677406700.0
World,OWID_WRL,1927,4012946700.0
World,OWID_WRL,1928,3996310500.0
World,OWID_WRL,1929,4288210000.0
World,OWID_WRL,1930,3958094600.0
World,OWID_WRL,1931,3539318800.0
World,OWID_WRL,1932,3192590000.0
World,OWID_WRL,1933,3362682000.0
World,OWID_WRL,1934,3656185600.0
World,OWID_WRL,1935,3835740700.0
World,OWID_WRL,1936,4207928800.0
World,OWID_WRL,1937,4496713000.0
World,OWID_WRL,1938,4229616600.0
World,OWID_WRL,1939,4470132000.0
World,OWID_WRL,1940,4884662000.0
World,OWID_WRL,1941,4999090000.0
World,OWID_WRL,1942,4982523400.0
World,OWID_WRL,1943,5075272700.0
World,OWID_WRL,1944,5162486000.0
World,OWID_WRL,1945,4289311500.0
World,OWID_WRL,1946,4608545300.0
World,OWID_WRL,1947,5165203500.0
World,OWID_WRL,1948,5447883000.0
World,OWID_WRL,1949,5204032500.0
World,OWID_WRL,1950,5930406000.0
World,OWID_WRL,1951,6381651000.0
World,OWID_WRL,1952,6467699700.0
World,OWID_WRL,1953,6651039000.0
World,OWID_WRL,1954,6789734000.0
World,OWID_WRL,1955,7444102700.0
World,OWID_WRL,1956,7926275000.0
World,OWID_WRL,1957,8185976300.0
World,OWID_WRL,1958,8417516500.0
World,OWID_WRL,1959,8855113000.0
World,OWID_WRL,1960,9386952000.0
World,OWID_WRL,1961,9414990000.0
World,OWID_WRL,1962,9747241000.0
World,OWID_WRL,1963,10266778000.0
World,OWID_WRL,1964,10824470000.0
World,OWID_WRL,1965,11310602000.0
World,OWID_WRL,1966,11862625000.0
World,OWID_WRL,1967,12237371000.0
World,OWID_WRL,1968,12905273000.0
World,OWID_WRL,1969,13761798000.0
World,OWID_WRL,1970,14899139000.0
World,OWID_WRL,1971,15503863000.0
World,OWID_WRL,1972,16224580000.0
World,OWID_WRL,1973,17077285000.0
World,OWID_WRL,1974,16997913000.0
World,OWID_WRL,1975,16988476000.0
World,OWID_WRL,1976,17862492000.0
World,OWID_WRL,1977,18358039000.0
World,OWID_WRL,1978,19024742000.0
World,OWID_WRL,1979,19508590000.0
World,OWID_WRL,1980,19409793000.0
World,OWID_WRL,1981,18879756000.0
World,OWID_WRL,1982,18729742000.0
World,OWID_WRL,1983,18901776000.0
World,OWID_WRL,1984,19457250000.0
World,OWID_WRL,1985,20144863000.0
World,OWID_WRL,1986,20438045000.0
World,OWID_WRL,1987,21106190000.0
World,OWID_WRL,1988,21918757000.0
World,OWID_WRL,1989,22200214000.0
World,OWID_WRL,1990,22732145000.0
World,OWID_WRL,1991,23205591000.0
World,OWID_WRL,1992,22520424000.0
World,OWID_WRL,1993,22749872000.0
World,OWID_WRL,1994,22974597000.0
World,OWID_WRL,1995,23516640000.0
World,OWID_WRL,1996,24233476000.0
World,OWID_WRL,1997,24380322000.0
World,OWID_WRL,1998,24295713000.0
World,OWID_WRL,1999,24837771000.0
World,OWID_WRL,2000,25511483000.0
World,OWID_WRL,2001,25692994000.0
World,OWID_WRL,2002,26265332000.0
World,OWID_WRL,2003,27652692000.0
World,OWID_WRL,2004,28610023000.0
World,OWID_WRL,2005,29598951000.0
World,OWID_WRL,2006,30594152000.0
World,OWID_WRL,2007,31499256000.0
World,OWID_WRL,2008,32049660000.0
World,OWID_WRL,2009,31513014000.0
World,OWID_WRL,2010,33317670000.0
World,OWID_WRL,2011,34479990000.0
World,OWID_WRL,2012,34954736000.0
World,OWID_WRL,2013,35275820000.0
World,OWID_WRL,2014,35465695000.0
World,OWID_WRL,2015,35403526000.0
World,OWID_WRL,2016,35392830000.0
World,OWID_WRL,2017,35974610000.0
World,OWID_WRL,2018,36734005000.0
World,OWID_WRL,2019,37086570000.0
World,OWID_WRL,2020,35158230000.0
World,OWID_WRL,2021,36866863000.0
World,OWID_WRL,2022,37527773000.0
World,OWID_WRL,2023,38094040000.0
World,OWID_WRL,2024,38598580000.0
Pakistan,PAK,1946,633646.0
Pakistan,PAK,1947,655283.0
Pakistan,PAK,1948,722012.0
Pakistan,PAK,1949,1024536.0
Pakistan,PAK,1950,5354962.0
Pakistan,PAK,1951,6612636.0
Pakistan,PAK,1952,6983431.0
Pakistan,PAK,1953,7106796.0
Pakistan,PAK,1954,7217736.0
Pakistan,PAK,1955,7437157.0
Pakistan,PAK,1956,8812264.0
Pakistan,PAK,1957,9104665.0
Pakistan,PAK,1958,10223614.0
Pakistan,PAK,1959,9921033.0
Pakistan,PAK,1960,11926437.0
Pakistan,PAK,1961,12349572.0
Pakistan,PAK,1962,13569882.0
Pakistan,PAK,1963,15600216.0
Pakistan,PAK,1964,16038961.0
Pakistan,PAK,1965,16829590.0
Pakistan,PAK,1966,17125746.0
Pakistan,PAK,1967,18175904.0
Pakistan,PAK,1968,20841790.0
Pakistan,PAK,1969,20213412.0
Pakistan,PAK,1970,20504408.0
Pakistan,PAK,1971,19440704.0
Pakistan,PAK,1972,18903050.0
Pakistan,PAK,1973,20008478.0
Pakistan,PAK,1974,21387398.0
Pakistan,PAK,1975,23187848.0
Pakistan,PAK,1976,22788524.0
Pakistan,PAK,1977,24319874.0
Pakistan,PAK,1978,26050556.0
Pakistan,PAK,1979,28134454.0
Pakistan,PAK,1980,31931550.0
Pakistan,PAK,1981,34232830.0
Pakistan,PAK,1982,37189620.0
Pakistan,PAK,1983,40022190.0
Pakistan,PAK,1984,42557330.0
Pakistan,PAK,1985,46813544.0
Pakistan,PAK,1986,49058620.0
Pakistan,PAK,1987,52988736.0
Pakistan,PAK,1988,57607376.0
Pakistan,PAK,1989,60316616.0
Pakistan,PAK,1990,67827370.0
Pakistan,PAK,1991,67477100.0
Pakistan,PAK,1992,72014920.0
Pakistan,PAK,1993,77175720.0
Pakistan,PAK,1994,84018296.0
Pakistan,PAK,1995,83614360.0
Pakistan,PAK,1996,93542460.0
Pakistan,PAK,1997,93788160.0
Pakistan,PAK,1998,96740740.0
Pakistan,PAK,1999,99389330.0
Pakistan,PAK,2000,103939720.0
Pakistan,PAK,2001,105400680.0
Pakistan,PAK,2002,110566250.0
Pakistan,PAK,2003,113141820.0
Pakistan,PAK,2004,124636830.0
Pakistan,PAK,2005,129947430.0
Pakistan,PAK,2006,137911580.0
Pakistan,PAK,2007,148349010.0
Pakistan,PAK,2008,147901400.0
Pakistan,PAK,2009,148354980.0
Pakistan,PAK,2010,147503980.0
Pakistan,PAK,2011,149488300.0
Pakistan,PAK,2012,150555070.0
Pakistan,PAK,2013,148183040.0
Pakistan,PAK,2014,150809500.0
Pakistan,PAK,2015,144895550.0
Pakistan,PAK,2016,176740980.0
Pakistan,PAK,2017,211980740.0
Pakistan,PAK,2018,203499680.0
Pakistan,PAK,2019,190825870.0
Pakistan,PAK,2020,215509550.0
Pakistan,PAK,2021,243552350.0
Pakistan,PAK,2022,211969710.0
Pakistan,PAK,2023,186860880.0
Pakistan,PAK,2024,179800380.0
Panama,PAN,1904,2221.0
Panama,PAN,1905,2762.0
Panama,PAN,1906,4886.0
Panama,PAN,1907,9015.0
Panama,PAN,1908,10721.0
Panama,PAN,1909,12424.0
Panama,PAN,1910,14648.0
Panama,PAN,1911,14732.0
Panama,PAN,1912,14463.0
Panama,PAN,1913,12611.0
Panama,PAN,1914,10698.0
Panama,PAN,1915,12011.0
Panama,PAN,1916,14658.0
Panama,PAN,1917,16722.0
Panama,PAN,1918,14753.0
Panama,PAN,1919,2565.0
Panama,PAN,1920,4912.0
Panama,PAN,1921,7133.0
Panama,PAN,1922,3534.0
Panama,PAN,1923,634.0
Panama,PAN,1924,8000.0005
Panama,PAN,1925,11475.0
Panama,PAN,1926,17123.0
Panama,PAN,1927,13278.0
Panama,PAN,1928,12483.0
Panama,PAN,1929,15499.0
Panama,PAN,1930,11198.0
Panama,PAN,1931,8774.0
Panama,PAN,1932,6876.0
Panama,PAN,1933,5386.0
Panama,PAN,1934,4222.0
Panama,PAN,1935,3309.0
Panama,PAN,1936,2593.0
Panama,PAN,1937,2031.0001
Panama,PAN,1938,1590.0
Panama,PAN,1939,1246.0
Panama,PAN,1940,977.0
Panama,PAN,1941,767.0
Panama,PAN,1942,767.0
Panama,PAN,1943,382.0
Panama,PAN,1944,382.0
Panama,PAN,1945,382.0
Panama,PAN,1946,382.0
Panama,PAN,1947,382.0
Panama,PAN,1948,22188.0
Panama,PAN,1949,25822.0
Panama,PAN,1950,710990.0
Panama,PAN,1951,750823.0
Panama,PAN,1952,908286.0
Panama,PAN,1953,816925.0
Panama,PAN,1954,717847.0
Panama,PAN,1955,790956.0
Panama,PAN,1956,739831.0
Panama,PAN,1957,915673.0
Panama,PAN,1958,1121046.0
Panama,PAN,1959,1300467.0
Panama,PAN,1960,1263634.0
Panama,PAN,1961,1344092.0
Panama,PAN,1962,1461431.0
Panama,PAN,1963,1739835.0
Panama,PAN,1964,2033015.0
Panama,PAN,1965,2124291.0
Panama,PAN,1966,2106239.0
Panama,PAN,1967,2150025.0
Panama,PAN,1968,2600704.0
Panama,PAN,1969,2384416.0
Panama,PAN,1970,2677403.0
Panama,PAN,1971,3078753.0
Panama,PAN,1972,3502346.0
Panama,PAN,1973,3959178.0
Panama,PAN,1974,3840496.0
Panama,PAN,1975,4765354.0
Panama,PAN,1976,4617252.0
Panama,PAN,1977,4579384.0
Panama,PAN,1978,3913282.0
Panama,PAN,1979,4190019.2
Panama,PAN,1980,3088200.0
Panama,PAN,1981,3304108.0
Panama,PAN,1982,3265476.0
Panama,PAN,1983,3467277.0
Panama,PAN,1984,2855398.0
Panama,PAN,1985,2714502.0
Panama,PAN,1986,2720436.0
Panama,PAN,1987,3164139.0
Panama,PAN,1988,2904736.0
Panama,PAN,1989,2502445.0
Panama,PAN,1990,2617690.0
Panama,PAN,1991,3088691.0
Panama,PAN,1992,4097877.0
Panama,PAN,1993,3749194.0
Panama,PAN,1994,4135693.0
Panama,PAN,1995,3608348.0
Panama,PAN,1996,4396612.0
Panama,PAN,1997,4572321.0
Panama,PAN,1998,5835110.0
Panama,PAN,1999,5551975.0
Panama,PAN,2000,5635844.0
Panama,PAN,2001,6909412.0
Panama,PAN,2002,5710004.0
Panama,PAN,2003,5928724.0
Panama,PAN,2004,5504644.0
Panama,PAN,2005,6741980.0
Panama,PAN,2006,7281958.0
Panama,PAN,2007,7133544.0
Panama,PAN,2008,6809098.0
Panama,PAN,2009,8051362.0
Panama,PAN,2010,9059720.0
Panama,PAN,2011,9899392.0
Panama,PAN,2012,9540322.0
Panama,PAN,2013,10273632.0
Panama,PAN,2014,10688621.0
Panama,PAN,2015,10652060.0
Panama,PAN,2016,10333790.0
Panama,PAN,2017,9567928.0
Panama,PAN,2018,9121047.0
Panama,PAN,2019,12448774.0
Panama,PAN,2020,6557340.0
Panama,PAN,2021,10144616.0
Panama,PAN,2022,11707350.0
Panama,PAN,2023,13002121.0
Panama,PAN,2024,12664428.0
Peru,PER,1856,50729.0
Peru,PER,1857,62158.0
Peru,PER,1858,44946.0
Peru,PER,1859,33271.0
Peru,PER,1860,57723.0
Peru,PER,1861,80414.0
Peru,PER,1862,70622.0
Peru,PER,1863,70701.0
Peru,PER,1864,128768.0
Peru,PER,1865,138086.0
Peru,PER,1866,163344.0
Peru,PER,1867,91191.0
Peru,PER,1868,194874.0
Peru,PER,1869,132280.0
Peru,PER,1870,244046.0
Peru,PER,1871,288486.0
Peru,PER,1872,507305.03
Peru,PER,1873,473529.0
Peru,PER,1874,328648.0
Peru,PER,1875,316671.0
Peru,PER,1876,237470.0
Peru,PER,1877,210498.0
Peru,PER,1878,207574.0
Peru,PER,1879,233907.0
Peru,PER,1880,122605.0
Peru,PER,1881,123677.0
Peru,PER,1882,179290.0
Peru,PER,1883,171303.0
Peru,PER,1884,232770.0
Peru,PER,1885,152248.0
Peru,PER,1886,142829.0
Peru,PER,1887,207990.0
Peru,PER,1888,470436.0
Peru,PER,1889,165407.0
Peru,PER,1890,184262.0
Peru,PER,1891,171922.0
Peru,PER,1892,218912.0
Peru,PER,1893,162350.0
Peru,PER,1894,151668.0
Peru,PER,1895,140244.0
Peru,PER,1896,131290.0
Peru,PER,1897,105419.0
Peru,PER,1898,176691.0
Peru,PER,1899,244359.0
Peru,PER,1900,283483.0
Peru,PER,1901,299496.0
Peru,PER,1902,295440.0
Peru,PER,1903,327765.0
Peru,PER,1904,461489.0
Peru,PER,1905,420968.0
Peru,PER,1906,506719.0
Peru,PER,1907,940402.0
Peru,PER,1908,1504462.0
Peru,PER,1909,1547684.0
Peru,PER,1910,1436402.0
Peru,PER,1911,1616499.0
Peru,PER,1912,1546172.0
Peru,PER,1913,1712101.0
Peru,PER,1914,1636065.0
Peru,PER,1915,1920770.0
Peru,PER,1916,2173128.0
Peru,PER,1917,2241069.0
Peru,PER,1918,2028328.0
Peru,PER,1919,2170677.0
Peru,PER,1920,2255411.0
Peru,PER,1921,2546784.0
Peru,PER,1922,3074222.0
Peru,PER,1923,3057655.0
Peru,PER,1924,3702117.0
Peru,PER,1925,4861794.0
Peru,PER,1926,4800699.0
Peru,PER,1927,4785192.0
Peru,PER,1928,5407921.0
Peru,PER,1929,7144172.0
Peru,PER,1930,5659205.0
Peru,PER,1931,4592557.0
Peru,PER,1932,4152478.2
Peru,PER,1933,6706794.0
Peru,PER,1934,6810378.0
Peru,PER,1935,7241789.0
Peru,PER,1936,7457412.0
Peru,PER,1937,8835484.0
Peru,PER,1938,8037337.5
Peru,PER,1939,5867372.0
Peru,PER,1940,5307257.0
Peru,PER,1941,5252282.0
Peru,PER,1942,6035904.0
Peru,PER,1943,6509864.0
Peru,PER,1944,6429258.0
Peru,PER,1945,6192759.0
Peru,PER,1946,5625049.0
Peru,PER,1947,5812075.0
Peru,PER,1948,6338495.0
Peru,PER,1949,6593429.0
Peru,PER,1950,4545396.0
Peru,PER,1951,4772736.0
Peru,PER,1952,5186739.0
Peru,PER,1953,5512507.0
Peru,PER,1954,6234168.0
Peru,PER,1955,6124009.0
Peru,PER,1956,6310843.0
Peru,PER,1957,6673609.0
Peru,PER,1958,7373195.0
Peru,PER,1959,7215732.0
Peru,PER,1960,8164620.5
Peru,PER,1961,8633641.0
Peru,PER,1962,9959593.0
Peru,PER,1963,10223164.0
Peru,PER,1964,12252782.0
Peru,PER,1965,11951530.0
Peru,PER,1966,13241052.0
Peru,PER,1967,13640338.0
Peru,PER,1968,14486633.0
Peru,PER,1969,15285267.0
Peru,PER,1970,17765824.0
Peru,PER,1971,18590718.0
Peru,PER,1972,18147972.0
Peru,PER,1973,19722846.0
Peru,PER,1974,21325154.0
Peru,PER,1975,21927228.0
Peru,PER,1976,22400364.0
Peru,PER,1977,23295968.0
Peru,PER,1978,22412698.0
Peru,PER,1979,22217276.0
Peru,PER,1980,24064700.0
Peru,PER,1981,24026774.0
Peru,PER,1982,23600102.0
Peru,PER,1983,20392858.0
Peru,PER,1984,20632454.0
Peru,PER,1985,19454626.0
Peru,PER,1986,21775106.0
Peru,PER,1987,25693674.0
Peru,PER,1988,25018144.0
Peru,PER,1989,21762108.0
Peru,PER,1990,21400794.0
Peru,PER,1991,20757894.0
Peru,PER,1992,20985784.0
Peru,PER,1993,23884756.0
Peru,PER,1994,24176558.0
Peru,PER,1995,25143060.0
Peru,PER,1996,24717086.0
Peru,PER,1997,27747166.0
Peru,PER,1998,28065826.0
Peru,PER,1999,29562408.0
Peru,PER,2000,28677526.0
Peru,PER,2001,25260150.0
Peru,PER,2002,25591744.0
Peru,PER,2003,24914172.0
Peru,PER,2004,28503630.0
Peru,PER,2005,30321106.0
Peru,PER,2006,28299266.0
Peru,PER,2007,34566920.0
Peru,PER,2008,35572416.0
Peru,PER,2009,39423844.0
Peru,PER,2010,42505100.0
Peru,PER,2011,42326790.0
Peru,PER,2012,45508680.0
Peru,PER,2013,42717744.0
Peru,PER,2014,49388020.0
Peru,PER,2015,49204056.0
Peru,PER,2016,52697668.0
Peru,PER,2017,54726350.0
Peru,PER,2018,56013570.0
Peru,PER,2019,58668280.0
Peru,PER,2020,47236736.0
Peru,PER,2021,59961856.0
Peru,PER,2022,64784804.0
Peru,PER,2023,66064750.0
Peru,PER,2024,70246650.0
Philippines,PHL,1907,7328.0
Philippines,PHL,1908,18320.0
Philippines,PHL,1909,54960.0
Philippines,PHL,1910,51296.0
Philippines,PHL,1911,36640.0
Philippines,PHL,1912,3664.0
Philippines,PHL,1913,7328.0
Philippines,PHL,1914,18320.0
Philippines,PHL,1915,54960.0
Philippines,PHL,1916,51296.0
Philippines,PHL,1917,10992.0
Philippines,PHL,1918,29312.0
Philippines,PHL,1919,58624.0
Philippines,PHL,1920,102592.0
Philippines,PHL,1921,69616.0
Philippines,PHL,1922,76944.0
Philippines,PHL,1923,76944.0
Philippines,PHL,1924,84272.0
Philippines,PHL,1925,84272.0
Philippines,PHL,1926,51296.0
Philippines,PHL,1927,40304.0
Philippines,PHL,1928,80341.0
Philippines,PHL,1929,69302.0
Philippines,PHL,1930,87520.0
Philippines,PHL,1931,80222.0
Philippines,PHL,1932,87480.0
Philippines,PHL,1933,76558.0
Philippines,PHL,1934,87550.0
Philippines,PHL,1935,98482.0
Philippines,PHL,1936,120377.0
Philippines,PHL,1937,120318.0
Philippines,PHL,1938,156869.0
Philippines,PHL,1939,84272.0
Philippines,PHL,1940,113584.0
Philippines,PHL,1941,90857.0
Philippines,PHL,1945,14537.0
Philippines,PHL,1946,113346.0
Philippines,PHL,1947,197321.0
Philippines,PHL,1948,215701.0
Philippines,PHL,1949,317966.0
Philippines,PHL,1950,3604187.0
Philippines,PHL,1951,3552832.0
Philippines,PHL,1952,4051136.0
Philippines,PHL,1953,4032875.0
Philippines,PHL,1954,5329872.0
Philippines,PHL,1955,6615580.0
Philippines,PHL,1956,6252694.0
Philippines,PHL,1957,6728718.0
Philippines,PHL,1958,7559911.0
Philippines,PHL,1959,7226130.0
Philippines,PHL,1960,8325063.0
Philippines,PHL,1961,8712524.0
Philippines,PHL,1962,10335915.0
Philippines,PHL,1963,11471815.0
Philippines,PHL,1964,12822820.0
Philippines,PHL,1965,13964649.0
Philippines,PHL,1966,16104099.0
Philippines,PHL,1967,18208880.0
Philippines,PHL,1968,22222780.0
Philippines,PHL,1969,22829460.0
Philippines,PHL,1970,24751418.0
Philippines,PHL,1971,27551672.0
Philippines,PHL,1972,26409366.0
Philippines,PHL,1973,31501326.0
Philippines,PHL,1974,30492320.0
Philippines,PHL,1975,32482444.0
Philippines,PHL,1976,35059840.0
Philippines,PHL,1977,36664212.0
Philippines,PHL,1978,37361770.0
Philippines,PHL,1979,38008588.0
Philippines,PHL,1980,36836760.0
Philippines,PHL,1981,34493372.0
Philippines,PHL,1982,34795250.0
Philippines,PHL,1983,35189280.0
Philippines,PHL,1984,30784570.0
Philippines,PHL,1985,27855376.0
Philippines,PHL,1986,28969364.0
Philippines,PHL,1987,32439126.0
Philippines,PHL,1988,37409076.0
Philippines,PHL,1989,38834464.0
Philippines,PHL,1990,40774044.0
Philippines,PHL,1991,42874456.0
Philippines,PHL,1992,47771740.0
Philippines,PHL,1993,48341996.0
Philippines,PHL,1994,53478676.0
Philippines,PHL,1995,59219920.0
Philippines,PHL,1996,60436716.0
Philippines,PHL,1997,69147080.0
Philippines,PHL,1998,67378680.0
Philippines,PHL,1999,67295010.0
Philippines,PHL,2000,71466690.0
Philippines,PHL,2001,69798890.0
Philippines,PHL,2002,69491704.0
Philippines,PHL,2003,69500720.0
Philippines,PHL,2004,71998710.0
Philippines,PHL,2005,72333944.0
Philippines,PHL,2006,65645516.0
Philippines,PHL,2007,70009960.0
Philippines,PHL,2008,76605016.0
Philippines,PHL,2009,75580700.0
Philippines,PHL,2010,82245890.0
Philippines,PHL,2011,82980290.0
Philippines,PHL,2012,87476270.0
Philippines,PHL,2013,94825430.0
Philippines,PHL,2014,100073816.0
Philippines,PHL,2015,111046296.0
Philippines,PHL,2016,120215624.0
Philippines,PHL,2017,133575610.0
Philippines,PHL,2018,139856770.0
Philippines,PHL,2019,142601220.0
Philippines,PHL,2020,131457416.0
Philippines,PHL,2021,140269500.0
Philippines,PHL,2022,150963020.0
Philippines,PHL,2023,160980460.0
Philippines,PHL,2024,174878000.0
Palau,PLW,1955,10992.0
Palau,PLW,1956,10992.0
Palau,PLW,1957,14656.0
Palau,PLW,1958,14656.0
Palau,PLW,1959,14656.0
Palau,PLW,1960,14656.0
Palau,PLW,1961,51296.0
Palau,PLW,1962,51296.0
Palau,PLW,1963,54960.0
Palau,PLW,1964,58624.0
Palau,PLW,1965,65952.0
Palau,PLW,1966,65952.0
Palau,PLW,1967,73280.0
Palau,PLW,1968,76944.0
Palau,PLW,1969,131904.0
Palau,PLW,1970,135568.0
Palau,PLW,1971,164880.0
Palau,PLW,1972,172208.0
Palau,PLW,1973,175872.0
Palau,PLW,1974,194192.0
Palau,PLW,1975,194192.0
Palau,PLW,1976,113584.0
Palau,PLW,1977,183200.0
Palau,PLW,1978,109920.0
Palau,PLW,1979,124576.0
Palau,PLW,1980,157552.0
Palau,PLW,1981,157552.0
Palau,PLW,1982,157552.0
Palau,PLW,1983,157552.0
Palau,PLW,1984,157552.0
Palau,PLW,1985,161216.0
Palau,PLW,1986,161216.0
Palau,PLW,1987,161216.0
Palau,PLW,1988,183200.0
Palau,PLW,1989,227168.0
Palau,PLW,1990,234496.0
Palau,PLW,1991,234496.0
Palau,PLW,1992,194192.0
Palau,PLW,1993,194192.0
Palau,PLW,1994,197856.0
Palau,PLW,1995,194192.0
Palau,PLW,1996,197856.0
Palau,PLW,1997,197856.0
Palau,PLW,1998,201520.0
Palau,PLW,1999,201520.0
Palau,PLW,2000,208848.0
Palau,PLW,2001,212512.0
Palau,PLW,2002,212512.0
Palau,PLW,2003,212512.0
Palau,PLW,2004,212512.0
Palau,PLW,2005,223504.0
Palau,PLW,2006,227168.0
Palau,PLW,2007,252815.98
Palau,PLW,2008,205184.0
Palau,PLW,2009,194192.0
Palau,PLW,2010,208848.0
Palau,PLW,2011,212512.0
Palau,PLW,2012,223504.0
Palau,PLW,2013,227168.0
Palau,PLW,2014,219840.0
Palau,PLW,2015,201520.0
Palau,PLW,2016,208848.0
Palau,PLW,2017,216176.0
Palau,PLW,2018,212512.0
Palau,PLW,2019,216176.0
Palau,PLW,2020,208848.0
Palau,PLW,2021,212512.0
Palau,PLW,2022,217235.0
Palau,PLW,2023,216209.0
Palau,PLW,2024,226099.0
Papua New Guinea,PNG,1950,54960.0
Papua New Guinea,PNG,1951,62288.0
Papua New Guinea,PNG,1952,84272.0
Papua New Guinea,PNG,1953,95264.0
Papua New Guinea,PNG,1954,95264.0
Papua New Guinea,PNG,1955,128240.01
Papua New Guinea,PNG,1956,128240.01
Papua New Guinea,PNG,1957,146560.0
Papua New Guinea,PNG,1958,146560.0
Papua New Guinea,PNG,1959,161216.0
Papua New Guinea,PNG,1960,179536.0
Papua New Guinea,PNG,1961,201520.0
Papua New Guinea,PNG,1962,197856.0
Papua New Guinea,PNG,1963,256480.02
Papua New Guinea,PNG,1964,267472.0
Papua New Guinea,PNG,1965,304112.0
Papua New Guinea,PNG,1966,340752.0
Papua New Guinea,PNG,1967,436016.0
Papua New Guinea,PNG,1968,501968.03
Papua New Guinea,PNG,1969,556928.0
Papua New Guinea,PNG,1970,692496.0
Papua New Guinea,PNG,1971,824400.0
Papua New Guinea,PNG,1972,1267744.0
Papua New Guinea,PNG,1973,1344688.0
Papua New Guinea,PNG,1974,1586512.0
Papua New Guinea,PNG,1975,1531552.0
Papua New Guinea,PNG,1976,1571856.0
Papua New Guinea,PNG,1977,1579184.0
Papua New Guinea,PNG,1978,1674448.0
Papua New Guinea,PNG,1979,1795360.0
Papua New Guinea,PNG,1980,1828336.0
Papua New Guinea,PNG,1981,1930928.0
Papua New Guinea,PNG,1982,1945584.0
Papua New Guinea,PNG,1983,2007872.1
Papua New Guinea,PNG,1984,2044512.0
Papua New Guinea,PNG,1985,2125120.0
Papua New Guinea,PNG,1986,2062832.1
Papua New Guinea,PNG,1987,2333968.0
Papua New Guinea,PNG,1988,2198400.0
Papua New Guinea,PNG,1989,2033520.0
Papua New Guinea,PNG,1990,2154432.0
Papua New Guinea,PNG,1991,2172752.0
Papua New Guinea,PNG,1992,2191072.0
Papua New Guinea,PNG,1993,2194736.0
Papua New Guinea,PNG,1994,2185931.0
Papua New Guinea,PNG,1995,2051840.1
Papua New Guinea,PNG,1996,2197386.0
Papua New Guinea,PNG,1997,2611134.0
Papua New Guinea,PNG,1998,3536205.0
Papua New Guinea,PNG,1999,2548491.0
Papua New Guinea,PNG,2000,2937897.0
Papua New Guinea,PNG,2001,3335971.0
Papua New Guinea,PNG,2002,3666106.0
Papua New Guinea,PNG,2003,4053443.0
Papua New Guinea,PNG,2004,4687092.0
Papua New Guinea,PNG,2005,4983829.0
Papua New Guinea,PNG,2006,5050944.0
Papua New Guinea,PNG,2007,6581091.0
Papua New Guinea,PNG,2008,5544582.0
Papua New Guinea,PNG,2009,5264624.0
Papua New Guinea,PNG,2010,4714717.0
Papua New Guinea,PNG,2011,5298421.0
Papua New Guinea,PNG,2012,4372445.0
Papua New Guinea,PNG,2013,4531958.0
Papua New Guinea,PNG,2014,6124890.0
Papua New Guinea,PNG,2015,6316259.0
Papua New Guinea,PNG,2016,7024071.0
Papua New Guinea,PNG,2017,6550140.0
Papua New Guinea,PNG,2018,7595904.0
Papua New Guinea,PNG,2019,7582732.0
Papua New Guinea,PNG,2020,7910788.0
Papua New Guinea,PNG,2021,7873085.0
Papua New Guinea,PNG,2022,8436025.0
Papua New Guinea,PNG,2023,8357750.0
Papua New Guinea,PNG,2024,8345442.0
Poland,POL,1800,406704.0
Poland,POL,1801,443344.0
Poland,POL,1802,450672.0
Poland,POL,1803,461664.0
Poland,POL,1804,458000.0
Poland,POL,1805,571584.0
Poland,POL,1806,520288.0
Poland,POL,1807,377392.0
Poland,POL,1808,501968.03
Poland,POL,1809,472656.0
Poland,POL,1810,567920.0
Poland,POL,1811,589904.0
Poland,POL,1812,454336.0
Poland,POL,1813,381056.0
Poland,POL,1814,501968.03
Poland,POL,1815,589904.0
Poland,POL,1816,677840.0
Poland,POL,1817,743792.0
Poland,POL,1818,923328.0
Poland,POL,1819,758448.0
Poland,POL,1820,747456.0
Poland,POL,1821,828064.0
Poland,POL,1822,908672.0
Poland,POL,1823,1220112.0
Poland,POL,1824,1275072.0
Poland,POL,1825,1326368.0
Poland,POL,1826,1220112.0
Poland,POL,1827,1308048.0
Poland,POL,1828,1209120.0
Poland,POL,1829,1066224.0
Poland,POL,1830,989280.0
Poland,POL,1831,809744.0
Poland,POL,1832,1033247.94
Poland,POL,1833,1073552.0
Poland,POL,1834,1128512.0
Poland,POL,1835,1209120.0
Poland,POL,1836,1370336.0
Poland,POL,1837,1472928.0
Poland,POL,1838,1586512.0
Poland,POL,1839,1681776.0
Poland,POL,1840,1967568.0
Poland,POL,1841,2139776.0
Poland,POL,1842,2282672.0
Poland,POL,1843,2246032.0
Poland,POL,1844,2392592.0
Poland,POL,1845,2791968.0
Poland,POL,1846,2949520.0
Poland,POL,1847,3022800.0
Poland,POL,1848,3044784.0
Poland,POL,1849,3004480.0
Poland,POL,1850,3202336.0
Poland,POL,1851,3458816.0
Poland,POL,1852,4129327.8
Poland,POL,1853,4316192.0
Poland,POL,1854,4777856.0
Poland,POL,1855,5620576.0
Poland,POL,1856,6316736.0
Poland,POL,1857,6716112.0
Poland,POL,1858,7705392.0
Poland,POL,1859,7111824.0
Poland,POL,1860,7485552.0
Poland,POL,1861,7668752.0
Poland,POL,1862,8804592.0
Poland,POL,1863,10054016.0
Poland,POL,1864,11219168.0
Poland,POL,1865,12420960.0
Poland,POL,1866,12153488.0
Poland,POL,1867,13292992.0
Poland,POL,1868,15117664.0
Poland,POL,1869,15612304.0
Poland,POL,1870,16663872.0
Poland,POL,1871,18972192.0
Poland,POL,1872,20631984.0
Poland,POL,1873,22350400.0
Poland,POL,1874,24497504.0
Poland,POL,1875,24057824.0
Poland,POL,1876,24589104.0
Poland,POL,1877,23134496.0
Poland,POL,1878,24332624.0
Poland,POL,1879,26487056.0
Poland,POL,1880,26347824.0
Poland,POL,1881,26230576.0
Poland,POL,1882,27245504.0
Poland,POL,1883,29927552.0
Poland,POL,1884,31202624.0
Poland,POL,1885,32598606.0
Poland,POL,1886,33430336.0
Poland,POL,1887,33675824.0
Poland,POL,1888,37501040.0
Poland,POL,1889,40516510.0
Poland,POL,1890,41864864.0
Poland,POL,1891,45342000.0
Poland,POL,1892,43095970.0
Poland,POL,1893,45334670.0
Poland,POL,1894,46093120.0
Poland,POL,1895,48991344.0
Poland,POL,1896,52724960.0
Poland,POL,1897,55091904.0
Poland,POL,1898,59844110.0
Poland,POL,1899,61917936.0
Poland,POL,1900,63306590.0
Poland,POL,1901,66897308.0
Poland,POL,1902,65490332.0
Poland,POL,1903,68487490.0
Poland,POL,1904,69381500.0
Poland,POL,1905,74884830.0
Poland,POL,1906,78691730.0
Poland,POL,1907,87195870.0
Poland,POL,1908,93021630.0
Poland,POL,1909,95535140.0
Poland,POL,1910,94545860.0
Poland,POL,1911,99602180.0
Poland,POL,1912,110934930.0
Poland,POL,1913,116207420.0
Poland,POL,1914,97004400.0
Poland,POL,1915,94743710.0
Poland,POL,1916,108776830.0
Poland,POL,1917,120882690.0
Poland,POL,1918,101525780.0
Poland,POL,1919,2729680.0
Poland,POL,1920,76379740.0
Poland,POL,1921,74947120.0
Poland,POL,1922,71770430.0
Poland,POL,1923,52549090.0
Poland,POL,1924,47837184.0
Poland,POL,1925,48075344.0
Poland,POL,1926,48130304.0
Poland,POL,1927,60668510.0
Poland,POL,1928,62888132.0
Poland,POL,1929,72689690.0
Poland,POL,1930,56565140.0
Poland,POL,1931,54825896.0
Poland,POL,1932,41977020.0
Poland,POL,1933,43204224.0
Poland,POL,1934,45214510.0
Poland,POL,1935,46148330.0
Poland,POL,1936,49895770.0
Poland,POL,1937,56336130.0
Poland,POL,1938,59936084.0
Poland,POL,1939,51900560.0
Poland,POL,1940,167246940.0
Poland,POL,1941,164803060.0
Poland,POL,1942,181613490.0
Poland,POL,1943,197786380.0
Poland,POL,1944,189040420.0
Poland,POL,1945,59458176.0
Poland,POL,1946,104594220.0
Poland,POL,1947,91546216.0
Poland,POL,1948,88925240.0
Poland,POL,1949,105425784.0
Poland,POL,1950,111866456.0
Poland,POL,1951,121908720.0
Poland,POL,1952,127855490.0
Poland,POL,1953,139031820.0
Poland,POL,1954,147462200.0
Poland,POL,1955,154107070.0
Poland,POL,1956,166332940.0
Poland,POL,1957,178601840.0
Poland,POL,1958,176690610.0
Poland,POL,1959,189689440.0
Poland,POL,1960,199547760.0
Poland,POL,1961,207220750.0
Poland,POL,1962,216603520.0
Poland,POL,1963,231002450.0
Poland,POL,1964,242869550.0
Poland,POL,1965,246977200.0
Poland,POL,1966,252423660.0
Poland,POL,1967,259014370.0
Poland,POL,1968,275793760.0
Poland,POL,1969,293372540.0
Poland,POL,1970,304169120.0
Poland,POL,1971,312888160.0
Poland,POL,1972,329510140.0
Poland,POL,1973,335597200.0
Poland,POL,1974,346240320.0
Poland,POL,1975,374783740.0
Poland,POL,1976,398126080.0
Poland,POL,1977,417962270.0
Poland,POL,1978,430877380.0
Poland,POL,1979,441312400.0
Poland,POL,1980,463332830.0
Poland,POL,1981,409004300.0
Poland,POL,1982,420977760.0
Poland,POL,1983,421027420.0
Poland,POL,1984,432474620.0
Poland,POL,1985,444511580.0
Poland,POL,1986,451856000.0
Poland,POL,1987,463736300.0
Poland,POL,1988,444240900.0
Poland,POL,1989,422243800.0
Poland,POL,1990,376341540.0
Poland,POL,1991,373366000.0
Poland,POL,1992,364282660.0
Poland,POL,1993,364957820.0
Poland,POL,1994,359990980.0
Poland,POL,1995,362482900.0
Poland,POL,1996,377118620.0
Poland,POL,1997,367199100.0
Poland,POL,1998,338980030.0
Poland,POL,1999,329204300.0
Poland,POL,2000,317306200.0
Poland,POL,2001,313267100.0
Poland,POL,2002,305852400.0
Poland,POL,2003,318732700.0
Poland,POL,2004,323620770.0
Poland,POL,2005,322576860.0
Poland,POL,2006,336387230.0
Poland,POL,2007,335734660.0
Poland,POL,2008,329428450.0
Poland,POL,2009,315886300.0
Poland,POL,2010,334027520.0
Poland,POL,2011,333406080.0
Poland,POL,2012,325777700.0
Poland,POL,2013,321757150.0
Poland,POL,2014,309415360.0
Poland,POL,2015,312548860.0
Poland,POL,2016,323300480.0
Poland,POL,2017,336505100.0
Poland,POL,2018,335718620.0
Poland,POL,2019,317444060.0
Poland,POL,2020,302102430.0
Poland,POL,2021,330693730.0
Poland,POL,2022,314891970.0
Poland,POL,2023,283243460.0
Poland,POL,2024,272861820.0
North Korea,PRK,1905,13885.0
North Korea,PRK,1909,149260.0
North Korea,PRK,1910,187443.0
North Korea,PRK,1911,222154.0
North Korea,PRK,1912,277693.0
North Korea,PRK,1913,322818.0
North Korea,PRK,1914,461664.0
North Korea,PRK,1915,576212.0
North Korea,PRK,1916,479020.0
North Korea,PRK,1918,472077.0
North Korea,PRK,1919,558856.0
North Korea,PRK,1920,725472.0
North Korea,PRK,1921,781011.0
North Korea,PRK,1922,798366.0
North Korea,PRK,1923,954568.0
North Korea,PRK,1924,1003165.0
North Korea,PRK,1925,1600204.0
North Korea,PRK,1926,1718223.0
North Korea,PRK,1927,1780704.0
North Korea,PRK,1928,2051454.1
North Korea,PRK,1929,2356916.0
North Korea,PRK,1930,2221541.0
North Korea,PRK,1931,2353445.0
North Korea,PRK,1932,2773455.0
North Korea,PRK,1933,3269831.0
North Korea,PRK,1934,4348516.0
North Korea,PRK,1935,5114713.0
North Korea,PRK,1936,6002934.0
North Korea,PRK,1937,6422578.0
North Korea,PRK,1938,8594587.0
North Korea,PRK,1939,11217663.0
North Korea,PRK,1940,14429603.0
North Korea,PRK,1941,16090748.0
North Korea,PRK,1942,17764324.0
North Korea,PRK,1943,17215064.0
North Korea,PRK,1944,18188508.0
North Korea,PRK,1945,65417.0
North Korea,PRK,1946,72686.0
North Korea,PRK,1947,72686.0
North Korea,PRK,1948,1403312.0
North Korea,PRK,1949,1780704.0
North Korea,PRK,1950,780432.0
North Korea,PRK,1951,995984.0
North Korea,PRK,1952,889758.0
North Korea,PRK,1953,1735518.0
North Korea,PRK,1954,4786826.0
North Korea,PRK,1955,7344864.0
North Korea,PRK,1956,8963401.0
North Korea,PRK,1957,11288823.0
North Korea,PRK,1958,15633019.0
North Korea,PRK,1959,19865750.0
North Korea,PRK,1960,23788438.0
North Korea,PRK,1961,26426608.0
North Korea,PRK,1962,30687394.0
North Korea,PRK,1963,32826546.0
North Korea,PRK,1964,35618188.0
North Korea,PRK,1965,44222124.0
North Korea,PRK,1966,47599916.0
North Korea,PRK,1967,52392036.0
North Korea,PRK,1968,59268980.0
North Korea,PRK,1969,64079370.0
North Korea,PRK,1970,73476320.0
North Korea,PRK,1971,107453010.0
North Korea,PRK,1972,89504900.0
North Korea,PRK,1973,97325340.0
North Korea,PRK,1974,101611500.0
North Korea,PRK,1975,107623760.0
North Korea,PRK,1976,110030860.0
North Korea,PRK,1977,113665180.0
North Korea,PRK,1978,108209256.0
North Korea,PRK,1979,110262984.0
North Korea,PRK,1980,114082190.0
North Korea,PRK,1981,114398610.0
North Korea,PRK,1982,116884770.0
North Korea,PRK,1983,125163144.0
North Korea,PRK,1984,134657970.0
North Korea,PRK,1985,144288370.0
North Korea,PRK,1986,156835300.0
North Korea,PRK,1987,175625980.0
North Korea,PRK,1988,199234110.0
North Korea,PRK,1989,209252460.0
North Korea,PRK,1990,118382584.0
North Korea,PRK,1991,112818820.0
North Korea,PRK,1992,97985270.0
North Korea,PRK,1993,89585224.0
North Korea,PRK,1994,81584010.0
North Korea,PRK,1995,76085464.0
North Korea,PRK,1996,66291536.0
North Korea,PRK,1997,63678850.0
North Korea,PRK,1998,58749300.0
North Korea,PRK,1999,64143470.0
North Korea,PRK,2000,69165050.0
North Korea,PRK,2001,71668020.0
North Korea,PRK,2002,68641730.0
North Korea,PRK,2003,70142750.0
North Korea,PRK,2004,71721960.0
North Korea,PRK,2005,75010104.0
North Korea,PRK,2006,76170210.0
North Korea,PRK,2007,63478052.0
North Korea,PRK,2008,70325970.0
North Korea,PRK,2009,67660150.0
North Korea,PRK,2010,65355172.0
North Korea,PRK,2011,47866716.0
North Korea,PRK,2012,46754656.0
North Korea,PRK,2013,36144310.0
North Korea,PRK,2014,39824550.0
North Korea,PRK,2015,31277754.0
North Korea,PRK,2016,34236420.0
North Korea,PRK,2017,69707920.0
North Korea,PRK,2018,62608284.0
North Korea,PRK,2019,69512190.0
North Korea,PRK,2020,65576750.0
North Korea,PRK,2021,53969788.0
North Korea,PRK,2022,56289484.0
North Korea,PRK,2023,62024996.0
North Korea,PRK,2024,62550270.0
Portugal,PRT,1870,21984.0
Portugal,PRT,1871,36640.0
Portugal,PRT,1872,520288.0
Portugal,PRT,1873,725472.0
Portugal,PRT,1874,531280.0
Portugal,PRT,1875,1168816.0
Portugal,PRT,1876,1146832.0
Portugal,PRT,1877,670512.0
Portugal,PRT,1878,641200.0
Portugal,PRT,1879,707152.0
Portugal,PRT,1880,879360.0
Portugal,PRT,1881,890352.0
Portugal,PRT,1882,1084544.0
Portugal,PRT,1883,1139504.0
Portugal,PRT,1884,1201792.0
Portugal,PRT,1885,1113856.0
Portugal,PRT,1886,1231104.0
Portugal,PRT,1887,1267744.0
Portugal,PRT,1888,1366672.0
Portugal,PRT,1889,1571856.0
Portugal,PRT,1890,1678112.0
Portugal,PRT,1891,1740400.0
Portugal,PRT,1892,1692768.0
Portugal,PRT,1893,1513232.0
Portugal,PRT,1894,1777040.0
Portugal,PRT,1895,1696432.0
Portugal,PRT,1896,1729408.0
Portugal,PRT,1897,1817344.0
Portugal,PRT,1898,2081152.0
Portugal,PRT,1899,2143440.0
Portugal,PRT,1900,2465872.0
Portugal,PRT,1901,2388928.0
Portugal,PRT,1902,2619760.0
Portugal,PRT,1903,2520832.0
Portugal,PRT,1904,2579456.0
Portugal,PRT,1905,2520832.0
Portugal,PRT,1906,2898224.0
Portugal,PRT,1907,3162032.0
Portugal,PRT,1908,3143712.0
Portugal,PRT,1909,3195008.0
Portugal,PRT,1910,3249968.0
Portugal,PRT,1911,3143712.0
Portugal,PRT,1912,3653008.0
Portugal,PRT,1913,3858192.0
Portugal,PRT,1914,3374544.0
Portugal,PRT,1915,3085088.0
Portugal,PRT,1916,2989824.0
Portugal,PRT,1917,1656128.0
Portugal,PRT,1918,1095536.0
Portugal,PRT,1919,2158096.0
Portugal,PRT,1920,2103136.0
Portugal,PRT,1921,2147104.0
Portugal,PRT,1922,2960512.0
Portugal,PRT,1923,2678384.0
Portugal,PRT,1924,3030128.0
Portugal,PRT,1925,3121728.0
Portugal,PRT,1926,3136384.0
Portugal,PRT,1927,3631024.0
Portugal,PRT,1928,3993463.0
Portugal,PRT,1929,3967755.0
Portugal,PRT,1930,4323133.0
Portugal,PRT,1931,3920094.0
Portugal,PRT,1932,3388725.0
Portugal,PRT,1933,3996770.0
Portugal,PRT,1934,4095608.2
Portugal,PRT,1935,4377618.0
Portugal,PRT,1936,4128347.0
Portugal,PRT,1937,4930705.0
Portugal,PRT,1938,4117266.2
Portugal,PRT,1939,4751019.0
Portugal,PRT,1940,3897397.0
Portugal,PRT,1941,3780149.0
Portugal,PRT,1942,3025483.0
Portugal,PRT,1943,2941183.0
Portugal,PRT,1944,3245322.0
Portugal,PRT,1945,3336834.0
Portugal,PRT,1946,3889861.0
Portugal,PRT,1947,5541908.0
Portugal,PRT,1948,5252155.0
Portugal,PRT,1949,5519538.0
Portugal,PRT,1950,5618258.0
Portugal,PRT,1951,5394485.0
Portugal,PRT,1952,5350162.0
Portugal,PRT,1953,5928896.0
Portugal,PRT,1954,5789634.0
Portugal,PRT,1955,6460148.0
Portugal,PRT,1956,7162653.0
Portugal,PRT,1957,7782048.0
Portugal,PRT,1958,7554701.0
Portugal,PRT,1959,7979696.0
Portugal,PRT,1960,8213507.5
Portugal,PRT,1961,9078034.0
Portugal,PRT,1962,9289892.0
Portugal,PRT,1963,10011581.0
Portugal,PRT,1964,11007419.0
Portugal,PRT,1965,11582457.0
Portugal,PRT,1966,11835094.0
Portugal,PRT,1967,12391606.0
Portugal,PRT,1968,12992354.0
Portugal,PRT,1969,14592807.0
Portugal,PRT,1970,15236482.0
Portugal,PRT,1971,16375965.0
Portugal,PRT,1972,18307310.0
Portugal,PRT,1973,19945068.0
Portugal,PRT,1974,20644926.0
Portugal,PRT,1975,21275220.0
Portugal,PRT,1976,22325776.0
Portugal,PRT,1977,22604974.0
Portugal,PRT,1978,22584778.0
Portugal,PRT,1979,24855616.0
Portugal,PRT,1980,26773498.0
Portugal,PRT,1981,27000480.0
Portugal,PRT,1982,28999878.0
Portugal,PRT,1983,29901626.0
Portugal,PRT,1984,28793810.0
Portugal,PRT,1985,27132976.0
Portugal,PRT,1986,30221142.0
Portugal,PRT,1987,31198344.0
Portugal,PRT,1988,32567554.0
Portugal,PRT,1989,40822224.0
Portugal,PRT,1990,45310736.0
Portugal,PRT,1991,46879396.0
Portugal,PRT,1992,50956710.0
Portugal,PRT,1993,49468972.0
Portugal,PRT,1994,50242740.0
Portugal,PRT,1995,54502868.0
Portugal,PRT,1996,51799536.0
Portugal,PRT,1997,54669410.0
Portugal,PRT,1998,59210880.0
Portugal,PRT,1999,66878196.0
Portugal,PRT,2000,65503640.0
Portugal,PRT,2001,65187332.0
Portugal,PRT,2002,69582590.0
Portugal,PRT,2003,64482050.0
Portugal,PRT,2004,67302350.0
Portugal,PRT,2005,69639784.0
Portugal,PRT,2006,64856124.0
Portugal,PRT,2007,62380100.0
Portugal,PRT,2008,60009650.0
Portugal,PRT,2009,57147000.0
Portugal,PRT,2010,52889936.0
Portugal,PRT,2011,51783668.0
Portugal,PRT,2012,49931980.0
Portugal,PRT,2013,48146200.0
Portugal,PRT,2014,47942332.0
Portugal,PRT,2015,52233050.0
Portugal,PRT,2016,50310916.0
Portugal,PRT,2017,55165156.0
Portugal,PRT,2018,51340276.0
Portugal,PRT,2019,47583050.0
Portugal,PRT,2020,41738144.0
Portugal,PRT,2021,40299850.0
Portugal,PRT,2022,40722496.0
Portugal,PRT,2023,37622040.0
Portugal,PRT,2024,35538852.0
Paraguay,PRY,1890,0.0
Paraguay,PRY,1891,0.0
Paraguay,PRY,1892,0.0
Paraguay,PRY,1893,0.0
Paraguay,PRY,1894,0.0
Paraguay,PRY,1895,0.0
Paraguay,PRY,1896,0.0
Paraguay,PRY,1897,0.0
Paraguay,PRY,1898,0.0
Paraguay,PRY,1899,0.0
Paraguay,PRY,1900,3.0
Paraguay,PRY,1901,0.0
Paraguay,PRY,1902,0.0
Paraguay,PRY,1903,0.0
Paraguay,PRY,1904,0.0
Paraguay,PRY,1905,0.0
Paraguay,PRY,1906,0.0
Paraguay,PRY,1907,0.0
Paraguay,PRY,1908,0.0
Paraguay,PRY,1909,0.0
Paraguay,PRY,1910,0.0
Paraguay,PRY,1911,385.0
Paraguay,PRY,1912,0.0
Paraguay,PRY,1913,0.0
Paraguay,PRY,1914,0.0
Paraguay,PRY,1915,0.0
Paraguay,PRY,1916,0.0
Paraguay,PRY,1917,0.0
Paraguay,PRY,1918,5.0
Paraguay,PRY,1919,10.0
Paraguay,PRY,1920,18097.0
Paraguay,PRY,1921,0.0
Paraguay,PRY,1922,74.0
Paraguay,PRY,1923,80.0
Paraguay,PRY,1924,62.0
Paraguay,PRY,1925,59.0
Paraguay,PRY,1926,62.0
Paraguay,PRY,1927,0.0
Paraguay,PRY,1928,0.0
Paraguay,PRY,1929,0.0
Paraguay,PRY,1930,0.0
Paraguay,PRY,1931,1762.0
Paraguay,PRY,1932,4327.0
Paraguay,PRY,1933,6738.0
Paraguay,PRY,1934,8038.0
Paraguay,PRY,1935,7274.0
Paraguay,PRY,1936,11867.0
Paraguay,PRY,1937,11100.0
Paraguay,PRY,1938,11485.0
Paraguay,PRY,1939,10336.0
Paraguay,PRY,1940,2680.0
Paraguay,PRY,1941,1913.0
Paraguay,PRY,1942,382.0
Paraguay,PRY,1943,1149.0
Paraguay,PRY,1944,0.0
Paraguay,PRY,1945,382.0
Paraguay,PRY,1946,0.0
Paraguay,PRY,1947,382.0
Paraguay,PRY,1948,382.0
Paraguay,PRY,1949,767.0
Paraguay,PRY,1950,62670.0
Paraguay,PRY,1951,48014.0
Paraguay,PRY,1952,102944.0
Paraguay,PRY,1953,120912.0
Paraguay,PRY,1954,183170.0
Paraguay,PRY,1955,190469.0
Paraguay,PRY,1956,197797.0
Paraguay,PRY,1957,212453.0
Paraguay,PRY,1958,241794.0
Paraguay,PRY,1959,304053.0
Paraguay,PRY,1960,304053.0
Paraguay,PRY,1961,362677.0
Paraguay,PRY,1962,391989.0
Paraguay,PRY,1963,410309.0
Paraguay,PRY,1964,432263.0
Paraguay,PRY,1965,549481.0
Paraguay,PRY,1966,512841.0
Paraguay,PRY,1967,487253.0
Paraguay,PRY,1968,589815.0
Paraguay,PRY,1969,520138.97
Paraguay,PRY,1970,743435.0
Paraguay,PRY,1971,633413.0
Paraguay,PRY,1972,713629.0
Paraguay,PRY,1973,867239.0
Paraguay,PRY,1974,950672.0
Paraguay,PRY,1975,835858.0
Paraguay,PRY,1976,1029132.0
Paraguay,PRY,1977,1151783.0
Paraguay,PRY,1978,1452489.0
Paraguay,PRY,1979,1324169.0
Paraguay,PRY,1980,1483883.0
Paraguay,PRY,1981,1381629.0
Paraguay,PRY,1982,1361237.0
Paraguay,PRY,1983,1406113.0
Paraguay,PRY,1984,1488646.0
Paraguay,PRY,1985,1547199.0
Paraguay,PRY,1986,1652100.0
Paraguay,PRY,1987,1872591.0
Paraguay,PRY,1988,2138501.0
Paraguay,PRY,1989,2217889.0
Paraguay,PRY,1990,2129776.0
Paraguay,PRY,1991,2097850.0
Paraguay,PRY,1992,2570868.0
Paraguay,PRY,1993,2905452.0
Paraguay,PRY,1994,3393407.0
Paraguay,PRY,1995,3925149.0
Paraguay,PRY,1996,3706345.0
Paraguay,PRY,1997,4091602.8
Paraguay,PRY,1998,4373731.0
Paraguay,PRY,1999,4362408.0
Paraguay,PRY,2000,3592481.0
Paraguay,PRY,2001,3687271.0
Paraguay,PRY,2002,3853273.0
Paraguay,PRY,2003,4025905.2
Paraguay,PRY,2004,4057538.0
Paraguay,PRY,2005,3772472.0
Paraguay,PRY,2006,3900522.0
Paraguay,PRY,2007,4041216.8
Paraguay,PRY,2008,4269575.0
Paraguay,PRY,2009,4524971.0
Paraguay,PRY,2010,5010840.0
Paraguay,PRY,2011,5191523.0
Paraguay,PRY,2012,5159120.0
Paraguay,PRY,2013,5169061.0
Paraguay,PRY,2014,5451217.0
Paraguay,PRY,2015,6045473.0
Paraguay,PRY,2016,7186516.0
Paraguay,PRY,2017,7939465.0
Paraguay,PRY,2018,8503592.0
Paraguay,PRY,2019,8268412.5
Paraguay,PRY,2020,7443761.0
Paraguay,PRY,2021,8186967.0
Paraguay,PRY,2022,7533381.0
Paraguay,PRY,2023,7645687.0
Paraguay,PRY,2024,7936718.0
Palestine,PSE,1990,861040.0
Palestine,PSE,1991,883024.0
Palestine,PSE,1992,912336.0
Palestine,PSE,1993,934320.0
Palestine,PSE,1994,963632.0
Palestine,PSE,1995,945312.0
Palestine,PSE,1996,1036911.94
Palestine,PSE,1997,864704.0
Palestine,PSE,1998,1458272.0
Palestine,PSE,1999,1366672.0
Palestine,PSE,2000,1659792.0
Palestine,PSE,2001,1344688.0
Palestine,PSE,2002,1154160.0
Palestine,PSE,2003,1275072.0
Palestine,PSE,2004,2191072.0
Palestine,PSE,2005,2737008.0
Palestine,PSE,2006,2268016.0
Palestine,PSE,2007,2326640.0
Palestine,PSE,2008,2051840.1
Palestine,PSE,2009,2088480.0
Palestine,PSE,2010,2033520.0
Palestine,PSE,2011,2246032.0
Palestine,PSE,2012,2194736.0
Palestine,PSE,2013,2436560.0
Palestine,PSE,2014,2835936.0
Palestine,PSE,2015,3000816.0
Palestine,PSE,2016,3235312.0
Palestine,PSE,2017,3264624.0
Palestine,PSE,2018,2956848.0
Palestine,PSE,2019,3264624.0
Palestine,PSE,2020,3326912.0
Palestine,PSE,2021,3634688.0
Palestine,PSE,2022,4702034.0
Palestine,PSE,2023,4755358.0
Palestine,PSE,2024,4780046.0
French Polynesia,PYF,1955,43968.0
French Polynesia,PYF,1956,43968.0
French Polynesia,PYF,1957,51296.0
French Polynesia,PYF,1958,51296.0
French Polynesia,PYF,1959,29312.0
French Polynesia,PYF,1960,36640.0
French Polynesia,PYF,1961,58624.0
French Polynesia,PYF,1962,47632.0
French Polynesia,PYF,1963,65952.0
French Polynesia,PYF,1964,65952.0
French Polynesia,PYF,1965,84272.0
French Polynesia,PYF,1966,120912.0
French Polynesia,PYF,1967,139232.0
French Polynesia,PYF,1968,153888.0
French Polynesia,PYF,1969,161216.0
French Polynesia,PYF,1970,194192.0
French Polynesia,PYF,1971,227168.0
French Polynesia,PYF,1972,216176.0
French Polynesia,PYF,1973,208848.0
French Polynesia,PYF,1974,216176.0
French Polynesia,PYF,1975,212512.0
French Polynesia,PYF,1976,263808.0
French Polynesia,PYF,1977,274800.0
French Polynesia,PYF,1978,311440.0
French Polynesia,PYF,1979,282128.0
French Polynesia,PYF,1980,293120.0
French Polynesia,PYF,1981,329760.0
French Polynesia,PYF,1982,337088.0
French Polynesia,PYF,1983,421360.0
French Polynesia,PYF,1984,461664.0
French Polynesia,PYF,1985,589904.0
French Polynesia,PYF,1986,608224.0
French Polynesia,PYF,1987,611888.0
French Polynesia,PYF,1988,575248.0
French Polynesia,PYF,1989,542272.0
French Polynesia,PYF,1990,523952.0
French Polynesia,PYF,1991,527616.0
French Polynesia,PYF,1992,498304.0
French Polynesia,PYF,1993,520288.0
French Polynesia,PYF,1994,534944.0
French Polynesia,PYF,1995,523952.0
French Polynesia,PYF,1996,523952.0
French Polynesia,PYF,1997,542272.0
French Polynesia,PYF,1998,534944.0
French Polynesia,PYF,1999,593568.0
French Polynesia,PYF,2000,685168.0
French Polynesia,PYF,2001,769440.0
French Polynesia,PYF,2002,806080.0
French Polynesia,PYF,2003,835392.0
French Polynesia,PYF,2004,842720.0
French Polynesia,PYF,2005,831728.0
French Polynesia,PYF,2006,839056.0
French Polynesia,PYF,2007,857376.0
French Polynesia,PYF,2008,868368.0
French Polynesia,PYF,2009,861040.0
French Polynesia,PYF,2010,923328.0
French Polynesia,PYF,2011,883024.0
French Polynesia,PYF,2012,875696.0
French Polynesia,PYF,2013,883024.0
French Polynesia,PYF,2014,850048.0
French Polynesia,PYF,2015,846384.0
French Polynesia,PYF,2016,868368.0
French Polynesia,PYF,2017,875696.0
French Polynesia,PYF,2018,879360.0
French Polynesia,PYF,2019,890352.0
French Polynesia,PYF,2020,831728.0
French Polynesia,PYF,2021,868368.0
French Polynesia,PYF,2022,886688.0
French Polynesia,PYF,2023,882500.0
French Polynesia,PYF,2024,922867.0
Qatar,QAT,1949,260144.0
Qatar,QAT,1950,351744.0
Qatar,QAT,1951,388384.0
Qatar,QAT,1952,194192.0
Qatar,QAT,1953,366400.0
Qatar,QAT,1954,608224.0
Qatar,QAT,1955,417696.0
Qatar,QAT,1956,505631.97
Qatar,QAT,1957,311440.0
Qatar,QAT,1958,168544.0
Qatar,QAT,1959,183200.0
Qatar,QAT,1960,175872.0
Qatar,QAT,1961,161216.0
Qatar,QAT,1962,190528.0
Qatar,QAT,1963,6133536.0
Qatar,QAT,1964,6269104.0
Qatar,QAT,1965,6287424.0
Qatar,QAT,1966,6272768.0
Qatar,QAT,1967,6683136.0
Qatar,QAT,1968,7075184.0
Qatar,QAT,1969,7166576.0
Qatar,QAT,1970,7561456.0
Qatar,QAT,1971,9144304.0
Qatar,QAT,1972,10775408.0
Qatar,QAT,1973,12457184.0
Qatar,QAT,1974,10478535.0
Qatar,QAT,1975,10947378.0
Qatar,QAT,1976,10375602.0
Qatar,QAT,1977,9917441.0
Qatar,QAT,1978,10521584.0
Qatar,QAT,1979,14346372.0
Qatar,QAT,1980,13085990.0
Qatar,QAT,1981,12847130.0
Qatar,QAT,1982,12341568.0
Qatar,QAT,1983,11255085.0
Qatar,QAT,1984,12315985.0
Qatar,QAT,1985,12391008.0
Qatar,QAT,1986,13281165.0
Qatar,QAT,1987,11485625.0
Qatar,QAT,1988,11914023.0
Qatar,QAT,1989,14309990.0
Qatar,QAT,1990,11427918.0
Qatar,QAT,1991,17414184.0
Qatar,QAT,1992,26815866.0
Qatar,QAT,1993,30720746.0
Qatar,QAT,1994,32375302.0
Qatar,QAT,1995,33170074.0
Qatar,QAT,1996,34472460.0
Qatar,QAT,1997,42232244.0
Qatar,QAT,1998,36960010.0
Qatar,QAT,1999,36324616.0
Qatar,QAT,2000,40406484.0
Qatar,QAT,2001,45914396.0
Qatar,QAT,2002,45174640.0
Qatar,QAT,2003,46630932.0
Qatar,QAT,2004,47439570.0
Qatar,QAT,2005,47681828.0
Qatar,QAT,2006,59752804.0
Qatar,QAT,2007,59529844.0
Qatar,QAT,2008,61870850.0
Qatar,QAT,2009,65305370.0
Qatar,QAT,2010,73651180.0
Qatar,QAT,2011,81809440.0
Qatar,QAT,2012,93738040.0
Qatar,QAT,2013,91433490.0
Qatar,QAT,2014,91641640.0
Qatar,QAT,2015,93310370.0
Qatar,QAT,2016,91378344.0
Qatar,QAT,2017,105656584.0
Qatar,QAT,2018,102621410.0
Qatar,QAT,2019,101429576.0
Qatar,QAT,2020,101329230.0
Qatar,QAT,2021,104385690.0
Qatar,QAT,2022,109594410.0
Qatar,QAT,2023,119544360.0
Qatar,QAT,2024,125812260.0
Romania,ROU,1858,3664.0
Romania,ROU,1859,3664.0
Romania,ROU,1860,3664.0
Romania,ROU,1861,7328.0
Romania,ROU,1862,10992.0
Romania,ROU,1863,10992.0
Romania,ROU,1864,14656.0
Romania,ROU,1865,14656.0
Romania,ROU,1866,18320.0
Romania,ROU,1867,21984.0
Romania,ROU,1868,25648.0
Romania,ROU,1869,25648.0
Romania,ROU,1870,36640.0
Romania,ROU,1871,40304.0
Romania,ROU,1872,40304.0
Romania,ROU,1873,43968.0
Romania,ROU,1874,43968.0
Romania,ROU,1875,47632.0
Romania,ROU,1876,47632.0
Romania,ROU,1877,47632.0
Romania,ROU,1878,47632.0
Romania,ROU,1879,47632.0
Romania,ROU,1880,47632.0
Romania,ROU,1881,51296.0
Romania,ROU,1882,223504.0
Romania,ROU,1883,406704.0
Romania,ROU,1884,472656.0
Romania,ROU,1885,450672.0
Romania,ROU,1886,483648.0
Romania,ROU,1887,527616.0
Romania,ROU,1888,630208.0
Romania,ROU,1889,644864.0
Romania,ROU,1890,806080.0
Romania,ROU,1891,1117520.0
Romania,ROU,1892,1051568.0
Romania,ROU,1893,1135840.0
Romania,ROU,1894,1040576.0
Romania,ROU,1895,1077216.0
Romania,ROU,1896,1117520.0
Romania,ROU,1897,1297056.0
Romania,ROU,1898,1711088.0
Romania,ROU,1899,1612160.0
Romania,ROU,1900,1238432.0
Romania,ROU,1901,1593840.0
Romania,ROU,1902,1590176.0
Romania,ROU,1903,1846656.0
Romania,ROU,1904,2187408.0
Romania,ROU,1905,2660064.0
Romania,ROU,1906,3598048.0
Romania,ROU,1907,4558016.0
Romania,ROU,1908,4385808.0
Romania,ROU,1909,4858464.0
Romania,ROU,1910,4818160.0
Romania,ROU,1911,5774464.0
Romania,ROU,1912,6012624.0
Romania,ROU,1913,6990912.0
Romania,ROU,1914,5785456.0
Romania,ROU,1915,5144256.0
Romania,ROU,1916,2997152.0
Romania,ROU,1917,2513504.0
Romania,ROU,1918,3187680.0
Romania,ROU,1919,4664272.0
Romania,ROU,1920,5485008.0
Romania,ROU,1921,5917360.0
Romania,ROU,1922,7141136.0
Romania,ROU,1923,8474832.0
Romania,ROU,1924,10006384.0
Romania,ROU,1925,11710144.0
Romania,ROU,1926,14502112.0
Romania,ROU,1927,16125263.0
Romania,ROU,1928,18271030.0
Romania,ROU,1929,20491474.0
Romania,ROU,1930,23242812.0
Romania,ROU,1931,25848718.0
Romania,ROU,1932,27358226.0
Romania,ROU,1933,27310566.0
Romania,ROU,1934,31659346.0
Romania,ROU,1935,31530840.0
Romania,ROU,1936,33154018.0
Romania,ROU,1937,28463774.0
Romania,ROU,1938,26712412.0
Romania,ROU,1939,25187860.0
Romania,ROU,1940,23946298.0
Romania,ROU,1941,22545760.0
Romania,ROU,1942,23671618.0
Romania,ROU,1943,22106734.0
Romania,ROU,1944,15057732.0
Romania,ROU,1945,18905230.0
Romania,ROU,1946,17465010.0
Romania,ROU,1947,16347075.0
Romania,ROU,1948,23374508.0
Romania,ROU,1949,23113918.0
Romania,ROU,1950,19416586.0
Romania,ROU,1951,22503346.0
Romania,ROU,1952,26631218.0
Romania,ROU,1953,30627036.0
Romania,ROU,1954,33504468.0
Romania,ROU,1955,36782410.0
Romania,ROU,1956,40779180.0
Romania,ROU,1957,45929720.0
Romania,ROU,1958,49794348.0
Romania,ROU,1959,50643268.0
Romania,ROU,1960,53394132.0
Romania,ROU,1961,55716068.0
Romania,ROU,1962,63812790.0
Romania,ROU,1963,69455450.0
Romania,ROU,1964,72037020.0
Romania,ROU,1965,78636910.0
Romania,ROU,1966,84090540.0
Romania,ROU,1967,92028880.0
Romania,ROU,1968,100075864.0
Romania,ROU,1969,111523896.0
Romania,ROU,1970,119981360.0
Romania,ROU,1971,125660030.0
Romania,ROU,1972,132207890.0
Romania,ROU,1973,144690800.0
Romania,ROU,1974,150611440.0
Romania,ROU,1975,161861600.0
Romania,ROU,1976,174278100.0
Romania,ROU,1977,177832510.0
Romania,ROU,1978,193243920.0
Romania,ROU,1979,195323570.0
Romania,ROU,1980,195806610.0
Romania,ROU,1981,197322540.0
Romania,ROU,1982,194876910.0
Romania,ROU,1983,199663380.0
Romania,ROU,1984,188323360.0
Romania,ROU,1985,193449170.0
Romania,ROU,1986,201073260.0
Romania,ROU,1987,211024290.0
Romania,ROU,1988,211567800.0
Romania,ROU,1989,212969520.0
Romania,ROU,1990,176535100.0
Romania,ROU,1991,142258080.0
Romania,ROU,1992,132002824.0
Romania,ROU,1993,122709180.0
Romania,ROU,1994,120868470.0
Romania,ROU,1995,125675384.0
Romania,ROU,1996,129117050.0
Romania,ROU,1997,118114570.0
Romania,ROU,1998,104783420.0
Romania,ROU,1999,88898600.0
Romania,ROU,2000,93206264.0
Romania,ROU,2001,98928060.0
Romania,ROU,2002,99068890.0
Romania,ROU,2003,103707360.0
Romania,ROU,2004,103232620.0
Romania,ROU,2005,101336590.0
Romania,ROU,2006,104290000.0
Romania,ROU,2007,108496600.0
Romania,ROU,2008,106997310.0
Romania,ROU,2009,87805750.0
Romania,ROU,2010,84487900.0
Romania,ROU,2011,92390700.0
Romania,ROU,2012,89847710.0
Romania,ROU,2013,78795464.0
Romania,ROU,2014,79335350.0
Romania,ROU,2015,78045990.0
Romania,ROU,2016,76586910.0
Romania,ROU,2017,79432344.0
Romania,ROU,2018,79874424.0
Romania,ROU,2019,76690350.0
Romania,ROU,2020,73946380.0
Romania,ROU,2021,77501260.0
Romania,ROU,2022,73186024.0
Romania,ROU,2023,67866024.0
Romania,ROU,2024,68551400.0
Russia,RUS,1830,11204.0
Russia,RUS,1831,13445.0
Russia,RUS,1832,8964.0
Russia,RUS,1833,11204.0
Russia,RUS,1850,69467.0
Russia,RUS,1855,210643.0
Russia,RUS,1858,295796.0
Russia,RUS,1859,313723.0
Russia,RUS,1860,414563.0
Russia,RUS,1861,526607.0
Russia,RUS,1862,475067.0
Russia,RUS,1863,497476.0
Russia,RUS,1864,557980.0
Russia,RUS,1865,533330.0
Russia,RUS,1866,1685143.0
Russia,RUS,1867,1933881.0
Russia,RUS,1868,1608953.0
Russia,RUS,1869,2182619.0
Russia,RUS,1870,2368612.0
Russia,RUS,1871,3197739.0
Russia,RUS,1872,3282892.0
Russia,RUS,1873,3081213.0
Russia,RUS,1874,3740032.0
Russia,RUS,1875,4304734.0
Russia,RUS,1876,5344504.0
Russia,RUS,1877,5454307.0
Russia,RUS,1878,7128246.0
Russia,RUS,1879,7314239.0
Russia,RUS,1880,8580338.0
Russia,RUS,1881,9037477.0
Russia,RUS,1882,9519267.0
Russia,RUS,1883,10834665.0
Russia,RUS,1884,11000490.0
Russia,RUS,1885,11981997.0
Russia,RUS,1886,12288997.0
Russia,RUS,1887,13003839.0
Russia,RUS,1888,13564059.0
Russia,RUS,1889,14648646.0
Russia,RUS,1890,16589251.0
Russia,RUS,1891,18265430.0
Russia,RUS,1892,19334332.0
Russia,RUS,1893,22662040.0
Russia,RUS,1894,23081086.0
Russia,RUS,1895,26520840.0
Russia,RUS,1896,26998146.0
Russia,RUS,1897,31215488.0
Russia,RUS,1898,35009300.0
Russia,RUS,1899,40613748.0
Russia,RUS,1900,46007548.0
Russia,RUS,1901,47233316.0
Russia,RUS,1902,45619876.0
Russia,RUS,1903,44624930.0
Russia,RUS,1904,49648984.0
Russia,RUS,1905,44317924.0
Russia,RUS,1906,50549816.0
Russia,RUS,1907,56620370.0
Russia,RUS,1908,56967704.0
Russia,RUS,1909,60136310.0
Russia,RUS,1910,58975536.0
Russia,RUS,1911,61144710.0
Russia,RUS,1912,69263420.0
Russia,RUS,1913,75242100.0
Russia,RUS,1914,67907690.0
Russia,RUS,1915,62330136.0
Russia,RUS,1916,66433188.0
Russia,RUS,1917,61140228.0
Russia,RUS,1918,24383038.0
Russia,RUS,1919,20826758.0
Russia,RUS,1920,18991476.0
Russia,RUS,1921,20595948.0
Russia,RUS,1922,25118048.0
Russia,RUS,1923,27746602.0
Russia,RUS,1924,33057492.0
Russia,RUS,1925,32627244.0
Russia,RUS,1926,47273650.0
Russia,RUS,1927,58773852.0
Russia,RUS,1928,65292970.0
Russia,RUS,1929,70315310.0
Russia,RUS,1930,95588780.0
Russia,RUS,1931,114837200.0
Russia,RUS,1932,129387880.0
Russia,RUS,1933,144604200.0
Russia,RUS,1934,174916260.0
Russia,RUS,1935,197995140.0
Russia,RUS,1936,227038910.0
Russia,RUS,1937,232156980.0
Russia,RUS,1938,245030510.0
Russia,RUS,1939,248035660.0
Russia,RUS,1940,297361760.0
Russia,RUS,1941,261240080.0
Russia,RUS,1942,142024860.0
Russia,RUS,1943,148225390.0
Russia,RUS,1944,214954380.0
Russia,RUS,1945,227572200.0
Russia,RUS,1946,255750450.0
Russia,RUS,1947,307964200.0
Russia,RUS,1948,327703600.0
Russia,RUS,1949,372516130.0
Russia,RUS,1950,415234050.0
Russia,RUS,1951,450021700.0
Russia,RUS,1952,481900860.0
Russia,RUS,1953,509826180.0
Russia,RUS,1954,556805060.0
Russia,RUS,1955,631364300.0
Russia,RUS,1956,692229300.0
Russia,RUS,1957,757514750.0
Russia,RUS,1958,808559360.0
Russia,RUS,1959,850093000.0
Russia,RUS,1960,885069800.0
Russia,RUS,1961,912752600.0
Russia,RUS,1962,957987460.0
Russia,RUS,1963,1027400260.0
Russia,RUS,1964,1092664400.0
Russia,RUS,1965,1159118800.0
Russia,RUS,1966,1224087400.0
Russia,RUS,1967,1279968800.0
Russia,RUS,1968,1315942400.0
Russia,RUS,1969,1370467700.0
Russia,RUS,1970,1441378600.0
Russia,RUS,1971,1529596300.0
Russia,RUS,1972,1609329400.0
Russia,RUS,1973,1677295900.0
Russia,RUS,1974,1741161700.0
Russia,RUS,1975,1830213400.0
Russia,RUS,1976,1900700900.0
Russia,RUS,1977,1965350500.0
Russia,RUS,1978,2032849200.0
Russia,RUS,1979,2049708800.0
Russia,RUS,1980,2130355200.0
Russia,RUS,1981,2089791000.0
Russia,RUS,1982,2129189500.0
Russia,RUS,1983,2159389000.0
Russia,RUS,1984,2178563300.0
Russia,RUS,1985,2349517300.0
Russia,RUS,1986,2349904400.0
Russia,RUS,1987,2358795300.0
Russia,RUS,1988,2437800700.0
Russia,RUS,1989,2405696800.0
Russia,RUS,1990,2536283600.0
Russia,RUS,1991,2407641600.0
Russia,RUS,1992,1963458400.0
Russia,RUS,1993,1866524800.0
Russia,RUS,1994,1646876200.0
Russia,RUS,1995,1618286200.0
Russia,RUS,1996,1586632700.0
Russia,RUS,1997,1481963500.0
Russia,RUS,1998,1465858700.0
Russia,RUS,1999,1494087800.0
Russia,RUS,2000,1480576400.0
Russia,RUS,2001,1518081400.0
Russia,RUS,2002,1508329900.0
Russia,RUS,2003,1539006300.0
Russia,RUS,2004,1545353200.0
Russia,RUS,2005,1563980400.0
Russia,RUS,2006,1623428500.0
Russia,RUS,2007,1624315400.0
Russia,RUS,2008,1652731400.0
Russia,RUS,2009,1545236500.0
Russia,RUS,2010,1633147500.0
Russia,RUS,2011,1684989000.0
Russia,RUS,2012,1700104100.0
Russia,RUS,2013,1637547000.0
Russia,RUS,2014,1637311200.0
Russia,RUS,2015,1635243500.0
Russia,RUS,2016,1629328400.0
Russia,RUS,2017,1661012200.0
Russia,RUS,2018,1709909600.0
Russia,RUS,2019,1704458600.0
Russia,RUS,2020,1631901600.0
Russia,RUS,2021,1674524300.0
Russia,RUS,2022,1675460900.0
Russia,RUS,2023,1733134600.0
Russia,RUS,2024,1780524400.0
Rwanda,RWA,1950,16854.0
Rwanda,RWA,1951,16854.0
Rwanda,RWA,1952,31301.0
Rwanda,RWA,1953,28893.0
Rwanda,RWA,1954,12039.0
Rwanda,RWA,1955,14447.0
Rwanda,RWA,1956,16854.0
Rwanda,RWA,1957,19262.0
Rwanda,RWA,1958,19262.0
Rwanda,RWA,1959,74641.0
Rwanda,RWA,1960,69825.0
Rwanda,RWA,1961,91495.0
Rwanda,RWA,1962,84272.0
Rwanda,RWA,1963,84272.0
Rwanda,RWA,1964,36640.0
Rwanda,RWA,1965,47632.0
Rwanda,RWA,1966,43968.0
Rwanda,RWA,1967,40304.0
Rwanda,RWA,1968,54960.0
Rwanda,RWA,1969,58624.0
Rwanda,RWA,1970,58624.0
Rwanda,RWA,1971,62288.0
Rwanda,RWA,1972,65952.0
Rwanda,RWA,1973,69616.0
Rwanda,RWA,1974,73280.0
Rwanda,RWA,1975,175872.0
Rwanda,RWA,1976,267472.0
Rwanda,RWA,1977,267472.0
Rwanda,RWA,1978,289456.0
Rwanda,RWA,1979,296784.0
Rwanda,RWA,1980,494640.0
Rwanda,RWA,1981,600896.0
Rwanda,RWA,1982,608224.0
Rwanda,RWA,1983,696160.0
Rwanda,RWA,1984,633872.0
Rwanda,RWA,1985,615552.0
Rwanda,RWA,1986,597232.0
Rwanda,RWA,1987,611419.0
Rwanda,RWA,1988,692307.0
Rwanda,RWA,1989,684247.0
Rwanda,RWA,1990,523863.97
Rwanda,RWA,1991,472136.0
Rwanda,RWA,1992,479486.0
Rwanda,RWA,1993,482945.0
Rwanda,RWA,1994,462123.0
Rwanda,RWA,1995,451097.0
Rwanda,RWA,1996,464039.0
Rwanda,RWA,1997,482528.0
Rwanda,RWA,1998,481522.0
Rwanda,RWA,1999,502407.0
Rwanda,RWA,2000,515133.03
Rwanda,RWA,2001,518995.0
Rwanda,RWA,2002,511542.97
Rwanda,RWA,2003,505436.0
Rwanda,RWA,2004,515760.0
Rwanda,RWA,2005,513908.03
Rwanda,RWA,2006,514105.97
Rwanda,RWA,2007,542177.0
Rwanda,RWA,2008,531483.0
Rwanda,RWA,2009,554835.0
Rwanda,RWA,2010,580977.0
Rwanda,RWA,2011,643356.0
Rwanda,RWA,2012,718466.0
Rwanda,RWA,2013,778846.0
Rwanda,RWA,2014,829804.0
Rwanda,RWA,2015,966782.0
Rwanda,RWA,2016,1051997.0
Rwanda,RWA,2017,1169724.0
Rwanda,RWA,2018,1313075.0
Rwanda,RWA,2019,1413492.0
Rwanda,RWA,2020,1394311.0
Rwanda,RWA,2021,1699049.0
Rwanda,RWA,2022,1957226.0
Rwanda,RWA,2023,2016015.0
Rwanda,RWA,2024,2033550.0
Saudi Arabia,SAU,1936,7328.0
Saudi Arabia,SAU,1937,25648.0
Saudi Arabia,SAU,1938,205184.0
Saudi Arabia,SAU,1939,1652464.0
Saudi Arabia,SAU,1940,2147104.0
Saudi Arabia,SAU,1941,1810016.0
Saudi Arabia,SAU,1942,1901616.0
Saudi Arabia,SAU,1943,1993216.0
Saudi Arabia,SAU,1944,3260960.0
Saudi Arabia,SAU,1945,8811920.0
Saudi Arabia,SAU,1946,25153360.0
Saudi Arabia,SAU,1947,37731870.0
Saudi Arabia,SAU,1948,17942608.0
Saudi Arabia,SAU,1949,18385952.0
Saudi Arabia,SAU,1950,5140592.0
Saudi Arabia,SAU,1951,0.0
Saudi Arabia,SAU,1952,0.0
Saudi Arabia,SAU,1953,476320.0
Saudi Arabia,SAU,1954,1238432.0
Saudi Arabia,SAU,1955,2114128.0
Saudi Arabia,SAU,1956,1630480.0
Saudi Arabia,SAU,1957,2099472.0
Saudi Arabia,SAU,1958,1996880.0
Saudi Arabia,SAU,1959,1853687.0
Saudi Arabia,SAU,1960,2674363.0
Saudi Arabia,SAU,1961,3568320.0
Saudi Arabia,SAU,1962,6249987.0
Saudi Arabia,SAU,1963,6938814.0
Saudi Arabia,SAU,1964,7041168.0
Saudi Arabia,SAU,1965,4216254.0
Saudi Arabia,SAU,1966,6407326.0
Saudi Arabia,SAU,1967,25485478.0
Saudi Arabia,SAU,1968,29079118.0
Saudi Arabia,SAU,1969,35270950.0
Saudi Arabia,SAU,1970,45251332.0
Saudi Arabia,SAU,1971,59756500.0
Saudi Arabia,SAU,1972,70281290.0
Saudi Arabia,SAU,1973,95052930.0
Saudi Arabia,SAU,1974,98700960.0
Saudi Arabia,SAU,1975,83259630.0
Saudi Arabia,SAU,1976,101458120.0
Saudi Arabia,SAU,1977,118068504.0
Saudi Arabia,SAU,1978,115021370.0
Saudi Arabia,SAU,1979,138000320.0
Saudi Arabia,SAU,1980,169233940.0
Saudi Arabia,SAU,1981,175292940.0
Saudi Arabia,SAU,1982,157874140.0
Saudi Arabia,SAU,1983,160813400.0
Saudi Arabia,SAU,1984,155490100.0
Saudi Arabia,SAU,1985,172393710.0
Saudi Arabia,SAU,1986,204570510.0
Saudi Arabia,SAU,1987,190414300.0
Saudi Arabia,SAU,1988,202208000.0
Saudi Arabia,SAU,1989,203375440.0
Saudi Arabia,SAU,1990,181971100.0
Saudi Arabia,SAU,1991,244533900.0
Saudi Arabia,SAU,1992,276011360.0
Saudi Arabia,SAU,1993,297754200.0
Saudi Arabia,SAU,1994,291208500.0
Saudi Arabia,SAU,1995,274604480.0
Saudi Arabia,SAU,1996,269498400.0
Saudi Arabia,SAU,1997,227148660.0
Saudi Arabia,SAU,1998,218914960.0
Saudi Arabia,SAU,1999,237716380.0
Saudi Arabia,SAU,2000,309639140.0
Saudi Arabia,SAU,2001,324373630.0
Saudi Arabia,SAU,2002,346930500.0
Saudi Arabia,SAU,2003,351227680.0
Saudi Arabia,SAU,2004,407702300.0
Saudi Arabia,SAU,2005,412234430.0
Saudi Arabia,SAU,2006,444977280.0
Saudi Arabia,SAU,2007,423314080.0
Saudi Arabia,SAU,2008,469430400.0
Saudi Arabia,SAU,2009,503969660.0
Saudi Arabia,SAU,2010,555639740.0
Saudi Arabia,SAU,2011,540235840.0
Saudi Arabia,SAU,2012,605712260.0
Saudi Arabia,SAU,2013,583177900.0
Saudi Arabia,SAU,2014,585109100.0
Saudi Arabia,SAU,2015,624547000.0
Saudi Arabia,SAU,2016,641174200.0
Saudi Arabia,SAU,2017,644486500.0
Saudi Arabia,SAU,2018,652204160.0
Saudi Arabia,SAU,2019,708334700.0
Saudi Arabia,SAU,2020,653564700.0
Saudi Arabia,SAU,2021,695394500.0
Saudi Arabia,SAU,2022,666993540.0
Saudi Arabia,SAU,2023,677441900.0
Saudi Arabia,SAU,2024,692133500.0
Sudan,SDN,1950,505354.0
Sudan,SDN,1951,663698.0
Sudan,SDN,1952,697389.0
Sudan,SDN,1953,764769.0
Sudan,SDN,1954,751293.0
Sudan,SDN,1955,852167.0
Sudan,SDN,1956,825221.0
Sudan,SDN,1957,1061076.0
Sudan,SDN,1958,1185642.0
Sudan,SDN,1959,1256352.0
Sudan,SDN,1960,1249577.0
Sudan,SDN,1961,1273266.0
Sudan,SDN,1962,1364169.0
Sudan,SDN,1963,1542684.0
Sudan,SDN,1964,1707855.0
Sudan,SDN,1965,2230076.0
Sudan,SDN,1966,2428788.0
Sudan,SDN,1967,2927323.0
Sudan,SDN,1968,2853163.0
Sudan,SDN,1969,3843599.0
Sudan,SDN,1970,4460173.0
Sudan,SDN,1971,4577987.0
Sudan,SDN,1972,4941925.0
Sudan,SDN,1973,4985600.0
Sudan,SDN,1974,5221165.0
Sudan,SDN,1975,3894011.0
Sudan,SDN,1976,3448778.0
Sudan,SDN,1977,3494992.0
Sudan,SDN,1978,3156393.0
Sudan,SDN,1979,3276787.0
Sudan,SDN,1980,3437465.0
Sudan,SDN,1981,3340071.0
Sudan,SDN,1982,3509513.0
Sudan,SDN,1983,3581894.0
Sudan,SDN,1984,3211361.0
Sudan,SDN,1985,3731697.0
Sudan,SDN,1986,3895185.0
Sudan,SDN,1987,3070497.0
Sudan,SDN,1988,4443235.0
Sudan,SDN,1989,3441250.0
Sudan,SDN,1990,4783365.0
Sudan,SDN,1991,4480046.0
Sudan,SDN,1992,4001423.0
Sudan,SDN,1993,2754720.0
Sudan,SDN,1994,3837880.0
Sudan,SDN,1995,3962518.0
Sudan,SDN,1996,4096000.2
Sudan,SDN,1997,5022669.0
Sudan,SDN,1998,4372377.0
Sudan,SDN,1999,4753427.0
Sudan,SDN,2000,5291619.0
Sudan,SDN,2001,6017579.0
Sudan,SDN,2002,7633643.0
Sudan,SDN,2003,8515383.0
Sudan,SDN,2004,10866064.0
Sudan,SDN,2005,10558223.0
Sudan,SDN,2006,11544718.0
Sudan,SDN,2007,13563847.0
Sudan,SDN,2008,14178917.0
Sudan,SDN,2009,14805259.0
Sudan,SDN,2010,15070048.0
Sudan,SDN,2011,14711459.0
Sudan,SDN,2012,15763022.0
Sudan,SDN,2013,17374260.0
Sudan,SDN,2014,13094856.0
Sudan,SDN,2015,14246501.0
Sudan,SDN,2016,19737254.0
Sudan,SDN,2017,20306166.0
Sudan,SDN,2018,20515954.0
Sudan,SDN,2019,22007006.0
Sudan,SDN,2020,19799938.0
Sudan,SDN,2021,19208158.0
Sudan,SDN,2022,17528614.0
Sudan,SDN,2023,17715522.0
Sudan,SDN,2024,17794800.0
Senegal,SEN,1949,0.0
Senegal,SEN,1950,361720.0
Senegal,SEN,1951,302211.0
Senegal,SEN,1952,326541.0
Senegal,SEN,1953,274221.0
Senegal,SEN,1954,317440.0
Senegal,SEN,1955,292283.0
Senegal,SEN,1956,341391.0
Senegal,SEN,1957,346992.0
Senegal,SEN,1958,354814.0
Senegal,SEN,1959,387701.0
Senegal,SEN,1960,827381.0
Senegal,SEN,1961,812665.0
Senegal,SEN,1962,812665.0
Senegal,SEN,1963,860267.0
Senegal,SEN,1964,922496.0
Senegal,SEN,1965,1692025.0
Senegal,SEN,1966,1717643.0
Senegal,SEN,1967,699141.0
Senegal,SEN,1968,98126.0
Senegal,SEN,1969,490144.0
Senegal,SEN,1970,1307067.0
Senegal,SEN,1971,1351035.0
Senegal,SEN,1972,1453241.0
Senegal,SEN,1973,1548683.0
Senegal,SEN,1974,1848983.0
Senegal,SEN,1975,2578000.0
Senegal,SEN,1976,1769696.0
Senegal,SEN,1977,2237336.0
Senegal,SEN,1978,2619597.0
Senegal,SEN,1979,2888139.0
Senegal,SEN,1980,3336441.0
Senegal,SEN,1981,3279857.0
Senegal,SEN,1982,3036573.0
Senegal,SEN,1983,2611411.0
Senegal,SEN,1984,3284168.0
Senegal,SEN,1985,2650504.0
Senegal,SEN,1986,2636446.0
Senegal,SEN,1987,2424574.0
Senegal,SEN,1988,2710809.0
Senegal,SEN,1989,3661877.0
Senegal,SEN,1990,2929956.0
Senegal,SEN,1991,3108070.0
Senegal,SEN,1992,3165871.0
Senegal,SEN,1993,3286192.0
Senegal,SEN,1994,3635729.0
Senegal,SEN,1995,2990441.0
Senegal,SEN,1996,3242787.0
Senegal,SEN,1997,3182368.0
Senegal,SEN,1998,3333565.0
Senegal,SEN,1999,3603593.0
Senegal,SEN,2000,3902052.0
Senegal,SEN,2001,4258100.0
Senegal,SEN,2002,4436925.0
Senegal,SEN,2003,4927512.0
Senegal,SEN,2004,5238223.0
Senegal,SEN,2005,5538919.0
Senegal,SEN,2006,4429718.0
Senegal,SEN,2007,5195955.0
Senegal,SEN,2008,4740295.0
Senegal,SEN,2009,5257668.0
Senegal,SEN,2010,6862391.0
Senegal,SEN,2011,7818837.0
Senegal,SEN,2012,7362129.0
Senegal,SEN,2013,7852669.0
Senegal,SEN,2014,8724360.0
Senegal,SEN,2015,9845416.0
Senegal,SEN,2016,10012805.0
Senegal,SEN,2017,10757183.0
Senegal,SEN,2018,11330392.0
Senegal,SEN,2019,12711456.0
Senegal,SEN,2020,10819990.0
Senegal,SEN,2021,12319014.0
Senegal,SEN,2022,14132717.0
Senegal,SEN,2023,14081857.0
Senegal,SEN,2024,14091846.0
Singapore,SGP,1950,1913932.0
Singapore,SGP,1951,2825777.0
Singapore,SGP,1952,3441306.0
Singapore,SGP,1953,3481713.0
Singapore,SGP,1954,3771295.0
Singapore,SGP,1955,4052795.0
Singapore,SGP,1956,4095894.8
Singapore,SGP,1957,1729408.0
Singapore,SGP,1958,2297328.0
Singapore,SGP,1959,1799024.0
Singapore,SGP,1960,1392320.0
Singapore,SGP,1961,2092144.0
Singapore,SGP,1962,2513415.0
Singapore,SGP,1963,3301367.0
Singapore,SGP,1964,3601712.0
Singapore,SGP,1965,2425568.0
Singapore,SGP,1966,478923.0
Singapore,SGP,1967,2821280.0
Singapore,SGP,1968,5133455.0
Singapore,SGP,1969,6888320.0
Singapore,SGP,1970,17832688.0
Singapore,SGP,1971,16275421.0
Singapore,SGP,1972,21720192.0
Singapore,SGP,1973,20690608.0
Singapore,SGP,1974,21427072.0
Singapore,SGP,1975,23863632.0
Singapore,SGP,1976,29337648.0
Singapore,SGP,1977,27611904.0
Singapore,SGP,1978,32463040.0
Singapore,SGP,1979,35419820.0
Singapore,SGP,1980,30433184.0
Singapore,SGP,1981,25706624.0
Singapore,SGP,1982,28381510.0
Singapore,SGP,1983,33397362.0
Singapore,SGP,1984,31968554.0
Singapore,SGP,1985,32397088.0
Singapore,SGP,1986,34100850.0
Singapore,SGP,1987,31810848.0
Singapore,SGP,1988,35280656.0
Singapore,SGP,1989,41003824.0
Singapore,SGP,1990,43535576.0
Singapore,SGP,1991,44235470.0
Singapore,SGP,1992,47441470.0
Singapore,SGP,1993,49661856.0
Singapore,SGP,1994,60085936.0
Singapore,SGP,1995,40545824.0
Singapore,SGP,1996,48012940.0
Singapore,SGP,1997,56737040.0
Singapore,SGP,1998,47412160.0
Singapore,SGP,1999,49200190.0
Singapore,SGP,2000,37368720.0
Singapore,SGP,2001,38525220.0
Singapore,SGP,2002,40208400.0
Singapore,SGP,2003,39534044.0
Singapore,SGP,2004,41000000.0
Singapore,SGP,2005,39600000.0
Singapore,SGP,2006,40600000.0
Singapore,SGP,2007,41100000.0
Singapore,SGP,2008,40200000.0
Singapore,SGP,2009,40800000.0
Singapore,SGP,2010,44400000.0
Singapore,SGP,2011,47000000.0
Singapore,SGP,2012,46100000.0
Singapore,SGP,2013,47000000.0
Singapore,SGP,2014,47600000.0
Singapore,SGP,2015,49400000.0
Singapore,SGP,2016,49100000.0
Singapore,SGP,2017,50100000.0
Singapore,SGP,2018,50300000.0
Singapore,SGP,2019,49000000.0
Singapore,SGP,2020,46700000.0
Singapore,SGP,2021,50100000.0
Singapore,SGP,2022,48933884.0
Singapore,SGP,2023,51067616.0
Singapore,SGP,2024,53919460.0
Saint Helena,SHN,1968,3664.0
Saint Helena,SHN,1981,7328.0
Saint Helena,SHN,1982,3664.0
Saint Helena,SHN,1983,3664.0
Saint Helena,SHN,1984,3664.0
Saint Helena,SHN,1985,3664.0
Saint Helena,SHN,1986,3664.0
Saint Helena,SHN,1987,3664.0
Saint Helena,SHN,1988,7328.0
Saint Helena,SHN,1989,7328.0
Saint Helena,SHN,1990,7328.0
Saint Helena,SHN,1991,7328.0
Saint Helena,SHN,1992,7328.0
Saint Helena,SHN,1993,10992.0
Saint Helena,SHN,1994,10992.0
Saint Helena,SHN,1995,10992.0
Saint Helena,SHN,1996,10992.0
Saint Helena,SHN,1997,10992.0
Saint Helena,SHN,1998,10992.0
Saint Helena,SHN,1999,10992.0
Saint Helena,SHN,2000,10992.0
Saint Helena,SHN,2001,10992.0
Saint Helena,SHN,2002,10992.0
Saint Helena,SHN,2003,10992.0
Saint Helena,SHN,2004,7328.0
Saint Helena,SHN,2005,10992.0
Saint Helena,SHN,2006,10992.0
Saint Helena,SHN,2007,10992.0
Saint Helena,SHN,2008,10992.0
Saint Helena,SHN,2009,10992.0
Saint Helena,SHN,2010,10992.0
Saint Helena,SHN,2011,10992.0
Saint Helena,SHN,2012,10992.0
Saint Helena,SHN,2013,10992.0
Saint Helena,SHN,2014,10992.0
Saint Helena,SHN,2015,10992.0
Saint Helena,SHN,2016,14656.0
Saint Helena,SHN,2017,10992.0
Saint Helena,SHN,2018,10992.0
Saint Helena,SHN,2019,14656.0
Saint Helena,SHN,2020,10992.0
Saint Helena,SHN,2021,7328.0
Saint Helena,SHN,2022,10992.0
Saint Helena,SHN,2023,10970.0
Saint Helena,SHN,2024,11391.0
Solomon Islands,SLB,1952,3664.0
Solomon Islands,SLB,1953,3664.0
Solomon Islands,SLB,1954,3664.0
Solomon Islands,SLB,1955,10992.0
Solomon Islands,SLB,1956,10992.0
Solomon Islands,SLB,1957,10992.0
Solomon Islands,SLB,1958,10992.0
Solomon Islands,SLB,1959,10992.0
Solomon Islands,SLB,1960,10992.0
Solomon Islands,SLB,1961,14656.0
Solomon Islands,SLB,1962,14656.0
Solomon Islands,SLB,1963,14656.0
Solomon Islands,SLB,1964,18320.0
Solomon Islands,SLB,1965,25648.0
Solomon Islands,SLB,1966,25648.0
Solomon Islands,SLB,1967,32976.0
Solomon Islands,SLB,1968,36640.0
Solomon Islands,SLB,1969,36640.0
Solomon Islands,SLB,1970,40304.0
Solomon Islands,SLB,1971,47632.0
Solomon Islands,SLB,1972,54960.0
Solomon Islands,SLB,1973,65952.0
Solomon Islands,SLB,1974,65952.0
Solomon Islands,SLB,1975,58624.0
Solomon Islands,SLB,1976,62288.0
Solomon Islands,SLB,1977,80608.0
Solomon Islands,SLB,1978,62288.0
Solomon Islands,SLB,1979,109920.0
Solomon Islands,SLB,1980,102592.0
Solomon Islands,SLB,1981,135568.0
Solomon Islands,SLB,1982,120912.0
Solomon Islands,SLB,1983,142896.0
Solomon Islands,SLB,1984,142896.0
Solomon Islands,SLB,1985,150224.0
Solomon Islands,SLB,1986,153888.0
Solomon Islands,SLB,1987,161216.0
Solomon Islands,SLB,1988,153888.0
Solomon Islands,SLB,1989,161216.0
Solomon Islands,SLB,1990,146560.0
Solomon Islands,SLB,1991,153888.0
Solomon Islands,SLB,1992,161216.0
Solomon Islands,SLB,1993,172208.0
Solomon Islands,SLB,1994,183200.0
Solomon Islands,SLB,1995,190528.0
Solomon Islands,SLB,1996,197856.0
Solomon Islands,SLB,1997,205184.0
Solomon Islands,SLB,1998,212512.0
Solomon Islands,SLB,1999,219840.0
Solomon Islands,SLB,2000,227168.0
Solomon Islands,SLB,2001,238160.0
Solomon Islands,SLB,2002,245488.0
Solomon Islands,SLB,2003,256480.02
Solomon Islands,SLB,2004,274800.0
Solomon Islands,SLB,2005,282128.0
Solomon Islands,SLB,2006,293120.0
Solomon Islands,SLB,2007,300448.0
Solomon Islands,SLB,2008,311440.0
Solomon Islands,SLB,2009,322432.0
Solomon Islands,SLB,2010,333424.0
Solomon Islands,SLB,2011,348080.0
Solomon Islands,SLB,2012,344416.0
Solomon Islands,SLB,2013,377392.0
Solomon Islands,SLB,2014,329760.0
Solomon Islands,SLB,2015,296784.0
Solomon Islands,SLB,2016,293120.0
Solomon Islands,SLB,2017,289456.0
Solomon Islands,SLB,2018,293120.0
Solomon Islands,SLB,2019,296784.0
Solomon Islands,SLB,2020,293120.0
Solomon Islands,SLB,2021,289456.0
Solomon Islands,SLB,2022,283097.0
Solomon Islands,SLB,2023,281760.0
Solomon Islands,SLB,2024,294648.0
Sierra Leone,SLE,1950,157552.0
Sierra Leone,SLE,1951,95264.0
Sierra Leone,SLE,1952,179536.0
Sierra Leone,SLE,1953,168544.0
Sierra Leone,SLE,1954,124576.0
Sierra Leone,SLE,1955,183200.0
Sierra Leone,SLE,1956,179536.0
Sierra Leone,SLE,1957,388384.0
Sierra Leone,SLE,1958,208848.0
Sierra Leone,SLE,1959,234496.0
Sierra Leone,SLE,1960,714480.0
Sierra Leone,SLE,1961,289456.0
Sierra Leone,SLE,1962,326096.0
Sierra Leone,SLE,1963,370064.0
Sierra Leone,SLE,1964,304112.0
Sierra Leone,SLE,1965,282128.0
Sierra Leone,SLE,1966,300448.0
Sierra Leone,SLE,1967,252815.98
Sierra Leone,SLE,1968,362736.0
Sierra Leone,SLE,1969,1084544.0
Sierra Leone,SLE,1970,857376.0
Sierra Leone,SLE,1971,802416.0
Sierra Leone,SLE,1972,677840.0
Sierra Leone,SLE,1973,538608.0
Sierra Leone,SLE,1974,520288.0
Sierra Leone,SLE,1975,523952.0
Sierra Leone,SLE,1976,450672.0
Sierra Leone,SLE,1977,512960.03
Sierra Leone,SLE,1978,710816.0
Sierra Leone,SLE,1979,677840.0
Sierra Leone,SLE,1980,608224.0
Sierra Leone,SLE,1981,692496.0
Sierra Leone,SLE,1982,553264.0
Sierra Leone,SLE,1983,688832.0
Sierra Leone,SLE,1984,615552.0
Sierra Leone,SLE,1985,663184.0
Sierra Leone,SLE,1986,674176.0
Sierra Leone,SLE,1987,498304.0
Sierra Leone,SLE,1988,458000.0
Sierra Leone,SLE,1989,373728.0
Sierra Leone,SLE,1990,498304.0
Sierra Leone,SLE,1991,556928.0
Sierra Leone,SLE,1992,282128.0
Sierra Leone,SLE,1993,263808.0
Sierra Leone,SLE,1994,274800.0
Sierra Leone,SLE,1995,223504.0
Sierra Leone,SLE,1996,230832.0
Sierra Leone,SLE,1997,205184.0
Sierra Leone,SLE,1998,219840.0
Sierra Leone,SLE,1999,175872.0
Sierra Leone,SLE,2000,271136.0
Sierra Leone,SLE,2001,373728.0
Sierra Leone,SLE,2002,501968.03
Sierra Leone,SLE,2003,538608.0
Sierra Leone,SLE,2004,520288.0
Sierra Leone,SLE,2005,432352.0
Sierra Leone,SLE,2006,575248.0
Sierra Leone,SLE,2007,487312.0
Sierra Leone,SLE,2008,505631.97
Sierra Leone,SLE,2009,501968.03
Sierra Leone,SLE,2010,545936.0
Sierra Leone,SLE,2011,714480.0
Sierra Leone,SLE,2012,831728.0
Sierra Leone,SLE,2013,1051568.0
Sierra Leone,SLE,2014,1128512.0
Sierra Leone,SLE,2015,1084145.0
Sierra Leone,SLE,2016,1139504.0
Sierra Leone,SLE,2017,1095536.0
Sierra Leone,SLE,2018,1036911.94
Sierra Leone,SLE,2019,1117520.0
Sierra Leone,SLE,2020,1187136.0
Sierra Leone,SLE,2021,1483613.0
Sierra Leone,SLE,2022,1443616.0
Sierra Leone,SLE,2023,1380435.0
Sierra Leone,SLE,2024,1434283.0
El Salvador,SLV,1870,0.0
El Salvador,SLV,1871,0.0
El Salvador,SLV,1872,0.0
El Salvador,SLV,1873,0.0
El Salvador,SLV,1874,3.0
El Salvador,SLV,1875,0.0
El Salvador,SLV,1876,0.0
El Salvador,SLV,1877,3.0
El Salvador,SLV,1878,10.0
El Salvador,SLV,1879,21.0
El Salvador,SLV,1880,10.0
El Salvador,SLV,1881,3.0
El Salvador,SLV,1882,3.0
El Salvador,SLV,1883,15.0
El Salvador,SLV,1884,36.0
El Salvador,SLV,1885,23.0
El Salvador,SLV,1886,41.0
El Salvador,SLV,1887,41.0
El Salvador,SLV,1888,0.0
El Salvador,SLV,1889,0.0
El Salvador,SLV,1890,8.0
El Salvador,SLV,1891,23.0
El Salvador,SLV,1892,203.0
El Salvador,SLV,1893,380.0
El Salvador,SLV,1894,310.0
El Salvador,SLV,1895,395.0
El Salvador,SLV,1896,5896.0
El Salvador,SLV,1897,7794.0
El Salvador,SLV,1898,13.0
El Salvador,SLV,1899,1706.0
El Salvador,SLV,1900,3.0
El Salvador,SLV,1901,267.0
El Salvador,SLV,1902,295.0
El Salvador,SLV,1903,33.0
El Salvador,SLV,1904,23.0
El Salvador,SLV,1905,56.0
El Salvador,SLV,1906,523.0
El Salvador,SLV,1907,500.00003
El Salvador,SLV,1908,38.0
El Salvador,SLV,1909,18.0
El Salvador,SLV,1910,290.0
El Salvador,SLV,1911,382.0
El Salvador,SLV,1912,462.0
El Salvador,SLV,1913,4086.0
El Salvador,SLV,1914,203.0
El Salvador,SLV,1915,300.0
El Salvador,SLV,1916,321.0
El Salvador,SLV,1917,185.0
El Salvador,SLV,1918,274.0
El Salvador,SLV,1919,6017.0
El Salvador,SLV,1920,8225.0
El Salvador,SLV,1921,195.0
El Salvador,SLV,1922,233.0
El Salvador,SLV,1923,154.0
El Salvador,SLV,1924,280.0
El Salvador,SLV,1925,382.0
El Salvador,SLV,1926,459.0
El Salvador,SLV,1927,9954.0
El Salvador,SLV,1928,11485.0
El Salvador,SLV,1929,12632.0
El Salvador,SLV,1930,767.0
El Salvador,SLV,1931,382.0
El Salvador,SLV,1932,10336.0
El Salvador,SLV,1933,8805.0
El Salvador,SLV,1934,382.0
El Salvador,SLV,1935,1531.0
El Salvador,SLV,1936,382.0
El Salvador,SLV,1937,382.0
El Salvador,SLV,1938,382.0
El Salvador,SLV,1939,767.0
El Salvador,SLV,1940,382.0
El Salvador,SLV,1941,382.0
El Salvador,SLV,1942,382.0
El Salvador,SLV,1943,767.0
El Salvador,SLV,1944,382.0
El Salvador,SLV,1945,382.0
El Salvador,SLV,1946,382.0
El Salvador,SLV,1947,382.0
El Salvador,SLV,1948,767.0
El Salvador,SLV,1949,382.0
El Salvador,SLV,1950,267854.0
El Salvador,SLV,1951,323199.0
El Salvador,SLV,1952,388766.0
El Salvador,SLV,1953,417930.0
El Salvador,SLV,1954,469551.0
El Salvador,SLV,1955,462193.0
El Salvador,SLV,1956,527349.0
El Salvador,SLV,1957,596875.0
El Salvador,SLV,1958,596875.0
El Salvador,SLV,1959,604233.0
El Salvador,SLV,1960,618859.0
El Salvador,SLV,1961,582279.0
El Salvador,SLV,1962,648261.0
El Salvador,SLV,1963,1124521.0
El Salvador,SLV,1964,1230747.0
El Salvador,SLV,1965,1040249.0
El Salvador,SLV,1966,1303819.0
El Salvador,SLV,1967,1157259.0
El Salvador,SLV,1968,1259792.0
El Salvador,SLV,1969,1190235.0
El Salvador,SLV,1970,1428306.0
El Salvador,SLV,1971,1508825.0
El Salvador,SLV,1972,1677221.0
El Salvador,SLV,1973,1966587.0
El Salvador,SLV,1974,1970043.0
El Salvador,SLV,1975,2105463.0
El Salvador,SLV,1976,2206599.0
El Salvador,SLV,1977,2281376.0
El Salvador,SLV,1978,2380805.0
El Salvador,SLV,1979,2375745.0
El Salvador,SLV,1980,2118350.0
El Salvador,SLV,1981,1817596.0
El Salvador,SLV,1982,1750881.0
El Salvador,SLV,1983,1883924.0
El Salvador,SLV,1984,1586816.0
El Salvador,SLV,1985,1963477.0
El Salvador,SLV,1986,1965482.0
El Salvador,SLV,1987,2411452.0
El Salvador,SLV,1988,2429696.0
El Salvador,SLV,1989,2543571.0
El Salvador,SLV,1990,2471080.0
El Salvador,SLV,1991,3149419.0
El Salvador,SLV,1992,3312856.0
El Salvador,SLV,1993,3966190.0
El Salvador,SLV,1994,4502057.0
El Salvador,SLV,1995,4985848.0
El Salvador,SLV,1996,4399683.0
El Salvador,SLV,1997,5398206.0
El Salvador,SLV,1998,5711219.0
El Salvador,SLV,1999,5566913.0
El Salvador,SLV,2000,5647693.0
El Salvador,SLV,2001,5829352.0
El Salvador,SLV,2002,6035627.0
El Salvador,SLV,2003,6396045.0
El Salvador,SLV,2004,6215984.0
El Salvador,SLV,2005,6261618.0
El Salvador,SLV,2006,6689381.0
El Salvador,SLV,2007,6818928.0
El Salvador,SLV,2008,6374697.0
El Salvador,SLV,2009,6282822.0
El Salvador,SLV,2010,6286846.0
El Salvador,SLV,2011,6466690.0
El Salvador,SLV,2012,6436425.0
El Salvador,SLV,2013,6058055.0
El Salvador,SLV,2014,6120198.0
El Salvador,SLV,2015,6637128.0
El Salvador,SLV,2016,6572031.0
El Salvador,SLV,2017,5941629.0
El Salvador,SLV,2018,6452162.0
El Salvador,SLV,2019,7634155.0
El Salvador,SLV,2020,6134854.0
El Salvador,SLV,2021,6976691.0
El Salvador,SLV,2022,7912706.0
El Salvador,SLV,2023,8669882.0
El Salvador,SLV,2024,8972291.0
Somalia,SOM,1950,47632.0
Somalia,SOM,1951,47632.0
Somalia,SOM,1952,47632.0
Somalia,SOM,1953,47632.0
Somalia,SOM,1954,47632.0
Somalia,SOM,1955,65952.0
Somalia,SOM,1956,69616.0
Somalia,SOM,1957,73280.0
Somalia,SOM,1958,84272.0
Somalia,SOM,1959,87936.0
Somalia,SOM,1960,84272.0
Somalia,SOM,1961,87936.0
Somalia,SOM,1962,106256.0
Somalia,SOM,1963,102592.0
Somalia,SOM,1964,135568.0
Somalia,SOM,1965,131904.0
Somalia,SOM,1966,139232.0
Somalia,SOM,1967,227168.0
Somalia,SOM,1968,153888.0
Somalia,SOM,1969,161216.0
Somalia,SOM,1970,216176.0
Somalia,SOM,1971,186864.0
Somalia,SOM,1972,234496.0
Somalia,SOM,1973,263808.0
Somalia,SOM,1974,329760.0
Somalia,SOM,1975,501968.03
Somalia,SOM,1976,479984.0
Somalia,SOM,1977,798752.0
Somalia,SOM,1978,556928.0
Somalia,SOM,1979,487312.0
Somalia,SOM,1980,813408.0
Somalia,SOM,1981,274800.0
Somalia,SOM,1982,718144.0
Somalia,SOM,1983,934320.0
Somalia,SOM,1984,714480.0
Somalia,SOM,1985,857376.0
Somalia,SOM,1986,923328.0
Somalia,SOM,1987,992944.0
Somalia,SOM,1988,1003656.0
Somalia,SOM,1989,952072.0
Somalia,SOM,1990,782197.0
Somalia,SOM,1991,707587.0
Somalia,SOM,1992,666088.0
Somalia,SOM,1993,625768.0
Somalia,SOM,1994,618425.0
Somalia,SOM,1995,585433.0
Somalia,SOM,1996,575248.0
Somalia,SOM,1997,534944.0
Somalia,SOM,1998,505631.97
Somalia,SOM,1999,487312.0
Somalia,SOM,2000,509296.0
Somalia,SOM,2001,542272.0
Somalia,SOM,2002,575248.0
Somalia,SOM,2003,604560.0
Somalia,SOM,2004,626544.0
Somalia,SOM,2005,648528.0
Somalia,SOM,2006,670512.0
Somalia,SOM,2007,692496.0
Somalia,SOM,2008,721808.0
Somalia,SOM,2009,743792.0
Somalia,SOM,2010,776768.0
Somalia,SOM,2011,809744.0
Somalia,SOM,2012,831728.0
Somalia,SOM,2013,857376.0
Somalia,SOM,2014,886688.0
Somalia,SOM,2015,923328.0
Somalia,SOM,2016,956304.0
Somalia,SOM,2017,992944.0
Somalia,SOM,2018,1033247.94
Somalia,SOM,2019,1069888.0
Somalia,SOM,2020,1139504.0
Somalia,SOM,2021,1154160.0
Somalia,SOM,2022,1271408.0
Somalia,SOM,2023,1296419.0
Somalia,SOM,2024,1319185.0
Saint Pierre and Miquelon,SPM,1950,14656.0
Saint Pierre and Miquelon,SPM,1951,21984.0
Saint Pierre and Miquelon,SPM,1952,32976.0
Saint Pierre and Miquelon,SPM,1953,29312.0
Saint Pierre and Miquelon,SPM,1954,32976.0
Saint Pierre and Miquelon,SPM,1955,36640.0
Saint Pierre and Miquelon,SPM,1956,32976.0
Saint Pierre and Miquelon,SPM,1957,40304.0
Saint Pierre and Miquelon,SPM,1958,40304.0
Saint Pierre and Miquelon,SPM,1959,32976.0
Saint Pierre and Miquelon,SPM,1960,36640.0
Saint Pierre and Miquelon,SPM,1961,47632.0
Saint Pierre and Miquelon,SPM,1962,32976.0
Saint Pierre and Miquelon,SPM,1963,36640.0
Saint Pierre and Miquelon,SPM,1964,47632.0
Saint Pierre and Miquelon,SPM,1965,40304.0
Saint Pierre and Miquelon,SPM,1966,43968.0
Saint Pierre and Miquelon,SPM,1967,51296.0
Saint Pierre and Miquelon,SPM,1968,40304.0
Saint Pierre and Miquelon,SPM,1969,32976.0
Saint Pierre and Miquelon,SPM,1970,36640.0
Saint Pierre and Miquelon,SPM,1971,47632.0
Saint Pierre and Miquelon,SPM,1972,69616.0
Saint Pierre and Miquelon,SPM,1973,40304.0
Saint Pierre and Miquelon,SPM,1974,43968.0
Saint Pierre and Miquelon,SPM,1975,32976.0
Saint Pierre and Miquelon,SPM,1976,47632.0
Saint Pierre and Miquelon,SPM,1977,36640.0
Saint Pierre and Miquelon,SPM,1978,32976.0
Saint Pierre and Miquelon,SPM,1979,36640.0
Saint Pierre and Miquelon,SPM,1980,36640.0
Saint Pierre and Miquelon,SPM,1981,40304.0
Saint Pierre and Miquelon,SPM,1982,40304.0
Saint Pierre and Miquelon,SPM,1983,32976.0
Saint Pierre and Miquelon,SPM,1984,36640.0
Saint Pierre and Miquelon,SPM,1985,32976.0
Saint Pierre and Miquelon,SPM,1986,47632.0
Saint Pierre and Miquelon,SPM,1987,51296.0
Saint Pierre and Miquelon,SPM,1988,65952.0
Saint Pierre and Miquelon,SPM,1989,102592.0
Saint Pierre and Miquelon,SPM,1990,91600.0
Saint Pierre and Miquelon,SPM,1991,102592.0
Saint Pierre and Miquelon,SPM,1992,95264.0
Saint Pierre and Miquelon,SPM,1993,73280.0
Saint Pierre and Miquelon,SPM,1994,69616.0
Saint Pierre and Miquelon,SPM,1995,69616.0
Saint Pierre and Miquelon,SPM,1996,69616.0
Saint Pierre and Miquelon,SPM,1997,47632.0
Saint Pierre and Miquelon,SPM,1998,54960.0
Saint Pierre and Miquelon,SPM,1999,54960.0
Saint Pierre and Miquelon,SPM,2000,54960.0
Saint Pierre and Miquelon,SPM,2001,54960.0
Saint Pierre and Miquelon,SPM,2002,58624.0
Saint Pierre and Miquelon,SPM,2003,62288.0
Saint Pierre and Miquelon,SPM,2004,58624.0
Saint Pierre and Miquelon,SPM,2005,62288.0
Saint Pierre and Miquelon,SPM,2006,62288.0
Saint Pierre and Miquelon,SPM,2007,62288.0
Saint Pierre and Miquelon,SPM,2008,62288.0
Saint Pierre and Miquelon,SPM,2009,62288.0
Saint Pierre and Miquelon,SPM,2010,62288.0
Saint Pierre and Miquelon,SPM,2011,65952.0
Saint Pierre and Miquelon,SPM,2012,65952.0
Saint Pierre and Miquelon,SPM,2013,65952.0
Saint Pierre and Miquelon,SPM,2014,65952.0
Saint Pierre and Miquelon,SPM,2015,65952.0
Saint Pierre and Miquelon,SPM,2016,65952.0
Saint Pierre and Miquelon,SPM,2017,65952.0
Saint Pierre and Miquelon,SPM,2018,58624.0
Saint Pierre and Miquelon,SPM,2019,65952.0
Saint Pierre and Miquelon,SPM,2020,62288.0
Saint Pierre and Miquelon,SPM,2021,54960.0
Saint Pierre and Miquelon,SPM,2022,53383.0
Saint Pierre and Miquelon,SPM,2023,53275.0
Saint Pierre and Miquelon,SPM,2024,55322.0
Serbia,SRB,1885,13049.0
Serbia,SRB,1890,39148.0
Serbia,SRB,1891,45672.0
Serbia,SRB,1892,50566.0
Serbia,SRB,1893,89713.0
Serbia,SRB,1894,171270.0
Serbia,SRB,1895,171270.0
Serbia,SRB,1896,190844.0
Serbia,SRB,1897,148434.0
Serbia,SRB,1898,225098.0
Serbia,SRB,1899,262614.0
Serbia,SRB,1900,355590.0
Serbia,SRB,1901,388213.0
Serbia,SRB,1902,363746.0
Serbia,SRB,1903,394737.0
Serbia,SRB,1904,420836.0
Serbia,SRB,1905,456721.0
Serbia,SRB,1906,546434.0
Serbia,SRB,1907,556221.0
Serbia,SRB,1908,598631.0
Serbia,SRB,1909,614942.0
Serbia,SRB,1910,608417.0
Serbia,SRB,1911,658983.0
Serbia,SRB,1912,675294.0
Serbia,SRB,1913,1854613.0
Serbia,SRB,1919,1329384.0
Serbia,SRB,1920,1764900.0
Serbia,SRB,1921,1879080.0
Serbia,SRB,1922,2730538.0
Serbia,SRB,1923,2978472.0
Serbia,SRB,1924,3053505.0
Serbia,SRB,1925,3352005.0
Serbia,SRB,1926,3263923.0
Serbia,SRB,1927,3688021.0
Serbia,SRB,1928,4197640.0
Serbia,SRB,1929,4568840.0
Serbia,SRB,1930,4299701.0
Serbia,SRB,1931,3983129.0
Serbia,SRB,1932,3630065.0
Serbia,SRB,1933,3359120.0
Serbia,SRB,1934,3496361.0
Serbia,SRB,1935,3660714.0
Serbia,SRB,1936,3608630.0
Serbia,SRB,1937,4019429.2
Serbia,SRB,1938,3808251.0
Serbia,SRB,1939,3995308.0
Serbia,SRB,1940,4586782.0
Serbia,SRB,1943,163729.0
Serbia,SRB,1944,40779.0
Serbia,SRB,1945,2319319.0
Serbia,SRB,1946,4586664.0
Serbia,SRB,1947,6386210.0
Serbia,SRB,1948,7196473.0
Serbia,SRB,1949,8220273.0
Serbia,SRB,1950,7875720.0
Serbia,SRB,1951,7454236.0
Serbia,SRB,1952,7488415.0
Serbia,SRB,1953,7436010.0
Serbia,SRB,1954,8872656.0
Serbia,SRB,1955,10163188.0
Serbia,SRB,1956,11621297.0
Serbia,SRB,1957,12622784.0
Serbia,SRB,1958,12435071.0
Serbia,SRB,1959,14266417.0
Serbia,SRB,1960,15586529.0
Serbia,SRB,1961,16349285.0
Serbia,SRB,1962,16778708.0
Serbia,SRB,1963,18666488.0
Serbia,SRB,1964,21146530.0
Serbia,SRB,1965,21759390.0
Serbia,SRB,1966,21563866.0
Serbia,SRB,1967,21782550.0
Serbia,SRB,1968,23300442.0
Serbia,SRB,1969,24160988.0
Serbia,SRB,1970,31562372.0
Serbia,SRB,1971,34011860.0
Serbia,SRB,1972,31877576.0
Serbia,SRB,1973,38067372.0
Serbia,SRB,1974,38223496.0
Serbia,SRB,1975,39875268.0
Serbia,SRB,1976,41141396.0
Serbia,SRB,1977,39997190.0
Serbia,SRB,1978,44675250.0
Serbia,SRB,1979,48573390.0
Serbia,SRB,1980,47741310.0
Serbia,SRB,1981,51955384.0
Serbia,SRB,1982,47704096.0
Serbia,SRB,1983,51364612.0
Serbia,SRB,1984,54165636.0
Serbia,SRB,1985,55244290.0
Serbia,SRB,1986,57680092.0
Serbia,SRB,1987,56297600.0
Serbia,SRB,1988,58081636.0
Serbia,SRB,1989,57896628.0
Serbia,SRB,1990,57537920.0
Serbia,SRB,1991,40577030.0
Serbia,SRB,1992,43635704.0
Serbia,SRB,1993,37996972.0
Serbia,SRB,1994,36967044.0
Serbia,SRB,1995,39046988.0
Serbia,SRB,1996,45695570.0
Serbia,SRB,1997,49097884.0
Serbia,SRB,1998,51690776.0
Serbia,SRB,1999,35651524.0
Serbia,SRB,2000,39606468.0
Serbia,SRB,2001,42540980.0
Serbia,SRB,2002,45486444.0
Serbia,SRB,2003,48648700.0
Serbia,SRB,2004,52942084.0
Serbia,SRB,2005,50058260.0
Serbia,SRB,2006,53721016.0
Serbia,SRB,2007,52159944.0
Serbia,SRB,2008,51736810.0
Serbia,SRB,2009,45919810.0
Serbia,SRB,2010,45694396.0
Serbia,SRB,2011,48956180.0
Serbia,SRB,2012,43763544.0
Serbia,SRB,2013,44576068.0
Serbia,SRB,2014,37331040.0
Serbia,SRB,2015,43896996.0
Serbia,SRB,2016,45192630.0
Serbia,SRB,2017,45672508.0
Serbia,SRB,2018,44478060.0
Serbia,SRB,2019,44444510.0
Serbia,SRB,2020,45356156.0
Serbia,SRB,2021,43886132.0
Serbia,SRB,2022,44462404.0
Serbia,SRB,2023,42907320.0
Serbia,SRB,2024,42019440.0
South Sudan,SSD,1950,44246.0
South Sudan,SSD,1951,58110.0
South Sudan,SSD,1952,61059.0
South Sudan,SSD,1953,66959.0
South Sudan,SSD,1954,65779.0
South Sudan,SSD,1955,74628.0
South Sudan,SSD,1956,72268.0
South Sudan,SSD,1957,92916.0
South Sudan,SSD,1958,103830.0
South Sudan,SSD,1959,110025.0
South Sudan,SSD,1960,109435.0
South Sudan,SSD,1961,111500.0
South Sudan,SSD,1962,119464.0
South Sudan,SSD,1963,135098.0
South Sudan,SSD,1964,149551.0
South Sudan,SSD,1965,195272.0
South Sudan,SSD,1966,212675.0
South Sudan,SSD,1967,256331.0
South Sudan,SSD,1968,249842.0
South Sudan,SSD,1969,336564.0
South Sudan,SSD,1970,390544.0
South Sudan,SSD,1971,400868.0
South Sudan,SSD,1972,432725.0
South Sudan,SSD,1973,436560.0
South Sudan,SSD,1974,457208.0
South Sudan,SSD,1975,340988.0
South Sudan,SSD,1976,302052.0
South Sudan,SSD,1977,306182.0
South Sudan,SSD,1978,276684.0
South Sudan,SSD,1979,287303.0
South Sudan,SSD,1980,301462.0
South Sudan,SSD,1981,292908.0
South Sudan,SSD,1982,307952.0
South Sudan,SSD,1983,314441.0
South Sudan,SSD,1984,281994.0
South Sudan,SSD,1985,327715.0
South Sudan,SSD,1986,341873.0
South Sudan,SSD,1987,269605.0
South Sudan,SSD,1988,389954.0
South Sudan,SSD,1989,302347.0
South Sudan,SSD,1990,419451.0
South Sudan,SSD,1991,392904.0
South Sudan,SSD,1992,351313.0
South Sudan,SSD,1993,242173.0
South Sudan,SSD,1994,333024.0
South Sudan,SSD,1995,344233.0
South Sudan,SSD,1996,355147.0
South Sudan,SSD,1997,434790.0
South Sudan,SSD,1998,376975.0
South Sudan,SSD,1999,408832.0
South Sudan,SSD,2000,444524.0
South Sudan,SSD,2001,511483.0
South Sudan,SSD,2002,651890.0
South Sudan,SSD,2003,728288.0
South Sudan,SSD,2004,920315.0
South Sudan,SSD,2005,881673.0
South Sudan,SSD,2006,965446.0
South Sudan,SSD,2007,1134170.0
South Sudan,SSD,2008,1197884.0
South Sudan,SSD,2009,1247735.0
South Sudan,SSD,2010,1269563.0
South Sudan,SSD,2011,1238590.0
South Sudan,SSD,2012,1330032.0
South Sudan,SSD,2013,1443616.0
South Sudan,SSD,2014,1498576.0
South Sudan,SSD,2015,1912608.0
South Sudan,SSD,2016,1703760.0
South Sudan,SSD,2017,1454608.0
South Sudan,SSD,2018,1736736.0
South Sudan,SSD,2019,1769712.0
South Sudan,SSD,2020,1707424.0
South Sudan,SSD,2021,1740400.0
South Sudan,SSD,2022,1634144.0
South Sudan,SSD,2023,1666291.0
South Sudan,SSD,2024,1695552.0
Sao Tome and Principe,STP,1951,3664.0
Sao Tome and Principe,STP,1952,3664.0
Sao Tome and Principe,STP,1953,3664.0
Sao Tome and Principe,STP,1954,3664.0
Sao Tome and Principe,STP,1955,3664.0
Sao Tome and Principe,STP,1956,7328.0
Sao Tome and Principe,STP,1957,10992.0
Sao Tome and Principe,STP,1958,7328.0
Sao Tome and Principe,STP,1959,7328.0
Sao Tome and Principe,STP,1960,10992.0
Sao Tome and Principe,STP,1961,10992.0
Sao Tome and Principe,STP,1962,10992.0
Sao Tome and Principe,STP,1963,7328.0
Sao Tome and Principe,STP,1964,10992.0
Sao Tome and Principe,STP,1965,10992.0
Sao Tome and Principe,STP,1966,10992.0
Sao Tome and Principe,STP,1967,10992.0
Sao Tome and Principe,STP,1968,14656.0
Sao Tome and Principe,STP,1969,14656.0
Sao Tome and Principe,STP,1970,14656.0
Sao Tome and Principe,STP,1971,10992.0
Sao Tome and Principe,STP,1972,10992.0
Sao Tome and Principe,STP,1973,14656.0
Sao Tome and Principe,STP,1974,18320.0
Sao Tome and Principe,STP,1975,18320.0
Sao Tome and Principe,STP,1976,29312.0
Sao Tome and Principe,STP,1977,29312.0
Sao Tome and Principe,STP,1978,32976.0
Sao Tome and Principe,STP,1979,32976.0
Sao Tome and Principe,STP,1980,40304.0
Sao Tome and Principe,STP,1981,43968.0
Sao Tome and Principe,STP,1982,47632.0
Sao Tome and Principe,STP,1983,54960.0
Sao Tome and Principe,STP,1984,51296.0
Sao Tome and Principe,STP,1985,54960.0
Sao Tome and Principe,STP,1986,51296.0
Sao Tome and Principe,STP,1987,51296.0
Sao Tome and Principe,STP,1988,47632.0
Sao Tome and Principe,STP,1989,47632.0
Sao Tome and Principe,STP,1990,47632.0
Sao Tome and Principe,STP,1991,47632.0
Sao Tome and Principe,STP,1992,47632.0
Sao Tome and Principe,STP,1993,47632.0
Sao Tome and Principe,STP,1994,47632.0
Sao Tome and Principe,STP,1995,47632.0
Sao Tome and Principe,STP,1996,47632.0
Sao Tome and Principe,STP,1997,47632.0
Sao Tome and Principe,STP,1998,47632.0
Sao Tome and Principe,STP,1999,47632.0
Sao Tome and Principe,STP,2000,51296.0
Sao Tome and Principe,STP,2001,51296.0
Sao Tome and Principe,STP,2002,54960.0
Sao Tome and Principe,STP,2003,62288.0
Sao Tome and Principe,STP,2004,73280.0
Sao Tome and Principe,STP,2005,76944.0
Sao Tome and Principe,STP,2006,80608.0
Sao Tome and Principe,STP,2007,80608.0
Sao Tome and Principe,STP,2008,84272.0
Sao Tome and Principe,STP,2009,91600.0
Sao Tome and Principe,STP,2010,106256.0
Sao Tome and Principe,STP,2011,98928.0
Sao Tome and Principe,STP,2012,109920.0
Sao Tome and Principe,STP,2013,109920.0
Sao Tome and Principe,STP,2014,128240.01
Sao Tome and Principe,STP,2015,135568.0
Sao Tome and Principe,STP,2016,146560.0
Sao Tome and Principe,STP,2017,139232.0
Sao Tome and Principe,STP,2018,139232.0
Sao Tome and Principe,STP,2019,146560.0
Sao Tome and Principe,STP,2020,142896.0
Sao Tome and Principe,STP,2021,142896.0
Sao Tome and Principe,STP,2022,135568.0
Sao Tome and Principe,STP,2023,139838.0
Sao Tome and Principe,STP,2024,141779.0
Suriname,SUR,1950,212512.0
Suriname,SUR,1951,234496.0
Suriname,SUR,1952,267472.0
Suriname,SUR,1953,311440.0
Suriname,SUR,1954,337088.0
Suriname,SUR,1955,311440.0
Suriname,SUR,1956,340752.0
Suriname,SUR,1957,373728.0
Suriname,SUR,1958,318768.0
Suriname,SUR,1959,366400.0
Suriname,SUR,1960,432352.0
Suriname,SUR,1961,428688.0
Suriname,SUR,1962,494640.0
Suriname,SUR,1963,531280.0
Suriname,SUR,1964,604560.0
Suriname,SUR,1965,795088.0
Suriname,SUR,1966,1095536.0
Suriname,SUR,1967,1333696.0
Suriname,SUR,1968,1450944.0
Suriname,SUR,1969,1520560.0
Suriname,SUR,1970,1608496.0
Suriname,SUR,1971,1714544.0
Suriname,SUR,1972,1743826.0
Suriname,SUR,1973,2106562.0
Suriname,SUR,1974,1600990.0
Suriname,SUR,1975,2018745.0
Suriname,SUR,1976,1996593.0
Suriname,SUR,1977,1897639.0
Suriname,SUR,1978,2392085.0
Suriname,SUR,1979,2293067.0
Suriname,SUR,1980,2369837.0
Suriname,SUR,1981,2028883.9
Suriname,SUR,1982,1871221.0
Suriname,SUR,1983,1372805.0
Suriname,SUR,1984,1552621.0
Suriname,SUR,1985,1596510.0
Suriname,SUR,1986,1757648.0
Suriname,SUR,1987,1757569.0
Suriname,SUR,1988,1874739.0
Suriname,SUR,1989,1852676.0
Suriname,SUR,1990,1738322.0
Suriname,SUR,1991,2024040.0
Suriname,SUR,1992,2031292.9
Suriname,SUR,1993,2038547.0
Suriname,SUR,1994,2043128.0
Suriname,SUR,1995,2061358.9
Suriname,SUR,1996,2083254.1
Suriname,SUR,1997,2105148.0
Suriname,SUR,1998,2105059.0
Suriname,SUR,1999,2123290.0
Suriname,SUR,2000,2192817.0
Suriname,SUR,2001,2363459.0
Suriname,SUR,2002,1560797.0
Suriname,SUR,2003,1538688.0
Suriname,SUR,2004,1553159.0
Suriname,SUR,2005,1585950.0
Suriname,SUR,2006,1740003.0
Suriname,SUR,2007,1757999.0
Suriname,SUR,2008,1940942.0
Suriname,SUR,2009,1989071.0
Suriname,SUR,2010,2375395.0
Suriname,SUR,2011,2757942.0
Suriname,SUR,2012,2493797.0
Suriname,SUR,2013,3151425.0
Suriname,SUR,2014,3200926.0
Suriname,SUR,2015,2713620.0
Suriname,SUR,2016,2913528.0
Suriname,SUR,2017,2430184.0
Suriname,SUR,2018,2093096.0
Suriname,SUR,2019,2632313.0
Suriname,SUR,2020,2921822.0
Suriname,SUR,2021,2646994.0
Suriname,SUR,2022,2827580.0
Suriname,SUR,2023,2868587.0
Suriname,SUR,2024,2987768.0
Slovakia,SVK,1860,65095.0
Slovakia,SVK,1861,214011.0
Slovakia,SVK,1862,363818.0
Slovakia,SVK,1863,513625.03
Slovakia,SVK,1864,663433.0
Slovakia,SVK,1865,813240.0
Slovakia,SVK,1866,963047.0
Slovakia,SVK,1867,1111963.0
Slovakia,SVK,1868,1261770.0
Slovakia,SVK,1869,1411578.0
Slovakia,SVK,1870,1561385.0
Slovakia,SVK,1871,1711192.0
Slovakia,SVK,1872,1860108.0
Slovakia,SVK,1873,2009915.1
Slovakia,SVK,1874,2159723.0
Slovakia,SVK,1875,2309530.0
Slovakia,SVK,1876,3992188.0
Slovakia,SVK,1877,4194606.0
Slovakia,SVK,1878,4397025.0
Slovakia,SVK,1879,4725174.0
Slovakia,SVK,1880,5006063.0
Slovakia,SVK,1881,5286952.0
Slovakia,SVK,1882,5406441.0
Slovakia,SVK,1883,5774717.0
Slovakia,SVK,1884,5964652.0
Slovakia,SVK,1885,6262483.0
Slovakia,SVK,1886,6583499.0
Slovakia,SVK,1887,6915215.0
Slovakia,SVK,1888,7411898.0
Slovakia,SVK,1889,7847053.0
Slovakia,SVK,1890,8391888.0
Slovakia,SVK,1891,8700419.0
Slovakia,SVK,1892,8832393.0
Slovakia,SVK,1893,9028569.0
Slovakia,SVK,1894,9255063.0
Slovakia,SVK,1895,9605506.0
Slovakia,SVK,1896,9841809.0
Slovakia,SVK,1897,10416070.0
Slovakia,SVK,1898,10648807.0
Slovakia,SVK,1899,10925237.0
Slovakia,SVK,1900,10845875.0
Slovakia,SVK,1901,11332749.0
Slovakia,SVK,1902,11484340.0
Slovakia,SVK,1903,11700134.0
Slovakia,SVK,1904,11814273.0
Slovakia,SVK,1905,12162040.0
Slovakia,SVK,1906,12700633.0
Slovakia,SVK,1907,13348015.0
Slovakia,SVK,1908,13594127.0
Slovakia,SVK,1909,13511198.0
Slovakia,SVK,1910,13370307.0
Slovakia,SVK,1911,13539732.0
Slovakia,SVK,1912,14406475.0
Slovakia,SVK,1913,15069016.0
Slovakia,SVK,1914,13737692.0
Slovakia,SVK,1915,13707374.0
Slovakia,SVK,1916,14589276.0
Slovakia,SVK,1917,13718966.0
Slovakia,SVK,1918,11696567.0
Slovakia,SVK,1919,11050077.0
Slovakia,SVK,1920,10959122.0
Slovakia,SVK,1921,10524859.0
Slovakia,SVK,1922,9393279.0
Slovakia,SVK,1923,9928305.0
Slovakia,SVK,1924,12186116.0
Slovakia,SVK,1925,11468289.0
Slovakia,SVK,1926,11627905.0
Slovakia,SVK,1927,12478597.0
Slovakia,SVK,1928,13138463.0
Slovakia,SVK,1929,14697173.0
Slovakia,SVK,1930,12910678.0
Slovakia,SVK,1931,12076943.0
Slovakia,SVK,1932,10524562.0
Slovakia,SVK,1933,9630734.0
Slovakia,SVK,1934,9618395.0
Slovakia,SVK,1935,9900622.0
Slovakia,SVK,1936,10756589.0
Slovakia,SVK,1937,13025853.0
Slovakia,SVK,1938,14985195.0
Slovakia,SVK,1939,16452713.0
Slovakia,SVK,1940,18547246.0
Slovakia,SVK,1941,18665074.0
Slovakia,SVK,1942,20131072.0
Slovakia,SVK,1943,22226332.0
Slovakia,SVK,1944,21204876.0
Slovakia,SVK,1945,11253387.0
Slovakia,SVK,1946,13970608.0
Slovakia,SVK,1947,15840862.0
Slovakia,SVK,1948,17115756.0
Slovakia,SVK,1949,17992512.0
Slovakia,SVK,1950,18522230.0
Slovakia,SVK,1951,19734444.0
Slovakia,SVK,1952,21101080.0
Slovakia,SVK,1953,21869260.0
Slovakia,SVK,1954,23350690.0
Slovakia,SVK,1955,24232922.0
Slovakia,SVK,1956,26003442.0
Slovakia,SVK,1957,27143728.0
Slovakia,SVK,1958,29658546.0
Slovakia,SVK,1959,29668822.0
Slovakia,SVK,1960,31648492.0
Slovakia,SVK,1961,34352468.0
Slovakia,SVK,1962,36608612.0
Slovakia,SVK,1963,38535790.0
Slovakia,SVK,1964,40107324.0
Slovakia,SVK,1965,39065960.0
Slovakia,SVK,1966,38836710.0
Slovakia,SVK,1967,38742904.0
Slovakia,SVK,1968,40545964.0
Slovakia,SVK,1969,43049700.0
Slovakia,SVK,1970,49369216.0
Slovakia,SVK,1971,51785710.0
Slovakia,SVK,1972,52265980.0
Slovakia,SVK,1973,52475640.0
Slovakia,SVK,1974,53076050.0
Slovakia,SVK,1975,55542624.0
Slovakia,SVK,1976,57714040.0
Slovakia,SVK,1977,59452210.0
Slovakia,SVK,1978,59990784.0
Slovakia,SVK,1979,58425500.0
Slovakia,SVK,1980,59116172.0
Slovakia,SVK,1981,58473610.0
Slovakia,SVK,1982,57917016.0
Slovakia,SVK,1983,57998390.0
Slovakia,SVK,1984,59973720.0
Slovakia,SVK,1985,59167052.0
Slovakia,SVK,1986,59584010.0
Slovakia,SVK,1987,58886020.0
Slovakia,SVK,1988,57919548.0
Slovakia,SVK,1989,55271864.0
Slovakia,SVK,1990,61528540.0
Slovakia,SVK,1991,53333930.0
Slovakia,SVK,1992,48930976.0
Slovakia,SVK,1993,46394332.0
Slovakia,SVK,1994,43803520.0
Slovakia,SVK,1995,44194172.0
Slovakia,SVK,1996,44075516.0
Slovakia,SVK,1997,44147080.0
Slovakia,SVK,1998,43877524.0
Slovakia,SVK,1999,43088350.0
Slovakia,SVK,2000,41187040.0
Slovakia,SVK,2001,43272724.0
Slovakia,SVK,2002,42033700.0
Slovakia,SVK,2003,42359228.0
Slovakia,SVK,2004,42856560.0
Slovakia,SVK,2005,42857268.0
Slovakia,SVK,2006,42639350.0
Slovakia,SVK,2007,41031852.0
Slovakia,SVK,2008,41425300.0
Slovakia,SVK,2009,37681124.0
Slovakia,SVK,2010,38464356.0
Slovakia,SVK,2011,38045108.0
Slovakia,SVK,2012,35961410.0
Slovakia,SVK,2013,35621708.0
Slovakia,SVK,2014,33708172.0
Slovakia,SVK,2015,34527856.0
Slovakia,SVK,2016,34977550.0
Slovakia,SVK,2017,36183944.0
Slovakia,SVK,2018,36184068.0
Slovakia,SVK,2019,33853190.0
Slovakia,SVK,2020,31176160.0
Slovakia,SVK,2021,35251324.0
Slovakia,SVK,2022,31589464.0
Slovakia,SVK,2023,30766244.0
Slovakia,SVK,2024,29090958.0
Slovenia,SVN,1885,3737.0
Slovenia,SVN,1890,11211.0
Slovenia,SVN,1891,13080.0
Slovenia,SVN,1892,14481.0
Slovenia,SVN,1893,25692.0
Slovenia,SVN,1894,49048.0
Slovenia,SVN,1895,49048.0
Slovenia,SVN,1896,54654.0
Slovenia,SVN,1897,42509.0
Slovenia,SVN,1898,64464.004
Slovenia,SVN,1899,75208.0
Slovenia,SVN,1900,101834.0
Slovenia,SVN,1901,111176.0
Slovenia,SVN,1902,104169.0
Slovenia,SVN,1903,113045.0
Slovenia,SVN,1904,120519.0
Slovenia,SVN,1905,130796.0
Slovenia,SVN,1906,156488.0
Slovenia,SVN,1907,159290.0
Slovenia,SVN,1908,171436.0
Slovenia,SVN,1909,176107.0
Slovenia,SVN,1910,174238.0
Slovenia,SVN,1911,188719.0
Slovenia,SVN,1912,193391.0
Slovenia,SVN,1913,531124.0
Slovenia,SVN,1919,380709.0
Slovenia,SVN,1920,505432.0
Slovenia,SVN,1921,538131.0
Slovenia,SVN,1922,781971.0
Slovenia,SVN,1923,852975.0
Slovenia,SVN,1924,874462.0
Slovenia,SVN,1925,959947.0
Slovenia,SVN,1926,934722.0
Slovenia,SVN,1927,1056175.0
Slovenia,SVN,1928,1193688.0
Slovenia,SVN,1929,1308424.0
Slovenia,SVN,1930,1231348.0
Slovenia,SVN,1931,1131502.0
Slovenia,SVN,1932,1032645.0
Slovenia,SVN,1933,955226.0
Slovenia,SVN,1934,994305.0
Slovenia,SVN,1935,1040205.0
Slovenia,SVN,1936,1026726.0
Slovenia,SVN,1937,1144575.0
Slovenia,SVN,1938,1083227.0
Slovenia,SVN,1939,1137282.0
Slovenia,SVN,1940,1313562.0
Slovenia,SVN,1943,46525.0
Slovenia,SVN,1944,11678.0
Slovenia,SVN,1945,662782.0
Slovenia,SVN,1946,1307330.0
Slovenia,SVN,1947,1816099.0
Slovenia,SVN,1948,2048500.0
Slovenia,SVN,1949,2340658.0
Slovenia,SVN,1950,2242563.0
Slovenia,SVN,1951,2122482.0
Slovenia,SVN,1952,2130740.0
Slovenia,SVN,1953,2116056.0
Slovenia,SVN,1954,2526262.0
Slovenia,SVN,1955,2893971.0
Slovenia,SVN,1956,3311597.0
Slovenia,SVN,1957,3593917.0
Slovenia,SVN,1958,3540322.0
Slovenia,SVN,1959,4062086.0
Slovenia,SVN,1960,4438241.0
Slovenia,SVN,1961,4657205.0
Slovenia,SVN,1962,4778336.0
Slovenia,SVN,1963,5315445.0
Slovenia,SVN,1964,6023552.0
Slovenia,SVN,1965,6198301.0
Slovenia,SVN,1966,6140956.0
Slovenia,SVN,1967,6202874.0
Slovenia,SVN,1968,6632873.0
Slovenia,SVN,1969,6877283.0
Slovenia,SVN,1970,8992056.0
Slovenia,SVN,1971,9685128.0
Slovenia,SVN,1972,9062539.0
Slovenia,SVN,1973,10827372.0
Slovenia,SVN,1974,10865980.0
Slovenia,SVN,1975,11330426.0
Slovenia,SVN,1976,11684040.0
Slovenia,SVN,1977,11349432.0
Slovenia,SVN,1978,12680090.0
Slovenia,SVN,1979,13789691.0
Slovenia,SVN,1980,13544972.0
Slovenia,SVN,1981,14726261.0
Slovenia,SVN,1982,13509937.0
Slovenia,SVN,1983,14551781.0
Slovenia,SVN,1984,15349540.0
Slovenia,SVN,1985,15657944.0
Slovenia,SVN,1986,16351864.0
Slovenia,SVN,1987,15935209.0
Slovenia,SVN,1988,16514572.0
Slovenia,SVN,1989,16434435.0
Slovenia,SVN,1990,15097327.0
Slovenia,SVN,1991,13976541.0
Slovenia,SVN,1992,13885939.0
Slovenia,SVN,1993,14254250.0
Slovenia,SVN,1994,14639140.0
Slovenia,SVN,1995,15356992.0
Slovenia,SVN,1996,16002613.0
Slovenia,SVN,1997,16512503.0
Slovenia,SVN,1998,16044565.0
Slovenia,SVN,1999,15418648.0
Slovenia,SVN,2000,15059753.0
Slovenia,SVN,2001,16309183.0
Slovenia,SVN,2002,16570911.0
Slovenia,SVN,2003,16278082.0
Slovenia,SVN,2004,16710709.0
Slovenia,SVN,2005,16941976.0
Slovenia,SVN,2006,17184160.0
Slovenia,SVN,2007,17349082.0
Slovenia,SVN,2008,18284604.0
Slovenia,SVN,2009,16209410.0
Slovenia,SVN,2010,16465506.0
Slovenia,SVN,2011,16364208.0
Slovenia,SVN,2012,15765101.0
Slovenia,SVN,2013,15136785.0
Slovenia,SVN,2014,13568340.0
Slovenia,SVN,2015,13658673.0
Slovenia,SVN,2016,14468012.0
Slovenia,SVN,2017,14637193.0
Slovenia,SVN,2018,14563352.0
Slovenia,SVN,2019,14053007.0
Slovenia,SVN,2020,12872991.0
Slovenia,SVN,2021,13076158.0
Slovenia,SVN,2022,12727840.0
Slovenia,SVN,2023,12012164.0
Slovenia,SVN,2024,12751194.0
Sweden,SWE,1834,32976.0
Sweden,SWE,1839,43968.0
Sweden,SWE,1840,40304.0
Sweden,SWE,1841,40304.0
Sweden,SWE,1842,80608.0
Sweden,SWE,1843,58624.0
Sweden,SWE,1844,98928.0
Sweden,SWE,1845,87936.0
Sweden,SWE,1846,80608.0
Sweden,SWE,1847,80608.0
Sweden,SWE,1848,139232.0
Sweden,SWE,1849,194192.0
Sweden,SWE,1850,201520.0
Sweden,SWE,1851,216176.0
Sweden,SWE,1852,216176.0
Sweden,SWE,1853,227168.0
Sweden,SWE,1854,337088.0
Sweden,SWE,1855,315104.0
Sweden,SWE,1856,476320.0
Sweden,SWE,1857,611888.0
Sweden,SWE,1858,512960.03
Sweden,SWE,1859,754784.0
Sweden,SWE,1860,751120.0
Sweden,SWE,1861,967296.0
Sweden,SWE,1862,985616.0
Sweden,SWE,1863,985616.0
Sweden,SWE,1864,1036911.94
Sweden,SWE,1865,1080880.0
Sweden,SWE,1866,1113856.0
Sweden,SWE,1867,1036911.94
Sweden,SWE,1868,1223776.0
Sweden,SWE,1869,1088208.0
Sweden,SWE,1870,1341024.0
Sweden,SWE,1871,1432624.0
Sweden,SWE,1872,1711088.0
Sweden,SWE,1873,1736736.0
Sweden,SWE,1874,1872304.0
Sweden,SWE,1875,2275344.0
Sweden,SWE,1876,2429232.0
Sweden,SWE,1877,2572128.0
Sweden,SWE,1878,2180080.0
Sweden,SWE,1879,2213056.0
Sweden,SWE,1880,2828608.0
Sweden,SWE,1881,2751664.0
Sweden,SWE,1882,3147376.0
Sweden,SWE,1883,3216992.0
Sweden,SWE,1884,3550416.0
Sweden,SWE,1885,3828880.0
Sweden,SWE,1886,3751936.0
Sweden,SWE,1887,3803232.0
Sweden,SWE,1888,4246576.0
Sweden,SWE,1889,4957392.0
Sweden,SWE,1890,4946400.0
Sweden,SWE,1891,5279824.0
Sweden,SWE,1892,5250512.0
Sweden,SWE,1893,5279824.0
Sweden,SWE,1894,5891712.0
Sweden,SWE,1895,5954000.0
Sweden,SWE,1896,6155520.0
Sweden,SWE,1897,6855344.0
Sweden,SWE,1898,7298688.0
Sweden,SWE,1899,9134352.0
Sweden,SWE,1900,9170992.0
Sweden,SWE,1901,8522464.0
Sweden,SWE,1902,8925504.0
Sweden,SWE,1903,9804864.0
Sweden,SWE,1904,10325152.0
Sweden,SWE,1905,10163936.0
Sweden,SWE,1906,11292448.0
Sweden,SWE,1907,12772704.0
Sweden,SWE,1908,13755428.0
Sweden,SWE,1909,12669882.0
Sweden,SWE,1910,13117328.0
Sweden,SWE,1911,12792751.0
Sweden,SWE,1912,14187705.0
Sweden,SWE,1913,15953268.0
Sweden,SWE,1914,14985189.0
Sweden,SWE,1915,15101660.0
Sweden,SWE,1916,15931912.0
Sweden,SWE,1917,6903629.0
Sweden,SWE,1918,8115357.5
Sweden,SWE,1919,7797207.0
Sweden,SWE,1920,10542065.0
Sweden,SWE,1921,6133385.0
Sweden,SWE,1922,10126600.0
Sweden,SWE,1923,12294173.0
Sweden,SWE,1924,14642477.0
Sweden,SWE,1925,13119573.0
Sweden,SWE,1926,12769362.0
Sweden,SWE,1927,17874824.0
Sweden,SWE,1928,16244894.0
Sweden,SWE,1929,19369774.0
Sweden,SWE,1930,18932354.0
Sweden,SWE,1931,18944282.0
Sweden,SWE,1932,18736918.0
Sweden,SWE,1933,19517262.0
Sweden,SWE,1934,21732500.0
Sweden,SWE,1935,22864024.0
Sweden,SWE,1936,25047560.0
Sweden,SWE,1937,28942064.0
Sweden,SWE,1938,26134964.0
Sweden,SWE,1939,29299888.0
Sweden,SWE,1940,18474730.0
Sweden,SWE,1941,15041770.0
Sweden,SWE,1942,13022192.0
Sweden,SWE,1943,15835729.0
Sweden,SWE,1944,12442329.0
Sweden,SWE,1945,4549445.0
Sweden,SWE,1946,17376102.0
Sweden,SWE,1947,25092130.0
Sweden,SWE,1948,30800910.0
Sweden,SWE,1949,26831936.0
Sweden,SWE,1950,28659138.0
Sweden,SWE,1951,33480728.0
Sweden,SWE,1952,34564944.0
Sweden,SWE,1953,32559788.0
Sweden,SWE,1954,34504924.0
Sweden,SWE,1955,39106670.0
Sweden,SWE,1956,43382680.0
Sweden,SWE,1957,38846824.0
Sweden,SWE,1958,42074570.0
Sweden,SWE,1959,42392060.0
Sweden,SWE,1960,49170520.0
Sweden,SWE,1961,48803060.0
Sweden,SWE,1962,51272696.0
Sweden,SWE,1963,55313170.0
Sweden,SWE,1964,60368180.0
Sweden,SWE,1965,62565764.0
Sweden,SWE,1966,72517360.0
Sweden,SWE,1967,68929740.0
Sweden,SWE,1968,77609600.0
Sweden,SWE,1969,86384710.0
Sweden,SWE,1970,92287020.0
Sweden,SWE,1971,84508860.0
Sweden,SWE,1972,84703224.0
Sweden,SWE,1973,87289530.0
Sweden,SWE,1974,79822840.0
Sweden,SWE,1975,80760184.0
Sweden,SWE,1976,88240910.0
Sweden,SWE,1977,85740390.0
Sweden,SWE,1978,79476536.0
Sweden,SWE,1979,84868580.0
Sweden,SWE,1980,71713690.0
Sweden,SWE,1981,69388504.0
Sweden,SWE,1982,62256744.0
Sweden,SWE,1983,58268316.0
Sweden,SWE,1984,57308090.0
Sweden,SWE,1985,62364010.0
Sweden,SWE,1986,62009780.0
Sweden,SWE,1987,59694708.0
Sweden,SWE,1988,57425120.0
Sweden,SWE,1989,55520856.0
Sweden,SWE,1990,57416508.0
Sweden,SWE,1991,57663956.0
Sweden,SWE,1992,57509810.0
Sweden,SWE,1993,57516756.0
Sweden,SWE,1994,59997400.0
Sweden,SWE,1995,59487264.0
Sweden,SWE,1996,63349024.0
Sweden,SWE,1997,58355300.0
Sweden,SWE,1998,58767172.0
Sweden,SWE,1999,55936620.0
Sweden,SWE,2000,54892390.0
Sweden,SWE,2001,55782308.0
Sweden,SWE,2002,56633796.0
Sweden,SWE,2003,57220990.0
Sweden,SWE,2004,56427524.0
Sweden,SWE,2005,53787480.0
Sweden,SWE,2006,53650844.0
Sweden,SWE,2007,52878800.0
Sweden,SWE,2008,50765440.0
Sweden,SWE,2009,47143308.0
Sweden,SWE,2010,53028584.0
Sweden,SWE,2011,49113770.0
Sweden,SWE,2012,46606916.0
Sweden,SWE,2013,45105884.0
Sweden,SWE,2014,43384748.0
Sweden,SWE,2015,43310144.0
Sweden,SWE,2016,43308376.0
Sweden,SWE,2017,42355424.0
Sweden,SWE,2018,41856004.0
Sweden,SWE,2019,40772480.0
Sweden,SWE,2020,36622220.0
Sweden,SWE,2021,38567984.0
Sweden,SWE,2022,36342156.0
Sweden,SWE,2023,36708596.0
Sweden,SWE,2024,38096652.0
Eswatini,SWZ,1950,3664.0
Eswatini,SWZ,1951,3664.0
Eswatini,SWZ,1952,3664.0
Eswatini,SWZ,1953,3664.0
Eswatini,SWZ,1954,3664.0
Eswatini,SWZ,1955,3664.0
Eswatini,SWZ,1956,3664.0
Eswatini,SWZ,1957,3664.0
Eswatini,SWZ,1958,3664.0
Eswatini,SWZ,1959,3664.0
Eswatini,SWZ,1960,32976.0
Eswatini,SWZ,1961,3664.0
Eswatini,SWZ,1964,10992.0
Eswatini,SWZ,1965,80608.0
Eswatini,SWZ,1966,201520.0
Eswatini,SWZ,1967,227168.0
Eswatini,SWZ,1968,278464.0
Eswatini,SWZ,1969,304112.0
Eswatini,SWZ,1970,366400.0
Eswatini,SWZ,1971,399376.0
Eswatini,SWZ,1972,381056.0
Eswatini,SWZ,1973,370064.0
Eswatini,SWZ,1974,311440.0
Eswatini,SWZ,1975,337088.0
Eswatini,SWZ,1976,333424.0
Eswatini,SWZ,1977,340752.0
Eswatini,SWZ,1978,439680.0
Eswatini,SWZ,1979,447008.0
Eswatini,SWZ,1980,465328.0
Eswatini,SWZ,1981,436016.0
Eswatini,SWZ,1982,436016.0
Eswatini,SWZ,1983,271136.0
Eswatini,SWZ,1984,333424.0
Eswatini,SWZ,1985,439680.0
Eswatini,SWZ,1986,458000.0
Eswatini,SWZ,1987,436016.0
Eswatini,SWZ,1988,436016.0
Eswatini,SWZ,1989,436016.0
Eswatini,SWZ,1990,959968.0
Eswatini,SWZ,1991,872032.0
Eswatini,SWZ,1992,831728.0
Eswatini,SWZ,1993,707152.0
Eswatini,SWZ,1994,1077216.0
Eswatini,SWZ,1995,1058896.0
Eswatini,SWZ,1996,787760.0
Eswatini,SWZ,1997,1139504.0
Eswatini,SWZ,1998,1161488.0
Eswatini,SWZ,1999,1242096.0
Eswatini,SWZ,2000,1205456.0
Eswatini,SWZ,2001,1099200.0
Eswatini,SWZ,2002,1080880.0
Eswatini,SWZ,2003,1003936.06
Eswatini,SWZ,2004,1003936.06
Eswatini,SWZ,2005,1014928.0
Eswatini,SWZ,2006,1014928.0
Eswatini,SWZ,2007,1044240.0
Eswatini,SWZ,2008,1018592.0
Eswatini,SWZ,2009,1055232.0
Eswatini,SWZ,2010,996608.0
Eswatini,SWZ,2011,959968.0
Eswatini,SWZ,2012,1110192.0
Eswatini,SWZ,2013,1315376.0
Eswatini,SWZ,2014,762112.0
Eswatini,SWZ,2015,850048.0
Eswatini,SWZ,2016,1022256.0
Eswatini,SWZ,2017,970960.0
Eswatini,SWZ,2018,1014928.0
Eswatini,SWZ,2019,1099200.0
Eswatini,SWZ,2020,989280.0
Eswatini,SWZ,2021,989280.0
Eswatini,SWZ,2022,1028234.94
Eswatini,SWZ,2023,1029613.0
Eswatini,SWZ,2024,1044644.0
Sint Maarten (Dutch part),SXM,1926,0.0
Sint Maarten (Dutch part),SXM,1927,0.0
Sint Maarten (Dutch part),SXM,1928,0.0
Sint Maarten (Dutch part),SXM,1929,0.0
Sint Maarten (Dutch part),SXM,1930,0.0
Sint Maarten (Dutch part),SXM,1931,0.0
Sint Maarten (Dutch part),SXM,1932,0.0
Sint Maarten (Dutch part),SXM,1933,0.0
Sint Maarten (Dutch part),SXM,1934,0.0
Sint Maarten (Dutch part),SXM,1935,0.0
Sint Maarten (Dutch part),SXM,1936,0.0
Sint Maarten (Dutch part),SXM,1937,0.0
Sint Maarten (Dutch part),SXM,1938,0.0
Sint Maarten (Dutch part),SXM,1939,0.0
Sint Maarten (Dutch part),SXM,1940,0.0
Sint Maarten (Dutch part),SXM,1941,0.0
Sint Maarten (Dutch part),SXM,1942,0.0
Sint Maarten (Dutch part),SXM,1943,0.0
Sint Maarten (Dutch part),SXM,1944,0.0
Sint Maarten (Dutch part),SXM,1945,0.0
Sint Maarten (Dutch part),SXM,1946,0.0
Sint Maarten (Dutch part),SXM,1947,0.0
Sint Maarten (Dutch part),SXM,1948,0.0
Sint Maarten (Dutch part),SXM,1949,0.0
Sint Maarten (Dutch part),SXM,1950,682578.0
Sint Maarten (Dutch part),SXM,1951,1076516.0
Sint Maarten (Dutch part),SXM,1952,621578.0
Sint Maarten (Dutch part),SXM,1953,719382.0
Sint Maarten (Dutch part),SXM,1954,1455120.0
Sint Maarten (Dutch part),SXM,1955,1203626.0
Sint Maarten (Dutch part),SXM,1956,1556672.0
Sint Maarten (Dutch part),SXM,1957,1063226.0
Sint Maarten (Dutch part),SXM,1958,931345.0
Sint Maarten (Dutch part),SXM,1959,1198856.0
Sint Maarten (Dutch part),SXM,1960,1030851.94
Sint Maarten (Dutch part),SXM,1961,1075835.0
Sint Maarten (Dutch part),SXM,1962,1181476.0
Sint Maarten (Dutch part),SXM,1963,1131722.0
Sint Maarten (Dutch part),SXM,1964,1100371.0
Sint Maarten (Dutch part),SXM,1965,987233.0
Sint Maarten (Dutch part),SXM,1966,923167.0
Sint Maarten (Dutch part),SXM,1967,1137175.0
Sint Maarten (Dutch part),SXM,1968,1057433.0
Sint Maarten (Dutch part),SXM,1969,1383898.0
Sint Maarten (Dutch part),SXM,1970,1547812.0
Sint Maarten (Dutch part),SXM,1971,1347094.0
Sint Maarten (Dutch part),SXM,1972,1306201.0
Sint Maarten (Dutch part),SXM,1973,1448986.0
Sint Maarten (Dutch part),SXM,1974,1313357.0
Sint Maarten (Dutch part),SXM,1975,951110.0
Sint Maarten (Dutch part),SXM,1976,2031716.1
Sint Maarten (Dutch part),SXM,1977,1061181.0
Sint Maarten (Dutch part),SXM,1978,903742.0
Sint Maarten (Dutch part),SXM,1979,948043.0
Sint Maarten (Dutch part),SXM,1980,975646.0
Sint Maarten (Dutch part),SXM,1981,929301.0
Sint Maarten (Dutch part),SXM,1982,1039031.0
Sint Maarten (Dutch part),SXM,1983,533998.0
Sint Maarten (Dutch part),SXM,1984,1333463.0
Sint Maarten (Dutch part),SXM,1985,1560761.0
Sint Maarten (Dutch part),SXM,1986,299203.0
Sint Maarten (Dutch part),SXM,1987,265998.0
Sint Maarten (Dutch part),SXM,1988,262028.02
Sint Maarten (Dutch part),SXM,1989,498792.0
Sint Maarten (Dutch part),SXM,1990,534162.0
Sint Maarten (Dutch part),SXM,1991,426247.0
Sint Maarten (Dutch part),SXM,1992,351175.0
Sint Maarten (Dutch part),SXM,1993,542102.0
Sint Maarten (Dutch part),SXM,1994,519725.03
Sint Maarten (Dutch part),SXM,1995,514311.0
Sint Maarten (Dutch part),SXM,1996,481106.0
Sint Maarten (Dutch part),SXM,1997,503483.0
Sint Maarten (Dutch part),SXM,1998,27791.0
Sint Maarten (Dutch part),SXM,1999,208251.0
Sint Maarten (Dutch part),SXM,2000,552569.0
Sint Maarten (Dutch part),SXM,2001,562674.0
Sint Maarten (Dutch part),SXM,2002,542463.0
Sint Maarten (Dutch part),SXM,2003,542824.0
Sint Maarten (Dutch part),SXM,2004,569532.0
Sint Maarten (Dutch part),SXM,2005,564479.0
Sint Maarten (Dutch part),SXM,2006,588300.0
Sint Maarten (Dutch part),SXM,2007,662288.0
Sint Maarten (Dutch part),SXM,2008,637024.0
Sint Maarten (Dutch part),SXM,2009,651822.0
Sint Maarten (Dutch part),SXM,2010,448985.0
Sint Maarten (Dutch part),SXM,2011,572780.0
Sint Maarten (Dutch part),SXM,2012,699824.0
Sint Maarten (Dutch part),SXM,2013,714480.0
Sint Maarten (Dutch part),SXM,2014,725472.0
Sint Maarten (Dutch part),SXM,2015,743792.0
Sint Maarten (Dutch part),SXM,2016,747456.0
Sint Maarten (Dutch part),SXM,2017,703488.0
Sint Maarten (Dutch part),SXM,2018,685168.0
Sint Maarten (Dutch part),SXM,2019,688832.0
Sint Maarten (Dutch part),SXM,2020,652192.0
Sint Maarten (Dutch part),SXM,2021,681504.0
Sint Maarten (Dutch part),SXM,2022,692496.0
Sint Maarten (Dutch part),SXM,2023,691095.0
Sint Maarten (Dutch part),SXM,2024,717645.0
Seychelles,SYC,1963,7328.0
Seychelles,SYC,1964,7328.0
Seychelles,SYC,1965,7328.0
Seychelles,SYC,1966,7328.0
Seychelles,SYC,1967,7328.0
Seychelles,SYC,1968,7328.0
Seychelles,SYC,1969,7328.0
Seychelles,SYC,1970,29312.0
Seychelles,SYC,1971,32976.0
Seychelles,SYC,1972,43968.0
Seychelles,SYC,1973,47632.0
Seychelles,SYC,1974,54960.0
Seychelles,SYC,1975,58624.0
Seychelles,SYC,1976,80608.0
Seychelles,SYC,1977,84272.0
Seychelles,SYC,1978,76944.0
Seychelles,SYC,1979,120912.0
Seychelles,SYC,1980,95264.0
Seychelles,SYC,1981,98928.0
Seychelles,SYC,1982,84272.0
Seychelles,SYC,1983,98928.0
Seychelles,SYC,1984,98928.0
Seychelles,SYC,1985,150224.0
Seychelles,SYC,1986,164880.0
Seychelles,SYC,1987,201520.0
Seychelles,SYC,1988,197856.0
Seychelles,SYC,1989,234496.0
Seychelles,SYC,1990,150224.0
Seychelles,SYC,1991,172208.0
Seychelles,SYC,1992,172208.0
Seychelles,SYC,1993,183200.0
Seychelles,SYC,1994,201520.0
Seychelles,SYC,1995,197856.0
Seychelles,SYC,1996,234496.0
Seychelles,SYC,1997,271136.0
Seychelles,SYC,1998,289456.0
Seychelles,SYC,1999,304112.0
Seychelles,SYC,2000,318768.0
Seychelles,SYC,2001,340752.0
Seychelles,SYC,2002,348080.0
Seychelles,SYC,2003,340752.0
Seychelles,SYC,2004,377392.0
Seychelles,SYC,2005,381056.0
Seychelles,SYC,2006,384720.0
Seychelles,SYC,2007,403040.0
Seychelles,SYC,2008,414032.0
Seychelles,SYC,2009,443344.0
Seychelles,SYC,2010,439680.0
Seychelles,SYC,2011,403040.0
Seychelles,SYC,2012,417696.0
Seychelles,SYC,2013,414032.0
Seychelles,SYC,2014,458000.0
Seychelles,SYC,2015,498304.0
Seychelles,SYC,2016,553264.0
Seychelles,SYC,2017,575248.0
Seychelles,SYC,2018,597232.0
Seychelles,SYC,2019,589904.0
Seychelles,SYC,2020,597232.0
Seychelles,SYC,2021,611888.0
Seychelles,SYC,2022,628936.0
Seychelles,SYC,2023,641309.0
Seychelles,SYC,2024,652571.0
Syria,SYR,1931,3634.0
Syria,SYR,1932,10903.0
Syria,SYR,1933,14537.0
Syria,SYR,1934,10903.0
Syria,SYR,1935,14537.0
Syria,SYR,1936,29074.0
Syria,SYR,1937,61783.0
Syria,SYR,1938,61783.0
Syria,SYR,1939,58149.0
Syria,SYR,1940,21806.0
Syria,SYR,1941,21806.0
Syria,SYR,1942,54514.0
Syria,SYR,1943,36343.0
Syria,SYR,1944,18171.0
Syria,SYR,1945,18171.0
Syria,SYR,1946,21806.0
Syria,SYR,1947,25440.0
Syria,SYR,1948,25440.0
Syria,SYR,1949,29074.0
Syria,SYR,1950,413762.0
Syria,SYR,1951,380789.0
Syria,SYR,1952,475696.0
Syria,SYR,1953,512069.0
Syria,SYR,1954,577895.0
Syria,SYR,1955,1644066.0
Syria,SYR,1956,2002901.1
Syria,SYR,1957,1980946.0
Syria,SYR,1958,2167513.0
Syria,SYR,1959,2225896.0
Syria,SYR,1960,3218695.0
Syria,SYR,1961,3060935.0
Syria,SYR,1962,3199872.0
Syria,SYR,1963,3606276.0
Syria,SYR,1964,4361268.0
Syria,SYR,1965,3672258.0
Syria,SYR,1966,4910928.0
Syria,SYR,1967,4603211.0
Syria,SYR,1968,5953950.0
Syria,SYR,1969,7232626.0
Syria,SYR,1970,6649929.0
Syria,SYR,1971,8874187.0
Syria,SYR,1972,7756279.0
Syria,SYR,1973,7885176.0
Syria,SYR,1974,9654411.0
Syria,SYR,1975,11171188.0
Syria,SYR,1976,13741780.0
Syria,SYR,1977,14644018.0
Syria,SYR,1978,15199352.0
Syria,SYR,1979,22515414.0
Syria,SYR,1980,20768284.0
Syria,SYR,1981,26592634.0
Syria,SYR,1982,24440308.0
Syria,SYR,1983,27895590.0
Syria,SYR,1984,33009784.0
Syria,SYR,1985,29568652.0
Syria,SYR,1986,31266036.0
Syria,SYR,1987,36136612.0
Syria,SYR,1988,36859892.0
Syria,SYR,1989,34475828.0
Syria,SYR,1990,37264530.0
Syria,SYR,1991,42424696.0
Syria,SYR,1992,42803370.0
Syria,SYR,1993,45521532.0
Syria,SYR,1994,45956020.0
Syria,SYR,1995,46391916.0
Syria,SYR,1996,47445684.0
Syria,SYR,1997,49605196.0
Syria,SYR,1998,53496292.0
Syria,SYR,1999,55534080.0
Syria,SYR,2000,54526780.0
Syria,SYR,2001,51342884.0
Syria,SYR,2002,40726880.0
Syria,SYR,2003,55377304.0
Syria,SYR,2004,51691510.0
Syria,SYR,2005,51161764.0
Syria,SYR,2006,54039970.0
Syria,SYR,2007,66972530.0
Syria,SYR,2008,68084080.0
Syria,SYR,2009,63261240.0
Syria,SYR,2010,62057320.0
Syria,SYR,2011,59078228.0
Syria,SYR,2012,46338510.0
Syria,SYR,2013,34256524.0
Syria,SYR,2014,34869310.0
Syria,SYR,2015,31115404.0
Syria,SYR,2016,29162014.0
Syria,SYR,2017,34473470.0
Syria,SYR,2018,31771348.0
Syria,SYR,2019,33491608.0
Syria,SYR,2020,32344418.0
Syria,SYR,2021,32508500.0
Syria,SYR,2022,31423332.0
Syria,SYR,2023,31673644.0
Syria,SYR,2024,31778448.0
Turks and Caicos Islands,TCA,1990,58624.0
Turks and Caicos Islands,TCA,1991,62288.0
Turks and Caicos Islands,TCA,1992,62288.0
Turks and Caicos Islands,TCA,1993,65952.0
Turks and Caicos Islands,TCA,1994,69616.0
Turks and Caicos Islands,TCA,1995,73280.0
Turks and Caicos Islands,TCA,1996,73280.0
Turks and Caicos Islands,TCA,1997,84272.0
Turks and Caicos Islands,TCA,1998,87936.0
Turks and Caicos Islands,TCA,1999,98928.0
Turks and Caicos Islands,TCA,2000,106256.0
Turks and Caicos Islands,TCA,2001,113584.0
Turks and Caicos Islands,TCA,2002,150224.0
Turks and Caicos Islands,TCA,2003,153888.0
Turks and Caicos Islands,TCA,2004,161216.0
Turks and Caicos Islands,TCA,2005,186864.0
Turks and Caicos Islands,TCA,2006,216176.0
Turks and Caicos Islands,TCA,2007,252815.98
Turks and Caicos Islands,TCA,2008,263808.0
Turks and Caicos Islands,TCA,2009,274800.0
Turks and Caicos Islands,TCA,2010,282128.0
Turks and Caicos Islands,TCA,2011,282128.0
Turks and Caicos Islands,TCA,2012,282128.0
Turks and Caicos Islands,TCA,2013,285792.0
Turks and Caicos Islands,TCA,2014,307776.0
Turks and Caicos Islands,TCA,2015,315104.0
Turks and Caicos Islands,TCA,2016,326096.0
Turks and Caicos Islands,TCA,2017,351744.0
Turks and Caicos Islands,TCA,2018,359072.0
Turks and Caicos Islands,TCA,2019,362736.0
Turks and Caicos Islands,TCA,2020,359072.0
Turks and Caicos Islands,TCA,2021,366400.0
Turks and Caicos Islands,TCA,2022,365566.0
Turks and Caicos Islands,TCA,2023,364827.0
Turks and Caicos Islands,TCA,2024,378842.0
Chad,TCD,1950,29602.0
Chad,TCD,1951,39470.0
Chad,TCD,1952,51187.0
Chad,TCD,1953,43170.0
Chad,TCD,1954,45637.0
Chad,TCD,1955,45020.0
Chad,TCD,1956,58588.0
Chad,TCD,1957,62905.0
Chad,TCD,1958,72155.0
Chad,TCD,1959,62288.0
Chad,TCD,1960,54960.0
Chad,TCD,1961,51296.0
Chad,TCD,1962,84272.0
Chad,TCD,1963,91600.0
Chad,TCD,1964,98928.0
Chad,TCD,1965,106256.0
Chad,TCD,1966,84272.0
Chad,TCD,1967,117248.0
Chad,TCD,1968,124576.0
Chad,TCD,1969,161216.0
Chad,TCD,1970,124576.0
Chad,TCD,1971,150224.0
Chad,TCD,1972,120912.0
Chad,TCD,1973,161216.0
Chad,TCD,1974,150224.0
Chad,TCD,1975,183200.0
Chad,TCD,1976,183200.0
Chad,TCD,1977,197856.0
Chad,TCD,1978,194192.0
Chad,TCD,1979,201520.0
Chad,TCD,1980,208848.0
Chad,TCD,1981,208848.0
Chad,TCD,1982,205184.0
Chad,TCD,1983,205184.0
Chad,TCD,1984,216176.0
Chad,TCD,1985,179536.0
Chad,TCD,1986,186864.0
Chad,TCD,1987,197856.0
Chad,TCD,1988,65952.0
Chad,TCD,1989,102592.0
Chad,TCD,1990,377392.0
Chad,TCD,1991,388384.0
Chad,TCD,1992,403040.0
Chad,TCD,1993,399376.0
Chad,TCD,1994,415769.0
Chad,TCD,1995,427411.0
Chad,TCD,1996,443217.0
Chad,TCD,1997,453097.0
Chad,TCD,1998,463839.0
Chad,TCD,1999,473581.0
Chad,TCD,2000,487512.0
Chad,TCD,2001,505594.0
Chad,TCD,2002,531213.0
Chad,TCD,2003,882414.0
Chad,TCD,2004,906195.0
Chad,TCD,2005,929366.0
Chad,TCD,2006,957287.0
Chad,TCD,2007,1088955.0
Chad,TCD,2008,872463.0
Chad,TCD,2009,1219710.0
Chad,TCD,2010,1236006.0
Chad,TCD,2011,1276613.0
Chad,TCD,2012,1746611.0
Chad,TCD,2013,2082161.0
Chad,TCD,2014,2182780.0
Chad,TCD,2015,2351874.0
Chad,TCD,2016,2381583.0
Chad,TCD,2017,2340762.0
Chad,TCD,2018,2383510.0
Chad,TCD,2019,2299785.0
Chad,TCD,2020,2356446.0
Chad,TCD,2021,2670142.0
Chad,TCD,2022,2800401.0
Chad,TCD,2023,2848394.0
Chad,TCD,2024,2831401.0
Togo,TGO,1950,25648.0
Togo,TGO,1951,25648.0
Togo,TGO,1952,43968.0
Togo,TGO,1953,29312.0
Togo,TGO,1954,32976.0
Togo,TGO,1955,40304.0
Togo,TGO,1956,40304.0
Togo,TGO,1957,47632.0
Togo,TGO,1958,47632.0
Togo,TGO,1959,54960.0
Togo,TGO,1960,65952.0
Togo,TGO,1961,91600.0
Togo,TGO,1962,87936.0
Togo,TGO,1963,106256.0
Togo,TGO,1964,131904.0
Togo,TGO,1965,131904.0
Togo,TGO,1966,179536.0
Togo,TGO,1967,197856.0
Togo,TGO,1968,194192.0
Togo,TGO,1969,241824.0
Togo,TGO,1970,274800.0
Togo,TGO,1971,315104.0
Togo,TGO,1972,404950.0
Togo,TGO,1973,411639.0
Togo,TGO,1974,390468.0
Togo,TGO,1975,311440.0
Togo,TGO,1976,322432.0
Togo,TGO,1977,461664.0
Togo,TGO,1978,355408.0
Togo,TGO,1979,1381328.0
Togo,TGO,1980,794433.0
Togo,TGO,1981,706484.0
Togo,TGO,1982,817874.0
Togo,TGO,1983,623627.0
Togo,TGO,1984,694581.0
Togo,TGO,1985,659031.0
Togo,TGO,1986,847915.0
Togo,TGO,1987,924976.0
Togo,TGO,1988,963449.0
Togo,TGO,1989,1024183.06
Togo,TGO,1990,977644.0
Togo,TGO,1991,1049806.0
Togo,TGO,1992,1030496.0
Togo,TGO,1993,1068807.0
Togo,TGO,1994,1006679.06
Togo,TGO,1995,1174741.0
Togo,TGO,1996,1265171.0
Togo,TGO,1997,878986.0
Togo,TGO,1998,1289967.0
Togo,TGO,1999,1850434.0
Togo,TGO,2000,1331372.0
Togo,TGO,2001,1158913.0
Togo,TGO,2002,1322471.0
Togo,TGO,2003,1804731.0
Togo,TGO,2004,1743929.0
Togo,TGO,2005,1721591.0
Togo,TGO,2006,1500506.0
Togo,TGO,2007,1516752.0
Togo,TGO,2008,1522778.0
Togo,TGO,2009,2535654.0
Togo,TGO,2010,2595698.0
Togo,TGO,2011,2503920.0
Togo,TGO,2012,2215629.0
Togo,TGO,2013,1635224.0
Togo,TGO,2014,1490602.0
Togo,TGO,2015,1798361.0
Togo,TGO,2016,2292640.0
Togo,TGO,2017,1911982.0
Togo,TGO,2018,2033828.0
Togo,TGO,2019,2363701.0
Togo,TGO,2020,2751282.0
Togo,TGO,2021,2620181.0
Togo,TGO,2022,2738667.0
Togo,TGO,2023,2671013.0
Togo,TGO,2024,2753585.0
Thailand,THA,1931,29074.0
Thailand,THA,1932,25440.0
Thailand,THA,1933,21806.0
Thailand,THA,1934,25440.0
Thailand,THA,1935,25440.0
Thailand,THA,1936,29074.0
Thailand,THA,1937,36343.0
Thailand,THA,1938,39977.0
Thailand,THA,1939,47246.0
Thailand,THA,1940,58149.0
Thailand,THA,1941,58149.0
Thailand,THA,1943,32708.998
Thailand,THA,1944,14537.0
Thailand,THA,1947,29074.0
Thailand,THA,1948,39977.0
Thailand,THA,1949,61783.0
Thailand,THA,1950,955618.0
Thailand,THA,1951,1090624.0
Thailand,THA,1952,1277729.0
Thailand,THA,1953,1643977.0
Thailand,THA,1954,2050292.0
Thailand,THA,1955,2372727.0
Thailand,THA,1956,2618158.0
Thailand,THA,1957,2922236.0
Thailand,THA,1958,3017294.0
Thailand,THA,1959,3321198.0
Thailand,THA,1960,3709492.0
Thailand,THA,1961,4141500.0
Thailand,THA,1962,5028546.0
Thailand,THA,1963,5564353.0
Thailand,THA,1964,7474013.0
Thailand,THA,1965,7444910.0
Thailand,THA,1966,9471130.0
Thailand,THA,1967,12156816.0
Thailand,THA,1968,17083320.0
Thailand,THA,1969,14548664.0
Thailand,THA,1970,15362163.0
Thailand,THA,1971,19212778.0
Thailand,THA,1972,21771114.0
Thailand,THA,1973,24357124.0
Thailand,THA,1974,24116400.0
Thailand,THA,1975,24253886.0
Thailand,THA,1976,28564168.0
Thailand,THA,1977,31877632.0
Thailand,THA,1978,34760056.0
Thailand,THA,1979,36395600.0
Thailand,THA,1980,39750508.0
Thailand,THA,1981,37540532.0
Thailand,THA,1982,37357036.0
Thailand,THA,1983,41784588.0
Thailand,THA,1984,45154650.0
Thailand,THA,1985,47865170.0
Thailand,THA,1986,48969828.0
Thailand,THA,1987,53814388.0
Thailand,THA,1988,60731536.0
Thailand,THA,1989,71695896.0
Thailand,THA,1990,86563260.0
Thailand,THA,1991,95044824.0
Thailand,THA,1992,105513450.0
Thailand,THA,1993,121855060.0
Thailand,THA,1994,136870030.0
Thailand,THA,1995,153650030.0
Thailand,THA,1996,173565810.0
Thailand,THA,1997,181202740.0
Thailand,THA,1998,159704030.0
Thailand,THA,1999,167234700.0
Thailand,THA,2000,167352160.0
Thailand,THA,2001,172266830.0
Thailand,THA,2002,184665470.0
Thailand,THA,2003,191087740.0
Thailand,THA,2004,207330690.0
Thailand,THA,2005,214325150.0
Thailand,THA,2006,215824660.0
Thailand,THA,2007,224082560.0
Thailand,THA,2008,224248750.0
Thailand,THA,2009,228836220.0
Thailand,THA,2010,241018980.0
Thailand,THA,2011,244878160.0
Thailand,THA,2012,262347660.0
Thailand,THA,2013,263753500.0
Thailand,THA,2014,272487650.0
Thailand,THA,2015,277098720.0
Thailand,THA,2016,284045470.0
Thailand,THA,2017,283347620.0
Thailand,THA,2018,288304900.0
Thailand,THA,2019,281877440.0
Thailand,THA,2020,271923300.0
Thailand,THA,2021,267141810.0
Thailand,THA,2022,272573380.0
Thailand,THA,2023,264733680.0
Thailand,THA,2024,267760200.0
Tajikistan,TJK,1830,60.0
Tajikistan,TJK,1831,72.0
Tajikistan,TJK,1832,48.0
Tajikistan,TJK,1833,60.0
Tajikistan,TJK,1850,371.0
Tajikistan,TJK,1855,1126.0
Tajikistan,TJK,1858,1582.0
Tajikistan,TJK,1859,1678.0
Tajikistan,TJK,1860,2217.0
Tajikistan,TJK,1861,2816.0
Tajikistan,TJK,1862,2540.0
Tajikistan,TJK,1863,2660.0
Tajikistan,TJK,1864,2984.0
Tajikistan,TJK,1865,2852.0
Tajikistan,TJK,1866,9011.0
Tajikistan,TJK,1867,10341.0
Tajikistan,TJK,1868,8603.0
Tajikistan,TJK,1869,11671.0
Tajikistan,TJK,1870,12665.0
Tajikistan,TJK,1871,17099.0
Tajikistan,TJK,1872,17554.0
Tajikistan,TJK,1873,16476.0
Tajikistan,TJK,1874,19998.0
Tajikistan,TJK,1875,23018.0
Tajikistan,TJK,1876,28578.0
Tajikistan,TJK,1877,29165.0
Tajikistan,TJK,1878,38115.0
Tajikistan,TJK,1879,39110.0
Tajikistan,TJK,1880,45880.0
Tajikistan,TJK,1881,48324.0
Tajikistan,TJK,1882,50900.0
Tajikistan,TJK,1883,57934.0
Tajikistan,TJK,1884,58821.0
Tajikistan,TJK,1885,64069.004
Tajikistan,TJK,1886,65710.0
Tajikistan,TJK,1887,69533.0
Tajikistan,TJK,1888,72528.0
Tajikistan,TJK,1889,78328.0
Tajikistan,TJK,1890,88704.0
Tajikistan,TJK,1891,97667.0
Tajikistan,TJK,1892,103382.0
Tajikistan,TJK,1893,121176.0
Tajikistan,TJK,1894,123417.0
Tajikistan,TJK,1895,141809.0
Tajikistan,TJK,1896,144362.0
Tajikistan,TJK,1897,166912.0
Tajikistan,TJK,1898,187198.0
Tajikistan,TJK,1899,217165.0
Tajikistan,TJK,1900,246007.0
Tajikistan,TJK,1901,252561.0
Tajikistan,TJK,1902,243934.0
Tajikistan,TJK,1903,238614.0
Tajikistan,TJK,1904,265478.0
Tajikistan,TJK,1905,236972.0
Tajikistan,TJK,1906,270294.0
Tajikistan,TJK,1907,302754.0
Tajikistan,TJK,1908,304611.0
Tajikistan,TJK,1909,321554.0
Tajikistan,TJK,1910,315348.0
Tajikistan,TJK,1911,326946.0
Tajikistan,TJK,1912,370358.0
Tajikistan,TJK,1913,402326.0
Tajikistan,TJK,1914,363109.0
Tajikistan,TJK,1915,333285.0
Tajikistan,TJK,1916,355224.0
Tajikistan,TJK,1917,326922.0
Tajikistan,TJK,1918,130377.99
Tajikistan,TJK,1919,111363.0
Tajikistan,TJK,1920,101549.0
Tajikistan,TJK,1921,110128.0
Tajikistan,TJK,1922,134308.0
Tajikistan,TJK,1923,148364.0
Tajikistan,TJK,1924,176761.0
Tajikistan,TJK,1925,174461.0
Tajikistan,TJK,1926,252776.0
Tajikistan,TJK,1927,314269.0
Tajikistan,TJK,1928,347903.0
Tajikistan,TJK,1929,374743.0
Tajikistan,TJK,1930,510348.97
Tajikistan,TJK,1931,613237.0
Tajikistan,TJK,1932,690452.0
Tajikistan,TJK,1933,771861.0
Tajikistan,TJK,1934,933332.0
Tajikistan,TJK,1935,1055933.0
Tajikistan,TJK,1936,1210130.0
Tajikistan,TJK,1937,1237857.0
Tajikistan,TJK,1938,1306557.0
Tajikistan,TJK,1939,1322596.0
Tajikistan,TJK,1940,1585497.0
Tajikistan,TJK,1941,1393161.0
Tajikistan,TJK,1942,759420.0
Tajikistan,TJK,1943,792575.0
Tajikistan,TJK,1944,1149380.0
Tajikistan,TJK,1945,1215158.0
Tajikistan,TJK,1946,1364419.0
Tajikistan,TJK,1947,1642394.0
Tajikistan,TJK,1948,1746620.0
Tajikistan,TJK,1949,1985240.0
Tajikistan,TJK,1950,2211679.0
Tajikistan,TJK,1951,2396168.0
Tajikistan,TJK,1952,2565911.0
Tajikistan,TJK,1953,2714464.0
Tajikistan,TJK,1954,2963835.0
Tajikistan,TJK,1955,3360717.0
Tajikistan,TJK,1956,3686014.0
Tajikistan,TJK,1957,4033867.0
Tajikistan,TJK,1958,4306263.0
Tajikistan,TJK,1959,4527452.0
Tajikistan,TJK,1960,4714116.0
Tajikistan,TJK,1961,4863244.0
Tajikistan,TJK,1962,5107150.0
Tajikistan,TJK,1963,5479299.0
Tajikistan,TJK,1964,5828841.0
Tajikistan,TJK,1965,6183966.0
Tajikistan,TJK,1966,6531586.0
Tajikistan,TJK,1967,6833329.0
Tajikistan,TJK,1968,7028845.0
Tajikistan,TJK,1969,7322904.0
Tajikistan,TJK,1970,7703949.0
Tajikistan,TJK,1971,8190111.0
Tajikistan,TJK,1972,8632560.0
Tajikistan,TJK,1973,9014295.0
Tajikistan,TJK,1974,9376161.0
Tajikistan,TJK,1975,9872945.0
Tajikistan,TJK,1976,10261751.0
Tajikistan,TJK,1977,10621491.0
Tajikistan,TJK,1978,10997285.0
Tajikistan,TJK,1979,11093249.0
Tajikistan,TJK,1980,11535487.0
Tajikistan,TJK,1981,11339389.0
Tajikistan,TJK,1982,11557916.0
Tajikistan,TJK,1983,11738964.0
Tajikistan,TJK,1984,11856430.0
Tajikistan,TJK,1985,12778886.0
Tajikistan,TJK,1986,12349876.0
Tajikistan,TJK,1987,12017725.0
Tajikistan,TJK,1988,12968354.0
Tajikistan,TJK,1989,12856128.0
Tajikistan,TJK,1990,12306644.0
Tajikistan,TJK,1991,10015058.0
Tajikistan,TJK,1992,7332642.0
Tajikistan,TJK,1993,5152616.0
Tajikistan,TJK,1994,2345055.0
Tajikistan,TJK,1995,2434788.0
Tajikistan,TJK,1996,2823650.0
Tajikistan,TJK,1997,2150430.0
Tajikistan,TJK,1998,2496600.0
Tajikistan,TJK,1999,2518913.0
Tajikistan,TJK,2000,2236463.0
Tajikistan,TJK,2001,2287397.0
Tajikistan,TJK,2002,1872401.0
Tajikistan,TJK,2003,2071703.9
Tajikistan,TJK,2004,2561510.0
Tajikistan,TJK,2005,2440518.0
Tajikistan,TJK,2006,2656229.0
Tajikistan,TJK,2007,3228767.0
Tajikistan,TJK,2008,2897018.0
Tajikistan,TJK,2009,2444954.0
Tajikistan,TJK,2010,2534786.0
Tajikistan,TJK,2011,2342442.0
Tajikistan,TJK,2012,2934480.0
Tajikistan,TJK,2013,2908285.0
Tajikistan,TJK,2014,4606222.0
Tajikistan,TJK,2015,5306567.0
Tajikistan,TJK,2016,6015884.0
Tajikistan,TJK,2017,6879488.0
Tajikistan,TJK,2018,8080877.5
Tajikistan,TJK,2019,8714168.0
Tajikistan,TJK,2020,9423311.0
Tajikistan,TJK,2021,9384338.0
Tajikistan,TJK,2022,10520923.0
Tajikistan,TJK,2023,10264285.0
Tajikistan,TJK,2024,10739768.0
Turkmenistan,TKM,1830,155.0
Turkmenistan,TKM,1831,186.0
Turkmenistan,TKM,1832,124.0
Turkmenistan,TKM,1833,155.0
Turkmenistan,TKM,1850,963.0
Turkmenistan,TKM,1855,2920.0
Turkmenistan,TKM,1858,4100.0
Turkmenistan,TKM,1859,4348.0
Turkmenistan,TKM,1860,5746.0
Turkmenistan,TKM,1861,7299.0
Turkmenistan,TKM,1862,6585.0
Turkmenistan,TKM,1863,6895.0
Turkmenistan,TKM,1864,7734.0
Turkmenistan,TKM,1865,7392.0
Turkmenistan,TKM,1866,23356.0
Turkmenistan,TKM,1867,26804.0
Turkmenistan,TKM,1868,22300.0
Turkmenistan,TKM,1869,30252.0
Turkmenistan,TKM,1870,32829.0
Turkmenistan,TKM,1871,44321.0
Turkmenistan,TKM,1872,45502.0
Turkmenistan,TKM,1873,42706.0
Turkmenistan,TKM,1874,51838.0
Turkmenistan,TKM,1875,59664.0
Turkmenistan,TKM,1876,74076.0
Turkmenistan,TKM,1877,75598.0
Turkmenistan,TKM,1878,98799.0
Turkmenistan,TKM,1879,101377.0
Turkmenistan,TKM,1880,118925.0
Turkmenistan,TKM,1881,125260.99
Turkmenistan,TKM,1882,131939.0
Turkmenistan,TKM,1883,150171.0
Turkmenistan,TKM,1884,152469.0
Turkmenistan,TKM,1885,166073.0
Turkmenistan,TKM,1886,170328.0
Turkmenistan,TKM,1887,180236.0
Turkmenistan,TKM,1888,188001.0
Turkmenistan,TKM,1889,203033.0
Turkmenistan,TKM,1890,229930.0
Turkmenistan,TKM,1891,253163.02
Turkmenistan,TKM,1892,267978.0
Turkmenistan,TKM,1893,314100.0
Turkmenistan,TKM,1894,319908.0
Turkmenistan,TKM,1895,367584.0
Turkmenistan,TKM,1896,374200.0
Turkmenistan,TKM,1897,432653.0
Turkmenistan,TKM,1898,485236.0
Turkmenistan,TKM,1899,562915.0
Turkmenistan,TKM,1900,637674.0
Turkmenistan,TKM,1901,654663.0
Turkmenistan,TKM,1902,632301.0
Turkmenistan,TKM,1903,618510.0
Turkmenistan,TKM,1904,688145.0
Turkmenistan,TKM,1905,614255.0
Turkmenistan,TKM,1906,700631.0
Turkmenistan,TKM,1907,784770.0
Turkmenistan,TKM,1908,789584.0
Turkmenistan,TKM,1909,833501.0
Turkmenistan,TKM,1910,817413.0
Turkmenistan,TKM,1911,847478.0
Turkmenistan,TKM,1912,960005.0
Turkmenistan,TKM,1913,1042871.0
Turkmenistan,TKM,1914,941214.0
Turkmenistan,TKM,1915,863908.0
Turkmenistan,TKM,1916,920777.0
Turkmenistan,TKM,1917,847416.0
Turkmenistan,TKM,1918,337954.0
Turkmenistan,TKM,1919,288663.0
Turkmenistan,TKM,1920,263226.0
Turkmenistan,TKM,1921,285464.0
Turkmenistan,TKM,1922,348141.0
Turkmenistan,TKM,1923,384573.0
Turkmenistan,TKM,1924,458183.0
Turkmenistan,TKM,1925,452220.0
Turkmenistan,TKM,1926,655222.0
Turkmenistan,TKM,1927,814617.0
Turkmenistan,TKM,1928,891358.0
Turkmenistan,TKM,1929,960363.0
Turkmenistan,TKM,1930,1313118.0
Turkmenistan,TKM,1931,1579315.0
Turkmenistan,TKM,1932,1776170.0
Turkmenistan,TKM,1933,1988627.0
Turkmenistan,TKM,1934,2402329.0
Turkmenistan,TKM,1935,2713851.0
Turkmenistan,TKM,1936,3104886.0
Turkmenistan,TKM,1937,3179617.0
Turkmenistan,TKM,1938,3356447.0
Turkmenistan,TKM,1939,3397786.0
Turkmenistan,TKM,1940,4073470.0
Turkmenistan,TKM,1941,3577923.0
Turkmenistan,TKM,1942,1968493.0
Turkmenistan,TKM,1943,2054434.0
Turkmenistan,TKM,1944,2979311.0
Turkmenistan,TKM,1945,3136200.0
Turkmenistan,TKM,1946,3511815.0
Turkmenistan,TKM,1947,4222567.0
Turkmenistan,TKM,1948,4482261.0
Turkmenistan,TKM,1949,5091985.0
Turkmenistan,TKM,1950,5664063.0
Turkmenistan,TKM,1951,6129828.0
Turkmenistan,TKM,1952,6562785.0
Turkmenistan,TKM,1953,6940816.0
Turkmenistan,TKM,1954,7571410.0
Turkmenistan,TKM,1955,8584755.0
Turkmenistan,TKM,1956,9427187.0
Turkmenistan,TKM,1957,10324293.0
Turkmenistan,TKM,1958,11032326.0
Turkmenistan,TKM,1959,11602045.0
Turkmenistan,TKM,1960,12085906.0
Turkmenistan,TKM,1961,12484597.0
Turkmenistan,TKM,1962,13127888.0
Turkmenistan,TKM,1963,14102395.0
Turkmenistan,TKM,1964,15019000.0
Turkmenistan,TKM,1965,15942327.0
Turkmenistan,TKM,1966,16843626.0
Turkmenistan,TKM,1967,17632662.0
Turkmenistan,TKM,1968,18149118.0
Turkmenistan,TKM,1969,18916528.0
Turkmenistan,TKM,1970,19883938.0
Turkmenistan,TKM,1971,21129266.0
Turkmenistan,TKM,1972,22248468.0
Turkmenistan,TKM,1973,23209826.0
Turkmenistan,TKM,1974,24117380.0
Turkmenistan,TKM,1975,25369430.0
Turkmenistan,TKM,1976,26343134.0
Turkmenistan,TKM,1977,27237472.0
Turkmenistan,TKM,1978,28178876.0
Turkmenistan,TKM,1979,28407752.0
Turkmenistan,TKM,1980,29510400.0
Turkmenistan,TKM,1981,28975788.0
Turkmenistan,TKM,1982,29521006.0
Turkmenistan,TKM,1983,29945186.0
Turkmenistan,TKM,1984,30215034.0
Turkmenistan,TKM,1985,32564168.0
Turkmenistan,TKM,1986,35820760.0
Turkmenistan,TKM,1987,36389050.0
Turkmenistan,TKM,1988,37200016.0
Turkmenistan,TKM,1989,37648692.0
Turkmenistan,TKM,1990,33361168.0
Turkmenistan,TKM,1991,30439246.0
Turkmenistan,TKM,1992,31994180.0
Turkmenistan,TKM,1993,27516396.0
Turkmenistan,TKM,1994,34216140.0
Turkmenistan,TKM,1995,34569176.0
Turkmenistan,TKM,1996,31654202.0
Turkmenistan,TKM,1997,31196074.0
Turkmenistan,TKM,1998,33445510.0
Turkmenistan,TKM,1999,39796908.0
Turkmenistan,TKM,2000,39361496.0
Turkmenistan,TKM,2001,34034184.0
Turkmenistan,TKM,2002,30130800.0
Turkmenistan,TKM,2003,40567560.0
Turkmenistan,TKM,2004,49355104.0
Turkmenistan,TKM,2005,47928664.0
Turkmenistan,TKM,2006,49499596.0
Turkmenistan,TKM,2007,49182930.0
Turkmenistan,TKM,2008,59438420.0
Turkmenistan,TKM,2009,52462364.0
Turkmenistan,TKM,2010,59184068.0
Turkmenistan,TKM,2011,65155076.0
Turkmenistan,TKM,2012,66938636.0
Turkmenistan,TKM,2013,64339644.0
Turkmenistan,TKM,2014,62799344.0
Turkmenistan,TKM,2015,63091676.0
Turkmenistan,TKM,2016,62090924.0
Turkmenistan,TKM,2017,62956572.0
Turkmenistan,TKM,2018,61301660.0
Turkmenistan,TKM,2019,62254216.0
Turkmenistan,TKM,2020,62904970.0
Turkmenistan,TKM,2021,91693640.0
Turkmenistan,TKM,2022,102062830.0
Turkmenistan,TKM,2023,95420770.0
Turkmenistan,TKM,2024,81005550.0
East Timor,TLS,1994,0.0
East Timor,TLS,1995,0.0
East Timor,TLS,1996,0.0
East Timor,TLS,1997,0.0
East Timor,TLS,1998,60535.0
East Timor,TLS,1999,152974.0
East Timor,TLS,2000,219860.0
East Timor,TLS,2001,118844.0
East Timor,TLS,2002,261882.0
East Timor,TLS,2003,248530.0
East Timor,TLS,2004,496998.0
East Timor,TLS,2005,321145.0
East Timor,TLS,2006,316708.0
East Timor,TLS,2007,288067.0
East Timor,TLS,2008,285133.0
East Timor,TLS,2009,321783.0
East Timor,TLS,2010,313134.0
East Timor,TLS,2011,433890.0
East Timor,TLS,2012,591295.0
East Timor,TLS,2013,619966.0
East Timor,TLS,2014,627080.0
East Timor,TLS,2015,590431.0
East Timor,TLS,2016,642966.0
East Timor,TLS,2017,692847.0
East Timor,TLS,2018,617024.0
East Timor,TLS,2019,675431.0
East Timor,TLS,2020,646107.0
East Timor,TLS,2021,620168.0
East Timor,TLS,2022,669585.0
East Timor,TLS,2023,636717.0
East Timor,TLS,2024,668112.0
Tonga,TON,1950,7328.0
Tonga,TON,1951,7328.0
Tonga,TON,1952,7328.0
Tonga,TON,1953,7328.0
Tonga,TON,1954,7328.0
Tonga,TON,1955,7328.0
Tonga,TON,1956,7328.0
Tonga,TON,1957,7328.0
Tonga,TON,1958,7328.0
Tonga,TON,1959,7328.0
Tonga,TON,1960,10992.0
Tonga,TON,1961,10992.0
Tonga,TON,1962,10992.0
Tonga,TON,1963,10992.0
Tonga,TON,1964,10992.0
Tonga,TON,1965,10992.0
Tonga,TON,1966,10992.0
Tonga,TON,1967,14656.0
Tonga,TON,1968,14656.0
Tonga,TON,1969,10992.0
Tonga,TON,1970,25648.0
Tonga,TON,1971,18320.0
Tonga,TON,1972,21984.0
Tonga,TON,1973,25648.0
Tonga,TON,1974,21984.0
Tonga,TON,1975,32976.0
Tonga,TON,1976,29312.0
Tonga,TON,1977,29312.0
Tonga,TON,1978,36640.0
Tonga,TON,1979,40304.0
Tonga,TON,1980,40304.0
Tonga,TON,1981,47632.0
Tonga,TON,1982,43968.0
Tonga,TON,1983,47632.0
Tonga,TON,1984,47632.0
Tonga,TON,1985,47632.0
Tonga,TON,1986,47632.0
Tonga,TON,1987,54960.0
Tonga,TON,1988,69616.0
Tonga,TON,1989,69616.0
Tonga,TON,1990,80608.0
Tonga,TON,1991,87936.0
Tonga,TON,1992,73280.0
Tonga,TON,1993,84272.0
Tonga,TON,1994,87936.0
Tonga,TON,1995,95264.0
Tonga,TON,1996,76944.0
Tonga,TON,1997,95264.0
Tonga,TON,1998,91600.0
Tonga,TON,1999,109920.0
Tonga,TON,2000,98928.0
Tonga,TON,2001,91600.0
Tonga,TON,2002,95264.0
Tonga,TON,2003,117248.0
Tonga,TON,2004,113584.0
Tonga,TON,2005,113584.0
Tonga,TON,2006,128240.01
Tonga,TON,2007,113584.0
Tonga,TON,2008,106256.0
Tonga,TON,2009,120912.0
Tonga,TON,2010,117248.0
Tonga,TON,2011,106256.0
Tonga,TON,2012,106256.0
Tonga,TON,2013,109920.0
Tonga,TON,2014,106256.0
Tonga,TON,2015,106256.0
Tonga,TON,2016,139232.0
Tonga,TON,2017,142896.0
Tonga,TON,2018,131904.0
Tonga,TON,2019,161216.0
Tonga,TON,2020,139232.0
Tonga,TON,2021,139232.0
Tonga,TON,2022,146560.0
Tonga,TON,2023,145868.0
Tonga,TON,2024,152540.0
Trinidad and Tobago,TTO,1909,25648.0
Trinidad and Tobago,TTO,1910,65952.0
Trinidad and Tobago,TTO,1911,124576.0
Trinidad and Tobago,TTO,1912,197856.0
Trinidad and Tobago,TTO,1913,223504.0
Trinidad and Tobago,TTO,1914,289456.0
Trinidad and Tobago,TTO,1915,333424.0
Trinidad and Tobago,TTO,1916,414032.0
Trinidad and Tobago,TTO,1917,527616.0
Trinidad and Tobago,TTO,1918,769440.0
Trinidad and Tobago,TTO,1919,648528.0
Trinidad and Tobago,TTO,1920,868368.0
Trinidad and Tobago,TTO,1921,1000272.06
Trinidad and Tobago,TTO,1922,981952.0
Trinidad and Tobago,TTO,1923,1209120.0
Trinidad and Tobago,TTO,1924,1656128.0
Trinidad and Tobago,TTO,1925,1945584.0
Trinidad and Tobago,TTO,1926,1960240.0
Trinidad and Tobago,TTO,1927,2099472.0
Trinidad and Tobago,TTO,1928,3231648.0
Trinidad and Tobago,TTO,1929,3594384.0
Trinidad and Tobago,TTO,1930,3645680.0
Trinidad and Tobago,TTO,1931,3074096.0
Trinidad and Tobago,TTO,1932,3253632.0
Trinidad and Tobago,TTO,1933,4067040.0
Trinidad and Tobago,TTO,1934,4777856.0
Trinidad and Tobago,TTO,1935,5089296.0
Trinidad and Tobago,TTO,1936,5741488.0
Trinidad and Tobago,TTO,1937,7247392.0
Trinidad and Tobago,TTO,1938,8339264.0
Trinidad and Tobago,TTO,1939,9453120.0
Trinidad and Tobago,TTO,1940,10735520.0
Trinidad and Tobago,TTO,1941,9900128.0
Trinidad and Tobago,TTO,1942,10665904.0
Trinidad and Tobago,TTO,1943,10273856.0
Trinidad and Tobago,TTO,1944,10772160.0
Trinidad and Tobago,TTO,1945,11021312.0
Trinidad and Tobago,TTO,1946,10937040.0
Trinidad and Tobago,TTO,1947,12003264.0
Trinidad and Tobago,TTO,1948,12640800.0
Trinidad and Tobago,TTO,1949,13750992.0
Trinidad and Tobago,TTO,1950,2352288.0
Trinidad and Tobago,TTO,1951,2513504.0
Trinidad and Tobago,TTO,1952,2795632.0
Trinidad and Tobago,TTO,1953,2934864.0
Trinidad and Tobago,TTO,1954,2835847.0
Trinidad and Tobago,TTO,1955,2721846.0
Trinidad and Tobago,TTO,1956,2879340.0
Trinidad and Tobago,TTO,1957,2564266.0
Trinidad and Tobago,TTO,1958,3476542.0
Trinidad and Tobago,TTO,1959,3091703.0
Trinidad and Tobago,TTO,1960,2578742.0
Trinidad and Tobago,TTO,1961,4597934.0
Trinidad and Tobago,TTO,1962,7232082.0
Trinidad and Tobago,TTO,1963,1677458.0
Trinidad and Tobago,TTO,1964,3791527.0
Trinidad and Tobago,TTO,1965,5191116.0
Trinidad and Tobago,TTO,1966,4051521.8
Trinidad and Tobago,TTO,1967,4634187.0
Trinidad and Tobago,TTO,1968,4036866.2
Trinidad and Tobago,TTO,1969,3901179.0
Trinidad and Tobago,TTO,1970,8990356.0
Trinidad and Tobago,TTO,1971,8096400.5
Trinidad and Tobago,TTO,1972,8235512.5
Trinidad and Tobago,TTO,1973,9389822.0
Trinidad and Tobago,TTO,1974,10042043.0
Trinidad and Tobago,TTO,1975,9613296.0
Trinidad and Tobago,TTO,1976,15910721.0
Trinidad and Tobago,TTO,1977,16159107.0
Trinidad and Tobago,TTO,1978,15311589.0
Trinidad and Tobago,TTO,1979,16706724.0
Trinidad and Tobago,TTO,1980,16919052.0
Trinidad and Tobago,TTO,1981,17242034.0
Trinidad and Tobago,TTO,1982,18404680.0
Trinidad and Tobago,TTO,1983,16274252.0
Trinidad and Tobago,TTO,1984,17502898.0
Trinidad and Tobago,TTO,1985,20721706.0
Trinidad and Tobago,TTO,1986,17353368.0
Trinidad and Tobago,TTO,1987,17487456.0
Trinidad and Tobago,TTO,1988,15831156.0
Trinidad and Tobago,TTO,1989,16102804.0
Trinidad and Tobago,TTO,1990,16978436.0
Trinidad and Tobago,TTO,1991,16964384.0
Trinidad and Tobago,TTO,1992,19098254.0
Trinidad and Tobago,TTO,1993,17405424.0
Trinidad and Tobago,TTO,1994,15342087.0
Trinidad and Tobago,TTO,1995,14724661.0
Trinidad and Tobago,TTO,1996,18448690.0
Trinidad and Tobago,TTO,1997,18899972.0
Trinidad and Tobago,TTO,1998,19892260.0
Trinidad and Tobago,TTO,1999,22580384.0
Trinidad and Tobago,TTO,2000,24350034.0
Trinidad and Tobago,TTO,2001,26739746.0
Trinidad and Tobago,TTO,2002,28682532.0
Trinidad and Tobago,TTO,2003,32369930.0
Trinidad and Tobago,TTO,2004,32688362.0
Trinidad and Tobago,TTO,2005,38204892.0
Trinidad and Tobago,TTO,2006,42707896.0
Trinidad and Tobago,TTO,2007,45563610.0
Trinidad and Tobago,TTO,2008,44442504.0
Trinidad and Tobago,TTO,2009,44417492.0
Trinidad and Tobago,TTO,2010,47092348.0
Trinidad and Tobago,TTO,2011,47043404.0
Trinidad and Tobago,TTO,2012,46159084.0
Trinidad and Tobago,TTO,2013,45799308.0
Trinidad and Tobago,TTO,2014,46865816.0
Trinidad and Tobago,TTO,2015,45533676.0
Trinidad and Tobago,TTO,2016,39867356.0
Trinidad and Tobago,TTO,2017,40296896.0
Trinidad and Tobago,TTO,2018,40307356.0
Trinidad and Tobago,TTO,2019,40754536.0
Trinidad and Tobago,TTO,2020,35043070.0
Trinidad and Tobago,TTO,2021,36388812.0
Trinidad and Tobago,TTO,2022,37492890.0
Trinidad and Tobago,TTO,2023,35535900.0
Trinidad and Tobago,TTO,2024,34576280.0
Tunisia,TUN,1916,10992.0
Tunisia,TUN,1917,29312.0
Tunisia,TUN,1918,40304.0
Tunisia,TUN,1920,29312.0
Tunisia,TUN,1921,21984.0
Tunisia,TUN,1933,18171.0
Tunisia,TUN,1934,18171.0
Tunisia,TUN,1935,18171.0
Tunisia,TUN,1936,25440.0
Tunisia,TUN,1937,29074.0
Tunisia,TUN,1938,32708.998
Tunisia,TUN,1939,32735.002
Tunisia,TUN,1940,58370.0
Tunisia,TUN,1941,135330.0
Tunisia,TUN,1942,160978.0
Tunisia,TUN,1943,51200.0
Tunisia,TUN,1944,91362.0
Tunisia,TUN,1945,95026.0
Tunisia,TUN,1946,131568.0
Tunisia,TUN,1947,127765.0
Tunisia,TUN,1948,145906.0
Tunisia,TUN,1949,127556.99
Tunisia,TUN,1950,1219429.0
Tunisia,TUN,1951,1376921.0
Tunisia,TUN,1952,1442784.0
Tunisia,TUN,1953,1376743.0
Tunisia,TUN,1954,1405814.0
Tunisia,TUN,1955,1595959.0
Tunisia,TUN,1956,1559408.0
Tunisia,TUN,1957,1573886.0
Tunisia,TUN,1958,1445887.0
Tunisia,TUN,1959,1588397.0
Tunisia,TUN,1960,1724106.0
Tunisia,TUN,1961,1764711.0
Tunisia,TUN,1962,1793901.0
Tunisia,TUN,1963,1944128.0
Tunisia,TUN,1964,2753486.0
Tunisia,TUN,1965,2460363.0
Tunisia,TUN,1966,2881636.0
Tunisia,TUN,1967,3083186.0
Tunisia,TUN,1968,3592336.0
Tunisia,TUN,1969,3852094.0
Tunisia,TUN,1970,3738743.0
Tunisia,TUN,1971,4217535.0
Tunisia,TUN,1972,4752795.0
Tunisia,TUN,1973,4850214.0
Tunisia,TUN,1974,5428027.0
Tunisia,TUN,1975,5594051.0
Tunisia,TUN,1976,5891313.0
Tunisia,TUN,1977,6819224.0
Tunisia,TUN,1978,7602934.0
Tunisia,TUN,1979,8971873.0
Tunisia,TUN,1980,9783795.0
Tunisia,TUN,1981,10199789.0
Tunisia,TUN,1982,9877888.0
Tunisia,TUN,1983,11920065.0
Tunisia,TUN,1984,12193431.0
Tunisia,TUN,1985,12703786.0
Tunisia,TUN,1986,12861158.0
Tunisia,TUN,1987,12717348.0
Tunisia,TUN,1988,13436447.0
Tunisia,TUN,1989,14272725.0
Tunisia,TUN,1990,14622028.0
Tunisia,TUN,1991,16755327.0
Tunisia,TUN,1992,15843426.0
Tunisia,TUN,1993,17179850.0
Tunisia,TUN,1994,16760534.0
Tunisia,TUN,1995,16623121.0
Tunisia,TUN,1996,17211026.0
Tunisia,TUN,1997,17809592.0
Tunisia,TUN,1998,18292140.0
Tunisia,TUN,1999,18709196.0
Tunisia,TUN,2000,19435988.0
Tunisia,TUN,2001,20260558.0
Tunisia,TUN,2002,20380038.0
Tunisia,TUN,2003,21041520.0
Tunisia,TUN,2004,22144166.0
Tunisia,TUN,2005,22515908.0
Tunisia,TUN,2006,22914928.0
Tunisia,TUN,2007,24725204.0
Tunisia,TUN,2008,25453210.0
Tunisia,TUN,2009,25353396.0
Tunisia,TUN,2010,27899698.0
Tunisia,TUN,2011,26429208.0
Tunisia,TUN,2012,28194274.0
Tunisia,TUN,2013,28773252.0
Tunisia,TUN,2014,29874574.0
Tunisia,TUN,2015,31380538.0
Tunisia,TUN,2016,30971484.0
Tunisia,TUN,2017,31676916.0
Tunisia,TUN,2018,31121710.0
Tunisia,TUN,2019,30578564.0
Tunisia,TUN,2020,28844812.0
Tunisia,TUN,2021,31526714.0
Tunisia,TUN,2022,30784934.0
Tunisia,TUN,2023,31737824.0
Tunisia,TUN,2024,32663696.0
Turkey,TUR,1865,150224.0
Turkey,TUR,1866,208848.0
Turkey,TUR,1867,227168.0
Turkey,TUR,1868,175872.0
Turkey,TUR,1869,267472.0
Turkey,TUR,1870,157552.0
Turkey,TUR,1871,197856.0
Turkey,TUR,1872,245488.0
Turkey,TUR,1873,238160.0
Turkey,TUR,1874,256480.02
Turkey,TUR,1875,351744.0
Turkey,TUR,1876,274800.0
Turkey,TUR,1877,447008.0
Turkey,TUR,1878,326096.0
Turkey,TUR,1879,124576.0
Turkey,TUR,1880,139232.0
Turkey,TUR,1881,183200.0
Turkey,TUR,1882,153888.0
Turkey,TUR,1883,161216.0
Turkey,TUR,1884,175872.0
Turkey,TUR,1885,194192.0
Turkey,TUR,1886,135568.0
Turkey,TUR,1887,245488.0
Turkey,TUR,1888,267472.0
Turkey,TUR,1889,403040.0
Turkey,TUR,1890,366400.0
Turkey,TUR,1891,403040.0
Turkey,TUR,1892,410368.0
Turkey,TUR,1893,425024.0
Turkey,TUR,1894,392048.0
Turkey,TUR,1895,373728.0
Turkey,TUR,1896,443344.0
Turkey,TUR,1897,315104.0
Turkey,TUR,1898,523952.0
Turkey,TUR,1899,670512.0
Turkey,TUR,1900,1036911.94
Turkey,TUR,1901,948976.0
Turkey,TUR,1902,1047904.0
Turkey,TUR,1903,1205456.0
Turkey,TUR,1904,1366672.0
Turkey,TUR,1905,1531552.0
Turkey,TUR,1906,1579184.0
Turkey,TUR,1907,1879632.0
Turkey,TUR,1908,1722080.0
Turkey,TUR,1909,1956576.0
Turkey,TUR,1910,1883296.0
Turkey,TUR,1911,2227712.0
Turkey,TUR,1912,1996880.0
Turkey,TUR,1913,2037184.0
Turkey,TUR,1914,1663456.0
Turkey,TUR,1915,1036911.94
Turkey,TUR,1916,512960.03
Turkey,TUR,1917,392048.0
Turkey,TUR,1918,458000.0
Turkey,TUR,1919,937984.0
Turkey,TUR,1920,1403312.0
Turkey,TUR,1921,842720.0
Turkey,TUR,1922,1011263.94
Turkey,TUR,1923,1472928.0
Turkey,TUR,1924,2451216.0
Turkey,TUR,1925,2366944.0
Turkey,TUR,1926,3008144.0
Turkey,TUR,1927,3279280.0
Turkey,TUR,1928,3125154.0
Turkey,TUR,1929,3550149.0
Turkey,TUR,1930,3971538.0
Turkey,TUR,1931,3938384.0
Turkey,TUR,1932,4000642.8
Turkey,TUR,1933,4663797.0
Turkey,TUR,1934,5792101.0
Turkey,TUR,1935,5935145.0
Turkey,TUR,1936,5865499.0
Turkey,TUR,1937,4245714.0
Turkey,TUR,1938,4633889.0
Turkey,TUR,1939,4904937.0
Turkey,TUR,1940,5469282.0
Turkey,TUR,1941,5619476.0
Turkey,TUR,1942,4945538.0
Turkey,TUR,1943,6118197.0
Turkey,TUR,1944,7022729.0
Turkey,TUR,1945,7088681.0
Turkey,TUR,1946,7022581.0
Turkey,TUR,1947,7476798.0
Turkey,TUR,1948,7700331.0
Turkey,TUR,1949,7967684.0
Turkey,TUR,1950,9488155.0
Turkey,TUR,1951,10184316.0
Turkey,TUR,1952,10473534.0
Turkey,TUR,1953,12964756.0
Turkey,TUR,1954,13433034.0
Turkey,TUR,1955,13619423.0
Turkey,TUR,1956,14362498.0
Turkey,TUR,1957,15969929.0
Turkey,TUR,1958,16034868.0
Turkey,TUR,1959,17191804.0
Turkey,TUR,1960,16798536.0
Turkey,TUR,1961,17340838.0
Turkey,TUR,1962,21604546.0
Turkey,TUR,1963,22639942.0
Turkey,TUR,1964,26306422.0
Turkey,TUR,1965,27352956.0
Turkey,TUR,1966,31505760.0
Turkey,TUR,1967,33479114.0
Turkey,TUR,1968,36265490.0
Turkey,TUR,1969,38752696.0
Turkey,TUR,1970,42579228.0
Turkey,TUR,1971,47644330.0
Turkey,TUR,1972,53735628.0
Turkey,TUR,1973,59331964.0
Turkey,TUR,1974,60961276.0
Turkey,TUR,1975,65463060.0
Turkey,TUR,1976,73420000.0
Turkey,TUR,1977,81199930.0
Turkey,TUR,1978,76814310.0
Turkey,TUR,1979,75139304.0
Turkey,TUR,1980,75317610.0
Turkey,TUR,1981,79321384.0
Turkey,TUR,1982,86361280.0
Turkey,TUR,1983,89956500.0
Turkey,TUR,1984,95093280.0
Turkey,TUR,1985,105877810.0
Turkey,TUR,1986,115872344.0
Turkey,TUR,1987,128747544.0
Turkey,TUR,1988,125064780.0
Turkey,TUR,1989,137932800.0
Turkey,TUR,1990,154572100.0
Turkey,TUR,1991,161125940.0
Turkey,TUR,1992,167234000.0
Turkey,TUR,1993,174291140.0
Turkey,TUR,1994,170592420.0
Turkey,TUR,1995,184674720.0
Turkey,TUR,1996,203097950.0
Turkey,TUR,1997,215511520.0
Turkey,TUR,1998,215585820.0
Turkey,TUR,1999,211238080.0
Turkey,TUR,2000,232933970.0
Turkey,TUR,2001,216872480.0
Turkey,TUR,2002,224319760.0
Turkey,TUR,2003,239848560.0
Turkey,TUR,2004,247843060.0
Turkey,TUR,2005,267710690.0
Turkey,TUR,2006,285429400.0
Turkey,TUR,2007,316497400.0
Turkey,TUR,2008,312628200.0
Turkey,TUR,2009,318567940.0
Turkey,TUR,2010,318710340.0
Turkey,TUR,2011,344214820.0
Turkey,TUR,2012,358644600.0
Turkey,TUR,2013,350633570.0
Turkey,TUR,2014,367271650.0
Turkey,TUR,2015,387703900.0
Turkey,TUR,2016,405552260.0
Turkey,TUR,2017,430621660.0
Turkey,TUR,2018,423818300.0
Turkey,TUR,2019,406567740.0
Turkey,TUR,2020,416328060.0
Turkey,TUR,2021,457377280.0
Turkey,TUR,2022,443602700.0
Turkey,TUR,2023,486944580.0
Turkey,TUR,2024,513034600.0
Tuvalu,TUV,1990,3664.0
Tuvalu,TUV,1991,3664.0
Tuvalu,TUV,1992,3664.0
Tuvalu,TUV,1993,7328.0
Tuvalu,TUV,1994,3664.0
Tuvalu,TUV,1995,3664.0
Tuvalu,TUV,1996,3664.0
Tuvalu,TUV,1997,7328.0
Tuvalu,TUV,1998,7328.0
Tuvalu,TUV,1999,7328.0
Tuvalu,TUV,2000,7328.0
Tuvalu,TUV,2001,7328.0
Tuvalu,TUV,2002,10992.0
Tuvalu,TUV,2003,10992.0
Tuvalu,TUV,2004,10992.0
Tuvalu,TUV,2005,10992.0
Tuvalu,TUV,2006,10992.0
Tuvalu,TUV,2007,10992.0
Tuvalu,TUV,2008,7328.0
Tuvalu,TUV,2009,10992.0
Tuvalu,TUV,2010,10992.0
Tuvalu,TUV,2011,10992.0
Tuvalu,TUV,2012,10992.0
Tuvalu,TUV,2013,7328.0
Tuvalu,TUV,2014,7328.0
Tuvalu,TUV,2015,7328.0
Tuvalu,TUV,2016,7328.0
Tuvalu,TUV,2017,7328.0
Tuvalu,TUV,2018,10992.0
Tuvalu,TUV,2019,10992.0
Tuvalu,TUV,2020,10992.0
Tuvalu,TUV,2021,10992.0
Tuvalu,TUV,2022,10992.0
Tuvalu,TUV,2023,10940.0
Tuvalu,TUV,2024,11440.0
Taiwan,TWN,1750,0.0
Taiwan,TWN,1751,0.0
Taiwan,TWN,1752,0.0
Taiwan,TWN,1753,0.0
Taiwan,TWN,1754,0.0
Taiwan,TWN,1755,0.0
Taiwan,TWN,1756,0.0
Taiwan,TWN,1757,0.0
Taiwan,TWN,1758,0.0
Taiwan,TWN,1759,0.0
Taiwan,TWN,1760,0.0
Taiwan,TWN,1761,0.0
Taiwan,TWN,1762,0.0
Taiwan,TWN,1763,0.0
Taiwan,TWN,1764,0.0
Taiwan,TWN,1765,0.0
Taiwan,TWN,1766,0.0
Taiwan,TWN,1767,0.0
Taiwan,TWN,1768,0.0
Taiwan,TWN,1769,0.0
Taiwan,TWN,1770,0.0
Taiwan,TWN,1771,0.0
Taiwan,TWN,1772,0.0
Taiwan,TWN,1773,0.0
Taiwan,TWN,1774,0.0
Taiwan,TWN,1775,0.0
Taiwan,TWN,1776,0.0
Taiwan,TWN,1777,0.0
Taiwan,TWN,1778,0.0
Taiwan,TWN,1779,0.0
Taiwan,TWN,1780,0.0
Taiwan,TWN,1781,0.0
Taiwan,TWN,1782,0.0
Taiwan,TWN,1783,0.0
Taiwan,TWN,1784,0.0
Taiwan,TWN,1785,0.0
Taiwan,TWN,1786,0.0
Taiwan,TWN,1787,0.0
Taiwan,TWN,1788,0.0
Taiwan,TWN,1789,0.0
Taiwan,TWN,1790,0.0
Taiwan,TWN,1791,0.0
Taiwan,TWN,1792,0.0
Taiwan,TWN,1793,0.0
Taiwan,TWN,1794,0.0
Taiwan,TWN,1795,0.0
Taiwan,TWN,1796,0.0
Taiwan,TWN,1797,0.0
Taiwan,TWN,1798,0.0
Taiwan,TWN,1799,0.0
Taiwan,TWN,1800,0.0
Taiwan,TWN,1801,0.0
Taiwan,TWN,1802,0.0
Taiwan,TWN,1803,0.0
Taiwan,TWN,1804,0.0
Taiwan,TWN,1805,0.0
Taiwan,TWN,1806,0.0
Taiwan,TWN,1807,0.0
Taiwan,TWN,1808,0.0
Taiwan,TWN,1809,0.0
Taiwan,TWN,1810,0.0
Taiwan,TWN,1811,0.0
Taiwan,TWN,1812,0.0
Taiwan,TWN,1813,0.0
Taiwan,TWN,1814,0.0
Taiwan,TWN,1815,0.0
Taiwan,TWN,1816,0.0
Taiwan,TWN,1817,0.0
Taiwan,TWN,1818,0.0
Taiwan,TWN,1819,0.0
Taiwan,TWN,1820,0.0
Taiwan,TWN,1821,0.0
Taiwan,TWN,1822,0.0
Taiwan,TWN,1823,0.0
Taiwan,TWN,1824,0.0
Taiwan,TWN,1825,0.0
Taiwan,TWN,1826,0.0
Taiwan,TWN,1827,0.0
Taiwan,TWN,1828,0.0
Taiwan,TWN,1829,0.0
Taiwan,TWN,1830,0.0
Taiwan,TWN,1831,0.0
Taiwan,TWN,1832,0.0
Taiwan,TWN,1833,0.0
Taiwan,TWN,1834,0.0
Taiwan,TWN,1835,0.0
Taiwan,TWN,1836,0.0
Taiwan,TWN,1837,0.0
Taiwan,TWN,1838,0.0
Taiwan,TWN,1839,0.0
Taiwan,TWN,1840,0.0
Taiwan,TWN,1841,0.0
Taiwan,TWN,1842,0.0
Taiwan,TWN,1843,0.0
Taiwan,TWN,1844,0.0
Taiwan,TWN,1845,0.0
Taiwan,TWN,1846,0.0
Taiwan,TWN,1847,0.0
Taiwan,TWN,1848,0.0
Taiwan,TWN,1849,0.0
Taiwan,TWN,1850,0.0
Taiwan,TWN,1851,0.0
Taiwan,TWN,1852,0.0
Taiwan,TWN,1853,0.0
Taiwan,TWN,1854,0.0
Taiwan,TWN,1855,0.0
Taiwan,TWN,1856,0.0
Taiwan,TWN,1857,0.0
Taiwan,TWN,1858,0.0
Taiwan,TWN,1859,0.0
Taiwan,TWN,1860,0.0
Taiwan,TWN,1861,0.0
Taiwan,TWN,1862,0.0
Taiwan,TWN,1863,0.0
Taiwan,TWN,1864,0.0
Taiwan,TWN,1865,0.0
Taiwan,TWN,1866,0.0
Taiwan,TWN,1867,0.0
Taiwan,TWN,1868,0.0
Taiwan,TWN,1869,0.0
Taiwan,TWN,1870,0.0
Taiwan,TWN,1871,0.0
Taiwan,TWN,1872,0.0
Taiwan,TWN,1873,0.0
Taiwan,TWN,1874,0.0
Taiwan,TWN,1875,0.0
Taiwan,TWN,1876,0.0
Taiwan,TWN,1877,0.0
Taiwan,TWN,1878,0.0
Taiwan,TWN,1879,0.0
Taiwan,TWN,1880,0.0
Taiwan,TWN,1881,0.0
Taiwan,TWN,1882,0.0
Taiwan,TWN,1883,0.0
Taiwan,TWN,1884,0.0
Taiwan,TWN,1885,0.0
Taiwan,TWN,1886,0.0
Taiwan,TWN,1887,0.0
Taiwan,TWN,1888,0.0
Taiwan,TWN,1889,0.0
Taiwan,TWN,1890,0.0
Taiwan,TWN,1891,0.0
Taiwan,TWN,1892,0.0
Taiwan,TWN,1893,0.0
Taiwan,TWN,1894,0.0
Taiwan,TWN,1895,0.0
Taiwan,TWN,1896,3664.0
Taiwan,TWN,1897,51296.0
Taiwan,TWN,1898,113584.0
Taiwan,TWN,1899,80608.0
Taiwan,TWN,1900,109920.0
Taiwan,TWN,1901,175872.0
Taiwan,TWN,1902,256480.02
Taiwan,TWN,1903,216176.0
Taiwan,TWN,1904,219840.0
Taiwan,TWN,1905,252815.98
Taiwan,TWN,1906,274800.0
Taiwan,TWN,1907,359072.0
Taiwan,TWN,1908,410368.0
Taiwan,TWN,1909,487312.0
Taiwan,TWN,1910,615552.0
Taiwan,TWN,1911,677840.0
Taiwan,TWN,1912,740128.0
Taiwan,TWN,1913,853712.0
Taiwan,TWN,1914,919664.0
Taiwan,TWN,1915,1014928.0
Taiwan,TWN,1916,1384992.0
Taiwan,TWN,1917,1799024.0
Taiwan,TWN,1918,2143440.0
Taiwan,TWN,1919,2909216.0
Taiwan,TWN,1920,3044784.0
Taiwan,TWN,1921,2755328.0
Taiwan,TWN,1922,3572400.0
Taiwan,TWN,1923,3832544.0
Taiwan,TWN,1924,3993760.0
Taiwan,TWN,1925,4488400.0
Taiwan,TWN,1926,4752208.0
Taiwan,TWN,1927,4928080.0
Taiwan,TWN,1928,4202608.0
Taiwan,TWN,1929,4191616.0
Taiwan,TWN,1930,4242912.0
Taiwan,TWN,1931,3773920.0
Taiwan,TWN,1932,3594384.0
Taiwan,TWN,1933,4195280.0
Taiwan,TWN,1934,4173296.0
Taiwan,TWN,1935,4363824.0
Taiwan,TWN,1936,4733888.0
Taiwan,TWN,1937,5250512.0
Taiwan,TWN,1938,5899040.0
Taiwan,TWN,1939,7181440.0
Taiwan,TWN,1940,7767680.0
Taiwan,TWN,1941,7935362.0
Taiwan,TWN,1942,6418406.0
Taiwan,TWN,1943,6425409.0
Taiwan,TWN,1944,4630315.0
Taiwan,TWN,1945,2187408.0
Taiwan,TWN,1946,2861584.0
Taiwan,TWN,1947,3619259.0
Taiwan,TWN,1948,4538746.0
Taiwan,TWN,1949,4472556.0
Taiwan,TWN,1950,3783573.0
Taiwan,TWN,1951,4908185.0
Taiwan,TWN,1952,6391866.0
Taiwan,TWN,1953,6472178.0
Taiwan,TWN,1954,6486776.0
Taiwan,TWN,1955,7197383.0
Taiwan,TWN,1956,7684834.0
Taiwan,TWN,1957,8182938.5
Taiwan,TWN,1958,9569933.0
Taiwan,TWN,1959,10991355.0
Taiwan,TWN,1960,11873904.0
Taiwan,TWN,1961,12528672.0
Taiwan,TWN,1962,14164804.0
Taiwan,TWN,1963,15108601.0
Taiwan,TWN,1964,16907178.0
Taiwan,TWN,1965,17844806.0
Taiwan,TWN,1966,19461588.0
Taiwan,TWN,1967,21969916.0
Taiwan,TWN,1968,24140614.0
Taiwan,TWN,1969,26290996.0
Taiwan,TWN,1970,28734026.0
Taiwan,TWN,1971,31474938.0
Taiwan,TWN,1972,35871812.0
Taiwan,TWN,1973,40244864.0
Taiwan,TWN,1974,39309716.0
Taiwan,TWN,1975,43454064.0
Taiwan,TWN,1976,56100036.0
Taiwan,TWN,1977,61129988.0
Taiwan,TWN,1978,71027624.0
Taiwan,TWN,1979,75765810.0
Taiwan,TWN,1980,83514630.0
Taiwan,TWN,1981,75051900.0
Taiwan,TWN,1982,70034650.0
Taiwan,TWN,1983,76553360.0
Taiwan,TWN,1984,77606270.0
Taiwan,TWN,1985,76449160.0
Taiwan,TWN,1986,86161976.0
Taiwan,TWN,1987,90519460.0
Taiwan,TWN,1988,106379700.0
Taiwan,TWN,1989,115009890.0
Taiwan,TWN,1990,124258000.0
Taiwan,TWN,1991,133631000.0
Taiwan,TWN,1992,142432000.0
Taiwan,TWN,1993,154046000.0
Taiwan,TWN,1994,161564000.0
Taiwan,TWN,1995,170064000.0
Taiwan,TWN,1996,178059000.0
Taiwan,TWN,1997,190782000.0
Taiwan,TWN,1998,200546000.0
Taiwan,TWN,1999,208022990.0
Taiwan,TWN,2000,226934000.0
Taiwan,TWN,2001,231430990.0
Taiwan,TWN,2002,238567000.0
Taiwan,TWN,2003,249129000.0
Taiwan,TWN,2004,259367000.0
Taiwan,TWN,2005,266888000.0
Taiwan,TWN,2006,276552000.0
Taiwan,TWN,2007,280080000.0
Taiwan,TWN,2008,266975000.0
Taiwan,TWN,2009,253028000.0
Taiwan,TWN,2010,270717980.0
Taiwan,TWN,2011,276771000.0
Taiwan,TWN,2012,273282020.0
Taiwan,TWN,2013,274576000.0
Taiwan,TWN,2014,276959000.0
Taiwan,TWN,2015,276264000.0
Taiwan,TWN,2016,280197000.0
Taiwan,TWN,2017,285736000.0
Taiwan,TWN,2018,284151000.0
Taiwan,TWN,2019,274704000.0
Taiwan,TWN,2020,272464200.0
Taiwan,TWN,2021,283820930.0
Taiwan,TWN,2022,273988830.0
Taiwan,TWN,2023,267126800.0
Taiwan,TWN,2024,262344820.0
Tanzania,TZA,1950,498304.0
Tanzania,TZA,1951,447008.0
Tanzania,TZA,1952,538608.0
Tanzania,TZA,1953,527616.0
Tanzania,TZA,1954,538608.0
Tanzania,TZA,1955,556928.0
Tanzania,TZA,1956,659520.0
Tanzania,TZA,1957,762112.0
Tanzania,TZA,1958,802416.0
Tanzania,TZA,1959,688832.0
Tanzania,TZA,1960,828064.0
Tanzania,TZA,1961,703488.0
Tanzania,TZA,1962,765776.0
Tanzania,TZA,1963,802416.0
Tanzania,TZA,1964,1033247.94
Tanzania,TZA,1965,1161488.0
Tanzania,TZA,1966,1370129.0
Tanzania,TZA,1967,1758126.0
Tanzania,TZA,1968,1651841.0
Tanzania,TZA,1969,1794677.0
Tanzania,TZA,1970,1765365.0
Tanzania,TZA,1971,2461495.0
Tanzania,TZA,1972,2164473.0
Tanzania,TZA,1973,3182738.0
Tanzania,TZA,1974,2303467.0
Tanzania,TZA,1975,2281601.0
Tanzania,TZA,1976,2785968.0
Tanzania,TZA,1977,2007622.0
Tanzania,TZA,1978,2197332.0
Tanzania,TZA,1979,2062789.9
Tanzania,TZA,1980,1873642.0
Tanzania,TZA,1981,2106825.0
Tanzania,TZA,1982,2148300.0
Tanzania,TZA,1983,2196304.0
Tanzania,TZA,1984,2346983.0
Tanzania,TZA,1985,2337900.0
Tanzania,TZA,1986,2277593.0
Tanzania,TZA,1987,2367510.0
Tanzania,TZA,1988,2271686.0
Tanzania,TZA,1989,2161598.0
Tanzania,TZA,1990,2112309.0
Tanzania,TZA,1991,2255268.0
Tanzania,TZA,1992,2177588.0
Tanzania,TZA,1993,2426036.0
Tanzania,TZA,1994,2063123.0
Tanzania,TZA,1995,2433890.0
Tanzania,TZA,1996,2526706.0
Tanzania,TZA,1997,2824358.0
Tanzania,TZA,1998,2480937.0
Tanzania,TZA,1999,2458755.0
Tanzania,TZA,2000,2571821.0
Tanzania,TZA,2001,3040810.0
Tanzania,TZA,2002,3485616.0
Tanzania,TZA,2003,3687241.0
Tanzania,TZA,2004,4221283.0
Tanzania,TZA,2005,5355817.0
Tanzania,TZA,2006,5876241.0
Tanzania,TZA,2007,5706146.0
Tanzania,TZA,2008,5988669.0
Tanzania,TZA,2009,5807482.0
Tanzania,TZA,2010,7194109.0
Tanzania,TZA,2011,8440309.0
Tanzania,TZA,2012,10367499.0
Tanzania,TZA,2013,11251474.0
Tanzania,TZA,2014,10997434.0
Tanzania,TZA,2015,12782672.0
Tanzania,TZA,2016,13529452.0
Tanzania,TZA,2017,13513487.0
Tanzania,TZA,2018,14233063.0
Tanzania,TZA,2019,16190849.0
Tanzania,TZA,2020,15952437.0
Tanzania,TZA,2021,17677692.0
Tanzania,TZA,2022,19702384.0
Tanzania,TZA,2023,20309608.0
Tanzania,TZA,2024,20018364.0
Uganda,UGA,1950,106256.0
Uganda,UGA,1951,139232.0
Uganda,UGA,1952,142896.0
Uganda,UGA,1953,208759.0
Uganda,UGA,1954,219662.0
Uganda,UGA,1955,263600.0
Uganda,UGA,1956,263570.0
Uganda,UGA,1957,278107.0
Uganda,UGA,1958,292704.0
Uganda,UGA,1959,413705.0
Uganda,UGA,1960,421063.0
Uganda,UGA,1961,406437.0
Uganda,UGA,1962,428450.0
Uganda,UGA,1963,432144.0
Uganda,UGA,1964,490679.0
Uganda,UGA,1965,626009.0
Uganda,UGA,1966,732325.0
Uganda,UGA,1967,809179.0
Uganda,UGA,1968,981328.0
Uganda,UGA,1969,1175431.0
Uganda,UGA,1970,1442843.0
Uganda,UGA,1971,1437743.0
Uganda,UGA,1972,1378383.0
Uganda,UGA,1973,1176441.0
Uganda,UGA,1974,1189710.0
Uganda,UGA,1975,1128594.0
Uganda,UGA,1976,985384.0
Uganda,UGA,1977,801967.0
Uganda,UGA,1978,695171.0
Uganda,UGA,1979,670871.0
Uganda,UGA,1980,629687.0
Uganda,UGA,1981,530709.0
Uganda,UGA,1982,544697.0
Uganda,UGA,1983,617209.0
Uganda,UGA,1984,580422.0
Uganda,UGA,1985,616914.0
Uganda,UGA,1986,701855.0
Uganda,UGA,1987,772238.0
Uganda,UGA,1988,862875.0
Uganda,UGA,1989,804152.0
Uganda,UGA,1990,760855.0
Uganda,UGA,1991,783469.0
Uganda,UGA,1992,801455.0
Uganda,UGA,1993,797457.0
Uganda,UGA,1994,711841.0
Uganda,UGA,1995,925485.0
Uganda,UGA,1996,1018092.06
Uganda,UGA,1997,1061946.0
Uganda,UGA,1998,1208757.0
Uganda,UGA,1999,1254724.0
Uganda,UGA,2000,1360870.0
Uganda,UGA,2001,1417088.0
Uganda,UGA,2002,1442557.0
Uganda,UGA,2003,1512745.0
Uganda,UGA,2004,1607486.0
Uganda,UGA,2005,2017941.0
Uganda,UGA,2006,2387050.0
Uganda,UGA,2007,2706326.0
Uganda,UGA,2008,2779614.0
Uganda,UGA,2009,2996134.0
Uganda,UGA,2010,3569619.0
Uganda,UGA,2011,3827733.0
Uganda,UGA,2012,3626987.0
Uganda,UGA,2013,3754530.0
Uganda,UGA,2014,4089666.0
Uganda,UGA,2015,4528549.0
Uganda,UGA,2016,4817419.0
Uganda,UGA,2017,5406202.0
Uganda,UGA,2018,5548649.0
Uganda,UGA,2019,5761237.0
Uganda,UGA,2020,5571384.0
Uganda,UGA,2021,6232327.0
Uganda,UGA,2022,6128251.0
Uganda,UGA,2023,6235861.0
Uganda,UGA,2024,6333810.0
Ukraine,UKR,1830,3554.0
Ukraine,UKR,1831,4265.0
Ukraine,UKR,1832,2843.0
Ukraine,UKR,1833,3554.0
Ukraine,UKR,1850,22033.0
Ukraine,UKR,1855,66811.0
Ukraine,UKR,1858,93819.0
Ukraine,UKR,1859,99505.0
Ukraine,UKR,1860,131489.0
Ukraine,UKR,1861,167026.0
Ukraine,UKR,1862,150679.0
Ukraine,UKR,1863,157787.0
Ukraine,UKR,1864,176977.0
Ukraine,UKR,1865,169159.0
Ukraine,UKR,1866,534484.0
Ukraine,UKR,1867,613378.0
Ukraine,UKR,1868,510319.0
Ukraine,UKR,1869,692271.0
Ukraine,UKR,1870,751263.0
Ukraine,UKR,1871,1014241.0
Ukraine,UKR,1872,1041250.0
Ukraine,UKR,1873,977282.0
Ukraine,UKR,1874,1186243.0
Ukraine,UKR,1875,1365352.0
Ukraine,UKR,1876,1695140.0
Ukraine,UKR,1877,1729967.0
Ukraine,UKR,1878,2260898.0
Ukraine,UKR,1879,2319890.0
Ukraine,UKR,1880,2721464.0
Ukraine,UKR,1881,2866457.0
Ukraine,UKR,1882,3019269.0
Ukraine,UKR,1883,3436479.0
Ukraine,UKR,1884,3489075.0
Ukraine,UKR,1885,3800384.0
Ukraine,UKR,1886,3897756.0
Ukraine,UKR,1887,4124486.0
Ukraine,UKR,1888,4302174.0
Ukraine,UKR,1889,4646177.0
Ukraine,UKR,1890,5261687.0
Ukraine,UKR,1891,5793328.0
Ukraine,UKR,1892,6132356.0
Ukraine,UKR,1893,7187821.0
Ukraine,UKR,1894,7320731.0
Ukraine,UKR,1895,8411734.0
Ukraine,UKR,1896,8563124.0
Ukraine,UKR,1897,9900756.0
Ukraine,UKR,1898,11104057.0
Ukraine,UKR,1899,12881644.0
Ukraine,UKR,1900,14592421.0
Ukraine,UKR,1901,14981202.0
Ukraine,UKR,1902,14469461.0
Ukraine,UKR,1903,14153888.0
Ukraine,UKR,1904,15747391.0
Ukraine,UKR,1905,14056515.0
Ukraine,UKR,1906,16033113.0
Ukraine,UKR,1907,17958536.0
Ukraine,UKR,1908,18068702.0
Ukraine,UKR,1909,19073704.0
Ukraine,UKR,1910,18705536.0
Ukraine,UKR,1911,19393542.0
Ukraine,UKR,1912,21968592.0
Ukraine,UKR,1913,23864874.0
Ukraine,UKR,1914,21538588.0
Ukraine,UKR,1915,19769530.0
Ukraine,UKR,1916,21070914.0
Ukraine,UKR,1917,19392120.0
Ukraine,UKR,1918,7733678.0
Ukraine,UKR,1919,6605716.0
Ukraine,UKR,1920,6023612.0
Ukraine,UKR,1921,6532509.0
Ukraine,UKR,1922,7966804.0
Ukraine,UKR,1923,8800514.0
Ukraine,UKR,1924,10484993.0
Ukraine,UKR,1925,10348529.0
Ukraine,UKR,1926,14993995.0
Ukraine,UKR,1927,18641568.0
Ukraine,UKR,1928,20708890.0
Ukraine,UKR,1929,22302652.0
Ukraine,UKR,1930,30322612.0
Ukraine,UKR,1931,36428120.0
Ukraine,UKR,1932,41040800.0
Ukraine,UKR,1933,45865548.0
Ukraine,UKR,1934,55479268.0
Ukraine,UKR,1935,62798430.0
Ukraine,UKR,1936,72009350.0
Ukraine,UKR,1937,73633110.0
Ukraine,UKR,1938,77716296.0
Ukraine,UKR,1939,78669360.0
Ukraine,UKR,1940,94321496.0
Ukraine,UKR,1941,82861064.0
Ukraine,UKR,1942,45046664.0
Ukraine,UKR,1943,47013308.0
Ukraine,UKR,1944,68178050.0
Ukraine,UKR,1945,72185270.0
Ukraine,UKR,1946,81127200.0
Ukraine,UKR,1947,97692344.0
Ukraine,UKR,1948,103957230.0
Ukraine,UKR,1949,118174690.0
Ukraine,UKR,1950,131730610.0
Ukraine,UKR,1951,142771400.0
Ukraine,UKR,1952,152885230.0
Ukraine,UKR,1953,161744820.0
Ukraine,UKR,1954,176653220.0
Ukraine,UKR,1955,200307890.0
Ukraine,UKR,1956,219606880.0
Ukraine,UKR,1957,240305940.0
Ukraine,UKR,1958,256474700.0
Ukraine,UKR,1959,269626080.0
Ukraine,UKR,1960,280678530.0
Ukraine,UKR,1961,289394050.0
Ukraine,UKR,1962,303652960.0
Ukraine,UKR,1963,325609340.0
Ukraine,UKR,1964,346245000.0
Ukraine,UKR,1965,367247500.0
Ukraine,UKR,1966,387781000.0
Ukraine,UKR,1967,405413340.0
Ukraine,UKR,1968,416736670.0
Ukraine,UKR,1969,433970100.0
Ukraine,UKR,1970,456475800.0
Ukraine,UKR,1971,484371870.0
Ukraine,UKR,1972,509616450.0
Ukraine,UKR,1973,531096600.0
Ukraine,UKR,1974,551258400.0
Ukraine,UKR,1975,579427260.0
Ukraine,UKR,1976,601716160.0
Ukraine,UKR,1977,622134000.0
Ukraine,UKR,1978,643431500.0
Ukraine,UKR,1979,648771300.0
Ukraine,UKR,1980,674348900.0
Ukraine,UKR,1981,661273300.0
Ukraine,UKR,1982,673809200.0
Ukraine,UKR,1983,683290200.0
Ukraine,UKR,1984,689314370.0
Ukraine,UKR,1985,743672700.0
Ukraine,UKR,1986,740756030.0
Ukraine,UKR,1987,734118500.0
Ukraine,UKR,1988,727528300.0
Ukraine,UKR,1989,683856060.0
Ukraine,UKR,1990,706525700.0
Ukraine,UKR,1991,633193860.0
Ukraine,UKR,1992,589505200.0
Ukraine,UKR,1993,510495400.0
Ukraine,UKR,1994,419630270.0
Ukraine,UKR,1995,390173470.0
Ukraine,UKR,1996,351834200.0
Ukraine,UKR,1997,340586000.0
Ukraine,UKR,1998,328877980.0
Ukraine,UKR,1999,298635550.0
Ukraine,UKR,2000,285663500.0
Ukraine,UKR,2001,303876030.0
Ukraine,UKR,2002,295900900.0
Ukraine,UKR,2003,307245380.0
Ukraine,UKR,2004,310625760.0
Ukraine,UKR,2005,313512500.0
Ukraine,UKR,2006,333054200.0
Ukraine,UKR,2007,336828770.0
Ukraine,UKR,2008,325983400.0
Ukraine,UKR,2009,277593340.0
Ukraine,UKR,2010,294365800.0
Ukraine,UKR,2011,308376420.0
Ukraine,UKR,2012,304429900.0
Ukraine,UKR,2013,297540220.0
Ukraine,UKR,2014,257703060.0
Ukraine,UKR,2015,223849810.0
Ukraine,UKR,2016,234105650.0
Ukraine,UKR,2017,223287760.0
Ukraine,UKR,2018,231899980.0
Ukraine,UKR,2019,222187900.0
Ukraine,UKR,2020,207100640.0
Ukraine,UKR,2021,210636080.0
Ukraine,UKR,2022,143039870.0
Ukraine,UKR,2023,139325380.0
Ukraine,UKR,2024,142497860.0
Uruguay,URY,1856,32853.0
Uruguay,URY,1857,46787.0
Uruguay,URY,1858,109184.0
Uruguay,URY,1859,61594.0
Uruguay,URY,1860,68206.0
Uruguay,URY,1861,100820.0
Uruguay,URY,1862,84374.0
Uruguay,URY,1863,126532.0
Uruguay,URY,1864,107614.0
Uruguay,URY,1865,166158.0
Uruguay,URY,1866,304208.0
Uruguay,URY,1867,319443.0
Uruguay,URY,1868,467312.0
Uruguay,URY,1869,431035.0
Uruguay,URY,1870,317615.0
Uruguay,URY,1871,248655.0
Uruguay,URY,1872,336081.0
Uruguay,URY,1873,264687.0
Uruguay,URY,1874,463087.0
Uruguay,URY,1875,303788.0
Uruguay,URY,1876,310649.0
Uruguay,URY,1877,362663.0
Uruguay,URY,1878,337048.0
Uruguay,URY,1879,302831.0
Uruguay,URY,1880,356635.0
Uruguay,URY,1881,426198.0
Uruguay,URY,1882,345925.0
Uruguay,URY,1883,443020.0
Uruguay,URY,1884,548277.0
Uruguay,URY,1885,655081.0
Uruguay,URY,1886,452351.0
Uruguay,URY,1887,651498.0
Uruguay,URY,1888,748321.0
Uruguay,URY,1889,1229904.0
Uruguay,URY,1890,705199.0
Uruguay,URY,1891,586852.0
Uruguay,URY,1892,497138.0
Uruguay,URY,1893,597786.0
Uruguay,URY,1894,770032.0
Uruguay,URY,1895,754985.0
Uruguay,URY,1896,787278.0
Uruguay,URY,1897,618717.0
Uruguay,URY,1898,938460.0
Uruguay,URY,1899,946793.0
Uruguay,URY,1900,1217770.0
Uruguay,URY,1901,1237716.0
Uruguay,URY,1902,1738606.0
Uruguay,URY,1903,1513045.0
Uruguay,URY,1904,1048154.0
Uruguay,URY,1905,922569.0
Uruguay,URY,1906,1675332.0
Uruguay,URY,1907,2186012.0
Uruguay,URY,1908,2529547.0
Uruguay,URY,1909,2475355.0
Uruguay,URY,1910,2598250.0
Uruguay,URY,1911,2501037.0
Uruguay,URY,1912,2343055.0
Uruguay,URY,1913,2123324.0
Uruguay,URY,1914,1651411.0
Uruguay,URY,1915,1242910.0
Uruguay,URY,1916,824301.0
Uruguay,URY,1917,788909.0
Uruguay,URY,1918,1028525.94
Uruguay,URY,1919,1059183.0
Uruguay,URY,1920,999521.0
Uruguay,URY,1921,821180.0
Uruguay,URY,1922,1297537.0
Uruguay,URY,1923,1122885.0
Uruguay,URY,1924,1254351.0
Uruguay,URY,1925,904148.0
Uruguay,URY,1926,829218.0
Uruguay,URY,1927,754033.0
Uruguay,URY,1928,621536.0
Uruguay,URY,1929,873884.0
Uruguay,URY,1930,729660.0
Uruguay,URY,1931,852850.0
Uruguay,URY,1932,726466.0
Uruguay,URY,1933,790868.0
Uruguay,URY,1934,740621.0
Uruguay,URY,1935,831528.0
Uruguay,URY,1936,890749.0
Uruguay,URY,1937,792343.0
Uruguay,URY,1938,727074.0
Uruguay,URY,1939,845160.0
Uruguay,URY,1940,941052.0
Uruguay,URY,1941,768600.0
Uruguay,URY,1942,555009.0
Uruguay,URY,1943,804215.0
Uruguay,URY,1944,703139.0
Uruguay,URY,1945,855483.0
Uruguay,URY,1946,516937.03
Uruguay,URY,1947,428700.0
Uruguay,URY,1948,459294.0
Uruguay,URY,1949,459293.0
Uruguay,URY,1950,2508232.0
Uruguay,URY,1951,2622206.0
Uruguay,URY,1952,3153486.0
Uruguay,URY,1953,3505259.0
Uruguay,URY,1954,3736091.0
Uruguay,URY,1955,3919410.0
Uruguay,URY,1956,4021704.2
Uruguay,URY,1957,4431746.0
Uruguay,URY,1958,3977351.0
Uruguay,URY,1959,4387778.0
Uruguay,URY,1960,4314528.0
Uruguay,URY,1961,4116761.2
Uruguay,URY,1962,4006902.2
Uruguay,URY,1963,4314824.0
Uruguay,URY,1964,4552718.0
Uruguay,URY,1965,5516290.0
Uruguay,URY,1966,5398834.0
Uruguay,URY,1967,4878754.0
Uruguay,URY,1968,4878368.0
Uruguay,URY,1969,5589393.0
Uruguay,URY,1970,5735803.0
Uruguay,URY,1971,5801934.0
Uruguay,URY,1972,6069376.0
Uruguay,URY,1973,5768719.0
Uruguay,URY,1974,5677001.0
Uruguay,URY,1975,5962407.0
Uruguay,URY,1976,5887946.0
Uruguay,URY,1977,5641373.0
Uruguay,URY,1978,5731929.0
Uruguay,URY,1979,6265830.0
Uruguay,URY,1980,5823647.0
Uruguay,URY,1981,5361622.0
Uruguay,URY,1982,4859712.0
Uruguay,URY,1983,3807652.0
Uruguay,URY,1984,3441942.0
Uruguay,URY,1985,3287839.0
Uruguay,URY,1986,3169651.0
Uruguay,URY,1987,3548703.0
Uruguay,URY,1988,4793143.0
Uruguay,URY,1989,4862585.0
Uruguay,URY,1990,3976825.0
Uruguay,URY,1991,4536652.0
Uruguay,URY,1992,5151301.0
Uruguay,URY,1993,4447071.0
Uruguay,URY,1994,4040712.0
Uruguay,URY,1995,4565265.0
Uruguay,URY,1996,5413614.0
Uruguay,URY,1997,5522419.0
Uruguay,URY,1998,5650996.0
Uruguay,URY,1999,6689290.0
Uruguay,URY,2000,5276982.0
Uruguay,URY,2001,5040513.0
Uruguay,URY,2002,4569193.0
Uruguay,URY,2003,4537120.0
Uruguay,URY,2004,5574142.0
Uruguay,URY,2005,5737104.0
Uruguay,URY,2006,6610993.0
Uruguay,URY,2007,5959754.0
Uruguay,URY,2008,8217578.0
Uruguay,URY,2009,7990301.0
Uruguay,URY,2010,6321844.0
Uruguay,URY,2011,7686493.0
Uruguay,URY,2012,8604564.0
Uruguay,URY,2013,7490970.0
Uruguay,URY,2014,6683819.0
Uruguay,URY,2015,6738132.0
Uruguay,URY,2016,6520387.0
Uruguay,URY,2017,6151027.0
Uruguay,URY,2018,6570397.0
Uruguay,URY,2019,6408476.0
Uruguay,URY,2020,6476821.0
Uruguay,URY,2021,7829208.0
Uruguay,URY,2022,7500855.0
Uruguay,URY,2023,7626940.0
Uruguay,URY,2024,7973270.0
United States,USA,1800,252815.98
United States,USA,1801,267472.0
United States,USA,1802,289456.0
United States,USA,1803,296784.0
United States,USA,1804,333424.0
United States,USA,1805,340752.0
United States,USA,1806,333424.0
United States,USA,1807,377392.0
United States,USA,1808,392048.0
United States,USA,1809,403040.0
United States,USA,1810,417696.0
United States,USA,1811,447008.0
United States,USA,1812,483648.0
United States,USA,1813,520288.0
United States,USA,1814,560592.0
United States,USA,1815,600896.0
United States,USA,1816,663184.0
United States,USA,1817,718144.0
United States,USA,1818,780432.0
United States,USA,1819,762112.0
United States,USA,1820,791424.0
United States,USA,1821,828064.0
United States,USA,1822,864704.0
United States,USA,1823,901344.0
United States,USA,1824,1014928.0
United States,USA,1825,1135840.0
United States,USA,1826,1315376.0
United States,USA,1827,1447280.0
United States,USA,1828,1593840.0
United States,USA,1829,1795360.0
United States,USA,1830,2088480.0
United States,USA,1831,2264352.0
United States,USA,1832,3022800.0
United States,USA,1833,3528432.0
United States,USA,1834,3381872.0
United States,USA,1835,4316192.0
United States,USA,1836,4730224.0
United States,USA,1837,5305472.0
United States,USA,1838,5030672.0
United States,USA,1839,5517984.0
United States,USA,1840,5873392.0
United States,USA,1841,6214144.0
United States,USA,1842,6917632.0
United States,USA,1843,7764016.0
United States,USA,1844,9306560.0
United States,USA,1845,11204512.0
United States,USA,1846,12710416.0
United States,USA,1847,15070032.0
United States,USA,1848,16784784.0
United States,USA,1849,18221072.0
United States,USA,1850,19792928.0
United States,USA,1851,24633072.0
United States,USA,1852,26791168.0
United States,USA,1853,30162048.0
United States,USA,1854,33159198.0
United States,USA,1855,38160560.0
United States,USA,1856,40036530.0
United States,USA,1857,41055120.0
United States,USA,1858,41648690.0
United States,USA,1859,45320016.0
United States,USA,1860,47437810.0
United States,USA,1861,45679090.0
United States,USA,1862,47448800.0
United States,USA,1863,54809776.0
United States,USA,1864,58656976.0
United States,USA,1865,58821856.0
United States,USA,1866,59232224.0
United States,USA,1867,72865970.0
United States,USA,1868,82352060.0
United States,USA,1869,93695810.0
United States,USA,1870,98620220.0
United States,USA,1871,103020690.0
United States,USA,1872,126305410.0
United States,USA,1873,139506800.0
United States,USA,1874,134296590.0
United States,USA,1875,135747540.0
United States,USA,1876,132820010.0
United States,USA,1877,147175550.0
United States,USA,1878,143903600.0
United States,USA,1879,175468960.0
United States,USA,1880,198856380.0
United States,USA,1881,210400510.0
United States,USA,1882,235663860.0
United States,USA,1883,254230540.0
United States,USA,1884,267921760.0
United States,USA,1885,272506900.0
United States,USA,1886,287836900.0
United States,USA,1887,307936640.0
United States,USA,1888,374415200.0
United States,USA,1889,336123680.0
United States,USA,1890,402411650.0
United States,USA,1891,428107500.0
United States,USA,1892,451176600.0
United States,USA,1893,454759420.0
United States,USA,1894,425744800.0
United States,USA,1895,480673180.0
United States,USA,1896,481672540.0
United States,USA,1897,501199780.0
United States,USA,1898,546327300.0
United States,USA,1899,626822900.0
United States,USA,1900,664131600.0
United States,USA,1901,723192060.0
United States,USA,1902,766651600.0
United States,USA,1903,896952800.0
United States,USA,1904,884803400.0
United States,USA,1905,989991200.0
United States,USA,1906,1039963970.0
United States,USA,1907,1208486300.0
United States,USA,1908,1057521600.0
United States,USA,1909,1171650800.0
United States,USA,1910,1278529500.0
United States,USA,1911,1265776100.0
United States,USA,1912,1351017700.0
United States,USA,1913,1450855400.0
United States,USA,1914,1325944300.0
United States,USA,1915,1375451600.0
United States,USA,1916,1527240000.0
United States,USA,1917,1679331300.0
United States,USA,1918,1754117200.0
United States,USA,1919,1486433300.0
United States,USA,1920,1747166700.0
United States,USA,1921,1432479000.0
United States,USA,1922,1446013000.0
United States,USA,1923,1909034400.0
United States,USA,1924,1711686500.0
United States,USA,1925,1758185500.0
United States,USA,1926,1906048500.0
United States,USA,1927,1862839200.0
United States,USA,1928,1830965000.0
United States,USA,1929,1963506200.0
United States,USA,1930,1744916200.0
United States,USA,1931,1484959100.0
United States,USA,1932,1257814100.0
United States,USA,1933,1348876800.0
United States,USA,1934,1436238600.0
United States,USA,1935,1492320900.0
United States,USA,1936,1713411700.0
United States,USA,1937,1792609900.0
United States,USA,1938,1515749900.0
United States,USA,1939,1670920400.0
United States,USA,1940,1874985100.0
United States,USA,1941,2043585000.0
United States,USA,1942,2198264800.0
United States,USA,1943,2272059100.0
United States,USA,1944,2444903700.0
United States,USA,1945,2359551500.0
United States,USA,1946,2257493800.0
United States,USA,1947,2485854500.0
United States,USA,1948,2582558700.0
United States,USA,1949,2164862200.0
United States,USA,1950,2541485300.0
United States,USA,1951,2618704400.0
United States,USA,1952,2551215900.0
United States,USA,1953,2612971300.0
United States,USA,1954,2489462300.0
United States,USA,1955,2728508400.0
United States,USA,1956,2859987500.0
United States,USA,1957,2835772200.0
United States,USA,1958,2747107600.0
United States,USA,1959,2831908400.0
United States,USA,1960,2897308000.0
United States,USA,1961,2886861800.0
United States,USA,1962,2993898500.0
United States,USA,1963,3126484000.0
United States,USA,1964,3264306400.0
United States,USA,1965,3399539200.0
United States,USA,1966,3571417600.0
United States,USA,1967,3705461000.0
United States,USA,1968,3840923400.0
United States,USA,1969,4035156200.0
United States,USA,1970,4339704300.0
United States,USA,1971,4365483500.0
United States,USA,1972,4573033500.0
United States,USA,1973,4777725000.0
United States,USA,1974,4608462300.0
United States,USA,1975,4414455300.0
United States,USA,1976,4621539000.0
United States,USA,1977,4749501000.0
United States,USA,1978,4897339000.0
United States,USA,1979,4908766000.0
United States,USA,1980,4730218500.0
United States,USA,1981,4543633400.0
United States,USA,1982,4311918600.0
United States,USA,1983,4346381000.0
United States,USA,1984,4479379500.0
United States,USA,1985,4495378400.0
United States,USA,1986,4498135600.0
United States,USA,1987,4691930000.0
United States,USA,1988,4897776000.0
United States,USA,1989,4960237600.0
United States,USA,1990,5131760600.0
United States,USA,1991,5076412400.0
United States,USA,1992,5178769400.0
United States,USA,1993,5279520300.0
United States,USA,1994,5361863000.0
United States,USA,1995,5425837600.0
United States,USA,1996,5601094000.0
United States,USA,1997,5673144000.0
United States,USA,1998,5736360000.0
United States,USA,1999,5800281000.0
United States,USA,2000,6023158000.0
United States,USA,2001,5903562000.0
United States,USA,2002,5947819500.0
United States,USA,2003,6006440000.0
United States,USA,2004,6111545000.0
United States,USA,2005,6126903300.0
United States,USA,2006,6045326300.0
United States,USA,2007,6121542700.0
United States,USA,2008,5919221000.0
United States,USA,2009,5486104000.0
United States,USA,2010,5669250000.0
United States,USA,2011,5538973000.0
United States,USA,2012,5331467300.0
United States,USA,2013,5473436000.0
United States,USA,2014,5531385300.0
United States,USA,2015,5368496600.0
United States,USA,2016,5245361700.0
United States,USA,2017,5195417600.0
United States,USA,2018,5361236500.0
United States,USA,2019,5235912000.0
United States,USA,2020,4689954000.0
United States,USA,2021,5020111000.0
United States,USA,2022,5055403000.0
United States,USA,2023,4918406700.0
United States,USA,2024,4904120000.0
Uzbekistan,UZB,1830,477.0
Uzbekistan,UZB,1831,572.0
Uzbekistan,UZB,1832,381.0
Uzbekistan,UZB,1833,477.0
Uzbekistan,UZB,1850,2956.0
Uzbekistan,UZB,1855,8964.0
Uzbekistan,UZB,1858,12588.0
Uzbekistan,UZB,1859,13351.0
Uzbekistan,UZB,1860,17642.0
Uzbekistan,UZB,1861,22411.0
Uzbekistan,UZB,1862,20217.0
Uzbekistan,UZB,1863,21171.0
Uzbekistan,UZB,1864,23746.0
Uzbekistan,UZB,1865,22697.0
Uzbekistan,UZB,1866,71714.0
Uzbekistan,UZB,1867,82299.0
Uzbekistan,UZB,1868,68472.0
Uzbekistan,UZB,1869,92885.0
Uzbekistan,UZB,1870,100800.0
Uzbekistan,UZB,1871,136085.0
Uzbekistan,UZB,1872,139709.0
Uzbekistan,UZB,1873,131126.0
Uzbekistan,UZB,1874,159163.0
Uzbekistan,UZB,1875,183195.0
Uzbekistan,UZB,1876,227444.0
Uzbekistan,UZB,1877,232117.0
Uzbekistan,UZB,1878,303354.0
Uzbekistan,UZB,1879,311269.0
Uzbekistan,UZB,1880,365150.0
Uzbekistan,UZB,1881,384605.0
Uzbekistan,UZB,1882,405108.0
Uzbekistan,UZB,1883,461087.0
Uzbekistan,UZB,1884,468144.0
Uzbekistan,UZB,1885,509913.03
Uzbekistan,UZB,1886,522978.0
Uzbekistan,UZB,1887,553400.0
Uzbekistan,UZB,1888,577241.0
Uzbekistan,UZB,1889,623397.0
Uzbekistan,UZB,1890,705983.0
Uzbekistan,UZB,1891,777315.0
Uzbekistan,UZB,1892,822804.0
Uzbekistan,UZB,1893,964420.0
Uzbekistan,UZB,1894,982253.0
Uzbekistan,UZB,1895,1128638.0
Uzbekistan,UZB,1896,1148950.0
Uzbekistan,UZB,1897,1328426.0
Uzbekistan,UZB,1898,1489878.0
Uzbekistan,UZB,1899,1728384.0
Uzbekistan,UZB,1900,1957927.0
Uzbekistan,UZB,1901,2010091.1
Uzbekistan,UZB,1902,1941429.0
Uzbekistan,UZB,1903,1899087.0
Uzbekistan,UZB,1904,2112894.0
Uzbekistan,UZB,1905,1886022.0
Uzbekistan,UZB,1906,2151230.0
Uzbekistan,UZB,1907,2409572.0
Uzbekistan,UZB,1908,2424354.0
Uzbekistan,UZB,1909,2559199.0
Uzbekistan,UZB,1910,2509800.0
Uzbekistan,UZB,1911,2602113.0
Uzbekistan,UZB,1912,2947618.0
Uzbekistan,UZB,1913,3202051.0
Uzbekistan,UZB,1914,2889923.0
Uzbekistan,UZB,1915,2652561.0
Uzbekistan,UZB,1916,2827173.0
Uzbekistan,UZB,1917,2601922.0
Uzbekistan,UZB,1918,1037660.0
Uzbekistan,UZB,1919,886317.0
Uzbekistan,UZB,1920,808213.0
Uzbekistan,UZB,1921,876494.0
Uzbekistan,UZB,1922,1068940.0
Uzbekistan,UZB,1923,1180802.0
Uzbekistan,UZB,1924,1406816.0
Uzbekistan,UZB,1925,1388506.0
Uzbekistan,UZB,1926,2011807.0
Uzbekistan,UZB,1927,2501218.0
Uzbekistan,UZB,1928,2688993.0
Uzbekistan,UZB,1929,2893517.0
Uzbekistan,UZB,1930,3969521.0
Uzbekistan,UZB,1931,4783091.0
Uzbekistan,UZB,1932,5377270.0
Uzbekistan,UZB,1933,6041873.0
Uzbekistan,UZB,1934,7291220.0
Uzbekistan,UZB,1935,8223217.0
Uzbekistan,UZB,1936,9390243.0
Uzbekistan,UZB,1937,9629676.0
Uzbekistan,UZB,1938,10166209.0
Uzbekistan,UZB,1939,10292550.0
Uzbekistan,UZB,1940,12358568.0
Uzbekistan,UZB,1941,10829191.0
Uzbekistan,UZB,1942,6044100.0
Uzbekistan,UZB,1943,6307974.0
Uzbekistan,UZB,1944,9147735.0
Uzbekistan,UZB,1945,9580882.0
Uzbekistan,UZB,1946,10693859.0
Uzbekistan,UZB,1947,12841248.0
Uzbekistan,UZB,1948,13597884.0
Uzbekistan,UZB,1949,15434241.0
Uzbekistan,UZB,1950,17139578.0
Uzbekistan,UZB,1951,18527002.0
Uzbekistan,UZB,1952,19818876.0
Uzbekistan,UZB,1953,20943594.0
Uzbekistan,UZB,1954,22816716.0
Uzbekistan,UZB,1955,25860620.0
Uzbekistan,UZB,1956,28425960.0
Uzbekistan,UZB,1957,31159446.0
Uzbekistan,UZB,1958,33334938.0
Uzbekistan,UZB,1959,35064384.0
Uzbekistan,UZB,1960,36543150.0
Uzbekistan,UZB,1961,37811520.0
Uzbekistan,UZB,1962,39819424.0
Uzbekistan,UZB,1963,42851396.0
Uzbekistan,UZB,1964,45713976.0
Uzbekistan,UZB,1965,48565380.0
Uzbekistan,UZB,1966,51334530.0
Uzbekistan,UZB,1967,53775972.0
Uzbekistan,UZB,1968,55395724.0
Uzbekistan,UZB,1969,57767428.0
Uzbekistan,UZB,1970,60627710.0
Uzbekistan,UZB,1971,64491944.0
Uzbekistan,UZB,1972,67863944.0
Uzbekistan,UZB,1973,70769010.0
Uzbekistan,UZB,1974,73506360.0
Uzbekistan,UZB,1975,77300480.0
Uzbekistan,UZB,1976,80282970.0
Uzbekistan,UZB,1977,83002850.0
Uzbekistan,UZB,1978,85864040.0
Uzbekistan,UZB,1979,86552840.0
Uzbekistan,UZB,1980,89878010.0
Uzbekistan,UZB,1981,88282840.0
Uzbekistan,UZB,1982,89966470.0
Uzbekistan,UZB,1983,91260790.0
Uzbekistan,UZB,1984,92106264.0
Uzbekistan,UZB,1985,99281900.0
Uzbekistan,UZB,1986,95237900.0
Uzbekistan,UZB,1987,97685224.0
Uzbekistan,UZB,1988,101107220.0
Uzbekistan,UZB,1989,104126840.0
Uzbekistan,UZB,1990,103123460.0
Uzbekistan,UZB,1991,102324080.0
Uzbekistan,UZB,1992,110990940.0
Uzbekistan,UZB,1993,115619100.0
Uzbekistan,UZB,1994,109786616.0
Uzbekistan,UZB,1995,104804136.0
Uzbekistan,UZB,1996,108188860.0
Uzbekistan,UZB,1997,109029016.0
Uzbekistan,UZB,1998,120976110.0
Uzbekistan,UZB,1999,123587700.0
Uzbekistan,UZB,2000,123478480.0
Uzbekistan,UZB,2001,126222536.0
Uzbekistan,UZB,2002,132576550.0
Uzbekistan,UZB,2003,130295820.0
Uzbekistan,UZB,2004,129099224.0
Uzbekistan,UZB,2005,121601640.0
Uzbekistan,UZB,2006,124898800.0
Uzbekistan,UZB,2007,123822700.0
Uzbekistan,UZB,2008,128386856.0
Uzbekistan,UZB,2009,109229760.0
Uzbekistan,UZB,2010,107668240.0
Uzbekistan,UZB,2011,116754600.0
Uzbekistan,UZB,2012,118860370.0
Uzbekistan,UZB,2013,112394720.0
Uzbekistan,UZB,2014,107495624.0
Uzbekistan,UZB,2015,103373576.0
Uzbekistan,UZB,2016,109837336.0
Uzbekistan,UZB,2017,108882870.0
Uzbekistan,UZB,2018,102330270.0
Uzbekistan,UZB,2019,107947210.0
Uzbekistan,UZB,2020,108138824.0
Uzbekistan,UZB,2021,123161640.0
Uzbekistan,UZB,2022,119105480.0
Uzbekistan,UZB,2023,122872020.0
Uzbekistan,UZB,2024,139234180.0
Saint Vincent and the Grenadines,VCT,1950,3664.0
Saint Vincent and the Grenadines,VCT,1951,3664.0
Saint Vincent and the Grenadines,VCT,1952,10992.0
Saint Vincent and the Grenadines,VCT,1953,7328.0
Saint Vincent and the Grenadines,VCT,1954,7328.0
Saint Vincent and the Grenadines,VCT,1955,7328.0
Saint Vincent and the Grenadines,VCT,1956,7328.0
Saint Vincent and the Grenadines,VCT,1957,7328.0
Saint Vincent and the Grenadines,VCT,1958,10992.0
Saint Vincent and the Grenadines,VCT,1959,10992.0
Saint Vincent and the Grenadines,VCT,1960,10992.0
Saint Vincent and the Grenadines,VCT,1961,10992.0
Saint Vincent and the Grenadines,VCT,1962,10992.0
Saint Vincent and the Grenadines,VCT,1963,14656.0
Saint Vincent and the Grenadines,VCT,1964,18320.0
Saint Vincent and the Grenadines,VCT,1965,14656.0
Saint Vincent and the Grenadines,VCT,1966,18320.0
Saint Vincent and the Grenadines,VCT,1967,18320.0
Saint Vincent and the Grenadines,VCT,1968,21984.0
Saint Vincent and the Grenadines,VCT,1969,29312.0
Saint Vincent and the Grenadines,VCT,1970,29312.0
Saint Vincent and the Grenadines,VCT,1971,29312.0
Saint Vincent and the Grenadines,VCT,1972,36640.0
Saint Vincent and the Grenadines,VCT,1973,40304.0
Saint Vincent and the Grenadines,VCT,1974,32976.0
Saint Vincent and the Grenadines,VCT,1975,32976.0
Saint Vincent and the Grenadines,VCT,1976,32976.0
Saint Vincent and the Grenadines,VCT,1977,32976.0
Saint Vincent and the Grenadines,VCT,1978,36640.0
Saint Vincent and the Grenadines,VCT,1979,29312.0
Saint Vincent and the Grenadines,VCT,1980,36640.0
Saint Vincent and the Grenadines,VCT,1981,36640.0
Saint Vincent and the Grenadines,VCT,1982,40304.0
Saint Vincent and the Grenadines,VCT,1983,47632.0
Saint Vincent and the Grenadines,VCT,1984,65952.0
Saint Vincent and the Grenadines,VCT,1985,65952.0
Saint Vincent and the Grenadines,VCT,1986,65952.0
Saint Vincent and the Grenadines,VCT,1987,76944.0
Saint Vincent and the Grenadines,VCT,1988,65952.0
Saint Vincent and the Grenadines,VCT,1989,76944.0
Saint Vincent and the Grenadines,VCT,1990,80608.0
Saint Vincent and the Grenadines,VCT,1991,84272.0
Saint Vincent and the Grenadines,VCT,1992,84272.0
Saint Vincent and the Grenadines,VCT,1993,102592.0
Saint Vincent and the Grenadines,VCT,1994,120912.0
Saint Vincent and the Grenadines,VCT,1995,128240.01
Saint Vincent and the Grenadines,VCT,1996,131904.0
Saint Vincent and the Grenadines,VCT,1997,131904.0
Saint Vincent and the Grenadines,VCT,1998,161216.0
Saint Vincent and the Grenadines,VCT,1999,164880.0
Saint Vincent and the Grenadines,VCT,2000,142896.0
Saint Vincent and the Grenadines,VCT,2001,175872.0
Saint Vincent and the Grenadines,VCT,2002,186864.0
Saint Vincent and the Grenadines,VCT,2003,201520.0
Saint Vincent and the Grenadines,VCT,2004,219840.0
Saint Vincent and the Grenadines,VCT,2005,219840.0
Saint Vincent and the Grenadines,VCT,2006,219840.0
Saint Vincent and the Grenadines,VCT,2007,238160.0
Saint Vincent and the Grenadines,VCT,2008,219840.0
Saint Vincent and the Grenadines,VCT,2009,278464.0
Saint Vincent and the Grenadines,VCT,2010,223504.0
Saint Vincent and the Grenadines,VCT,2011,216176.0
Saint Vincent and the Grenadines,VCT,2012,230832.0
Saint Vincent and the Grenadines,VCT,2013,216176.0
Saint Vincent and the Grenadines,VCT,2014,256480.02
Saint Vincent and the Grenadines,VCT,2015,234496.0
Saint Vincent and the Grenadines,VCT,2016,241824.0
Saint Vincent and the Grenadines,VCT,2017,212512.0
Saint Vincent and the Grenadines,VCT,2018,241824.0
Saint Vincent and the Grenadines,VCT,2019,219840.0
Saint Vincent and the Grenadines,VCT,2020,238160.0
Saint Vincent and the Grenadines,VCT,2021,234496.0
Saint Vincent and the Grenadines,VCT,2022,246698.0
Saint Vincent and the Grenadines,VCT,2023,246199.0
Saint Vincent and the Grenadines,VCT,2024,255656.98
Venezuela,VEN,1870,1016.00006
Venezuela,VEN,1871,769.0
Venezuela,VEN,1872,505.0
Venezuela,VEN,1873,1316.0
Venezuela,VEN,1874,1924.0
Venezuela,VEN,1875,657.0
Venezuela,VEN,1876,1670.0
Venezuela,VEN,1877,2675.0
Venezuela,VEN,1878,2811.0
Venezuela,VEN,1879,2793.0
Venezuela,VEN,1880,3134.0
Venezuela,VEN,1881,2680.0
Venezuela,VEN,1882,1675.0
Venezuela,VEN,1883,1436.0
Venezuela,VEN,1884,3439.0
Venezuela,VEN,1885,31645.0
Venezuela,VEN,1886,25738.0
Venezuela,VEN,1887,44489.0
Venezuela,VEN,1888,61063.0
Venezuela,VEN,1889,73051.0
Venezuela,VEN,1890,89329.0
Venezuela,VEN,1891,97732.0
Venezuela,VEN,1892,78108.0
Venezuela,VEN,1893,84995.0
Venezuela,VEN,1894,71201.0
Venezuela,VEN,1895,71694.0
Venezuela,VEN,1896,63033.0
Venezuela,VEN,1897,67898.0
Venezuela,VEN,1898,52024.0
Venezuela,VEN,1899,53527.0
Venezuela,VEN,1900,37679.0
Venezuela,VEN,1901,50398.0
Venezuela,VEN,1902,51352.0
Venezuela,VEN,1903,34945.0
Venezuela,VEN,1904,63294.0
Venezuela,VEN,1905,45948.0
Venezuela,VEN,1906,35235.0
Venezuela,VEN,1907,47862.0
Venezuela,VEN,1908,37284.0
Venezuela,VEN,1909,36579.0
Venezuela,VEN,1910,29929.0
Venezuela,VEN,1911,41837.0
Venezuela,VEN,1912,58862.0
Venezuela,VEN,1913,67985.0
Venezuela,VEN,1914,85566.0
Venezuela,VEN,1915,89920.0
Venezuela,VEN,1916,119772.0
Venezuela,VEN,1917,95738.0
Venezuela,VEN,1918,160614.0
Venezuela,VEN,1919,210363.0
Venezuela,VEN,1920,138485.0
Venezuela,VEN,1921,187828.0
Venezuela,VEN,1922,246527.0
Venezuela,VEN,1923,385764.0
Venezuela,VEN,1924,340754.0
Venezuela,VEN,1925,627298.0
Venezuela,VEN,1926,1061922.0
Venezuela,VEN,1927,1042024.0
Venezuela,VEN,1928,1939800.0
Venezuela,VEN,1929,2012340.1
Venezuela,VEN,1930,60198.0
Venezuela,VEN,1931,57700.0
Venezuela,VEN,1932,3850679.0
Venezuela,VEN,1933,2872904.0
Venezuela,VEN,1934,5278050.0
Venezuela,VEN,1935,6028249.0
Venezuela,VEN,1936,3207243.0
Venezuela,VEN,1937,9446700.0
Venezuela,VEN,1938,6176634.0
Venezuela,VEN,1939,7047976.0
Venezuela,VEN,1940,12386424.0
Venezuela,VEN,1941,15093673.0
Venezuela,VEN,1942,11587860.0
Venezuela,VEN,1943,10367799.0
Venezuela,VEN,1944,15148633.0
Venezuela,VEN,1945,15782344.0
Venezuela,VEN,1946,17973588.0
Venezuela,VEN,1947,20530604.0
Venezuela,VEN,1948,25590480.0
Venezuela,VEN,1949,28774856.0
Venezuela,VEN,1950,38341028.0
Venezuela,VEN,1951,47380350.0
Venezuela,VEN,1952,50743012.0
Venezuela,VEN,1953,47855188.0
Venezuela,VEN,1954,51199496.0
Venezuela,VEN,1955,59751004.0
Venezuela,VEN,1956,65008164.0
Venezuela,VEN,1957,69583330.0
Venezuela,VEN,1958,54455160.0
Venezuela,VEN,1959,65149336.0
Venezuela,VEN,1960,57016830.0
Venezuela,VEN,1961,51879784.0
Venezuela,VEN,1962,54056110.0
Venezuela,VEN,1963,56151736.0
Venezuela,VEN,1964,56550016.0
Venezuela,VEN,1965,60729600.0
Venezuela,VEN,1966,56974000.0
Venezuela,VEN,1967,65752380.0
Venezuela,VEN,1968,65572068.0
Venezuela,VEN,1969,68933176.0
Venezuela,VEN,1970,74489350.0
Venezuela,VEN,1971,62500184.0
Venezuela,VEN,1972,62514096.0
Venezuela,VEN,1973,66432756.0
Venezuela,VEN,1974,75057576.0
Venezuela,VEN,1975,63754010.0
Venezuela,VEN,1976,57277944.0
Venezuela,VEN,1977,63658050.0
Venezuela,VEN,1978,68604510.0
Venezuela,VEN,1979,76467530.0
Venezuela,VEN,1980,90671410.0
Venezuela,VEN,1981,91828776.0
Venezuela,VEN,1982,93249400.0
Venezuela,VEN,1983,92953120.0
Venezuela,VEN,1984,93057576.0
Venezuela,VEN,1985,101093730.0
Venezuela,VEN,1986,109320240.0
Venezuela,VEN,1987,110754360.0
Venezuela,VEN,1988,115854200.0
Venezuela,VEN,1989,108651310.0
Venezuela,VEN,1990,120863880.0
Venezuela,VEN,1991,114220530.0
Venezuela,VEN,1992,104738600.0
Venezuela,VEN,1993,123051510.0
Venezuela,VEN,1994,119060250.0
Venezuela,VEN,1995,124830390.0
Venezuela,VEN,1996,118346770.0
Venezuela,VEN,1997,129754620.0
Venezuela,VEN,1998,134993220.0
Venezuela,VEN,1999,143125900.0
Venezuela,VEN,2000,142902340.0
Venezuela,VEN,2001,130617784.0
Venezuela,VEN,2002,164232910.0
Venezuela,VEN,2003,154364060.0
Venezuela,VEN,2004,142842060.0
Venezuela,VEN,2005,148408260.0
Venezuela,VEN,2006,155841230.0
Venezuela,VEN,2007,154167490.0
Venezuela,VEN,2008,155758300.0
Venezuela,VEN,2009,152175700.0
Venezuela,VEN,2010,189581660.0
Venezuela,VEN,2011,168712510.0
Venezuela,VEN,2012,175845070.0
Venezuela,VEN,2013,198452160.0
Venezuela,VEN,2014,175991600.0
Venezuela,VEN,2015,166328370.0
Venezuela,VEN,2016,152733440.0
Venezuela,VEN,2017,139093300.0
Venezuela,VEN,2018,111239580.0
Venezuela,VEN,2019,105430480.0
Venezuela,VEN,2020,80901150.0
Venezuela,VEN,2021,94902500.0
Venezuela,VEN,2022,108423500.0
Venezuela,VEN,2023,119587760.0
Venezuela,VEN,2024,116042424.0
British Virgin Islands,VGB,1962,3664.0
British Virgin Islands,VGB,1963,3664.0
British Virgin Islands,VGB,1964,7328.0
British Virgin Islands,VGB,1965,7328.0
British Virgin Islands,VGB,1966,10992.0
British Virgin Islands,VGB,1967,3664.0
British Virgin Islands,VGB,1968,14656.0
British Virgin Islands,VGB,1969,18320.0
British Virgin Islands,VGB,1970,18320.0
British Virgin Islands,VGB,1971,21984.0
British Virgin Islands,VGB,1972,21984.0
British Virgin Islands,VGB,1973,25648.0
British Virgin Islands,VGB,1974,25648.0
British Virgin Islands,VGB,1975,25648.0
British Virgin Islands,VGB,1976,25648.0
British Virgin Islands,VGB,1977,29312.0
British Virgin Islands,VGB,1978,29312.0
British Virgin Islands,VGB,1979,29312.0
British Virgin Islands,VGB,1980,29312.0
British Virgin Islands,VGB,1981,43968.0
British Virgin Islands,VGB,1982,36640.0
British Virgin Islands,VGB,1983,40304.0
British Virgin Islands,VGB,1984,40304.0
British Virgin Islands,VGB,1985,47632.0
British Virgin Islands,VGB,1986,54960.0
British Virgin Islands,VGB,1987,62288.0
British Virgin Islands,VGB,1988,65952.0
British Virgin Islands,VGB,1989,65952.0
British Virgin Islands,VGB,1990,65952.0
British Virgin Islands,VGB,1991,73280.0
British Virgin Islands,VGB,1992,80608.0
British Virgin Islands,VGB,1993,84272.0
British Virgin Islands,VGB,1994,87936.0
British Virgin Islands,VGB,1995,87936.0
British Virgin Islands,VGB,1996,98928.0
British Virgin Islands,VGB,1997,102592.0
British Virgin Islands,VGB,1998,102592.0
British Virgin Islands,VGB,1999,113584.0
British Virgin Islands,VGB,2000,117248.0
British Virgin Islands,VGB,2001,128240.01
British Virgin Islands,VGB,2002,139232.0
British Virgin Islands,VGB,2003,146560.0
British Virgin Islands,VGB,2004,153888.0
British Virgin Islands,VGB,2005,164880.0
British Virgin Islands,VGB,2006,179536.0
British Virgin Islands,VGB,2007,183200.0
British Virgin Islands,VGB,2008,190528.0
British Virgin Islands,VGB,2009,194192.0
British Virgin Islands,VGB,2010,212512.0
British Virgin Islands,VGB,2011,208848.0
British Virgin Islands,VGB,2012,208848.0
British Virgin Islands,VGB,2013,212512.0
British Virgin Islands,VGB,2014,216176.0
British Virgin Islands,VGB,2015,223504.0
British Virgin Islands,VGB,2016,227168.0
British Virgin Islands,VGB,2017,179536.0
British Virgin Islands,VGB,2018,157552.0
British Virgin Islands,VGB,2019,183200.0
British Virgin Islands,VGB,2020,179536.0
British Virgin Islands,VGB,2021,183200.0
British Virgin Islands,VGB,2022,185761.0
British Virgin Islands,VGB,2023,185385.0
British Virgin Islands,VGB,2024,192507.0
Vietnam,VNM,1892,212512.0
Vietnam,VNM,1893,663184.0
Vietnam,VNM,1894,304112.0
Vietnam,VNM,1895,179536.0
Vietnam,VNM,1896,362736.0
Vietnam,VNM,1897,523952.0
Vietnam,VNM,1898,655856.0
Vietnam,VNM,1899,732800.0
Vietnam,VNM,1900,512960.03
Vietnam,VNM,1901,501968.03
Vietnam,VNM,1902,399376.0
Vietnam,VNM,1903,556928.0
Vietnam,VNM,1904,802416.0
Vietnam,VNM,1905,791424.0
Vietnam,VNM,1906,835392.0
Vietnam,VNM,1907,850048.0
Vietnam,VNM,1908,919664.0
Vietnam,VNM,1909,1018592.0
Vietnam,VNM,1910,1322704.0
Vietnam,VNM,1911,1157824.0
Vietnam,VNM,1912,1139504.0
Vietnam,VNM,1913,1352016.0
Vietnam,VNM,1914,1645136.0
Vietnam,VNM,1915,1707424.0
Vietnam,VNM,1916,1817344.0
Vietnam,VNM,1917,1736736.0
Vietnam,VNM,1918,1689104.0
Vietnam,VNM,1919,1766048.0
Vietnam,VNM,1920,1857648.0
Vietnam,VNM,1921,2443888.0
Vietnam,VNM,1922,2627088.0
Vietnam,VNM,1923,2802960.0
Vietnam,VNM,1924,3279280.0
Vietnam,VNM,1925,3616368.0
Vietnam,VNM,1926,3422176.0
Vietnam,VNM,1927,3957120.0
Vietnam,VNM,1928,5297490.0
Vietnam,VNM,1929,5323049.0
Vietnam,VNM,1930,5271813.0
Vietnam,VNM,1931,4656320.0
Vietnam,VNM,1932,4626949.0
Vietnam,VNM,1933,4275442.0
Vietnam,VNM,1934,4282741.0
Vietnam,VNM,1935,4762754.0
Vietnam,VNM,1936,5872798.0
Vietnam,VNM,1937,6238841.0
Vietnam,VNM,1938,6352306.0
Vietnam,VNM,1939,7092256.0
Vietnam,VNM,1940,6769943.0
Vietnam,VNM,1941,6326510.0
Vietnam,VNM,1942,3384823.0
Vietnam,VNM,1943,2769479.0
Vietnam,VNM,1944,1425296.0
Vietnam,VNM,1945,615522.0
Vietnam,VNM,1946,714331.0
Vietnam,VNM,1947,710667.0
Vietnam,VNM,1948,999886.0
Vietnam,VNM,1949,1076592.0
Vietnam,VNM,1950,1479660.0
Vietnam,VNM,1951,1285202.0
Vietnam,VNM,1952,1864055.0
Vietnam,VNM,1953,1750203.0
Vietnam,VNM,1954,2670016.0
Vietnam,VNM,1955,3523550.0
Vietnam,VNM,1956,2908414.0
Vietnam,VNM,1957,2875587.0
Vietnam,VNM,1958,5014798.0
Vietnam,VNM,1959,6604647.0
Vietnam,VNM,1960,7483918.0
Vietnam,VNM,1961,7978350.0
Vietnam,VNM,1962,9337664.0
Vietnam,VNM,1963,9110377.0
Vietnam,VNM,1964,11787840.0
Vietnam,VNM,1965,13149927.0
Vietnam,VNM,1966,19181138.0
Vietnam,VNM,1967,22962178.0
Vietnam,VNM,1968,23600902.0
Vietnam,VNM,1969,27055640.0
Vietnam,VNM,1970,28172980.0
Vietnam,VNM,1971,24503596.0
Vietnam,VNM,1972,23034844.0
Vietnam,VNM,1973,25067894.0
Vietnam,VNM,1974,19058020.0
Vietnam,VNM,1975,21771390.0
Vietnam,VNM,1976,13898657.0
Vietnam,VNM,1977,15246793.0
Vietnam,VNM,1978,15387687.0
Vietnam,VNM,1979,16249706.0
Vietnam,VNM,1980,16789038.0
Vietnam,VNM,1981,17695350.0
Vietnam,VNM,1982,18341628.0
Vietnam,VNM,1983,19269692.0
Vietnam,VNM,1984,17495162.0
Vietnam,VNM,1985,21097420.0
Vietnam,VNM,1986,20584666.0
Vietnam,VNM,1987,23296900.0
Vietnam,VNM,1988,23072536.0
Vietnam,VNM,1989,17397910.0
Vietnam,VNM,1990,21298646.0
Vietnam,VNM,1991,21375534.0
Vietnam,VNM,1992,21466460.0
Vietnam,VNM,1993,22853002.0
Vietnam,VNM,1994,27362152.0
Vietnam,VNM,1995,30088472.0
Vietnam,VNM,1996,35481510.0
Vietnam,VNM,1997,45502070.0
Vietnam,VNM,1998,47866350.0
Vietnam,VNM,1999,48548324.0
Vietnam,VNM,2000,53935468.0
Vietnam,VNM,2001,60983388.0
Vietnam,VNM,2002,69530950.0
Vietnam,VNM,2003,77261060.0
Vietnam,VNM,2004,88939180.0
Vietnam,VNM,2005,95842056.0
Vietnam,VNM,2006,99655920.0
Vietnam,VNM,2007,101432630.0
Vietnam,VNM,2008,114299576.0
Vietnam,VNM,2009,124493390.0
Vietnam,VNM,2010,139563840.0
Vietnam,VNM,2011,152563940.0
Vietnam,VNM,2012,144287540.0
Vietnam,VNM,2013,151459360.0
Vietnam,VNM,2014,180047520.0
Vietnam,VNM,2015,213391310.0
Vietnam,VNM,2016,221027000.0
Vietnam,VNM,2017,227694370.0
Vietnam,VNM,2018,255468420.0
Vietnam,VNM,2019,339312350.0
Vietnam,VNM,2020,362598880.0
Vietnam,VNM,2021,314196600.0
Vietnam,VNM,2022,322653150.0
Vietnam,VNM,2023,347398800.0
Vietnam,VNM,2024,370931330.0
Vanuatu,VUT,1962,40304.0
Vanuatu,VUT,1963,32976.0
Vanuatu,VUT,1964,62288.0
Vanuatu,VUT,1965,47632.0
Vanuatu,VUT,1966,76944.0
Vanuatu,VUT,1967,84272.0
Vanuatu,VUT,1968,62288.0
Vanuatu,VUT,1969,43968.0
Vanuatu,VUT,1970,40304.0
Vanuatu,VUT,1971,58624.0
Vanuatu,VUT,1972,62288.0
Vanuatu,VUT,1973,54960.0
Vanuatu,VUT,1974,62288.0
Vanuatu,VUT,1975,54960.0
Vanuatu,VUT,1976,43968.0
Vanuatu,VUT,1977,51296.0
Vanuatu,VUT,1978,58624.0
Vanuatu,VUT,1979,62288.0
Vanuatu,VUT,1980,62288.0
Vanuatu,VUT,1981,51296.0
Vanuatu,VUT,1982,51296.0
Vanuatu,VUT,1983,54960.0
Vanuatu,VUT,1984,54960.0
Vanuatu,VUT,1985,120912.0
Vanuatu,VUT,1986,58624.0
Vanuatu,VUT,1987,47632.0
Vanuatu,VUT,1988,65952.0
Vanuatu,VUT,1989,62288.0
Vanuatu,VUT,1990,65952.0
Vanuatu,VUT,1991,65952.0
Vanuatu,VUT,1992,62288.0
Vanuatu,VUT,1993,62288.0
Vanuatu,VUT,1994,62288.0
Vanuatu,VUT,1995,65952.0
Vanuatu,VUT,1996,73280.0
Vanuatu,VUT,1997,76944.0
Vanuatu,VUT,1998,76944.0
Vanuatu,VUT,1999,80608.0
Vanuatu,VUT,2000,84272.0
Vanuatu,VUT,2001,80608.0
Vanuatu,VUT,2002,76944.0
Vanuatu,VUT,2003,76944.0
Vanuatu,VUT,2004,73280.0
Vanuatu,VUT,2005,73280.0
Vanuatu,VUT,2006,73280.0
Vanuatu,VUT,2007,76944.0
Vanuatu,VUT,2008,87936.0
Vanuatu,VUT,2009,120912.0
Vanuatu,VUT,2010,124576.0
Vanuatu,VUT,2011,131904.0
Vanuatu,VUT,2012,117248.0
Vanuatu,VUT,2013,109920.0
Vanuatu,VUT,2014,157552.0
Vanuatu,VUT,2015,131904.0
Vanuatu,VUT,2016,150224.0
Vanuatu,VUT,2017,139232.0
Vanuatu,VUT,2018,175872.0
Vanuatu,VUT,2019,164880.0
Vanuatu,VUT,2020,205184.0
Vanuatu,VUT,2021,216176.0
Vanuatu,VUT,2022,189353.0
Vanuatu,VUT,2023,188458.0
Vanuatu,VUT,2024,197079.0
Wallis and Futuna,WLF,1990,18320.0
Wallis and Futuna,WLF,1991,18320.0
Wallis and Futuna,WLF,1992,18320.0
Wallis and Futuna,WLF,1993,21984.0
Wallis and Futuna,WLF,1994,21984.0
Wallis and Futuna,WLF,1995,21984.0
Wallis and Futuna,WLF,1996,21984.0
Wallis and Futuna,WLF,1997,21984.0
Wallis and Futuna,WLF,1998,21984.0
Wallis and Futuna,WLF,1999,21984.0
Wallis and Futuna,WLF,2000,21984.0
Wallis and Futuna,WLF,2001,25648.0
Wallis and Futuna,WLF,2002,25648.0
Wallis and Futuna,WLF,2003,25648.0
Wallis and Futuna,WLF,2004,25648.0
Wallis and Futuna,WLF,2005,25648.0
Wallis and Futuna,WLF,2006,25648.0
Wallis and Futuna,WLF,2007,25648.0
Wallis and Futuna,WLF,2008,25648.0
Wallis and Futuna,WLF,2009,25648.0
Wallis and Futuna,WLF,2010,25648.0
Wallis and Futuna,WLF,2011,25648.0
Wallis and Futuna,WLF,2012,25648.0
Wallis and Futuna,WLF,2013,25648.0
Wallis and Futuna,WLF,2014,25648.0
Wallis and Futuna,WLF,2015,25648.0
Wallis and Futuna,WLF,2016,25648.0
Wallis and Futuna,WLF,2017,25648.0
Wallis and Futuna,WLF,2018,25648.0
Wallis and Futuna,WLF,2019,25648.0
Wallis and Futuna,WLF,2020,29312.0
Wallis and Futuna,WLF,2021,29312.0
Wallis and Futuna,WLF,2022,29312.0
Wallis and Futuna,WLF,2023,29174.0
Wallis and Futuna,WLF,2024,30508.0
Samoa,WSM,1950,3664.0
Samoa,WSM,1951,3664.0
Samoa,WSM,1952,7328.0
Samoa,WSM,1953,7328.0
Samoa,WSM,1954,10992.0
Samoa,WSM,1955,10992.0
Samoa,WSM,1956,10992.0
Samoa,WSM,1957,14656.0
Samoa,WSM,1958,10992.0
Samoa,WSM,1959,14656.0
Samoa,WSM,1960,14656.0
Samoa,WSM,1961,18320.0
Samoa,WSM,1962,18320.0
Samoa,WSM,1963,21984.0
Samoa,WSM,1964,25648.0
Samoa,WSM,1965,29312.0
Samoa,WSM,1966,25648.0
Samoa,WSM,1967,25648.0
Samoa,WSM,1968,29312.0
Samoa,WSM,1969,29312.0
Samoa,WSM,1970,29312.0
Samoa,WSM,1971,36640.0
Samoa,WSM,1972,36640.0
Samoa,WSM,1973,36640.0
Samoa,WSM,1974,43968.0
Samoa,WSM,1975,58624.0
Samoa,WSM,1976,43968.0
Samoa,WSM,1977,73280.0
Samoa,WSM,1978,98928.0
Samoa,WSM,1979,84272.0
Samoa,WSM,1980,76944.0
Samoa,WSM,1981,73280.0
Samoa,WSM,1982,65952.0
Samoa,WSM,1983,65952.0
Samoa,WSM,1984,69616.0
Samoa,WSM,1985,76944.0
Samoa,WSM,1986,80608.0
Samoa,WSM,1987,76944.0
Samoa,WSM,1988,84272.0
Samoa,WSM,1989,84272.0
Samoa,WSM,1990,91600.0
Samoa,WSM,1991,95264.0
Samoa,WSM,1992,98928.0
Samoa,WSM,1993,106256.0
Samoa,WSM,1994,98928.0
Samoa,WSM,1995,109920.0
Samoa,WSM,1996,124576.0
Samoa,WSM,1997,124576.0
Samoa,WSM,1998,139232.0
Samoa,WSM,1999,139232.0
Samoa,WSM,2000,142896.0
Samoa,WSM,2001,153888.0
Samoa,WSM,2002,161216.0
Samoa,WSM,2003,161216.0
Samoa,WSM,2004,168544.0
Samoa,WSM,2005,172208.0
Samoa,WSM,2006,168544.0
Samoa,WSM,2007,179536.0
Samoa,WSM,2008,161216.0
Samoa,WSM,2009,168544.0
Samoa,WSM,2010,186864.0
Samoa,WSM,2011,190528.0
Samoa,WSM,2012,190528.0
Samoa,WSM,2013,190528.0
Samoa,WSM,2014,201520.0
Samoa,WSM,2015,227168.0
Samoa,WSM,2016,238160.0
Samoa,WSM,2017,234496.0
Samoa,WSM,2018,234496.0
Samoa,WSM,2019,260144.0
Samoa,WSM,2020,234496.0
Samoa,WSM,2021,267472.0
Samoa,WSM,2022,235959.0
Samoa,WSM,2023,234845.0
Samoa,WSM,2024,245587.0
Yemen,YEM,1950,58624.0
Yemen,YEM,1951,40304.0
Yemen,YEM,1952,58624.0
Yemen,YEM,1953,69616.0
Yemen,YEM,1954,4455424.0
Yemen,YEM,1955,2484192.0
Yemen,YEM,1956,2330304.0
Yemen,YEM,1957,2956848.0
Yemen,YEM,1958,1883296.0
Yemen,YEM,1959,2601440.0
Yemen,YEM,1960,3631024.0
Yemen,YEM,1961,2663728.0
Yemen,YEM,1962,3883840.0
Yemen,YEM,1963,2916544.0
Yemen,YEM,1964,3631024.0
Yemen,YEM,1965,3927808.0
Yemen,YEM,1966,3462480.0
Yemen,YEM,1967,3052112.0
Yemen,YEM,1968,11636864.0
Yemen,YEM,1969,4675264.0
Yemen,YEM,1970,2509840.0
Yemen,YEM,1971,1971232.0
Yemen,YEM,1972,1494912.0
Yemen,YEM,1973,2729621.0
Yemen,YEM,1974,2245794.0
Yemen,YEM,1975,2168850.0
Yemen,YEM,1976,2564506.0
Yemen,YEM,1977,2978482.0
Yemen,YEM,1978,3102951.0
Yemen,YEM,1979,3219962.0
Yemen,YEM,1980,3315206.0
Yemen,YEM,1981,4227465.0
Yemen,YEM,1982,5940481.0
Yemen,YEM,1983,6314086.0
Yemen,YEM,1984,7149197.0
Yemen,YEM,1985,8631687.0
Yemen,YEM,1986,8245394.0
Yemen,YEM,1987,8664593.0
Yemen,YEM,1988,9585350.0
Yemen,YEM,1989,9975881.0
Yemen,YEM,1990,9572039.0
Yemen,YEM,1991,9181747.0
Yemen,YEM,1992,9925889.0
Yemen,YEM,1993,8678741.0
Yemen,YEM,1994,9964473.0
Yemen,YEM,1995,11137874.0
Yemen,YEM,1996,11375245.0
Yemen,YEM,1997,12260347.0
Yemen,YEM,1998,12930947.0
Yemen,YEM,1999,14796267.0
Yemen,YEM,2000,15831746.0
Yemen,YEM,2001,17194192.0
Yemen,YEM,2002,16707197.0
Yemen,YEM,2003,18609224.0
Yemen,YEM,2004,20108794.0
Yemen,YEM,2005,21797008.0
Yemen,YEM,2006,23906082.0
Yemen,YEM,2007,23676344.0
Yemen,YEM,2008,24537038.0
Yemen,YEM,2009,26896530.0
Yemen,YEM,2010,25817588.0
Yemen,YEM,2011,22625090.0
Yemen,YEM,2012,20467492.0
Yemen,YEM,2013,27281024.0
Yemen,YEM,2014,26592206.0
Yemen,YEM,2015,14122821.0
Yemen,YEM,2016,10043701.0
Yemen,YEM,2017,9213895.0
Yemen,YEM,2018,11503876.0
Yemen,YEM,2019,11787783.0
Yemen,YEM,2020,10757014.0
Yemen,YEM,2021,10607956.0
Yemen,YEM,2022,10403769.0
Yemen,YEM,2023,10141169.0
Yemen,YEM,2024,10123090.0
South Africa,ZAF,1884,21984.0
South Africa,ZAF,1885,36640.0
South Africa,ZAF,1886,47632.0
South Africa,ZAF,1887,47632.0
South Africa,ZAF,1888,80608.0
South Africa,ZAF,1889,131904.0
South Africa,ZAF,1890,296784.0
South Africa,ZAF,1891,296784.0
South Africa,ZAF,1892,479984.0
South Africa,ZAF,1893,1799024.0
South Africa,ZAF,1894,2432896.0
South Africa,ZAF,1895,3337904.0
South Africa,ZAF,1896,4257568.0
South Africa,ZAF,1897,4777856.0
South Africa,ZAF,1898,6049264.0
South Africa,ZAF,1899,5517984.0
South Africa,ZAF,1900,2330304.0
South Africa,ZAF,1901,3909488.0
South Africa,ZAF,1902,5825760.0
South Africa,ZAF,1903,7782336.0
South Africa,ZAF,1904,8767952.0
South Africa,ZAF,1905,10028368.0
South Africa,ZAF,1906,11464656.0
South Africa,ZAF,1907,12651792.0
South Africa,ZAF,1908,13007200.0
South Africa,ZAF,1909,14974768.0
South Africa,ZAF,1910,16978976.0
South Africa,ZAF,1911,16341440.0
South Africa,ZAF,1912,17349040.0
South Africa,ZAF,1913,18983184.0
South Africa,ZAF,1914,18400608.0
South Africa,ZAF,1915,18510528.0
South Africa,ZAF,1916,21811792.0
South Africa,ZAF,1917,23339680.0
South Africa,ZAF,1918,22222160.0
South Africa,ZAF,1919,23138160.0
South Africa,ZAF,1920,25666320.0
South Africa,ZAF,1921,25413504.0
South Africa,ZAF,1922,21786144.0
South Africa,ZAF,1923,26443088.0
South Africa,ZAF,1924,27776784.0
South Africa,ZAF,1925,28952928.0
South Africa,ZAF,1926,30429520.0
South Africa,ZAF,1927,29561152.0
South Africa,ZAF,1928,29623440.0
South Africa,ZAF,1929,30768816.0
South Africa,ZAF,1930,28722096.0
South Africa,ZAF,1931,25567392.0
South Africa,ZAF,1932,23455768.0
South Africa,ZAF,1933,25331648.0
South Africa,ZAF,1934,28870568.0
South Africa,ZAF,1935,32156788.0
South Africa,ZAF,1936,35251944.0
South Africa,ZAF,1937,36816148.0
South Africa,ZAF,1938,38699296.0
South Africa,ZAF,1939,40157270.0
South Africa,ZAF,1940,41517090.0
South Africa,ZAF,1941,44327200.0
South Africa,ZAF,1942,48423256.0
South Africa,ZAF,1943,48764124.0
South Africa,ZAF,1944,54567100.0
South Africa,ZAF,1945,55868090.0
South Africa,ZAF,1946,56043452.0
South Africa,ZAF,1947,55834308.0
South Africa,ZAF,1948,57098150.0
South Africa,ZAF,1949,60586070.0
South Africa,ZAF,1950,60913868.0
South Africa,ZAF,1951,65068396.0
South Africa,ZAF,1952,70831610.0
South Africa,ZAF,1953,70974080.0
South Africa,ZAF,1954,73879490.0
South Africa,ZAF,1955,82928800.0
South Africa,ZAF,1956,87251864.0
South Africa,ZAF,1957,89644140.0
South Africa,ZAF,1958,96253280.0
South Africa,ZAF,1959,94472870.0
South Africa,ZAF,1960,97847120.0
South Africa,ZAF,1961,102119840.0
South Africa,ZAF,1962,105670040.0
South Africa,ZAF,1963,109725200.0
South Africa,ZAF,1964,119546024.0
South Africa,ZAF,1965,128140050.0
South Africa,ZAF,1966,128234936.0
South Africa,ZAF,1967,133760120.0
South Africa,ZAF,1968,137953810.0
South Africa,ZAF,1969,143142850.0
South Africa,ZAF,1970,149621860.0
South Africa,ZAF,1971,168407150.0
South Africa,ZAF,1972,171557120.0
South Africa,ZAF,1973,173352290.0
South Africa,ZAF,1974,176547940.0
South Africa,ZAF,1975,185004800.0
South Africa,ZAF,1976,192908700.0
South Africa,ZAF,1977,199738260.0
South Africa,ZAF,1978,201879550.0
South Africa,ZAF,1979,218670830.0
South Africa,ZAF,1980,228201400.0
South Africa,ZAF,1981,257078910.0
South Africa,ZAF,1982,280437000.0
South Africa,ZAF,1983,291905730.0
South Africa,ZAF,1984,315596640.0
South Africa,ZAF,1985,323865000.0
South Africa,ZAF,1986,330500770.0
South Africa,ZAF,1987,328672000.0
South Africa,ZAF,1988,342662000.0
South Africa,ZAF,1989,340714720.0
South Africa,ZAF,1990,312933900.0
South Africa,ZAF,1991,326030370.0
South Africa,ZAF,1992,301329060.0
South Africa,ZAF,1993,320352640.0
South Africa,ZAF,1994,338701250.0
South Africa,ZAF,1995,361711940.0
South Africa,ZAF,1996,363732320.0
South Africa,ZAF,1997,385215420.0
South Africa,ZAF,1998,377273440.0
South Africa,ZAF,1999,374869020.0
South Africa,ZAF,2000,378332500.0
South Africa,ZAF,2001,371602000.0
South Africa,ZAF,2002,356501150.0
South Africa,ZAF,2003,404406050.0
South Africa,ZAF,2004,449321630.0
South Africa,ZAF,2005,416204860.0
South Africa,ZAF,2006,446744320.0
South Africa,ZAF,2007,465033730.0
South Africa,ZAF,2008,494672540.0
South Africa,ZAF,2009,474512260.0
South Africa,ZAF,2010,467352500.0
South Africa,ZAF,2011,474272770.0
South Africa,ZAF,2012,461438400.0
South Africa,ZAF,2013,456188000.0
South Africa,ZAF,2014,481637860.0
South Africa,ZAF,2015,457473250.0
South Africa,ZAF,2016,457049760.0
South Africa,ZAF,2017,440010270.0
South Africa,ZAF,2018,453765980.0
South Africa,ZAF,2019,470727420.0
South Africa,ZAF,2020,435297660.0
South Africa,ZAF,2021,439464400.0
South Africa,ZAF,2022,428782180.0
South Africa,ZAF,2023,436604200.0
South Africa,ZAF,2024,439830500.0
Zambia,ZMB,1950,2330187.0
Zambia,ZMB,1951,2569435.0
Zambia,ZMB,1952,2890347.0
Zambia,ZMB,1953,3150334.0
Zambia,ZMB,1954,3463825.0
Zambia,ZMB,1955,4084932.8
Zambia,ZMB,1956,4453388.0
Zambia,ZMB,1957,4584043.0
Zambia,ZMB,1958,4094899.2
Zambia,ZMB,1959,4567802.0
Zambia,ZMB,1960,4355258.0
Zambia,ZMB,1961,3708972.0
Zambia,ZMB,1962,3582691.0
Zambia,ZMB,1963,3444491.0
Zambia,ZMB,1964,3274992.0
Zambia,ZMB,1965,3912261.0
Zambia,ZMB,1966,3498229.0
Zambia,ZMB,1967,4787631.0
Zambia,ZMB,1968,4567642.0
Zambia,ZMB,1969,4270887.0
Zambia,ZMB,1970,3765879.0
Zambia,ZMB,1971,3790113.0
Zambia,ZMB,1972,4061415.2
Zambia,ZMB,1973,4585665.0
Zambia,ZMB,1974,4197161.0
Zambia,ZMB,1975,4076219.0
Zambia,ZMB,1976,4019392.0
Zambia,ZMB,1977,3734905.0
Zambia,ZMB,1978,3470873.0
Zambia,ZMB,1979,3596470.0
Zambia,ZMB,1980,3523262.0
Zambia,ZMB,1981,3358031.0
Zambia,ZMB,1982,3510781.0
Zambia,ZMB,1983,3260766.0
Zambia,ZMB,1984,2804441.0
Zambia,ZMB,1985,2732732.0
Zambia,ZMB,1986,2865572.0
Zambia,ZMB,1987,2673762.0
Zambia,ZMB,1988,3109022.0
Zambia,ZMB,1989,2570005.0
Zambia,ZMB,1990,2407113.0
Zambia,ZMB,1991,2381811.0
Zambia,ZMB,1992,2424693.0
Zambia,ZMB,1993,2466007.0
Zambia,ZMB,1994,2393258.0
Zambia,ZMB,1995,2142313.0
Zambia,ZMB,1996,1837995.0
Zambia,ZMB,1997,2354102.0
Zambia,ZMB,1998,2278458.0
Zambia,ZMB,1999,1777604.0
Zambia,ZMB,2000,1784113.0
Zambia,ZMB,2001,1885603.0
Zambia,ZMB,2002,1960891.0
Zambia,ZMB,2003,2074413.0
Zambia,ZMB,2004,2104131.0
Zambia,ZMB,2005,2242543.0
Zambia,ZMB,2006,2231118.0
Zambia,ZMB,2007,2297559.0
Zambia,ZMB,2008,2553028.0
Zambia,ZMB,2009,2939884.0
Zambia,ZMB,2010,3120844.0
Zambia,ZMB,2011,3379164.0
Zambia,ZMB,2012,4176835.0
Zambia,ZMB,2013,4426548.0
Zambia,ZMB,2014,5283261.0
Zambia,ZMB,2015,5522488.0
Zambia,ZMB,2016,5977866.0
Zambia,ZMB,2017,7458888.0
Zambia,ZMB,2018,8657801.0
Zambia,ZMB,2019,8846335.0
Zambia,ZMB,2020,9990585.0
Zambia,ZMB,2021,9349845.0
Zambia,ZMB,2022,10938910.0
Zambia,ZMB,2023,11830727.0
Zambia,ZMB,2024,12043299.0
Zimbabwe,ZWE,1903,113584.0
Zimbabwe,ZWE,1904,142896.0
Zimbabwe,ZWE,1905,234496.0
Zimbabwe,ZWE,1906,252815.98
Zimbabwe,ZWE,1907,278464.0
Zimbabwe,ZWE,1908,395712.0
Zimbabwe,ZWE,1909,410368.0
Zimbabwe,ZWE,1910,432352.0
Zimbabwe,ZWE,1911,512960.03
Zimbabwe,ZWE,1912,520288.0
Zimbabwe,ZWE,1913,582576.0
Zimbabwe,ZWE,1914,842720.0
Zimbabwe,ZWE,1915,985616.0
Zimbabwe,ZWE,1916,1183472.0
Zimbabwe,ZWE,1917,1322704.0
Zimbabwe,ZWE,1918,1179808.0
Zimbabwe,ZWE,1919,1227440.0
Zimbabwe,ZWE,1920,1388656.0
Zimbabwe,ZWE,1921,1384992.0
Zimbabwe,ZWE,1922,1242096.0
Zimbabwe,ZWE,1923,1483920.0
Zimbabwe,ZWE,1924,1568192.0
Zimbabwe,ZWE,1925,1828336.0
Zimbabwe,ZWE,1926,2322976.0
Zimbabwe,ZWE,1927,2410912.0
Zimbabwe,ZWE,1928,2905552.0
Zimbabwe,ZWE,1929,2751664.0
Zimbabwe,ZWE,1930,2491520.0
Zimbabwe,ZWE,1931,1557200.0
Zimbabwe,ZWE,1932,1161488.0
Zimbabwe,ZWE,1933,1282400.0
Zimbabwe,ZWE,1934,1707424.0
Zimbabwe,ZWE,1935,1842992.0
Zimbabwe,ZWE,1936,1868640.0
Zimbabwe,ZWE,1937,2733344.0
Zimbabwe,ZWE,1938,2769984.0
Zimbabwe,ZWE,1939,2967840.0
Zimbabwe,ZWE,1940,3425840.0
Zimbabwe,ZWE,1941,3744608.0
Zimbabwe,ZWE,1942,4140319.8
Zimbabwe,ZWE,1943,4719232.0
Zimbabwe,ZWE,1944,4796176.0
Zimbabwe,ZWE,1945,4462485.0
Zimbabwe,ZWE,1946,4312261.0
Zimbabwe,ZWE,1947,4037430.8
Zimbabwe,ZWE,1948,4535735.0
Zimbabwe,ZWE,1949,5129273.0
Zimbabwe,ZWE,1950,3179810.0
Zimbabwe,ZWE,1951,3506294.0
Zimbabwe,ZWE,1952,3944184.0
Zimbabwe,ZWE,1953,4298938.0
Zimbabwe,ZWE,1954,4726705.0
Zimbabwe,ZWE,1955,5574249.0
Zimbabwe,ZWE,1956,6077028.0
Zimbabwe,ZWE,1957,6255279.0
Zimbabwe,ZWE,1958,5587747.0
Zimbabwe,ZWE,1959,6233166.0
Zimbabwe,ZWE,1960,5943125.0
Zimbabwe,ZWE,1961,5061263.0
Zimbabwe,ZWE,1962,4888959.0
Zimbabwe,ZWE,1963,4700377.0
Zimbabwe,ZWE,1964,4469069.0
Zimbabwe,ZWE,1965,5209198.0
Zimbabwe,ZWE,1966,6040926.0
Zimbabwe,ZWE,1967,5294480.0
Zimbabwe,ZWE,1968,6377657.0
Zimbabwe,ZWE,1969,6743879.0
Zimbabwe,ZWE,1970,8154132.0
Zimbabwe,ZWE,1971,8732719.0
Zimbabwe,ZWE,1972,8215826.0
Zimbabwe,ZWE,1973,9270850.0
Zimbabwe,ZWE,1974,9047019.0
Zimbabwe,ZWE,1975,8310912.0
Zimbabwe,ZWE,1976,10854930.0
Zimbabwe,ZWE,1977,9284411.0
Zimbabwe,ZWE,1978,9279682.0
Zimbabwe,ZWE,1979,9431655.0
Zimbabwe,ZWE,1980,9613952.0
Zimbabwe,ZWE,1981,9405387.0
Zimbabwe,ZWE,1982,8779857.0
Zimbabwe,ZWE,1983,10425096.0
Zimbabwe,ZWE,1984,9879639.0
Zimbabwe,ZWE,1985,10213709.0
Zimbabwe,ZWE,1986,13068023.0
Zimbabwe,ZWE,1987,15170106.0
Zimbabwe,ZWE,1988,16029461.0
Zimbabwe,ZWE,1989,16113653.0
Zimbabwe,ZWE,1990,15537013.0
Zimbabwe,ZWE,1991,15490552.0
Zimbabwe,ZWE,1992,16702375.0
Zimbabwe,ZWE,1993,16031956.0
Zimbabwe,ZWE,1994,17382598.0
Zimbabwe,ZWE,1995,15017400.0
Zimbabwe,ZWE,1996,14894246.0
Zimbabwe,ZWE,1997,13900992.0
Zimbabwe,ZWE,1998,14127475.0
Zimbabwe,ZWE,1999,15724105.0
Zimbabwe,ZWE,2000,13814538.0
Zimbabwe,ZWE,2001,12508722.0
Zimbabwe,ZWE,2002,11895839.0
Zimbabwe,ZWE,2003,10609583.0
Zimbabwe,ZWE,2004,9428642.0
Zimbabwe,ZWE,2005,10698489.0
Zimbabwe,ZWE,2006,10365461.0
Zimbabwe,ZWE,2007,9835161.0
Zimbabwe,ZWE,2008,7720094.0
Zimbabwe,ZWE,2009,8249769.0
Zimbabwe,ZWE,2010,8754012.0
Zimbabwe,ZWE,2011,10363199.0
Zimbabwe,ZWE,2012,11257433.0
Zimbabwe,ZWE,2013,11671374.0
Zimbabwe,ZWE,2014,11946148.0
Zimbabwe,ZWE,2015,12016794.0
Zimbabwe,ZWE,2016,10588242.0
Zimbabwe,ZWE,2017,9830570.0
Zimbabwe,ZWE,2018,11209238.0
Zimbabwe,ZWE,2019,10266795.0
Zimbabwe,ZWE,2020,8490839.0
Zimbabwe,ZWE,2021,10222778.0
Zimbabwe,ZWE,2022,12231845.0
Zimbabwe,ZWE,2023,13443295.0
Zimbabwe,ZWE,2024,13701154.0
