country_code,country_name,region,year,co2_emissions,co2_per_capita,population,energy_per_capita
ABW,Aruba,Americas,2000,2377936.0,26.787004911458567,88772,49760.848
ABW,Aruba,Americas,2001,2407248.0,26.65243578387954,90320,50605.742
ABW,Aruba,Americas,2002,2436560.0,26.66024750254396,91393,51697.395
ABW,Aruba,Americas,2003,2561136.0,27.74073913608596,92324,56989.5
ABW,Aruba,Americas,2004,2616096.0,28.06277420808169,93223,58857.523
ABW,Aruba,Americas,2005,2715024.0,28.80998312800433,94239,62875.258
ABW,Aruba,Americas,2006,2711360.0,28.420070647673555,95403,61989.8
ABW,Aruba,Americas,2007,2821280.0,29.20458780174734,96604,63084.914
ABW,Aruba,Americas,2008,2656400.0,27.15738894852528,97815,58527.773
ABW,Aruba,Americas,2009,2627088.0,26.525525040387723,99040,57065.062
ABW,Aruba,Americas,2010,2506176.0,25.029971935641736,100127,51540.53
ABW,Aruba,Americas,2011,2495184.0,24.70601514926481,100995,40128.707
ABW,Aruba,Americas,2012,1344688.0,13.212490419950086,101774,50082.445
ABW,Aruba,Americas,2013,861040.0,8.394657307204836,102570,47742.637
ABW,Aruba,Americas,2014,872032.0,8.43512831177876,103381,47990.926
ABW,Aruba,Americas,2015,897680.0,8.614971209213051,104200,48905.53
ABW,Aruba,Americas,2016,883024.0,8.410633494937565,104989,47619.418
ABW,Aruba,Americas,2017,890352.0,8.420439392076567,105737,49061.195
ABW,Aruba,Americas,2018,868368.0,8.157749866130562,106447,46080.55
ABW,Aruba,Americas,2019,831728.0,7.766698727226886,107089,43634.25
ABW,Aruba,Americas,2020,820736.0,7.641079591475734,107411,42530.234
ABW,Aruba,Americas,2021,861040.0,8.004834286245526,107565,44880.773
ABW,Aruba,Americas,2022,888381.0,8.241622754935431,107792,45827.12
ABW,Aruba,Americas,2023,886584.0,8.213217719971096,107946,45241.367
AFG,Afghanistan,Asia,2000,1047127.94,0.0520174151109464,20130334,262.68048
AFG,Afghanistan,Asia,2001,1069098.0,0.0527056808409931,20284303,179.8919
AFG,Afghanistan,Asia,2002,1341065.0,0.0627307177529103,21378123,155.69543
AFG,Afghanistan,Asia,2003,1559679.0,0.0686084266816252,22733053,174.55792
AFG,Afghanistan,Asia,2004,1237247.0,0.0525132661840994,23560656,157.75752
AFG,Afghanistan,Asia,2005,1889507.0,0.077424294420206,24404575,205.46812
AFG,Afghanistan,Asia,2006,2159318.0,0.0849319346604206,25424100,256.86743
AFG,Afghanistan,Asia,2007,2799909.0,0.1080634887455165,25909852,299.4335
AFG,Afghanistan,Asia,2008,4254490.0,0.1606520892882584,26482631,567.9215
AFG,Afghanistan,Asia,2009,6388232.0,0.2325860436985197,27466102,919.612
AFG,Afghanistan,Asia,2010,8364803.5,0.2957423799558253,28284088,1139.9874
AFG,Afghanistan,Asia,2011,11409623.0,0.3887739035702549,29347708,1410.3762
AFG,Afghanistan,Asia,2012,9731202.0,0.3184290097040461,30560036,1276.8679
AFG,Afghanistan,Asia,2013,8891447.0,0.2811728432247851,31622709,1007.7965
AFG,Afghanistan,Asia,2014,8697668.0,0.2652332263008207,32792528,812.08185
AFG,Afghanistan,Asia,2015,9384400.0,0.2773842702333579,33831767,914.92474
AFG,Afghanistan,Asia,2016,8605932.0,0.2480051865366182,34700613,809.07355
AFG,Afghanistan,Asia,2017,9311054.0,0.260894656414714,35688941,1023.2138
AFG,Afghanistan,Asia,2018,10191504.0,0.2773723676647332,36743040,1265.342
AFG,Afghanistan,Asia,2019,10400110.0,0.2747272733276319,37856125,1244.489
AFG,Afghanistan,Asia,2020,11118626.0,0.2845896374507067,39068977,1200.7416
AFG,Afghanistan,Asia,2021,9868841.0,0.2467184961354146,40000410,1189.2205
AFG,Afghanistan,Asia,2022,10169889.0,0.2506204525722478,40578847,1111.5725
AFG,Afghanistan,Asia,2023,10516319.0,0.2536818086182716,41454762,971.6966
AGO,Angola,Africa,2000,15995108.0,0.9876649233371574,16194873,1893.2184
AGO,Angola,Africa,2001,15908461.0,0.9499174309932572,16747204,1982.5068
AGO,Angola,Africa,2002,16080002.0,0.9279939675782723,17327701,2038.0302
AGO,Angola,Africa,2003,17484428.0,0.9744038554328596,17943718,2187.9653
AGO,Angola,Africa,2004,17015688.0,0.914800983590376,18600426,2298.0054
AGO,Angola,Africa,2005,15386819.0,0.7976098378739277,19291160,1815.0062
AGO,Angola,Africa,2006,17144838.0,0.8565874243784036,20015281,2215.2373
AGO,Angola,Africa,2007,17587936.0,0.8464459296284585,20778570,2511.339
AGO,Angola,Africa,2008,18750156.0,0.8689214008509148,21578656,2818.649
AGO,Angola,Africa,2009,20668332.0,0.922085187114303,22414775,3137.7664
AGO,Angola,Africa,2010,22983320.0,0.986627843732826,23294822,3278.8967
AGO,Angola,Africa,2011,23397032.0,0.9660866356009769,24218358,3298.733
AGO,Angola,Africa,2012,25940960.0,1.0303272800469692,25177398,3419.7034
AGO,Angola,Africa,2013,25709742.0,0.9825773641254996,26165616,3570.166
AGO,Angola,Africa,2014,26092148.0,0.9606557870769996,27160767,3800.5977
AGO,Angola,Africa,2015,27505228.0,0.976824398438486,28157802,3852.95
AGO,Angola,Africa,2016,25465634.0,0.8726166319981666,29183072,3330.9895
AGO,Angola,Africa,2017,23600984.0,0.7805891191207387,30234836,2774.0947
AGO,Angola,Africa,2018,23278050.0,0.7437751540395359,31297160,3004.1716
AGO,Angola,Africa,2019,22210076.0,0.6860121005201659,32375633,3018.6736
AGO,Angola,Africa,2020,16549341.0,0.4947317638421818,33451139,2326.4043
AGO,Angola,Africa,2021,19218562.0,0.5565366720387188,34532427,2529.961
AGO,Angola,Africa,2022,21089004.0,0.5918054561371469,35635028,2739.3157
AGO,Angola,Africa,2023,21674816.0,0.5897923720028804,36749909,2690.1719
ALB,Albania,Europe,2000,3024926.0,0.9553965750800578,3166147,6216.7456
ALB,Albania,Europe,2001,3220656.0,1.0230985758001336,3147943,6383.7065
ALB,Albania,Europe,2002,3748272.0,1.195966299681407,3134095,7213.592
ALB,Albania,Europe,2003,4303499.0,1.3801701873548993,3118093,7441.479
ALB,Albania,Europe,2004,4176684.0,1.3478991900375066,3098662,8072.544
ALB,Albania,Europe,2005,4261413.0,1.385304581432151,3076156,8044.378
ALB,Albania,Europe,2006,3910715.0,1.2818633114866405,3050805,7711.4033
ALB,Albania,Europe,2007,4003596.8,1.3244282038991202,3022887,7655.4966
ALB,Albania,Europe,2008,4448339.0,1.486280848919772,2992933,7983.493
ALB,Albania,Europe,2009,4369912.0,1.4755803419025646,2961487,8136.838
ALB,Albania,Europe,2010,4816841.0,1.6446853603147575,2928731,7582.6333
ALB,Albania,Europe,2011,5175444.0,1.7775874214622778,2911499,8232.201
ALB,Albania,Europe,2012,4930006.0,1.6941583909020026,2910003,7727.7363
ALB,Albania,Europe,2013,5346089.0,1.8386787459360407,2907571,9065.398
ALB,Albania,Europe,2014,6072489.0,2.091258952223127,2903748,8866.902
ALB,Albania,Europe,2015,4712144.0,1.6256429752773205,2898634,8292.746
ALB,Albania,Europe,2016,4555035.0,1.5718573102708613,2897868,9234.724
ALB,Albania,Europe,2017,5343792.0,1.8438027150913745,2898245,10106.212
ALB,Albania,Europe,2018,5194860.0,1.794902891236319,2894229,9672.0625
ALB,Albania,Europe,2019,4940528.0,1.7124815122022066,2885011,8630.006
ALB,Albania,Europe,2020,4865033.0,1.69398248576751,2871950,7353.772
ALB,Albania,Europe,2021,5137011.0,1.802687075319312,2849641,8945.902
ALB,Albania,Europe,2022,4498282.0,1.59084019247323,2827614,9148.74
ALB,Albania,Europe,2023,4417333.0,1.571076517075322,2811660,8671.463
ARE,United Arab Emirates,Asia,2000,112276810.0,32.13801131961084,3493583,153361.7
ARE,United Arab Emirates,Asia,2001,101895540.0,27.36482153273341,3723596,145441.67
ARE,United Arab Emirates,Asia,2002,85213030.0,21.535686783532977,3956829,149537.2
ARE,United Arab Emirates,Asia,2003,107105830.0,25.5472210262936,4192465,150545.17
ARE,United Arab Emirates,Asia,2004,112468610.0,25.393886696753466,4428964,152420.61
ARE,United Arab Emirates,Asia,2005,115273290.0,24.71131969944244,4664797,151045.81
ARE,United Arab Emirates,Asia,2006,122723180.0,24.50001656982304,5009106,147989.08
ARE,United Arab Emirates,Asia,2007,134103150.0,23.842085893497185,5624640,145495.73
ARE,United Arab Emirates,Asia,2008,155030380.0,24.59757604278441,6302669,148889.39
ARE,United Arab Emirates,Asia,2009,169088110.0,25.210455008399357,6707063,137998.38
ARE,United Arab Emirates,Asia,2010,185848400.0,26.78559177859013,6938372,140156.66
ARE,United Arab Emirates,Asia,2011,198518190.0,27.574130806913207,7199436,141802.06
ARE,United Arab Emirates,Asia,2012,208323570.0,27.78713885141525,7497122,143262.64
ARE,United Arab Emirates,Asia,2013,214188060.0,27.34833183113417,7831851,144500.89
ARE,United Arab Emirates,Asia,2014,214530340.0,26.045097172715884,8236880,137753.67
ARE,United Arab Emirates,Asia,2015,225044830.0,25.942864672199963,8674633,140936.22
ARE,United Arab Emirates,Asia,2016,227897730.0,25.2354041519574,9030873,140517.12
ARE,United Arab Emirates,Asia,2017,196492830.0,21.27851506281452,9234330,131103.22
ARE,United Arab Emirates,Asia,2018,204104800.0,21.83670041414933,9346870,120976.695
ARE,United Arab Emirates,Asia,2019,204058080.0,21.759568686016152,9377855,129364.93
ARE,United Arab Emirates,Asia,2020,215266180.0,22.78303638587552,9448529,124379.3
ARE,United Arab Emirates,Asia,2021,212172960.0,21.674508928594232,9789055,123560.69
ARE,United Arab Emirates,Asia,2022,207103410.0,20.22082515425326,10242085,126393.64
ARE,United Arab Emirates,Asia,2023,210425100.0,19.772913006083677,10642089,129885.99
ARG,Argentina,Americas,2000,143354820.0,3.852175899673848,37213986,17433.594
ARG,Argentina,Americas,2001,135003970.0,3.588162834120894,37624817,16419.816
ARG,Argentina,Americas,2002,124930110.0,3.285097600287357,38029345,15530.269
ARG,Argentina,Americas,2003,134421000.0,3.498334633856408,38424283,16711.129
ARG,Argentina,Americas,2004,157235150.0,4.050790764561392,38815915,17921.68
ARG,Argentina,Americas,2005,161727950.0,4.123947077152115,39216786,18723.309
ARG,Argentina,Americas,2006,174341660.0,4.400110110230618,39622113,19381.166
ARG,Argentina,Americas,2007,173763580.0,4.34226932925391,40016767,20342.23
ARG,Argentina,Americas,2008,187595540.0,4.640679775810257,40424151,20403.521
ARG,Argentina,Americas,2009,178378450.0,4.366153066055932,40854832,19402.906
ARG,Argentina,Americas,2010,186121300.0,4.5078030319874,41288694,19991.225
ARG,Argentina,Americas,2011,189883820.0,4.550223810290062,41730655,20481.492
ARG,Argentina,Americas,2012,191714580.0,4.547124479130571,42161718,21135.992
ARG,Argentina,Americas,2013,189524850.0,4.450773420685746,42582453,21309.096
ARG,Argentina,Americas,2014,188539180.0,4.382178989989115,43024071,21127.55
ARG,Argentina,Americas,2015,191808800.0,4.411729223980002,43477011,21200.432
ARG,Argentina,Americas,2016,190020500.0,4.328454431030012,43900312,21236.55
ARG,Argentina,Americas,2017,187068020.0,4.223812929371149,44288898,20703.469
ARG,Argentina,Americas,2018,182483460.0,4.086529318769131,44654876,20395.242
ARG,Argentina,Americas,2019,180427660.0,4.011868864285296,44973469,19319.297
ARG,Argentina,Americas,2020,164612720.0,3.642522253958448,45191960,17974.082
ARG,Argentina,Americas,2021,190196930.0,4.1974696838265615,45312282,19718.64
ARG,Argentina,Americas,2022,183768140.0,4.047051808425247,45407904,20499.234
ARG,Argentina,Americas,2023,178406990.0,3.9177261863514663,45538402,20156.32
ARM,Armenia,Asia,2000,3491407.0,1.1170250477503736,3125630,8587.992
ARM,Armenia,Asia,2001,3532701.0,1.1453632045649813,3084350,8735.807
ARM,Armenia,Asia,2002,3076793.0,1.0069239268028,3055636,7993.6553
ARM,Armenia,Asia,2003,3455560.0,1.13708038497178,3038976,8742.533
ARM,Armenia,Asia,2004,3691197.0,1.2212219243127644,3022544,9174.885
ARM,Armenia,Asia,2005,4376169.0,1.4556370494551552,3006360,11044.274
ARM,Armenia,Asia,2006,4401590.0,1.4719210425729785,2990371,11084.32
ARM,Armenia,Asia,2007,5100210.0,1.7144571529417696,2974825,12641.402
ARM,Armenia,Asia,2008,5574790.0,1.8833775451047907,2959996,12216.934
ARM,Armenia,Asia,2009,4363500.0,1.4814032710036062,2945518,10727.759
ARM,Armenia,Asia,2010,4256414.0,1.4521642682926412,2931083,11824.311
ARM,Armenia,Asia,2011,4968878.0,1.699767623164341,2923269,12557.113
ARM,Armenia,Asia,2012,5748252.0,1.9668759488785224,2922529,13606.589
ARM,Armenia,Asia,2013,5535127.0,1.8939530392543984,2922526,13407.281
ARM,Armenia,Asia,2014,5604113.0,1.917618983908271,2922433,13808.039
ARM,Armenia,Asia,2015,5469204.0,1.872259111817523,2921179,12623.133
ARM,Armenia,Asia,2016,5206677.0,1.7838440918789802,2918796,12668.348
ARM,Armenia,Asia,2017,5536589.0,1.899366579232828,2914966,13658.813
ARM,Armenia,Asia,2018,5822122.0,2.0007491483592106,2909971,13424.767
ARM,Armenia,Asia,2019,6284110.0,2.163968353722053,2903975,14248.773
ARM,Armenia,Asia,2020,6795190.0,2.3505505046364568,2890893,15475.302
ARM,Armenia,Asia,2021,7350704.0,2.5609184141664105,2870339,15976.376
ARM,Armenia,Asia,2022,7698773.0,2.672368512398989,2880880,17194.473
ARM,Armenia,Asia,2023,7430228.0,2.5243708122381,2943398,16437.85
ATG,Antigua and Barbuda,Americas,2000,355408.0,4.743263622896342,74929,28510.771
ATG,Antigua and Barbuda,Americas,2001,373728.0,4.912173707315791,76082,28078.7
ATG,Antigua and Barbuda,Americas,2002,403040.0,5.230956923516204,77049,29724.633
ATG,Antigua and Barbuda,Americas,2003,432352.0,5.550374858786074,77896,30902.998
ATG,Antigua and Barbuda,Americas,2004,450672.0,5.723982015393604,78734,31710.818
ATG,Antigua and Barbuda,Americas,2005,479984.0,6.027829406741347,79628,31834.326
ATG,Antigua and Barbuda,Americas,2006,516623.97,6.408216053287687,80619,32406.76
ATG,Antigua and Barbuda,Americas,2007,534944.0,6.5463801458710655,81716,33506.125
ATG,Antigua and Barbuda,Americas,2008,538608.0,6.495043773967152,82926,33775.395
ATG,Antigua and Barbuda,Americas,2009,556928.0,6.61489672538097,84193,34854.703
ATG,Antigua and Barbuda,Americas,2010,549600.0,6.440348266285433,85337,33244.883
ATG,Antigua and Barbuda,Americas,2011,545936.0,6.3223624782860455,86350,32756.098
ATG,Antigua and Barbuda,Americas,2012,556928.0,6.381300486966485,87275,33306.035
ATG,Antigua and Barbuda,Americas,2013,556928.0,6.323409859890546,88074,33005.023
ATG,Antigua and Barbuda,Americas,2014,567920.0,6.396648044692737,88784,33476.52
ATG,Antigua and Barbuda,Americas,2015,578912.0,6.474004987642724,89421,33930.758
ATG,Antigua and Barbuda,Americas,2016,593568.0,6.59666592576128,89980,34220.047
ATG,Antigua and Barbuda,Americas,2017,600896.0,6.640982283964943,90483,32348.727
ATG,Antigua and Barbuda,Americas,2018,615552.0,6.76862175892327,90942,32080.172
ATG,Antigua and Barbuda,Americas,2019,637536.0,6.976985455858696,91377,33123.305
ATG,Antigua and Barbuda,Americas,2020,615552.0,6.700687973526082,91864,31833.912
ATG,Antigua and Barbuda,Americas,2021,633872.0,6.863206219277161,92358,32921.89
ATG,Antigua and Barbuda,Americas,2022,641832.0,6.912568659127626,92850,32896.395
ATG,Antigua and Barbuda,Americas,2023,640533.0,6.863025147057248,93331,33070.297
AUS,Australia,Oceania,2000,349897630.0,18.28815586402008,19132472,66511.9
AUS,Australia,Oceania,2001,357667780.0,18.46938757594845,19365438,66270.19
AUS,Australia,Oceania,2002,362424930.0,18.495450146453067,19595356,66828.11
AUS,Australia,Oceania,2003,370784420.0,18.70810939295033,19819449,67021.555
AUS,Australia,Oceania,2004,382004900.0,19.055769786107717,20046679,68482.266
AUS,Australia,Oceania,2005,385081500.0,18.974682290611884,20294490,67916.51
AUS,Australia,Oceania,2006,391372540.0,19.00737162834669,20590566,69859.92
AUS,Australia,Oceania,2007,398896260.0,19.03626444764131,20954545,70448.19
AUS,Australia,Oceania,2008,404279300.0,18.917550026098947,21370595,70342.11
AUS,Australia,Oceania,2009,406977100.0,18.683231806213776,21783014,67849.086
AUS,Australia,Oceania,2010,405025950.0,18.292547104694368,22141583,66546.83
AUS,Australia,Oceania,2011,403874400.0,17.96611968471754,22479779,67120.84
AUS,Australia,Oceania,2012,405005120.0,17.72245912158626,22852648,65125.13
AUS,Australia,Oceania,2013,397849900.0,17.1219340659265,23236271,64532.73
AUS,Australia,Oceania,2014,392609600.0,16.639102910674147,23595599,64247.59
AUS,Australia,Oceania,2015,400589200.0,16.727461591046634,23947997,64575.875
AUS,Australia,Oceania,2016,409666340.0,16.837935183049805,24329963,63386.383
AUS,Australia,Oceania,2017,413407840.0,16.716149953071127,24731044,62353.055
AUS,Australia,Oceania,2018,414780580.0,16.51216296372966,25119700,61684.402
AUS,Australia,Oceania,2019,414925300.0,16.282618091620854,25482714,62582.55
AUS,Australia,Oceania,2020,398546900.0,15.481284863023454,25743787,57710.99
AUS,Australia,Oceania,2021,388472300.0,14.966329906011296,25956417,56598.79
AUS,Australia,Oceania,2022,384078430.0,14.658929833444825,26200987,58190.547
AUS,Australia,Oceania,2023,384316060.0,14.529289225721431,26451126,57098.45
AUT,Austria,Europe,2000,66204024.0,8.26215033229422,8012929,39051.188
AUT,Austria,Europe,2001,70190730.0,8.727766280832698,8042233,40733.254
AUT,Austria,Europe,2002,71988380.0,8.907644982949005,8081640,40710.586
AUT,Austria,Europe,2003,77411930.0,9.53043260511038,8122604,42303.184
AUT,Austria,Europe,2004,77715920.0,9.508283848184425,8173496,42967.223
AUT,Austria,Europe,2005,79095480.0,9.611559028066385,8229204,43665.06
AUT,Austria,Europe,2006,76796200.0,9.286229665869037,8269901,43082.098
AUT,Austria,Europe,2007,74092160.0,8.930049941255508,8296948,41935.2
AUT,Austria,Europe,2008,73466480.0,8.826657856005767,8323250,42149.668
AUT,Austria,Europe,2009,67301760.0,8.064849762248935,8345073,39805.81
AUT,Austria,Europe,2010,72000250.0,8.607232656396759,8365087,41709.145
AUT,Austria,Europe,2011,69891710.0,8.327111286277866,8393272,39461.824
AUT,Austria,Europe,2012,67260344.0,7.977175385119715,8431599,39422.113
AUT,Austria,Europe,2013,67758860.0,7.989102284985364,8481411,39035.363
AUT,Austria,Europe,2014,64158736.0,7.505866530522665,8547812,36986.47
AUT,Austria,Europe,2015,66357780.0,7.676711703108165,8644037,37360.113
AUT,Austria,Europe,2016,67218740.0,7.692762121877975,8737920,37906.543
AUT,Austria,Europe,2017,69601480.0,7.91035665289468,8798779,38656.3
AUT,Austria,Europe,2018,66566510.0,7.528740383726889,8841653,37701.4
AUT,Austria,Europe,2019,67951230.0,7.651410739210862,8880876,38897.434
AUT,Austria,Europe,2020,62179828.0,6.96973726775231,8921402,35396.05
AUT,Austria,Europe,2021,65751344.0,7.332547716624402,8967053,36506.6
AUT,Austria,Europe,2022,61454140.0,6.779517154387613,9064678,33942.26
AUT,Austria,Europe,2023,56908956.0,6.232886191390245,9130434,33557.81
AZE,Azerbaijan,Asia,2000,29765310.0,3.641112719308547,8174784,15786.742
AZE,Azerbaijan,Asia,2001,28415460.0,3.4435568779375494,8251776,15112.676
AZE,Azerbaijan,Asia,2002,28570334.0,3.431401654139655,8326141,14620.53
AZE,Azerbaijan,Asia,2003,30487584.0,3.6292461616698377,8400528,15634.958
AZE,Azerbaijan,Asia,2004,32253040.0,3.799001021687719,8489874,17516.63
AZE,Azerbaijan,Asia,2005,34193560.0,3.977268074621088,8597248,18753.633
AZE,Azerbaijan,Asia,2006,34521828.0,3.962842626541375,8711380,18303.053
AZE,Azerbaijan,Asia,2007,30036786.0,3.40232454377184,8828313,16622.727
AZE,Azerbaijan,Asia,2008,33036510.0,3.694269374905858,8942637,16451.91
AZE,Azerbaijan,Asia,2009,29102576.0,3.2170567177694926,9046336,13931.19
AZE,Azerbaijan,Asia,2010,27549052.0,3.011861567236465,9146852,13372.831
AZE,Azerbaijan,Asia,2011,30210230.0,3.2637987086648064,9256156,15236.717
AZE,Azerbaijan,Asia,2012,32770066.0,3.4950341711693005,9376179,15669.365
AZE,Azerbaijan,Asia,2013,33558890.0,3.530873066701514,9504417,15953.512
AZE,Azerbaijan,Asia,2014,34344760.0,3.566013396550521,9631136,16093.326
AZE,Azerbaijan,Asia,2015,34683330.0,3.556221821724276,9752859,17330.672
AZE,Azerbaijan,Asia,2016,34726970.0,3.518995009745214,9868434,16901.867
AZE,Azerbaijan,Asia,2017,34698280.0,3.480789004575408,9968510,16445.826
AZE,Azerbaijan,Asia,2018,34576230.0,3.4439223879562326,10039782,17235.754
AZE,Azerbaijan,Asia,2019,37752550.0,3.734000640721121,10110483,18106.951
AZE,Azerbaijan,Asia,2020,36237164.0,3.55903590507552,10181736,17967.488
AZE,Azerbaijan,Asia,2021,38299644.0,3.742256388569812,10234372,19076.092
AZE,Azerbaijan,Asia,2022,41174576.0,3.9993538803651023,10295307,20152.23
AZE,Azerbaijan,Asia,2023,42748196.0,4.142986055041141,10318209,20776.89
BDI,Burundi,Africa,2000,271136.0,0.0419053765913737,6470196,225.2426
BDI,Burundi,Africa,2001,205184.0,0.030927437247979,6634368,177.2245
BDI,Burundi,Africa,2002,212512.0,0.0311412179617091,6824139,158.46877
BDI,Burundi,Africa,2003,168544.0,0.0239301745041073,7043158,125.22643
BDI,Burundi,Africa,2004,197856.0,0.0270640555375605,7310656,146.28516
BDI,Burundi,Africa,2005,157552.0,0.0207652178909949,7587303,117.99816
BDI,Burundi,Africa,2006,186864.0,0.0237572857316308,7865545,136.60374
BDI,Burundi,Africa,2007,186864.0,0.0228947280399525,8161879,212.68973
BDI,Burundi,Africa,2008,201520.0,0.0236925062573164,8505643,126.631424
BDI,Burundi,Africa,2009,216176.0,0.0241600786262051,8947653,120.27249
BDI,Burundi,Africa,2010,333424.0,0.0355597343471643,9376448,166.68887
BDI,Burundi,Africa,2011,414032.0,0.0426047388449039,9717980,196.50644
BDI,Burundi,Africa,2012,392048.0,0.0389282807433954,10071033,175.83287
BDI,Burundi,Africa,2013,436016.0,0.0417666010878459,10439346,186.60037
BDI,Burundi,Africa,2014,355126.0,0.0328826794671636,10799789,166.76265
BDI,Burundi,Africa,2015,355408.0,0.0321706625187903,11047581,166.04037
BDI,Burundi,Africa,2016,428688.0,0.0381413375857325,11239459,182.1317
BDI,Burundi,Africa,2017,516498.03,0.0448864711225501,11506764,210.26073
BDI,Burundi,Africa,2018,645097.0,0.0543952144805439,11859444,263.72635
BDI,Burundi,Africa,2019,685168.0,0.0559077149967047,12255339,260.2344
BDI,Burundi,Africa,2020,739430.0,0.0586056588070055,12617041,285.65326
BDI,Burundi,Africa,2021,771677.0,0.0595177797795023,12965487,272.5843
BDI,Burundi,Africa,2022,877523.0,0.0658746551148696,13321102,307.09818
BDI,Burundi,Africa,2023,900716.0,0.0657963373998453,13689455,282.95456
BEL,Belgium,Europe,2000,126775704.0,12.366287448963435,10251719,72772.84
BEL,Belgium,Europe,2001,126085030.0,12.25672875632898,10287005,71989.58
BEL,Belgium,Europe,2002,126883144.0,12.27943975476569,10332975,71528.91
BEL,Belgium,Europe,2003,128292040.0,12.363993892983812,10376262,74006.555
BEL,Belgium,Europe,2004,128811736.0,12.360431109445292,10421298,74031.96
BEL,Belgium,Europe,2005,125657690.0,11.991515698762932,10478883,73009.45
BEL,Belgium,Europe,2006,123900460.0,11.74585069173703,10548445,72750.88
BEL,Belgium,Europe,2007,120493400.0,11.34003445300583,10625488,72789.36
BEL,Belgium,Europe,2008,120204350.0,11.22386495770054,10709711,73365.2
BEL,Belgium,Europe,2009,107806790.0,9.970168139347168,10812936,67320.48
BEL,Belgium,Europe,2010,114562660.0,10.475144100749969,10936619,71070.48
BEL,Belgium,Europe,2011,105158970.0,9.526456377171648,11038624,65642.9
BEL,Belgium,Europe,2012,102486240.0,9.226742022208011,11107522,62255.11
BEL,Belgium,Europe,2013,102815960.0,9.21267097581897,11160277,63375.535
BEL,Belgium,Europe,2014,97080950.0,8.66012233774985,11210113,58129.49
BEL,Belgium,Europe,2015,101327496.0,8.98665298724685,11275332,57952.086
BEL,Belgium,Europe,2016,99816290.0,8.807806466716205,11332707,63034.035
BEL,Belgium,Europe,2017,99282190.0,8.726890139156898,11376583,63220.223
BEL,Belgium,Europe,2018,100256370.0,8.77240430330623,11428608,61998.688
BEL,Belgium,Europe,2019,99798730.0,8.685232297674373,11490623,63984.17
BEL,Belgium,Europe,2020,91254550.0,7.907603416330289,11540102,56426.082
BEL,Belgium,Europe,2021,94928070.0,8.204075537106501,11570843,63478.348
BEL,Belgium,Europe,2022,88914970.0,7.637552876209842,11641814,58883.38
BEL,Belgium,Europe,2023,84703360.0,7.231635639740864,11712891,53769.926
BEN,Benin,Africa,2000,1472928.0,0.2039609406091543,7221618,950.59406
BEN,Benin,Africa,2001,1689104.0,0.2268593836439486,7445599,1053.6533
BEN,Benin,Africa,2002,2110055.0,0.2749103307567133,7675430,1178.3005
BEN,Benin,Africa,2003,2393998.0,0.3025370418626187,7913074,1312.0875
BEN,Benin,Africa,2004,2593600.0,0.317878275270134,8159098,1342.909
BEN,Benin,Africa,2005,2489730.0,0.2954767571647533,8426145,1220.7057
BEN,Benin,Africa,2006,3351106.0,0.3854839902669234,8693243,1617.1282
BEN,Benin,Africa,2007,3930960.0,0.4390185228389677,8953973,1853.5352
BEN,Benin,Africa,2008,3918994.0,0.4246635519568362,9228468,1839.1592
BEN,Benin,Africa,2009,4224517.0,0.4442449816398058,9509431,1981.5402
BEN,Benin,Africa,2010,4679390.0,0.4776111999320642,9797488,2198.4844
BEN,Benin,Africa,2011,4479719.0,0.4438166224902726,10093626,1994.9542
BEN,Benin,Africa,2012,4402539.0,0.4234163670880147,10397659,1836.2549
BEN,Benin,Africa,2013,4565975.0,0.4263747368877144,10708831,1819.5419
BEN,Benin,Africa,2014,4774016.0,0.4328207196223248,11030008,1879.1494
BEN,Benin,Africa,2015,5318238.0,0.4681266906446893,11360681,2004.1119
BEN,Benin,Africa,2016,5310542.0,0.453976095597095,11697845,2373.231
BEN,Benin,Africa,2017,5555002.0,0.4613874492858132,12039777,2445.9111
BEN,Benin,Africa,2018,5668449.0,0.457747657762048,12383349,2616.5405
BEN,Benin,Africa,2019,5272598.0,0.4142922472019587,12726760,2371.6765
BEN,Benin,Africa,2020,5540920.0,0.4239363699122788,13070169,2427.8132
BEN,Benin,Africa,2021,5805787.0,0.4328341095334129,13413423,1837.7991
BEN,Benin,Africa,2022,6092278.0,0.4427686253584522,13759507,1841.9174
BEN,Benin,Africa,2023,5927823.0,0.4200842106904277,14111035,2174.9902
BFA,Burkina Faso,Africa,2000,930782.0,0.0780494112304105,11925548,340.9589
BFA,Burkina Faso,Africa,2001,1064375.0,0.0865697719625122,12294996,376.25003
BFA,Burkina Faso,Africa,2002,1067265.0,0.0841631637618264,12680904,381.05847
BFA,Burkina Faso,Africa,2003,1184465.0,0.090537915831265,13082530,404.9955
BFA,Burkina Faso,Africa,2004,1107473.0,0.0820317800715468,13500536,351.6996
BFA,Burkina Faso,Africa,2005,1103760.0,0.0792240840181833,13932127,362.9585
BFA,Burkina Faso,Africa,2006,1217233.0,0.0846846601153091,14373713,349.4673
BFA,Burkina Faso,Africa,2007,1616447.0,0.1090991395767624,14816313,480.70282
BFA,Burkina Faso,Africa,2008,1817817.0,0.1191378115615027,15258103,508.08987
BFA,Burkina Faso,Africa,2009,1836305.0,0.1168871526773246,15710067,463.29468
BFA,Burkina Faso,Africa,2010,1985076.0,0.1227135432175915,16176503,500.35275
BFA,Burkina Faso,Africa,2011,2149253.0,0.1289920175403691,16661907,552.5457
BFA,Burkina Faso,Africa,2012,2611586.0,0.1520814587040372,17172284,632.10803
BFA,Burkina Faso,Africa,2013,2808880.0,0.158734939810101,17695411,735.4042
BFA,Burkina Faso,Africa,2014,2867520.0,0.1573013713073109,18229466,665.5293
BFA,Burkina Faso,Africa,2015,3743772.0,0.1993755501268327,18777488,823.6098
BFA,Burkina Faso,Africa,2016,3987637.0,0.2062408642961565,19334854,764.289
BFA,Burkina Faso,Africa,2017,4621631.0,0.2323079851614621,19894413,862.7114
BFA,Burkina Faso,Africa,2018,5226246.0,0.2557085869565696,20438289,943.59674
BFA,Burkina Faso,Africa,2019,5618020.0,0.2680102944591621,20961956,953.4791
BFA,Burkina Faso,Africa,2020,5618088.0,0.2615656605889064,21478691,936.2156
BFA,Burkina Faso,Africa,2021,6328719.0,0.2877311823112345,21995249,1043.4496
BFA,Burkina Faso,Africa,2022,6542194.0,0.290647427935392,22509038,1011.84033
BFA,Burkina Faso,Africa,2023,6308441.0,0.2739729912263113,23025777,1066.4028
BGD,Bangladesh,Asia,2000,26539266.0,0.19725298959704,134544303,1001.768
BGD,Bangladesh,Asia,2001,31064220.0,0.2270679878288795,136805810,1123.939
BGD,Bangladesh,Asia,2002,32006890.0,0.2303753477046192,138933659,1114.1726
BGD,Bangladesh,Asia,2003,33495934.0,0.2376097726362397,140970355,1161.0491
BGD,Bangladesh,Asia,2004,35978172.0,0.2517666389273099,142902857,1218.1499
BGD,Bangladesh,Asia,2005,37716676.0,0.260625853340716,144715789,1304.8973
BGD,Bangladesh,Asia,2006,41725810.0,0.2850007161251053,146405983,1396.6757
BGD,Bangladesh,Asia,2007,42675104.0,0.2883661804643393,147989282,1421.4309
BGD,Bangladesh,Asia,2008,45341492.0,0.3033397909890361,149474264,1479.7852
BGD,Bangladesh,Asia,2009,49188376.0,0.3260234937144386,150873716,1620.81
BGD,Bangladesh,Asia,2010,54035524.0,0.3550251101204479,152201978,1640.5099
BGD,Bangladesh,Asia,2011,55592710.0,0.3619527395192249,153591074,1757.0259
BGD,Bangladesh,Asia,2012,59703860.0,0.3850120439071076,155070110,1891.9796
BGD,Bangladesh,Asia,2013,64762796.0,0.4137348309580958,156532134,1948.2887
BGD,Bangladesh,Asia,2014,67551890.0,0.4276385244013432,157964931,2007.905
BGD,Bangladesh,Asia,2015,76946130.0,0.4827744714515953,159383179,2403.7517
BGD,Bangladesh,Asia,2016,81761160.0,0.508427191728196,160811934,2393.7778
BGD,Bangladesh,Asia,2017,86530870.0,0.5335281226794797,162186146,2471.5776
BGD,Bangladesh,Asia,2018,86608110.0,0.5296383522160162,163523109,2620.8313
BGD,Bangladesh,Asia,2019,94807690.0,0.5748949779962849,164913060,2914.2588
BGD,Bangladesh,Asia,2020,95729090.0,0.5756477900182386,166298024,2737.3225
BGD,Bangladesh,Asia,2021,98530280.0,0.587683125952399,167658855,2925.3691
BGD,Bangladesh,Asia,2022,102147410.0,0.6030491231948191,169384891,3010.6267
BGD,Bangladesh,Asia,2023,104526670.0,0.6096023056006828,171466986,3037.8186
BGR,Bulgaria,Europe,2000,45499310.0,5.687044802968408,8000519,26964.86
BGR,Bulgaria,Europe,2001,49019640.0,6.182748089003469,7928455,28441.594
BGR,Bulgaria,Europe,2002,46141040.0,5.868906043526866,7861949,27781.545
BGR,Bulgaria,Europe,2003,50491210.0,6.469578398353238,7804405,28693.54
BGR,Bulgaria,Europe,2004,49537290.0,6.392378536227826,7749430,27932.94
BGR,Bulgaria,Europe,2005,50600356.0,6.575704605832817,7695047,30323.42
BGR,Bulgaria,Europe,2006,51837492.0,6.784752729345946,7640292,31246.787
BGR,Bulgaria,Europe,2007,55669220.0,7.337548847381063,7586896,30582.062
BGR,Bulgaria,Europe,2008,54025910.0,7.169434267182035,7535589,30549.385
BGR,Bulgaria,Europe,2009,45750250.0,6.109795972658178,7488016,26825.344
BGR,Bulgaria,Europe,2010,47815700.0,6.428920427761988,7437594,27816.795
BGR,Bulgaria,Europe,2011,53120460.0,7.197871876551062,7380023,30366.549
BGR,Bulgaria,Europe,2012,48276560.0,6.597844477669871,7317020,28795.844
BGR,Bulgaria,Europe,2013,42582988.0,5.861707277959366,7264605,26461.943
BGR,Bulgaria,Europe,2014,45169064.0,6.2531150627470256,7223450,28527.188
BGR,Bulgaria,Europe,2015,48127124.0,6.705262754588461,7177515,30251.44
BGR,Bulgaria,Europe,2016,45343750.0,6.361860001268338,7127436,29339.521
BGR,Bulgaria,Europe,2017,47445844.0,6.7055178879881145,7075642,30525.95
BGR,Bulgaria,Europe,2018,43503330.0,6.192869634413776,7024745,30411.877
BGR,Bulgaria,Europe,2019,42194980.0,6.049055360602432,6975466,30145.984
BGR,Bulgaria,Europe,2020,36571028.0,5.274422036512916,6933656,28009.277
BGR,Bulgaria,Europe,2021,42365030.0,6.160195206727368,6877222,31633.506
BGR,Bulgaria,Europe,2022,46931790.0,6.875584358429749,6825862,33086.566
BGR,Bulgaria,Europe,2023,34500948.0,5.076800761646339,6795805,28324.393
BHR,Bahrain,Asia,2000,19199360.0,28.673350368658983,669589,167083.14
BHR,Bahrain,Asia,2001,19679344.0,28.11479447514444,699964,165423.17
BHR,Bahrain,Asia,2002,20111696.0,26.73698792217547,752205,164246.48
BHR,Bahrain,Asia,2003,20976400.0,25.856058850502173,811276,159109.16
BHR,Bahrain,Asia,2004,21203568.0,24.33147664915554,871446,153438.22
BHR,Bahrain,Asia,2005,24486512.0,26.255671668357248,932618,160842.31
BHR,Bahrain,Asia,2006,24035840.0,24.165706506767368,994626,160915.67
BHR,Bahrain,Asia,2007,26626288.0,25.180451646887374,1057419,155404.36
BHR,Bahrain,Asia,2008,29524512.0,26.344282861522704,1120718,153545.77
BHR,Bahrain,Asia,2009,28137678.0,23.77264078890451,1183616,143941.16
BHR,Bahrain,Asia,2010,29142510.0,24.02024153347049,1213248,141961.7
BHR,Bahrain,Asia,2011,28544122.0,23.65404940446644,1206733,141220.12
BHR,Bahrain,Asia,2012,27202492.0,22.36482401235872,1216307,150511.94
BHR,Bahrain,Asia,2013,31228270.0,24.839421701773617,1257206,161939.02
BHR,Bahrain,Asia,2014,30970746.0,23.5903422840416,1312857,153717.31
BHR,Bahrain,Asia,2015,32520614.0,23.74363635832647,1369656,148644.03
BHR,Bahrain,Asia,2016,31635436.0,22.12873310114864,1429609,142093.94
BHR,Bahrain,Asia,2017,32916580.0,22.21087271753161,1482003,140425.52
BHR,Bahrain,Asia,2018,32698486.0,21.833429262423262,1497634,141234.8
BHR,Bahrain,Asia,2019,37616144.0,25.31922796035472,1485675,155659.12
BHR,Bahrain,Asia,2020,37429270.0,25.23750894253247,1483081,154316.02
BHR,Bahrain,Asia,2021,36265130.0,24.14838702803773,1501762,159229.72
BHR,Bahrain,Asia,2022,37826840.0,24.667640499263104,1533460,154504.28
BHR,Bahrain,Asia,2023,38786692.0,24.71003023557758,1569674,154090.9
BHS,Bahamas,Americas,2000,2026192.0,6.256652853516795,323846,50835.836
BHS,Bahamas,Americas,2001,1945584.0,5.934426729541524,327847,51177.742
BHS,Bahamas,Americas,2002,2033520.0,6.131986430456087,331625,52474.273
BHS,Bahamas,Americas,2003,2070159.9,6.168074189944134,335625,36216.246
BHS,Bahamas,Americas,2004,2048176.0,6.027699135358482,339794,39649.17
BHS,Bahamas,Americas,2005,1905280.0,5.5401346302031085,343905,37668.086
BHS,Bahamas,Americas,2006,1853984.0,5.321637494043963,348386,43188.395
BHS,Bahamas,Americas,2007,1872304.0,5.298828616952933,353343,49038.75
BHS,Bahamas,Americas,2008,1919936.0,5.3609580798195084,358133,47279.37
BHS,Bahamas,Americas,2009,2154432.0,5.938247989283529,362806,35086.18
BHS,Bahamas,Americas,2010,2231376.0,6.072068836024622,367482,36088.836
BHS,Bahamas,Americas,2011,2110464.0,5.677288843217535,371738,31497.744
BHS,Bahamas,Americas,2012,2048176.0,5.454907663380154,375474,36040.82
BHS,Bahamas,Americas,2013,1993216.0,5.259741870449681,378957,33224.723
BHS,Bahamas,Americas,2014,2062832.1,5.395677090962356,382312,32329.908
BHS,Bahamas,Americas,2015,2231376.0,5.790442578920735,385355,30661.69
BHS,Bahamas,Americas,2016,2246032.0,5.787847240117507,388060,31876.514
BHS,Bahamas,Americas,2017,2520832.0,6.455461771695485,390496,37776.19
BHS,Bahamas,Americas,2018,2454880.0,6.250999444894301,392718,30950.479
BHS,Bahamas,Americas,2019,2520832.0,6.386962734744758,394684,31914.691
BHS,Bahamas,Americas,2020,2051840.1,5.183063550523651,395874,26472.564
BHS,Bahamas,Americas,2021,2726016.0,6.877262028200141,396381,33613.324
BHS,Bahamas,Americas,2022,2961983.0,7.450742311504193,397542,31185.008
BHS,Bahamas,Americas,2023,2956122.0,7.400443607742607,399452,34733.97
BIH,Bosnia and Herzegovina,Europe,2000,13702133.0,3.293952211472468,4159785,13112.501
BIH,Bosnia and Herzegovina,Europe,2001,13262733.0,3.1733232107796105,4179446,12905.365
BIH,Bosnia and Herzegovina,Europe,2002,14172601.0,3.384092811710394,4188006,12973.768
BIH,Bosnia and Herzegovina,Europe,2003,14358120.0,3.436171106393336,4178523,11420.435
BIH,Bosnia and Herzegovina,Europe,2004,15462454.0,3.73399935764153,4140990,11305.199
BIH,Bosnia and Herzegovina,Europe,2005,16046078.0,3.9170280530199855,4096493,10346.191
BIH,Bosnia and Herzegovina,Europe,2006,17386820.0,4.279022629316445,4063269,10823.57
BIH,Bosnia and Herzegovina,Europe,2007,17474332.0,4.353975412491092,4013420,11227.055
BIH,Bosnia and Herzegovina,Europe,2008,19955086.0,5.0550623235453935,3947545,12752.937
BIH,Bosnia and Herzegovina,Europe,2009,20537094.0,5.293341045075027,3879798,15458.73
BIH,Bosnia and Herzegovina,Europe,2010,21145704.0,5.547898454143797,3811480,16196.391
BIH,Bosnia and Herzegovina,Europe,2011,23764900.0,6.351196309582637,3741799,17665.49
BIH,Bosnia and Herzegovina,Europe,2012,22137784.0,6.031914583463325,3670109,17613.062
BIH,Bosnia and Herzegovina,Europe,2013,21801106.0,6.03765421892919,3610857,16714.635
BIH,Bosnia and Herzegovina,Europe,2014,19311786.0,5.417307580639868,3564831,16940.182
BIH,Bosnia and Herzegovina,Europe,2015,18460492.0,5.246632624147338,3518541,17474.537
BIH,Bosnia and Herzegovina,Europe,2016,21734072.0,6.258016347264337,3472997,18144.992
BIH,Bosnia and Herzegovina,Europe,2017,22152510.0,6.460936615914444,3428684,19206.406
BIH,Bosnia and Herzegovina,Europe,2018,22078696.0,6.51866032437565,3386999,18484.44
BIH,Bosnia and Herzegovina,Europe,2019,20810378.0,6.220349409301719,3345532,17657.438
BIH,Bosnia and Herzegovina,Europe,2020,20831812.0,6.313910125382196,3299352,17240.398
BIH,Bosnia and Herzegovina,Europe,2021,21267650.0,6.554153086431928,3244912,20123.344
BIH,Bosnia and Herzegovina,Europe,2022,20742836.0,6.472423569381197,3204802,28279.162
BIH,Bosnia and Herzegovina,Europe,2023,19881310.0,6.242028437661692,3185072,26697.61
BLR,Belarus,Europe,2000,55014468.0,5.506231715360649,9991310,25516.797
BLR,Belarus,Europe,2001,54104692.0,5.444186133562378,9938068,24939.793
BLR,Belarus,Europe,2002,53944120.0,5.463552713230663,9873451,25970.707
BLR,Belarus,Europe,2003,55236252.0,5.63452677321378,9803175,25960.836
BLR,Belarus,Europe,2004,58372804.0,5.99612432921774,9735089,29272.406
BLR,Belarus,Europe,2005,59396210.0,6.1436942487525386,9667833,29379.598
BLR,Belarus,Europe,2006,61809496.0,6.433100774653231,9608041,31436.703
BLR,Belarus,Europe,2007,60275660.0,6.302918446722754,9563135,30811.928
BLR,Belarus,Europe,2008,62931132.0,6.603922174392249,9529357,31328.078
BLR,Belarus,Europe,2009,60628340.0,6.3770074765438975,9507334,29705.824
BLR,Belarus,Europe,2010,62515440.0,6.586984888025733,9490752,32253.074
BLR,Belarus,Europe,2011,61353236.0,6.476821801679725,9472738,31731.9
BLR,Belarus,Europe,2012,62591696.0,6.614308351143788,9463075,34353.004
BLR,Belarus,Europe,2013,64151856.0,6.778188789337452,9464454,31057.21
BLR,Belarus,Europe,2014,63699212.0,6.724501472863503,9472704,31102.455
BLR,Belarus,Europe,2015,58827810.0,6.200697586001649,9487289,28108.896
BLR,Belarus,Europe,2016,58188064.0,6.125661617679043,9499066,28674.209
BLR,Belarus,Europe,2017,59444372.0,6.260074540378039,9495793,29153.885
BLR,Belarus,Europe,2018,62170668.0,6.558065896619958,9480031,32306.926
BLR,Belarus,Europe,2019,62170636.0,6.589072764684966,9435415,32604.178
BLR,Belarus,Europe,2020,59122900.0,6.3226671363519165,9350943,30525.865
BLR,Belarus,Europe,2021,60861080.0,6.578603294129041,9251368,34019.86
BLR,Belarus,Europe,2022,57120548.0,6.2268672791728985,9173240,33241.582
BLR,Belarus,Europe,2023,55736064.0,6.114307447640488,9115679,33891.15
BLZ,Belize,Americas,2000,395712.0,1.643260841579841,240809,9041.242
BLZ,Belize,Americas,2001,447008.0,1.7995998276924068,248393,9764.861
BLZ,Belize,Americas,2002,432352.0,1.6887496631109409,256019,9159.105
BLZ,Belize,Americas,2003,432352.0,1.6389758675329993,263794,8923.776
BLZ,Belize,Americas,2004,392048.0,1.4429709784869065,271695,8297.543
BLZ,Belize,Americas,2005,417696.0,1.4931205696575836,279747,8679.99
BLZ,Belize,Americas,2006,443344.0,1.539982423781388,287889,9037.132
BLZ,Belize,Americas,2007,472656.0,1.5961798883549407,296117,8224.294
BLZ,Belize,Americas,2008,432352.0,1.420467649890102,304373,7562.2686
BLZ,Belize,Americas,2009,512960.03,1.640847261362873,312619,7848.731
BLZ,Belize,Americas,2010,538608.0,1.681804556354916,320256,9270.443
BLZ,Belize,Americas,2011,571584.0,1.7463291232058074,327306,7350.667
BLZ,Belize,Americas,2012,472656.0,1.4133562186585171,334421,8398.775
BLZ,Belize,Americas,2013,472656.0,1.3835116425424796,341635,8494.182
BLZ,Belize,Americas,2014,501968.03,1.4385758624840228,348934,7952.3394
BLZ,Belize,Americas,2015,685168.0,1.9227874423655995,356341,8944.144
BLZ,Belize,Americas,2016,674176.0,1.848490747620758,364717,8750.693
BLZ,Belize,Americas,2017,666848.0,1.7867663411170505,373215,9631.997
BLZ,Belize,Americas,2018,659540.0,1.7345725767426203,380232,9402.995
BLZ,Belize,Americas,2019,769440.0,1.9942306645621293,385833,11227.169
BLZ,Belize,Americas,2020,653636.0,1.67247754075416,390819,8861.933
BLZ,Belize,Americas,2021,693630.0,1.754448533596388,395355,8903.45
BLZ,Belize,Americas,2022,723761.0,1.7970879547898029,402741,9254.184
BLZ,Belize,Americas,2023,766451.0,1.864336239272996,411112,9946.134
BMU,Bermuda,Americas,2000,516623.97,8.390975490912634,61569,39499.26
BMU,Bermuda,Americas,2001,527616.0,8.525473847496244,61887,39906.67
BMU,Bermuda,Americas,2002,556928.0,8.95915576790052,62163,41784.938
BMU,Bermuda,Americas,2003,560592.0,8.983126352055123,62405,41527.418
BMU,Bermuda,Americas,2004,582576.0,9.309895167476348,62576,42865.84
BMU,Bermuda,Americas,2005,582576.0,9.287039693926353,62730,45008.63
BMU,Bermuda,Americas,2006,655856.0,10.43442844642431,62855,50684.29
BMU,Bermuda,Americas,2007,729136.0,11.568078692686022,63030,58670.76
BMU,Bermuda,Americas,2008,644864.0,10.18436804118827,63319,55838.457
BMU,Bermuda,Americas,2009,472656.0,7.433217481560696,63587,43793.906
BMU,Bermuda,Americas,2010,604560.0,9.483591642090731,63748,51369.234
BMU,Bermuda,Americas,2011,443344.0,6.954088435054037,63753,33284.45
BMU,Bermuda,Americas,2012,366400.0,5.755124479698422,63665,36018.93
BMU,Bermuda,Americas,2013,534944.0,8.411995030899627,63593,36220.793
BMU,Bermuda,Americas,2014,666848.0,10.493115765290868,63551,46861.48
BMU,Bermuda,Americas,2015,542272.0,8.542137928861724,63482,39486.44
BMU,Bermuda,Americas,2016,615552.0,9.698925408880346,63466,50197.062
BMU,Bermuda,Americas,2017,641200.0,10.081285473955631,63603,49432.203
BMU,Bermuda,Americas,2018,696160.0,10.902712522708764,63852,48272.24
BMU,Bermuda,Americas,2019,593568.0,9.255699360673631,64130,41815.137
BMU,Bermuda,Americas,2020,436016.0,6.770014284827029,64404,30691.555
BMU,Bermuda,Americas,2021,516623.97,7.9883716291439875,64672,35751.664
BMU,Bermuda,Americas,2022,530727.0,8.193772000247021,64772,36450.684
BMU,Bermuda,Americas,2023,529653.0,8.183634369061046,64721,36785.688
BOL,Bolivia,Americas,2000,8442282.0,0.9809386811800151,8606330,4613.0986
BOL,Bolivia,Americas,2001,8752278.0,0.999947216528767,8752740,3773.1501
BOL,Bolivia,Americas,2002,10414980.0,1.1701754019332706,8900358,4085.7559
BOL,Bolivia,Americas,2003,10983067.0,1.2135042990583162,9050703,5615.732
BOL,Bolivia,Americas,2004,11051123.0,1.2006482407075738,9204297,5715.799
BOL,Bolivia,Americas,2005,12336852.0,1.317933013544416,9360758,5535.625
BOL,Bolivia,Americas,2006,12368667.0,1.298999809382478,9521685,5990.7676
BOL,Bolivia,Americas,2007,12740015.0,1.3153074140302046,9685960,6331.773
BOL,Bolivia,Americas,2008,13027696.0,1.3224933987990286,9850859,6400.3726
BOL,Bolivia,Americas,2009,13633147.0,1.3610989669916342,10016279,6203.9956
BOL,Bolivia,Americas,2010,14808615.0,1.4543422954142686,10182345,6230.5674
BOL,Bolivia,Americas,2011,16051197.0,1.551000484977627,10348931,6331.921
BOL,Bolivia,Americas,2012,17574666.0,1.671260636599316,10515814,7473.803
BOL,Bolivia,Americas,2013,17777708.0,1.66417239529059,10682612,7439.076
BOL,Bolivia,Americas,2014,19900322.0,1.8343188873994376,10848889,7439.6064
BOL,Bolivia,Americas,2015,19899728.0,1.8066506898458576,11014707,7687.6973
BOL,Bolivia,Americas,2016,21249604.0,1.900676742975415,11180020,7971.4727
BOL,Bolivia,Americas,2017,22181584.0,1.955256386060987,11344591,8260.953
BOL,Bolivia,Americas,2018,22508872.0,1.9558696844123016,11508370,8327.178
BOL,Bolivia,Americas,2019,22609254.0,1.9371524513026988,11671386,8193.27
BOL,Bolivia,Americas,2020,18320192.0,1.55041683518387,11816301,6708.879
BOL,Bolivia,Americas,2021,21766604.0,1.823400449462524,11937369,7951.008
BOL,Bolivia,Americas,2022,23488206.0,1.944845789853174,12077156,8570.585
BOL,Bolivia,Americas,2023,24620520.0,2.0107968198066,12244161,8943.399
BRA,Brazil,Americas,2000,340182820.0,1.9548683271075695,174018278,10162.341
BRA,Brazil,Americas,2001,346165730.0,1.963490481270176,176301201,10132.953
BRA,Brazil,Americas,2002,347764960.0,1.9482250444578155,178503485,10106.054
BRA,Brazil,Americas,2003,344644930.0,1.908093240202471,180622688,10003.62
BRA,Brazil,Americas,2004,361434020.0,1.9785615715731968,182675144,10404.706
BRA,Brazil,Americas,2005,364370560.0,1.9728967812604237,184688101,10507.683
BRA,Brazil,Americas,2006,368870940.0,1.9762379621674535,186653099,10710.664
BRA,Brazil,Americas,2007,390573440.0,2.071432791932208,188552311,11279.4375
BRA,Brazil,Americas,2008,412637860.0,2.1675879549836754,190367297,11907.259
BRA,Brazil,Americas,2009,389775330.0,2.029234773156292,192079958,11574.39
BRA,Brazil,Americas,2010,440269060.0,2.2729203458482816,193701931,12746.148
BRA,Brazil,Americas,2011,461911330.0,2.3653222441307444,195284736,13103.908
BRA,Brazil,Americas,2012,497468200.0,2.5268083182849104,196876113,13595.592
BRA,Brazil,Americas,2013,531568830.0,2.6782215324406518,198478290,14181.674
BRA,Brazil,Americas,2014,556525500.0,2.7814436341459983,200085126,14571.278
BRA,Brazil,Americas,2015,528173540.0,2.618927192229475,201675534,14320.974
BRA,Brazil,Americas,2016,491744830.0,2.4197884471988096,203218108,13558.617
BRA,Brazil,Americas,2017,497254560.0,2.429146085673988,204703440,13622.649
BRA,Brazil,Americas,2018,476600540.0,2.312390783507801,206107265,13389.451
BRA,Brazil,Americas,2019,476723740.0,2.29795707617412,207455459,13558.63
BRA,Brazil,Americas,2020,447999400.0,2.147021881369262,208660845,12719.734
BRA,Brazil,Americas,2021,496562000.0,2.369655501933901,209550291,13597.028
BRA,Brazil,Americas,2022,480058300.0,2.2826612736974528,210306411,13621.862
BRA,Brazil,Americas,2023,483991940.0,2.292271783410658,211140731,13914.182
BRB,Barbados,Americas,2000,1309144.0,4.99537911482003,262071,26578.361
BRB,Barbados,Americas,2001,1307472.0,4.98219327894402,262429,26557.926
BRB,Barbados,Americas,2002,1316816.0,4.985012587306695,264155,26561.965
BRB,Barbados,Americas,2003,1358456.0,5.111031683026762,265789,26680.176
BRB,Barbados,Americas,2004,1386768.0,5.188116589411778,267297,26727.373
BRB,Barbados,Americas,2005,1429072.0,5.318130226223127,268717,26791.81
BRB,Barbados,Americas,2006,1471040.0,5.448074337712168,270011,26723.955
BRB,Barbados,Americas,2007,1469040.0,5.4148574630111534,271298,25376.07
BRB,Barbados,Americas,2008,1733427.0,6.356091801451311,272719,29765.596
BRB,Barbados,Americas,2009,1699727.0,6.20028307014376,274137,27907.617
BRB,Barbados,Americas,2010,1566600.0,5.691532455831223,275251,26773.963
BRB,Barbados,Americas,2011,1626242.0,5.88898062647112,276150,28044.492
BRB,Barbados,Americas,2012,1554216.0,5.61192132847564,276949,26282.139
BRB,Barbados,Americas,2013,1539832.0,5.545566843976101,277669,26601.328
BRB,Barbados,Americas,2014,1367624.0,4.913236694149557,278355,23038.89
BRB,Barbados,Americas,2015,1334648.0,4.783701733697971,278999,24428.852
BRB,Barbados,Americas,2016,1371455.0,4.904990629604726,279604,24818.07
BRB,Barbados,Americas,2017,1399244.0,4.99414298818247,280177,23423.18
BRB,Barbados,Americas,2018,1446876.0,5.154179090122151,280719,26041.184
BRB,Barbados,Americas,2019,1391916.0,4.949633022303141,281216,25226.578
BRB,Barbados,Americas,2020,1255533.0,4.456891227023919,281706,20380.818
BRB,Barbados,Americas,2021,1190120.0,4.217935404756926,282157,19455.912
BRB,Barbados,Americas,2022,1314983.0,4.657708873492866,282324,21012.291
BRB,Barbados,Americas,2023,1316733.0,4.663527503391217,282347,23688.12
BRN,Brunei,Asia,2000,5886176.0,18.032025340885767,326429,60239.23
BRN,Brunei,Asia,2001,5757950.0,17.272830902976725,333353,67067.914
BRN,Brunei,Asia,2002,5285426.0,15.540434215014054,340108,76759.66
BRN,Brunei,Asia,2003,6139636.0,17.711339968267705,346650,77912.984
BRN,Brunei,Asia,2004,5966673.0,16.906539990536125,352921,84982.734
BRN,Brunei,Asia,2005,5428519.0,15.124171844092162,358930,94131.76
BRN,Brunei,Asia,2006,7143688.0,19.58945896289796,364670,142785.9
BRN,Brunei,Asia,2007,8076697.5,21.776941784875557,370883,147383.64
BRN,Brunei,Asia,2008,9165561.0,24.260352038115403,377800,148600.3
BRN,Brunei,Asia,2009,7744925.0,20.118517267803565,384965,96748.22
BRN,Brunei,Asia,2010,8017381.5,20.434779782841414,392340,108127.87
BRN,Brunei,Asia,2011,9555439.0,23.924783735399792,399395,109107.234
BRN,Brunei,Asia,2012,9499828.0,23.42374569734986,405564,104440.53
BRN,Brunei,Asia,2013,7626055.0,18.54562809304361,411205,95801.016
BRN,Brunei,Asia,2014,8830992.0,21.18978685421001,416757,106308.48
BRN,Brunei,Asia,2015,6933290.0,16.4209197509373,422223,115953.25
BRN,Brunei,Asia,2016,7632908.0,17.85179069674978,427571,119606.8
BRN,Brunei,Asia,2017,9309384.0,21.510313387416904,432787,118640.67
BRN,Brunei,Asia,2018,9341090.0,21.33589608301299,437811,121695.086
BRN,Brunei,Asia,2019,9564189.0,21.60470984210169,442690,121644.695
BRN,Brunei,Asia,2020,11157091.0,24.937006466090462,447411,131241.23
BRN,Brunei,Asia,2021,11708841.0,25.920457715143385,451722,123425.125
BRN,Brunei,Asia,2022,12237038.0,26.87250040625947,455374,118047.56
BRN,Brunei,Asia,2023,12502692.0,27.241413721051337,458959,114328.19
BTN,Bhutan,Asia,2000,396871.0,0.6649192204010582,596871,2358.4924
BTN,Bhutan,Asia,2001,463541.0,0.7589067470419989,610801,2609.0227
BTN,Bhutan,Asia,2002,494002.0,0.7911411764894294,624417,2814.5886
BTN,Bhutan,Asia,2003,494012.0,0.7747178386210984,637667,2888.316
BTN,Bhutan,Asia,2004,436153.0,0.6704280472639683,650559,3077.2837
BTN,Bhutan,Asia,2005,546084.0,0.825056090651558,661875,3502.8477
BTN,Bhutan,Asia,2006,411117.0,0.6128729299063957,670803,5093.35
BTN,Bhutan,Asia,2007,397186.0,0.5852650067856001,678643,3849.9128
BTN,Bhutan,Asia,2008,646350.0,0.941708347963675,686359,3525.8801
BTN,Bhutan,Asia,2009,683001.0,0.9841598054161852,693994,4485.2397
BTN,Bhutan,Asia,2010,905464.0,1.2905002294630563,701638,5194.307
BTN,Bhutan,Asia,2011,1006822.94,1.4192858623008315,709387,5334.562
BTN,Bhutan,Asia,2012,1150018.0,1.6032862671618653,717288,5759.6284
BTN,Bhutan,Asia,2013,1268971.0,1.749624284071575,725282,6086.9614
BTN,Bhutan,Asia,2014,1332335.0,1.817272294520501,733151,6002.027
BTN,Bhutan,Asia,2015,1433898.0,1.936070038332593,740623,6218.035
BTN,Bhutan,Asia,2016,1560270.0,2.086262732691696,747878,6783.4575
BTN,Bhutan,Asia,2017,1649287.0,2.18638868525326,754343,7141.9062
BTN,Bhutan,Asia,2018,1681916.0,2.2137289639178377,759766,8095.7344
BTN,Bhutan,Asia,2019,1564881.0,2.0460507563772343,764830,8204.153
BTN,Bhutan,Asia,2020,1213662.0,1.5761578051279654,770013,11798.361
BTN,Bhutan,Asia,2021,1454682.0,1.8759197885098973,775450,18890.2
BTN,Bhutan,Asia,2022,1549593.0,1.9843146745957656,780921,20160.8
BTN,Bhutan,Asia,2023,1629648.0,2.0723258043759683,786386,20020.596
BWA,Botswana,Africa,2000,3777584.0,2.252068697447931,1677384,8543.656
BWA,Botswana,Africa,2001,3847200.0,2.246849784846262,1712264,8774.433
BWA,Botswana,Africa,2002,3975440.0,2.278495957908372,1744765,8939.827
BWA,Botswana,Africa,2003,3825216.0,2.154148345707489,1775744,8960.578
BWA,Botswana,Africa,2004,3894832.0,2.15523090739965,1807153,8820.595
BWA,Botswana,Africa,2005,4096352.0,2.226422252308709,1839881,9163.713
BWA,Botswana,Africa,2006,4132991.8,2.20481967174635,1874526,9568.378
BWA,Botswana,Africa,2007,4228256.0,2.212356634575136,1911200,9655.335
BWA,Botswana,Africa,2008,4503056.0,2.309291461984345,1949973,9837.472
BWA,Botswana,Africa,2009,3855444.0,1.936755998354324,1990671,9056.343
BWA,Botswana,Africa,2010,4537275.0,2.2316918415629257,2033110,9157.634
BWA,Botswana,Africa,2011,4028802.0,1.9429602929871552,2073538,9418.284
BWA,Botswana,Africa,2012,5076711.0,2.407602234070957,2108617,9152.468
BWA,Botswana,Africa,2013,5663055.0,2.6454381233688062,2140687,8948.596
BWA,Botswana,Africa,2014,6850164.0,3.153773872000361,2172053,8857.137
BWA,Botswana,Africa,2015,5417540.0,2.4588567206287366,2203276,10640.027
BWA,Botswana,Africa,2016,6340873.0,2.837353856122113,2234784,11547.974
BWA,Botswana,Africa,2017,7066344.0,3.11739147122156,2266749,10434.404
BWA,Botswana,Africa,2018,7643491.0,3.324487016717925,2299149,10197.871
BWA,Botswana,Africa,2019,7485552.0,3.209815092265195,2332082,9783.121
BWA,Botswana,Africa,2020,6192160.0,2.6172590076905355,2365895,9292.531
BWA,Botswana,Africa,2021,6683136.0,2.7829609468953733,2401448,9660.034
BWA,Botswana,Africa,2022,7395755.0,3.0311775711659723,2439895,12002.065
BWA,Botswana,Africa,2023,7248677.0,2.9225684429180703,2480242,9402.787
CAF,Central African Republic,Africa,2000,124576.0,0.0324973437563993,3833421,334.19046
CAF,Central African Republic,Africa,2001,142896.0,0.0364577300460416,3919498,336.54614
CAF,Central African Republic,Africa,2002,117248.0,0.0292675206854383,4006079,325.9946
CAF,Central African Republic,Africa,2003,113584.0,0.0276825379494293,4103092,296.65887
CAF,Central African Republic,Africa,2004,124576.0,0.0297116886263877,4192828,295.43762
CAF,Central African Republic,Africa,2005,128240.01,0.0299010425726086,4288814,285.68045
CAF,Central African Republic,Africa,2006,139232.0,0.0318056863355158,4377582,290.68692
CAF,Central African Republic,Africa,2007,153888.0,0.0344825654519596,4462777,284.67633
CAF,Central African Republic,Africa,2008,150224.0,0.0329511652693173,4558989,214.71378
CAF,Central African Republic,Africa,2009,153888.0,0.0339779790512405,4529051,207.1837
CAF,Central African Republic,Africa,2010,168544.0,0.0375125500695192,4493003,214.19595
CAF,Central African Republic,Africa,2011,153888.0,0.0337102354139289,4565023,230.49832
CAF,Central African Republic,Africa,2012,183200.0,0.0397323876215394,4610848,234.50502
CAF,Central African Republic,Africa,2013,102592.0,0.0220988048697845,4642423,160.76
CAF,Central African Republic,Africa,2014,131904.0,0.0285309679232096,4623187,182.18925
CAF,Central African Republic,Africa,2015,194192.0,0.0419482593779391,4629322,246.22226
CAF,Central African Republic,Africa,2016,238160.0,0.0505254618329736,4713663,258.429
CAF,Central African Republic,Africa,2017,285792.0,0.0596205871603116,4793512,261.11578
CAF,Central African Republic,Africa,2018,271136.0,0.0555758821627974,4878663,272.04395
CAF,Central African Republic,Africa,2019,311440.0,0.0629845078819618,4944708,316.8184
CAF,Central African Republic,Africa,2020,333424.0,0.0663315315293808,5026629,321.40564
CAF,Central African Republic,Africa,2021,366400.0,0.0716730472762383,5112103,343.4854
CAF,Central African Republic,Africa,2022,377392.0,0.0740269099602631,5098038,351.04642
CAF,Central African Republic,Africa,2023,389279.0,0.0755527262458478,5152415,349.13443
CAN,Canada,Americas,2000,566679900.0,18.344023333052785,30891800,95859.055
CAN,Canada,Americas,2001,558980600.0,17.908251338568107,31213578,94302.734
CAN,Canada,Americas,2002,564256200.0,17.892685591724828,31535579,96334.06
CAN,Canada,Americas,2003,581190400.0,18.25548381082169,31836483,96990.35
CAN,Canada,Americas,2004,576286400.0,17.934588711554717,32132680,98084.58
CAN,Canada,Americas,2005,570396100.0,17.58301713073531,32440172,96909.31
CAN,Canada,Americas,2006,566315400.0,17.287230746416256,32759174,96026.78
CAN,Canada,Americas,2007,589956200.0,17.827666852078096,33092171,98796.18
CAN,Canada,Americas,2008,574214340.0,17.166816027988567,33449088,96038.555
CAN,Canada,Americas,2009,541129860.0,15.997278454649434,33826370,90980.36
CAN,Canada,Americas,2010,554307460.0,16.209289730940522,34196900,92179.45
CAN,Canada,Americas,2011,562832450.0,16.28780601288092,34555449,94184.39
CAN,Canada,Americas,2012,561769540.0,16.086171691023495,34922513,93125.08
CAN,Canada,Americas,2013,568589700.0,16.110359491645767,35293421,94786.71
CAN,Canada,Americas,2014,564938240.0,15.853792410198444,35634265,94638.45
CAN,Canada,Americas,2015,563002560.0,15.655382496238554,35962236,93599.93
CAN,Canada,Americas,2016,553707000.0,15.231253135027876,36353345,91504.08
CAN,Canada,Americas,2017,566660300.0,15.394822684696344,36808498,91598.984
CAN,Canada,Americas,2018,575090750.0,15.42005125835112,37294996,92210.27
CAN,Canada,Americas,2019,579007040.0,15.324565318299529,37782934,90730.6
CAN,Canada,Americas,2020,524207940.0,13.732821756358335,38171903,83527.52
CAN,Canada,Americas,2021,537478660.0,13.977163606504156,38454058,83905.41
CAN,Canada,Americas,2022,547657660.0,14.10715865757986,38821259,85002.52
CAN,Canada,Americas,2023,545478500.0,13.880178623947042,39299098,83564.14
CHE,Switzerland,Europe,2000,43620510.0,6.071894736124136,7184003,41362.28
CHE,Switzerland,Europe,2001,45084900.0,6.2389234128073054,7226391,43521.062
CHE,Switzerland,Europe,2002,43467076.0,5.97178249434243,7278744,41322.23
CHE,Switzerland,Europe,2003,44650652.0,6.088627577930227,7333451,40752.285
CHE,Switzerland,Europe,2004,45231136.0,6.125397538201857,7384196,40700.93
CHE,Switzerland,Europe,2005,45776116.0,6.159472560168271,7431824,38875.934
CHE,Switzerland,Europe,2006,45364932.0,6.066035578725934,7478514,40246.543
CHE,Switzerland,Europe,2007,43359412.0,5.746480299351153,7545386,39624.03
CHE,Switzerland,Europe,2008,44700870.0,5.849574638203653,7641730,40068.062
CHE,Switzerland,Europe,2009,43525850.0,5.625207104384746,7737644,38804.473
CHE,Switzerland,Europe,2010,45033684.0,5.754551832092771,7825750,38940.348
CHE,Switzerland,Europe,2011,40973228.0,5.177061649435792,7914379,36341.39
CHE,Switzerland,Europe,2012,42242188.0,5.280981811685493,7998927,37020.727
CHE,Switzerland,Europe,2013,43182930.0,5.337024834020273,8091199,37369.605
CHE,Switzerland,Europe,2014,39244148.0,4.791576020135191,8190238,35346.65
CHE,Switzerland,Europe,2015,38756060.0,4.67845735241926,8283940,33749.848
CHE,Switzerland,Europe,2016,39224776.0,4.683609589269273,8374903,31678.422
CHE,Switzerland,Europe,2017,38234000.0,4.522790801111476,8453630,31562.688
CHE,Switzerland,Europe,2018,36945068.0,4.338138644283971,8516341,32033.068
CHE,Switzerland,Europe,2019,36822244.0,4.292875159209679,8577525,32986.773
CHE,Switzerland,Europe,2020,34343256.0,3.974646152307796,8640582,29463.832
CHE,Switzerland,Europe,2021,35902450.0,4.123391714202071,8707019,26947.01
CHE,Switzerland,Europe,2022,32950562.0,3.747712398972724,8792180,28919.814
CHE,Switzerland,Europe,2023,31977486.0,3.604898854232944,8870564,29508.014
CHL,Chile,Americas,2000,58502620.0,3.7734769090970777,15503638,17404.129
CHL,Chile,Americas,2001,52918388.0,3.374068309239337,15683852,17281.953
CHL,Chile,Americas,2002,54835612.0,3.4579308794857537,15857926,17405.027
CHL,Chile,Americas,2003,55100212.0,3.43844333345502,16024755,17426.383
CHL,Chile,Americas,2004,59221090.0,3.6584854914870415,16187324,18811.25
CHL,Chile,Americas,2005,61116456.0,3.738288483911338,16348780,18922.9
CHL,Chile,Americas,2006,64048280.0,3.879551970886528,16509195,19223.805
CHL,Chile,Americas,2007,70469250.0,4.226911189113491,16671571,19675.53
CHL,Chile,Americas,2008,70549010.0,4.1896231643863135,16838987,19284.568
CHL,Chile,Americas,2009,65959764.0,3.877766666490297,17009730,18139.17
CHL,Chile,Americas,2010,71347480.0,4.15258467803353,17181463,18868.12
CHL,Chile,Americas,2011,78071440.0,4.499325430603493,17351810,20075.691
CHL,Chile,Americas,2012,79620890.0,4.544800662316523,17519116,20888.324
CHL,Chile,Americas,2013,81733270.0,4.62109132546232,17687006,21334.443
CHL,Chile,Americas,2014,77586210.0,4.3431133073357024,17864192,20492.916
CHL,Chile,Americas,2015,81778460.0,4.531257566783007,18047630,20360.316
CHL,Chile,Americas,2016,84250500.0,4.6121126772128775,18267225,21426.584
CHL,Chile,Americas,2017,84134620.0,4.5333917995429465,18558868,21644.775
CHL,Chile,Americas,2018,84442640.0,4.469476162965641,18893185,21999.488
CHL,Chile,Americas,2019,91977050.0,4.791033302447766,19197748,21921.447
CHL,Chile,Americas,2020,80178220.0,4.139166214650527,19370621,19947.059
CHL,Chile,Americas,2021,83630310.0,4.298361514660298,19456323,21553.635
CHL,Chile,Americas,2022,85743784.0,4.385190982902754,19553033,22184.96
CHL,Chile,Americas,2023,77604216.0,3.947549480683823,19658833,21252.889
CHN,China,Asia,2000,3643809500.0,2.8700878483568317,1269581174,8953.698
CHN,China,Asia,2001,3724114200.0,2.912365068600153,1278725061,9333.583
CHN,China,Asia,2002,4098180600.0,3.184619020817333,1286866835,10127.217
CHN,China,Asia,2003,4835251700.0,3.7351772850705993,1294517323,11810.447
CHN,China,Asia,2004,5210961400.0,4.001966158804004,1302100316,13712.551
CHN,China,Asia,2005,5881990700.0,4.48997623243888,1310027135,15494.77
CHN,China,Asia,2006,6486184400.0,4.921030741053916,1318054030,16883.477
CHN,China,Asia,2007,6974663000.0,5.260666451344288,1325813576,18231.395
CHN,China,Asia,2008,7492404000.0,5.617248445038928,1333821011,18641.96
CHN,China,Asia,2009,7881491000.0,5.870657457187743,1342522717,19387.033
CHN,China,Asia,2010,8610048000.0,6.370444828554065,1351561505,20499.754
CHN,China,Asia,2011,9520154000.0,6.998823300697863,1360250658,22054.248
CHN,China,Asia,2012,9767310000.0,7.1319176235172455,1369520866,22599.025
CHN,China,Asia,2013,9942371000.0,7.209799153890358,1379008040,23236.184
CHN,China,Asia,2014,9976027000.0,7.187588054650047,1387951970,23499.201
CHN,China,Asia,2015,9858040000.0,7.060954602192027,1396134171,23558.75
CHN,China,Asia,2016,9748175000.0,6.942884337523565,1404052628,23412.06
CHN,China,Asia,2017,10000013000.0,7.080383410476489,1412354730,24108.787
CHN,China,Asia,2018,10346790000.0,7.291560755014094,1419008954,25079.918
CHN,China,Asia,2019,10713515000.0,7.52607080560352,1423520357,25765.094
CHN,China,Asia,2020,10896520000.0,7.640749908779753,1426106093,26382.59
CHN,China,Asia,2021,11284401000.0,7.910898884400924,1426437269,27799.73
CHN,China,Asia,2022,11711807000.0,8.217776420793214,1425179562,28279.979
CHN,China,Asia,2023,12172008000.0,8.556261031107647,1422584930,30086.684
CIV,Cote d'Ivoire,Africa,2000,6630064.0,0.3746009027512108,17699007,1880.6093
CIV,Cote d'Ivoire,Africa,2001,7653345.0,0.4210010825725621,18178920,1804.4712
CIV,Cote d'Ivoire,Africa,2002,7450165.0,0.3993704667095368,18654772,1715.6914
CIV,Cote d'Ivoire,Africa,2003,5300525.0,0.2771437218053801,19125546,1482.0157
CIV,Cote d'Ivoire,Africa,2004,7386261.0,0.3769462684786326,19594997,1587.2847
CIV,Cote d'Ivoire,Africa,2005,7568019.0,0.3771099517910385,20068468,1768.7383
CIV,Cote d'Ivoire,Africa,2006,6887238.0,0.335197467168623,20546808,1450.8588
CIV,Cote d'Ivoire,Africa,2007,6653270.0,0.3163620290056022,21030558,1502.9568
CIV,Cote d'Ivoire,Africa,2008,6712605.0,0.3120045480139251,21514446,1622.6282
CIV,Cote d'Ivoire,Africa,2009,5659943.0,0.257294275244732,21997936,1522.4325
CIV,Cote d'Ivoire,Africa,2010,6224746.0,0.2768021690436013,22488068,1568.4662
CIV,Cote d'Ivoire,Africa,2011,6523170.0,0.2838381841652357,22982003,1407.5741
CIV,Cote d'Ivoire,Africa,2012,8540010.0,0.3639144243023302,23467083,1713.8406
CIV,Cote d'Ivoire,Africa,2013,9679770.0,0.4043383866389721,23939775,1887.1545
CIV,Cote d'Ivoire,Africa,2014,9903225.0,0.4037618266238079,24527393,1930.7184
CIV,Cote d'Ivoire,Africa,2015,9554745.0,0.3784604956907231,25246347,1909.7261
CIV,Cote d'Ivoire,Africa,2016,11979472.0,0.4609367725400705,25989404,2114.603
CIV,Cote d'Ivoire,Africa,2017,12001905.0,0.448948348311863,26733376,2008.1346
CIV,Cote d'Ivoire,Africa,2018,10415200.0,0.379228576864224,27464175,1962.9421
CIV,Cote d'Ivoire,Africa,2019,10538745.0,0.3738069650871666,28193014,2037.2399
CIV,Cote d'Ivoire,Africa,2020,11018607.0,0.3810629347934799,28915452,1930.7478
CIV,Cote d'Ivoire,Africa,2021,13665820.0,0.4610641450698432,29639737,2238.9692
CIV,Cote d'Ivoire,Africa,2022,14504321.0,0.4771942454753419,30395004,2579.7683
CIV,Cote d'Ivoire,Africa,2023,14052436.0,0.4508949644019973,31165653,2691.0317
CMR,Cameroon,Africa,2000,5588569.0,0.3747540340296736,14912632,1139.7949
CMR,Cameroon,Africa,2001,5562424.0,0.3633317872333949,15309489,1092.5511
CMR,Cameroon,Africa,2002,5350642.0,0.3402518477273967,15725534,1088.1627
CMR,Cameroon,Africa,2003,5704622.0,0.3530013601198984,16160340,1122.7915
CMR,Cameroon,Africa,2004,5698455.0,0.3430637335393879,16610485,1117.7775
CMR,Cameroon,Africa,2005,5423858.0,0.3176565376440173,17074599,1051.8536
CMR,Cameroon,Africa,2006,5485919.0,0.312580799426657,17550403,1312.8297
CMR,Cameroon,Africa,2007,7409373.0,0.4104939213780555,18049897,1277.7561
CMR,Cameroon,Africa,2008,7320619.0,0.394131501300847,18574052,1229.3333
CMR,Cameroon,Africa,2009,8554963.0,0.4475762711456506,19113978,1337.6053
CMR,Cameroon,Africa,2010,8383322.0,0.4262403471048471,19668063,1516.1041
CMR,Cameroon,Africa,2011,8105278.0,0.4006105678876442,20232312,1562.7028
CMR,Cameroon,Africa,2012,7607038.0,0.3655554930841783,20809530,1539.4532
CMR,Cameroon,Africa,2013,7853181.0,0.366930283778266,21402379,1261.9603
CMR,Cameroon,Africa,2014,8775174.0,0.39778858411559,22059894,1619.597
CMR,Cameroon,Africa,2015,9849951.0,0.4327096660088568,22763418,1584.3257
CMR,Cameroon,Africa,2016,9964924.0,0.4248679925292586,23454165,1495.5171
CMR,Cameroon,Africa,2017,9581728.0,0.3971106664292169,24128609,1432.6211
CMR,Cameroon,Africa,2018,9843863.0,0.3968279204980235,24806377,1512.5034
CMR,Cameroon,Africa,2019,9605290.0,0.3765880272930842,25506095,1426.2277
CMR,Cameroon,Africa,2020,9716267.0,0.3707003885379659,26210566,1444.2842
CMR,Cameroon,Africa,2021,9733522.0,0.3616290304213906,26915765,1333.1031
CMR,Cameroon,Africa,2022,9792435.0,0.3543776103517671,27632770,1309.3636
CMR,Cameroon,Africa,2023,9694864.0,0.3416970333091434,28372690,1189.4617
COD,Democratic Republic of Congo,Africa,2000,1704731.0,0.0337520735804394,50507445,187.42914
COD,Democratic Republic of Congo,Africa,2001,1647457.0,0.0316012542313697,52132646,172.26837
COD,Democratic Republic of Congo,Africa,2002,1734094.0,0.0322618964364053,53750529,178.12486
COD,Democratic Republic of Congo,Africa,2003,2096084.1,0.0378738239009763,55343873,188.63261
COD,Democratic Republic of Congo,Africa,2004,2027893.1,0.0355784825854498,56997740,208.23726
COD,Democratic Republic of Congo,Africa,2005,2287396.0,0.0389173585027261,58775726,229.0679
COD,Democratic Republic of Congo,Africa,2006,2351727.0,0.0387971910146559,60615909,246.06664
COD,Democratic Republic of Congo,Africa,2007,2622976.0,0.0419825597761174,62477753,245.08362
COD,Democratic Republic of Congo,Africa,2008,2685120.0,0.0417004590945475,64390658,223.66545
COD,Democratic Republic of Congo,Africa,2009,2445967.0,0.0368301752763557,66412038,201.9064
COD,Democratic Republic of Congo,Africa,2010,2735413.0,0.0398963213969602,68563038,238.14412
COD,Democratic Republic of Congo,Africa,2011,3041045.0,0.042922718048733,70849311,267.57297
COD,Democratic Republic of Congo,Africa,2012,2797330.0,0.0381863954169827,73254623,263.1805
COD,Democratic Republic of Congo,Africa,2013,3921089.0,0.0517366433196453,75789397,328.4769
COD,Democratic Republic of Congo,Africa,2014,5065957.0,0.0646141215986358,78403248,404.9994
COD,Democratic Republic of Congo,Africa,2015,3274380.0,0.0404067193635503,81035532,280.16806
COD,Democratic Republic of Congo,Africa,2016,2659404.0,0.0316760067509313,83956416,231.31975
COD,Democratic Republic of Congo,Africa,2017,2920246.0,0.0335338996869667,87083400,238.27934
COD,Democratic Republic of Congo,Africa,2018,3774205.0,0.041913421679969,90047647,279.3724
COD,Democratic Republic of Congo,Africa,2019,4118092.0,0.0443055941825192,92947450,253.65848
COD,Democratic Republic of Congo,Africa,2020,4304789.0,0.0448462235649546,95990000,285.17548
COD,Democratic Republic of Congo,Africa,2021,4292237.0,0.043290805054578,99148930,310.06357
COD,Democratic Republic of Congo,Africa,2022,5892366.0,0.0575443371988707,102396974,313.66656
COD,Democratic Republic of Congo,Africa,2023,5881086.0,0.0555922189537996,105789733,321.35803
COG,Congo,Africa,2000,4284250.0,1.3594971550278945,3151349,1037.0265
COG,Congo,Africa,2001,4177806.8,1.2766243489006406,3272542,1252.2299
COG,Congo,Africa,2002,2720283.0,0.8118381745091426,3350770,1061.7034
COG,Congo,Africa,2003,3258111.0,0.9455426063002684,3445758,1256.683
COG,Congo,Africa,2004,3548607.0,0.9952439515196048,3565565,1309.1797
COG,Congo,Africa,2005,4352130.0,1.1773972452649186,3696399,1755.2279
COG,Congo,Africa,2006,4785876.0,1.247162735500576,3837411,2043.876
COG,Congo,Africa,2007,4259311.0,1.0700630333908647,3980430,2483.396
COG,Congo,Africa,2008,4270264.0,1.038106105874442,4113514,2739.223
COG,Congo,Africa,2009,4943653.0,1.1547304995914711,4281218,3250.6882
COG,Congo,Africa,2010,5499943.0,1.2325343589320674,4462304,4277.887
COG,Congo,Africa,2011,5046421.0,1.094732921335055,4609728,4863.4697
COG,Congo,Africa,2012,5018026.0,1.0585532154389334,4740457,4794.468
COG,Congo,Africa,2013,5890374.0,1.212733760693615,4857104,6010.3486
COG,Congo,Africa,2014,5471087.0,1.0995199448862083,4975887,5573.6895
COG,Congo,Africa,2015,5636681.0,1.1057556100606896,5097583,5450.198
COG,Congo,Africa,2016,5727211.0,1.0966321975205575,5222545,5064.2686
COG,Congo,Africa,2017,5650948.0,1.0560520036112788,5351013,3593.7134
COG,Congo,Africa,2018,6544667.0,1.1936009883409615,5483128,3369.3481
COG,Congo,Africa,2019,7293597.0,1.2985657302138496,5616656,3451.4683
COG,Congo,Africa,2020,7677297.0,1.3345340836240909,5752792,3723.0173
COG,Congo,Africa,2021,7392860.0,1.2546886241051074,5892187,3701.9966
COG,Congo,Africa,2022,8727515.0,1.4461250377789678,6035104,3897.0745
COG,Congo,Africa,2023,8274273.0,1.3382533087277957,6182890,3794.8552
COK,Cook Islands,Oceania,2000,51296.0,3.231040564373897,15876,17236.658
COK,Cook Islands,Oceania,2001,54960.0,3.601808768595583,15259,17105.523
COK,Cook Islands,Oceania,2002,43968.0,2.932372949179672,14994,9426.237
COK,Cook Islands,Oceania,2003,47632.0,3.165127250980132,15049,8661.503
COK,Cook Islands,Oceania,2004,51296.0,3.3964113090114547,15103,14648.089
COK,Cook Islands,Oceania,2005,58624.0,3.868804857124002,15153,23379.414
COK,Cook Islands,Oceania,2006,65952.0,4.329547692509683,15233,24780.537
COK,Cook Islands,Oceania,2007,65952.0,4.249758360719119,15519,20521.45
COK,Cook Islands,Oceania,2008,65952.0,4.121227269886896,16003,20446.494
COK,Cook Islands,Oceania,2009,62288.0,3.7757167969933927,16497,18272.61
COK,Cook Islands,Oceania,2010,69616.0,4.095058823529412,17000,21064.637
COK,Cook Islands,Oceania,2011,76944.0,4.401830663615561,17480,22989.076
COK,Cook Islands,Oceania,2012,80608.0,4.556698699830413,17690,24084.77
COK,Cook Islands,Oceania,2013,80608.0,4.572465823359238,17629,24076.594
COK,Cook Islands,Oceania,2014,80608.0,4.591478696741855,17556,25530.701
COK,Cook Islands,Oceania,2015,76944.0,4.404098219907275,17471,23831.498
COK,Cook Islands,Oceania,2016,76944.0,4.432258064516129,17360,24900.26
COK,Cook Islands,Oceania,2017,76944.0,4.508613617719442,17066,27071.768
COK,Cook Islands,Oceania,2018,76944.0,4.628767370510738,16623,28354.258
COK,Cook Islands,Oceania,2019,80608.0,4.990898396384125,16151,29256.52
COK,Cook Islands,Oceania,2020,65952.0,4.210418794688458,15664,21013.738
COK,Cook Islands,Oceania,2021,73280.0,4.819467280499835,15205,22827.03
COK,Cook Islands,Oceania,2022,76944.0,5.217603580389231,14747,28099.07
COK,Cook Islands,Oceania,2023,76581.0,5.37636899747262,14244,33176.367
COL,Colombia,Americas,2000,56212940.0,1.4380411286904284,39089939,6492.5767
COL,Colombia,Americas,2001,56465132.0,1.4219637367734577,39709263,6433.8096
COL,Colombia,Americas,2002,55416708.0,1.3742626724613638,40324684,6241.057
COL,Colombia,Americas,2003,57033490.0,1.3931870069212462,40937426,6205.3613
COL,Colombia,Americas,2004,54324040.0,1.3076525177648306,41543177,6432.3057
COL,Colombia,Americas,2005,60256470.0,1.4302855863249282,42128978,6195.8643
COL,Colombia,Americas,2006,62465710.0,1.4632028174690634,42691081,7197.0493
COL,Colombia,Americas,2007,60669936.0,1.4032476277411177,43235374,7198.7427
COL,Colombia,Americas,2008,66982210.0,1.5307138757559764,43758805,7421.273
COL,Colombia,Americas,2009,71770970.0,1.6211535703646018,44271543,7460.927
COL,Colombia,Americas,2010,75431170.0,1.6845841059062818,44777325,7868.712
COL,Colombia,Americas,2011,75191390.0,1.6613352027262098,45259614,7917.2935
COL,Colombia,Americas,2012,78674824.0,1.720954504860868,45715807,8502.842
COL,Colombia,Americas,2013,86445096.0,1.8730689259347832,46151583,8844.286
COL,Colombia,Americas,2014,92041690.0,1.9766100711716883,46565426,9314.153
COL,Colombia,Americas,2015,91026590.0,1.9379755195759467,46969938,9119.572
COL,Colombia,Americas,2016,91582890.0,1.9306005776483264,47437513,9906.835
COL,Colombia,Americas,2017,83458820.0,1.7339903225932451,48131076,9443.646
COL,Colombia,Americas,2018,90810690.0,1.852354609167264,49024463,9594.761
COL,Colombia,Americas,2019,98961910.0,1.982887228050292,49907987,9647.188
COL,Colombia,Americas,2020,92305150.0,1.8231316505904596,50629997,8634.025
COL,Colombia,Americas,2021,103733530.0,2.026513584954212,51188174,9133.23
COL,Colombia,Americas,2022,89436940.0,1.7286527659467876,51737944,9926.57
COL,Colombia,Americas,2023,89992344.0,1.7199992844194256,52321152,9847.72
COM,Comoros,Africa,2000,102592.0,0.1913729937845561,536084,810.3122
COM,Comoros,Africa,2001,106256.0,0.194173834702981,547221,828.72974
COM,Comoros,Africa,2002,106256.0,0.1901071159561087,558927,813.1622
COM,Comoros,Africa,2003,135568.0,0.2379187375396624,569808,1018.93115
COM,Comoros,Africa,2004,150224.0,0.2586897785645528,580711,1095.8235
COM,Comoros,Africa,2005,142896.0,0.2411018443373225,592679,1030.7202
COM,Comoros,Africa,2006,168544.0,0.2786993676746832,604752,1178.4312
COM,Comoros,Africa,2007,106256.0,0.1722320827964048,616935,758.1753
COM,Comoros,Africa,2008,109920.0,0.1746663827596398,629314,758.0576
COM,Comoros,Africa,2009,135568.0,0.2111818851653324,641949,909.78015
COM,Comoros,Africa,2010,161216.0,0.2461891803569083,654846,1061.946
COM,Comoros,Africa,2011,142896.0,0.2138956746659002,668064,933.80145
COM,Comoros,Africa,2012,153888.0,0.225762392593125,681637,957.63525
COM,Comoros,Africa,2013,183200.0,0.2631416411592596,696203,1122.8231
COM,Comoros,Africa,2014,164880.0,0.2317318611632692,711512,980.85114
COM,Comoros,Africa,2015,179536.0,0.2470616567013217,726685,1036.6567
COM,Comoros,Africa,2016,205184.0,0.2766233678690116,741745,1191.6593
COM,Comoros,Africa,2017,263808.0,0.3486424765287998,756672,1501.4474
COM,Comoros,Africa,2018,285792.0,0.3703902425748156,771597,1068.2644
COM,Comoros,Africa,2019,311440.0,0.395940919065018,786582,1154.261
COM,Comoros,Africa,2020,370064.0,0.4613274958487706,802172,1334.5574
COM,Comoros,Africa,2021,498304.0,0.6090410644138562,818178,1966.5519
COM,Comoros,Africa,2022,531671.0,0.6373492401620252,834191,2068.1792
COM,Comoros,Africa,2023,542130.0,0.6375074965604017,850390,1760.384
CPV,Cape Verde,Africa,2000,296784.0,0.6546681813669802,453335,2978.7566
CPV,Cape Verde,Africa,2001,348080.0,0.7562024766456659,460300,3277.7612
CPV,Cape Verde,Africa,2002,384720.0,0.8237127881881402,467056,3513.4697
CPV,Cape Verde,Africa,2003,414032.0,0.8746218714616464,473384,3449.6936
CPV,Cape Verde,Africa,2004,428688.0,0.8942606758355115,479377,3723.3376
CPV,Cape Verde,Africa,2005,447008.0,0.9214227997559408,485128,5751.8125
CPV,Cape Verde,Africa,2006,494640.0,1.0079718296082556,490728,6039.8145
CPV,Cape Verde,Africa,2007,505631.97,1.0190166184330385,496196,6660.3784
CPV,Cape Verde,Africa,2008,472656.0,0.9427439654381464,501362,6684.652
CPV,Cape Verde,Africa,2009,523952.0,1.035175482270008,506148,6267.3047
CPV,Cape Verde,Africa,2010,556928.0,1.0924590961429443,509793,6674.8013
CPV,Cape Verde,Africa,2011,615552.0,1.2035358087644417,511453,7844.374
CPV,Cape Verde,Africa,2012,501968.03,0.9804714180238532,511966,6863.855
CPV,Cape Verde,Africa,2013,494640.0,0.96565807223694,512231,6704.5884
CPV,Cape Verde,Africa,2014,490976.0,0.9583123509273248,512334,7229.522
CPV,Cape Verde,Africa,2015,494640.0,0.9653301587611364,512405,7164.889
CPV,Cape Verde,Africa,2016,531280.0,1.0365306425054044,512556,7504.7373
CPV,Cape Verde,Africa,2017,571584.0,1.1144182382886298,512899,8000.856
CPV,Cape Verde,Africa,2018,571584.0,1.1132917038358607,513418,6599.902
CPV,Cape Verde,Africa,2019,630208.0,1.225808961401707,514116,7017.119
CPV,Cape Verde,Africa,2020,520288.0,1.0108901984328218,514683,5224.5337
CPV,Cape Verde,Africa,2021,589904.0,1.1417754594458585,516655,5781.9146
CPV,Cape Verde,Africa,2022,597650.0,1.14987974987975,519750,5886.2896
CPV,Cape Verde,Africa,2023,571493.0,1.094112016234792,522335,5755.8896
CRI,Costa Rica,Americas,2000,5367233.0,1.3630247525418788,3937737,7388.2344
CRI,Costa Rica,Americas,2001,5637902.0,1.406328488425027,4008951,7386.503
CRI,Costa Rica,Americas,2002,6214329.0,1.52472305438807,4075710,7551.25
CRI,Costa Rica,Americas,2003,6551020.0,1.5828342141461118,4138791,7776.1743
CRI,Costa Rica,Americas,2004,6796823.0,1.6182607517620502,4200079,7672.9023
CRI,Costa Rica,Americas,2005,6659584.0,1.5628277215082933,4261240,8036.1406
CRI,Costa Rica,Americas,2006,6976076.0,1.6143327863575556,4321337,8383.152
CRI,Costa Rica,Americas,2007,7906676.0,1.805074139603904,4380250,8884.348
CRI,Costa Rica,Americas,2008,7934122.0,1.7869410714905076,4440058,8737.468
CRI,Costa Rica,Americas,2009,7693122.0,1.7096632108001533,4499788,8330.891
CRI,Costa Rica,Americas,2010,7461208.0,1.6376789549524635,4555965,8397.651
CRI,Costa Rica,Americas,2011,7276383.0,1.5784479441125212,4609834,8370.705
CRI,Costa Rica,Americas,2012,7216786.0,1.5473615598861905,4663930,8368.356
CRI,Costa Rica,Americas,2013,7583546.0,1.6079940578687757,4716153,8453.235
CRI,Costa Rica,Americas,2014,7701873.0,1.6156218652496284,4767126,8564.41
CRI,Costa Rica,Americas,2015,7352825.0,1.5261013543875162,4818045,8542.498
CRI,Costa Rica,Americas,2016,7828942.0,1.6085755443339569,4867003,8940.282
CRI,Costa Rica,Americas,2017,7986782.0,1.6255840162078428,4913177,9141.534
CRI,Costa Rica,Americas,2018,7966997.0,1.606957946981865,4957813,9442.009
CRI,Costa Rica,Americas,2019,7660395.0,1.5322172059919803,4999549,9343.587
CRI,Costa Rica,Americas,2020,6754070.0,1.3416044222827974,5034323,8103.2383
CRI,Costa Rica,Americas,2021,7665438.0,1.514911390158599,5059991,8974.451
CRI,Costa Rica,Americas,2022,8010137.5,1.5762513764905255,5081764,9215.243
CRI,Costa Rica,Americas,2023,8472529.0,1.6594820984165002,5105526,9928.395
CUB,Cuba,Americas,2000,25299178.0,2.2773357582496243,11109112,9865.099
CUB,Cuba,Americas,2001,24680938.0,2.214702192202642,11144134,9057.511
CUB,Cuba,Americas,2002,25179234.0,2.2526870686281684,11177422,9133.567
CUB,Cuba,Americas,2003,25554362.0,2.279730393628407,11209379,9241.056
CUB,Cuba,Americas,2004,24539812.0,2.1834989566460914,11238756,9339.649
CUB,Cuba,Americas,2005,25706188.0,2.28244768304309,11262553,9173.879
CUB,Cuba,Americas,2006,26781428.0,2.374545309459106,11278550,8924.525
CUB,Cuba,Americas,2007,25724220.0,2.27904629585496,11287274,9002.153
CUB,Cuba,Americas,2008,27738204.0,2.4564987366012963,11291764,10292.886
CUB,Cuba,Americas,2009,28260750.0,2.5021206813555965,11294719,10366.752
CUB,Cuba,Americas,2010,33041988.0,2.9247390597529663,11297414,11787.549
CUB,Cuba,Americas,2011,29075760.0,2.5727168365338007,11301578,10581.127
CUB,Cuba,Americas,2012,29475822.0,2.6077478074296314,11303172,11512.604
CUB,Cuba,Americas,2013,27893984.0,2.4688955186785675,11298163,11051.086
CUB,Cuba,Americas,2014,27366440.0,2.4248603109399616,11285780,11269.271
CUB,Cuba,Americas,2015,29091232.0,2.580137824433713,11275069,11314.926
CUB,Cuba,Americas,2016,27772246.0,2.465222360252858,11265615,8825.617
CUB,Cuba,Americas,2017,24559170.0,2.1834596629534744,11247824,9404.827
CUB,Cuba,Americas,2018,23019470.0,2.0503457878229816,11227116,9839.556
CUB,Cuba,Americas,2019,22486916.0,2.0072501213307654,11202847,9034.704
CUB,Cuba,Americas,2020,21280834.0,1.904095335605572,11176349,8354.511
CUB,Cuba,Americas,2021,22548866.0,2.027380270880617,11122169,8313.423
CUB,Cuba,Americas,2022,23258538.0,2.102975798344675,11059822,8414.643
CUB,Cuba,Americas,2023,23470270.0,2.1298017083952967,11019932,7638.028
CYP,Cyprus,Asia,2000,7106901.0,7.499365283374856,947667,31739.25
CYP,Cyprus,Asia,2001,6979659.0,7.239341415930856,964129,31565.08
CYP,Cyprus,Asia,2002,7171937.0,7.307543076877618,981443,30732.988
CYP,Cyprus,Asia,2003,7560774.0,7.563799519807923,999600,32639.73
CYP,Cyprus,Asia,2004,7787102.0,7.650351958737566,1017875,30338.873
CYP,Cyprus,Asia,2005,7951671.0,7.674202533209285,1036156,32937.04
CYP,Cyprus,Asia,2006,8183131.0,7.760759428844564,1054424,32643.951
CYP,Cyprus,Asia,2007,8475067.0,7.9004881950393715,1072727,32664.8
CYP,Cyprus,Asia,2008,8691636.0,7.966457353562554,1091029,32676.465
CYP,Cyprus,Asia,2009,8437988.0,7.606059977807364,1109377,31510.936
CYP,Cyprus,Asia,2010,8071821.0,7.1569736821105385,1127826,30132.326
CYP,Cyprus,Asia,2011,7792363.0,6.796694790112107,1146493,29337.473
CYP,Cyprus,Asia,2012,7261668.0,6.231035959234703,1165403,26805.506
CYP,Cyprus,Asia,2013,6578171.0,5.556361649093377,1183899,23493.09
CYP,Cyprus,Asia,2014,6929789.0,5.766146116760941,1201806,23166.158
CYP,Cyprus,Asia,2015,6952477.0,5.701069451186712,1219504,23443.004
CYP,Cyprus,Asia,2016,7349926.0,5.941187311759466,1237114,25128.355
CYP,Cyprus,Asia,2017,7469282.0,5.955064045017277,1254274,25134.613
CYP,Cyprus,Asia,2018,7324203.0,5.76371697502957,1270743,24905.793
CYP,Cyprus,Asia,2019,7324482.0,5.692592267319722,1286669,24694.812
CYP,Cyprus,Asia,2020,6903173.0,5.30095834133231,1302250,21037.97
CYP,Cyprus,Asia,2021,6950782.0,5.276492794791815,1317311,21772.018
CYP,Cyprus,Asia,2022,7070778.0,5.310879871651585,1331376,22877.81
CYP,Cyprus,Asia,2023,7188089.0,5.344379586031327,1344981,22673.855
CZE,Czechia,Europe,2000,127233490.0,12.429018652199137,10236809,46346.258
CZE,Czechia,Europe,2001,127165210.0,12.42825750966923,10231942,47371.4
CZE,Czechia,Europe,2002,123988120.0,12.1088368406424,10239474,47602.3
CZE,Czechia,Europe,2003,127591670.0,12.449295324857568,10248907,50651.3
CZE,Czechia,Europe,2004,128313656.0,12.504433436473374,10261453,51853.895
CZE,Czechia,Europe,2005,125713460.0,12.228751414740342,10280155,50816.855
CZE,Czechia,Europe,2006,126532560.0,12.279240167878552,10304592,51772.496
CZE,Czechia,Europe,2007,128363630.0,12.417232960378676,10337539,51239.793
CZE,Czechia,Europe,2008,122927730.0,11.844690719036976,10378298,50135.117
CZE,Czechia,Europe,2009,114972080.0,11.032745944841109,10420985,47675.15
CZE,Czechia,Europe,2010,117464090.0,11.225506222026208,10464035,49726.01
CZE,Czechia,Europe,2011,115178136.0,10.974041085005128,10495508,47953.062
CZE,Czechia,Europe,2012,111275540.0,10.590268382889333,10507339,47755.58
CZE,Czechia,Europe,2013,106710090.0,10.1520716449672,10511164,46854.7
CZE,Czechia,Europe,2014,104232570.0,9.91065512255469,10517223,46068.227
CZE,Czechia,Europe,2015,104989704.0,9.97582042066364,10524418,45135.227
CZE,Czechia,Europe,2016,106636424.0,10.125044697342732,10531946,44334.688
CZE,Czechia,Europe,2017,107735540.0,10.220285973049164,10541343,47003.766
CZE,Czechia,Europe,2018,106322056.0,10.078938402685996,10548934,46958.703
CZE,Czechia,Europe,2019,100997496.0,9.568803487147926,10554872,45861.74
CZE,Czechia,Europe,2020,91661460.0,8.688183812728735,10550129,42543.945
CZE,Czechia,Europe,2021,96629410.0,9.175986970645685,10530683,44938.863
CZE,Czechia,Europe,2022,95039670.0,8.904501698457148,10673216,43394.902
CZE,Czechia,Europe,2023,83232250.0,7.6997586061880225,10809722,39267.58
DEU,Germany,Europe,2000,898975740.0,10.99029227814552,81797255,48326.883
DEU,Germany,Europe,2001,915254800.0,11.170650989049928,81933882,49218.246
DEU,Germany,Europe,2002,898834300.0,10.9522677250108,82068328,48402.645
DEU,Germany,Europe,2003,894501100.0,10.893721386738216,82111619,48451.992
DEU,Germany,Europe,2004,876569860.0,10.677804432466877,82092706,48282.508
DEU,Germany,Europe,2005,867880500.0,10.577880047947795,82046733,47727.438
DEU,Germany,Europe,2006,886434300.0,10.84960728793189,81701971,49096.586
DEU,Germany,Europe,2007,846152960.0,10.407971625962412,81298546,46953.45
DEU,Germany,Europe,2008,856642500.0,10.561389004026346,81110780,47614.89
DEU,Germany,Europe,2009,789983940.0,9.760687540004188,80935276,44733.39
DEU,Germany,Europe,2010,826704700.0,10.227580496551592,80830916,46636.45
DEU,Germany,Europe,2011,804541600.0,9.950070789021582,80857877,44471.76
DEU,Germany,Europe,2012,814093000.0,10.060915840895571,80916391,44804.355
DEU,Germany,Europe,2013,831745540.0,10.26319489004046,81041581,45949.76
DEU,Germany,Europe,2014,792583600.0,9.739761604141208,81376078,43706.88
DEU,Germany,Europe,2015,800822500.0,9.756901113978238,82077546,43707.9
DEU,Germany,Europe,2016,797988300.0,9.642186037905075,82760102,44080.08
DEU,Germany,Europe,2017,784595140.0,9.441122516229964,83104010,44660.555
DEU,Germany,Europe,2018,758771400.0,9.101415238250578,83368507,43171.746
DEU,Germany,Europe,2019,708648960.0,8.48080278045798,83559184,41634.766
DEU,Germany,Europe,2020,647176800.0,7.738691560127,83628711,38345.117
DEU,Germany,Europe,2021,677997700.0,8.100613545896703,83697080,39936.883
DEU,Germany,Europe,2022,667843000.0,7.942358978718357,84086227,37378.684
DEU,Germany,Europe,2023,593766000.0,7.022807916044798,84548233,33305.375
DJI,Djibouti,Africa,2000,366400.0,0.4902813497723884,747326,4728.524
DJI,Djibouti,Africa,2001,366400.0,0.4750353618708925,771311,4564.458
DJI,Djibouti,Africa,2002,399376.0,0.5019960380906412,795576,4438.1904
DJI,Djibouti,Africa,2003,421360.0,0.5179416074185523,813528,4502.232
DJI,Djibouti,Africa,2004,406704.0,0.492298455575555,826133,4312.1895
DJI,Djibouti,Africa,2005,414032.0,0.4933803954841308,839174,4014.401
DJI,Djibouti,Africa,2006,414032.0,0.4838139353352022,855767,3678.6887
DJI,Djibouti,Africa,2007,454336.0,0.5195201994214035,874530,3746.9573
DJI,Djibouti,Africa,2008,494640.0,0.5540701145575583,892739,4104.582
DJI,Djibouti,Africa,2009,443344.0,0.4863766615031529,911524,3490.7937
DJI,Djibouti,Africa,2010,516623.97,0.5553591607435404,930252,3895.3457
DJI,Djibouti,Africa,2011,315104.0,0.3321902030962559,948565,2885.701
DJI,Djibouti,Africa,2012,293120.0,0.3032001936376782,966754,3735.174
DJI,Djibouti,Africa,2013,380818.0,0.3866828183052355,984833,3784.8696
DJI,Djibouti,Africa,2014,417618.0,0.4164851603638104,1002720,4126.212
DJI,Djibouti,Africa,2015,504921.03,0.4948673058150612,1020316,3576.172
DJI,Djibouti,Africa,2016,427766.0,0.4122410037970048,1037660,3361.599
DJI,Djibouti,Africa,2017,413743.0,0.3922314579217401,1054844,2993.3027
DJI,Djibouti,Africa,2018,471518.0,0.4398956605459909,1071886,2898.561
DJI,Djibouti,Africa,2019,540217.0,0.4961991714965418,1088710,3235.8066
DJI,Djibouti,Africa,2020,463062.0,0.4189874528702226,1105193,2837.7178
DJI,Djibouti,Africa,2021,557615.0,0.497315052561826,1121251,3197.3628
DJI,Djibouti,Africa,2022,550390.0,0.4840291231825493,1137101,2995.47
DJI,Djibouti,Africa,2023,557559.0,0.4835929714272332,1152951,2999.6667
DMA,Dominica,Americas,2000,102592.0,1.497103331533556,68527,6794.599
DMA,Dominica,Americas,2001,109920.0,1.6093939881989487,68299,7494.7505
DMA,Dominica,Americas,2002,102592.0,1.500212034802954,68385,6939.5356
DMA,Dominica,Americas,2003,117248.0,1.7103512661920877,68552,7858.1035
DMA,Dominica,Americas,2004,142896.0,2.0810905277874867,68664,9320.358
DMA,Dominica,Americas,2005,150224.0,2.185076363636364,68750,9073.677
DMA,Dominica,Americas,2006,142896.0,2.076282638071575,68823,9045.517
DMA,Dominica,Americas,2007,172208.0,2.500769655252534,68862,11245.616
DMA,Dominica,Americas,2008,168544.0,2.4474196265210697,68866,10095.776
DMA,Dominica,Americas,2009,186864.0,2.7129313724066844,68879,10169.305
DMA,Dominica,Americas,2010,168544.0,2.447206411894529,68872,10666.588
DMA,Dominica,Americas,2011,150224.0,2.17485848305416,69073,10466.034
DMA,Dominica,Americas,2012,164880.0,2.3847956261390264,69138,10275.347
DMA,Dominica,Americas,2013,157552.0,2.2593607044010726,69733,9915.615
DMA,Dominica,Americas,2014,168544.0,2.3945330813928707,70387,10325.731
DMA,Dominica,Americas,2015,175872.0,2.497153161339789,70429,10921.842
DMA,Dominica,Americas,2016,172208.0,2.473293406293536,69627,11295.757
DMA,Dominica,Americas,2017,153888.0,2.2460810929153165,68514,10885.662
DMA,Dominica,Americas,2018,164880.0,2.4177725639709657,68195,10637.567
DMA,Dominica,Americas,2019,172208.0,2.5361629431083488,67901,11136.957
DMA,Dominica,Americas,2020,157552.0,2.3310646860389417,67588,10187.698
DMA,Dominica,Americas,2021,161216.0,2.398262473594954,67222,10379.506
DMA,Dominica,Americas,2022,164871.0,2.4663934058372106,66847,10770.691
DMA,Dominica,Americas,2023,164537.0,2.473087733537749,66531,11348.95
DNK,Denmark,Europe,2000,54306576.0,10.170420245937054,5339659,42738.79
DNK,Denmark,Europe,2001,55896748.0,10.430784360377508,5358825,43203.016
DNK,Denmark,Europe,2002,55554384.0,10.333840218885271,5375967,42297.9
DNK,Denmark,Europe,2003,60645450.0,11.250178782741358,5390621,45282.83
DNK,Denmark,Europe,2004,55100010.0,10.195032226287488,5404594,42308.01
DNK,Denmark,Europe,2005,51534924.0,9.50907805998653,5419550,40640.184
DNK,Denmark,Europe,2006,59500240.0,10.942723807684704,5437425,45070.746
DNK,Denmark,Europe,2007,54709350.0,10.01708472456077,5461604,42370.7
DNK,Denmark,Europe,2008,51256330.0,9.329914546716804,5493762,40537.27
DNK,Denmark,Europe,2009,48851416.0,8.844816445051745,5523169,37748.99
DNK,Denmark,Europe,2010,49189692.0,8.866418342912093,5547865,39589.605
DNK,Denmark,Europe,2011,44236864.0,7.940777418446887,5570848,36425.477
DNK,Denmark,Europe,2012,39861260.0,7.128378831494278,5591911,33377.58
DNK,Denmark,Europe,2013,41763010.0,7.437316718349562,5615333,34256.445
DNK,Denmark,Europe,2014,37571384.0,6.657113520246572,5643795,32162.486
DNK,Denmark,Europe,2015,35110572.0,6.177416885978108,5683698,30752.408
DNK,Denmark,Europe,2016,36916560.0,6.444709643315278,5728196,31114.156
DNK,Denmark,Europe,2017,34664620.0,6.012772576807876,5765164,30513.816
DNK,Denmark,Europe,2018,34608956.0,5.973422043886732,5793824,30180.834
DNK,Denmark,Europe,2019,30950284.0,5.322840468625798,5814618,28765.967
DNK,Denmark,Europe,2020,28299676.0,4.852874091854812,5831529,25078.506
DNK,Denmark,Europe,2021,29603524.0,5.054578510285697,5856774,27317.38
DNK,Denmark,Europe,2022,29094320.0,4.92881720360887,5902901,26664.795
DNK,Denmark,Europe,2023,28831184.0,4.847097257728222,5948134,24977.033
DOM,Dominican Republic,Americas,2000,18937018.0,2.2060328072658173,8584196,9897.71
DOM,Dominican Republic,Americas,2001,19082666.0,2.1883071050299145,8720287,9479.191
DOM,Dominican Republic,Americas,2002,20870156.0,2.357615385319249,8852231,9836.001
DOM,Dominican Republic,Americas,2003,21260460.0,2.3673694907236977,8980626,8811.658
DOM,Dominican Republic,Americas,2004,17253610.0,1.894983014070792,9104889,7985.0566
DOM,Dominican Republic,Americas,2005,17851854.0,1.9351529831594132,9225035,8632.461
DOM,Dominican Republic,Americas,2006,19030028.0,2.0372173258066666,9341187,8546.778
DOM,Dominican Republic,Americas,2007,19909170.0,2.1055287186102127,9455663,8700.519
DOM,Dominican Republic,Americas,2008,20234688.0,2.11369504347322,9573135,8607.035
DOM,Dominican Republic,Americas,2009,19686474.0,2.030523543954939,9695270,8380.905
DOM,Dominican Republic,Americas,2010,20445240.0,2.081961837766721,9820180,8694.755
DOM,Dominican Republic,Americas,2011,20922328.0,2.1036719368912333,9945623,8425.691
DOM,Dominican Republic,Americas,2012,20902876.0,2.0756729940164296,10070409,9214.968
DOM,Dominican Republic,Americas,2013,20841604.0,2.044529646243152,10193838,8620.207
DOM,Dominican Republic,Americas,2014,21264210.0,2.061379728395739,10315523,8261.616
DOM,Dominican Republic,Americas,2015,22986128.0,2.2028281065731234,10434826,9146.428
DOM,Dominican Republic,Americas,2016,24140366.0,2.287876240471671,10551430,9531.96
DOM,Dominican Republic,Americas,2017,23455196.0,2.19888765620128,10666846,9189.017
DOM,Dominican Republic,Americas,2018,25203124.0,2.337508050418622,10782048,10077.037
DOM,Dominican Republic,Americas,2019,28471104.0,2.6134561796754427,10894043,11143.832
DOM,Dominican Republic,Americas,2020,26227630.0,2.382532703965681,11008298,9056.883
DOM,Dominican Republic,Americas,2021,29362702.0,2.639704660771629,11123480,10685.73
DOM,Dominican Republic,Americas,2022,31224796.0,2.780298776553696,11230734,11823.134
DOM,Dominican Republic,Americas,2023,31828554.0,2.808913458854432,11331269,11660.211
DZA,Algeria,Africa,2000,84552456.0,2.73598065020544,30903894,9702.336
DZA,Algeria,Africa,2001,86019190.0,2.745477945867806,31331226,9915.962
DZA,Algeria,Africa,2002,89658400.0,2.8238126169418174,31750832,10136.463
DZA,Algeria,Africa,2003,94077930.0,2.9238711077790014,32175813,10455.636
DZA,Algeria,Africa,2004,90852530.0,2.7844714245792748,32628286,10705.6045
DZA,Algeria,Africa,2005,109564424.0,3.309177874055649,33109258,11031.258
DZA,Algeria,Africa,2006,103797760.0,3.0870594841317107,33623505,11266.479
DZA,Algeria,Africa,2007,107548696.0,3.145671848191633,34189420,11676.908
DZA,Algeria,Africa,2008,108596090.0,3.119056937849519,34816963,12150.534
DZA,Algeria,Africa,2009,116327976.0,3.277726887706837,35490442,12630.056
DZA,Algeria,Africa,2010,117847360.0,3.2565101195728325,36188237,12121.938
DZA,Algeria,Africa,2011,124715240.0,3.37950779243112,36903374,12567.73
DZA,Algeria,Africa,2012,135593460.0,3.6017867955474347,37646165,13466.118
DZA,Algeria,Africa,2013,141534270.0,3.6844281132048753,38414176,13972.88
DZA,Algeria,Africa,2014,152434660.0,3.8881398779519007,39205035,14926.124
DZA,Algeria,Africa,2015,160321620.0,4.00608472943509,40019528,15421.028
DZA,Algeria,Africa,2016,158308320.0,3.8752884618750527,40850719,15089.877
DZA,Algeria,Africa,2017,165251630.0,3.963885746995716,41689302,14939.87
DZA,Algeria,Africa,2018,174461180.0,4.104482873828141,42505033,15725.629
DZA,Algeria,Africa,2019,182425000.0,4.213578748050765,43294551,16008.428
DZA,Algeria,Africa,2020,171138530.0,3.8857945764340815,44042094,14706.195
DZA,Algeria,Africa,2021,182035800.0,4.066830441316912,44761099,15784.281
DZA,Algeria,Africa,2022,192778560.0,4.238997791232131,45477391,16121.271
DZA,Algeria,Africa,2023,202846660.0,4.394023146323142,46164222,16298.5
ECU,Ecuador,Americas,2000,20949248.0,1.6509490933836333,12689215,6699.158
ECU,Ecuador,Americas,2001,23435994.0,1.8152329967865504,12910736,6911.933
ECU,Ecuador,Americas,2002,24861360.0,1.8922564288863704,13138473,6972.197
ECU,Ecuador,Americas,2003,27112606.0,2.027519416250184,13372304,6937.4414
ECU,Ecuador,Americas,2004,29310272.0,2.1537892671599788,13608700,7370.7163
ECU,Ecuador,Americas,2005,30651712.0,2.213733451912523,13846162,7808.063
ECU,Ecuador,Americas,2006,29781034.0,2.1142085928733625,14086138,8145.564
ECU,Ecuador,Americas,2007,34392656.0,2.400249623432779,14328783,8220.123
ECU,Ecuador,Americas,2008,30487722.0,2.0917531085849177,14575201,8474.574
ECU,Ecuador,Americas,2009,33814696.0,2.2807761521007746,14825960,8971.817
ECU,Ecuador,Americas,2010,36469476.0,2.4189300879363698,15076697,9273.588
ECU,Ecuador,Americas,2011,38480370.0,2.510752153562598,15326232,9461.125
ECU,Ecuador,Americas,2012,37492764.0,2.4076736773460645,15572195,9815.916
ECU,Ecuador,Americas,2013,39684920.0,2.5105705449919693,15807132,10186.304
ECU,Ecuador,Americas,2014,43759816.0,2.7289971573034624,16035127,10534.478
ECU,Ecuador,Americas,2015,41297732.0,2.5388633099902878,16266229,10198.688
ECU,Ecuador,Americas,2016,39374516.0,2.3855908661676466,16505142,9768.044
ECU,Ecuador,Americas,2017,39195870.0,2.338723405778748,16759515,9666.647
ECU,Ecuador,Americas,2018,38451190.0,2.2552623407713828,17049542,10122.705
ECU,Ecuador,Americas,2019,40082630.0,2.31156809131156,17340017,9869.874
ECU,Ecuador,Americas,2020,32473266.0,1.8507442526406783,17546058,8168.556
ECU,Ecuador,Americas,2021,38184976.0,2.159483972077631,17682454,9694.73
ECU,Ecuador,Americas,2022,42065652.0,2.3600700183461534,17823900,10290.237
ECU,Ecuador,Americas,2023,44599590.0,2.480500224720926,17980079,10663.1
EGY,Egypt,Africa,2000,142836850.0,1.9544393234529804,73083287,7397.4414
EGY,Egypt,Africa,2001,126372050.0,1.6928145361342126,74652035,7568.916
EGY,Egypt,Africa,2002,128361896.0,1.683674501050248,76239140,7646.7417
EGY,Egypt,Africa,2003,149954000.0,1.9261036118739248,77853548,7974.7246
EGY,Egypt,Africa,2004,151917090.0,1.91144918719766,79477441,8265.982
EGY,Egypt,Africa,2005,166933900.0,2.0583454618297488,81101012,8321.761
EGY,Egypt,Africa,2006,178389280.0,2.157054516928357,82700404,8608.583
EGY,Egypt,Africa,2007,189201140.0,2.245012068884339,84276224,8986.904
EGY,Egypt,Africa,2008,195859780.0,2.281025525351829,85864791,9349.906
EGY,Egypt,Africa,2009,205242860.0,2.3455888567110774,87501635,9544.026
EGY,Egypt,Africa,2010,202704240.0,2.2725691073866,89196073,9740.279
EGY,Egypt,Africa,2011,221675060.0,2.43350092091532,91093066,10053.23
EGY,Egypt,Africa,2012,212524460.0,2.2812599693004585,93161000,10239.481
EGY,Egypt,Africa,2013,219086560.0,2.2981055221576714,95333551,9940.274
EGY,Egypt,Africa,2014,227254100.0,2.330126463858237,97528655,9605.164
EGY,Egypt,Africa,2015,226653970.0,2.275703182978773,99597334,9523.764
EGY,Egypt,Africa,2016,245163580.0,2.411968968380735,101644583,9874.531
EGY,Egypt,Africa,2017,253363890.0,2.443332005253237,103696055,10077.718
EGY,Egypt,Africa,2018,241903180.0,2.2889703962332617,105682092,9881.632
EGY,Egypt,Africa,2019,234060160.0,2.176227664312491,107553159,9452.792
EGY,Egypt,Africa,2020,246323300.0,2.2533324256211293,109315118,8674.417
EGY,Egypt,Africa,2021,266838990.0,2.4048863791880466,110957005,9197.564
EGY,Egypt,Africa,2022,249898670.0,2.2189890675980304,112618252,9493.542
EGY,Egypt,Africa,2023,250230190.0,2.184733953685666,114535772,9211.607
ERI,Eritrea,Africa,2000,604433.0,0.2689912400157362,2247036,1155.8561
ERI,Eritrea,Africa,2001,637337.0,0.2756548964721422,2312083,1230.6577
ERI,Eritrea,Africa,2002,509024.97,0.2127158427083207,2392981,1084.1193
ERI,Eritrea,Africa,2003,780089.0,0.3127980765914994,2493906,1246.9777
ERI,Eritrea,Africa,2004,633457.0,0.243797839192576,2598288,1303.5225
ERI,Eritrea,Africa,2005,585753.0,0.2201073569779217,2661215,1273.5094
ERI,Eritrea,Africa,2006,453682.0,0.1678127731411972,2703501,861.28796
ERI,Eritrea,Africa,2007,424127.0,0.1546088437482001,2743226,871.6836
ERI,Eritrea,Africa,2008,398365.0,0.1414482175568141,2816331,604.96924
ERI,Eritrea,Africa,2009,446018.0,0.1544444086628043,2887887,713.4375
ERI,Eritrea,Africa,2010,468025.0,0.1589119729022023,2945184,697.40344
ERI,Eritrea,Africa,2011,577818.0,0.1927028010403892,2998493,697.9694
ERI,Eritrea,Africa,2012,608229.0,0.2002730986322677,3036998,732.57043
ERI,Eritrea,Africa,2013,569510.0,0.1852446373513637,3074367,738.2863
ERI,Eritrea,Africa,2014,569107.0,0.1838695023985773,3095168,765.9197
ERI,Eritrea,Africa,2015,557483.0,0.179511610488821,3105554,757.37885
ERI,Eritrea,Africa,2016,554366.0,0.1774141517585688,3124700,766.2677
ERI,Eritrea,Africa,2017,553397.0,0.1756620692938879,3150350,834.887
ERI,Eritrea,Africa,2018,616135.0,0.1929786207119037,3192763,819.6267
ERI,Eritrea,Africa,2019,644580.0,0.1989325330520333,3240194,798.17096
ERI,Eritrea,Africa,2020,640911.0,0.1947301913512597,3291277,767.27045
ERI,Eritrea,Africa,2021,681637.0,0.2034624953547341,3350185,794.3664
ERI,Eritrea,Africa,2022,718277.0,0.2106723958409714,3409450,845.4189
ERI,Eritrea,Africa,2023,731035.0,0.2106491746895378,3470391,870.7759
ESP,Spain,Europe,2000,309259520.0,7.539279350455677,41019772,35835.035
ESP,Spain,Europe,2001,311031300.0,7.540956730368489,41245602,36552.367
ESP,Spain,Europe,2002,331028200.0,7.92773624240023,41755703,37520.63
ESP,Spain,Europe,2003,335538900.0,7.893818221854802,42506540,37842.2
ESP,Spain,Europe,2004,352139300.0,8.144856422970124,43234562,38661.902
ESP,Spain,Europe,2005,367447070.0,8.35888095700703,43958883,38975.535
ESP,Spain,Europe,2006,358869470.0,8.02921778652796,44695446,38251.27
ESP,Spain,Europe,2007,366468500.0,8.051332856187694,45516501,38322.78
ESP,Spain,Europe,2008,335284450.0,7.251736804465789,46235055,36484.36
ESP,Spain,Europe,2009,296159330.0,6.350555895761273,46635182,33107.99
ESP,Spain,Europe,2010,282585100.0,6.032926356907314,46840469,33082.344
ESP,Spain,Europe,2011,283275040.0,6.02737986520289,46998040,32747.002
ESP,Spain,Europe,2012,277432160.0,5.90051159417149,47018323,32507.162
ESP,Spain,Europe,2013,252109170.0,5.380005340970885,46860394,30279.594
ESP,Spain,Europe,2014,253657840.0,5.429298474340439,46720187,29940.248
ESP,Spain,Europe,2015,270248030.0,5.788918367901693,46683683,30913.78
ESP,Spain,Europe,2016,259554690.0,5.554019184140772,46732768,30880.186
ESP,Spain,Europe,2017,273483870.0,5.835119995278715,46868594,31853.057
ESP,Spain,Europe,2018,268520600.0,5.701943886686583,47092817,31721.201
ESP,Spain,Europe,2019,250673650.0,5.284558038757822,47435121,30858.781
ESP,Spain,Europe,2020,211764740.0,4.441422832571881,47679482,26776.49
ESP,Spain,Europe,2021,228805710.0,4.793181074027032,47735670,28660.398
ESP,Spain,Europe,2022,234223470.0,4.897164416127277,47828386,30012.596
ESP,Spain,Europe,2023,215460750.0,4.497049283468676,47911583,28754.945
EST,Estonia,Europe,2000,15470973.0,11.074417985384406,1397001,39162.28
EST,Estonia,Europe,2001,15869932.0,11.432235440225792,1388174,40745.57
EST,Estonia,Europe,2002,15358015.0,11.1335304667553,1379438,39889.203
EST,Estonia,Europe,2003,17250750.0,12.58398992157415,1370849,44421.004
EST,Estonia,Europe,2004,17322094.0,12.711765474263254,1362682,45903.906
EST,Estonia,Europe,2005,17089780.0,12.6138080536031,1354847,46428.27
EST,Estonia,Europe,2006,16438181.0,12.204591334820716,1346885,46553.914
EST,Estonia,Europe,2007,19930490.0,14.86563452620964,1340709,54030.047
EST,Estonia,Europe,2008,17814804.0,13.3236834350726,1337078,49962.93
EST,Estonia,Europe,2009,14404987.0,10.79406876438711,1334528,43105.79
EST,Estonia,Europe,2010,18964736.0,14.243671185549587,1331450,53774.96
EST,Estonia,Europe,2011,18948026.0,14.274906845587427,1327366,53843.414
EST,Estonia,Europe,2012,17761414.0,13.42901297807752,1322615,54253.086
EST,Estonia,Europe,2013,19633820.0,14.897581036785237,1317920,57462.71
EST,Estonia,Europe,2014,18783952.0,14.290274995682628,1314457,55232.918
EST,Estonia,Europe,2015,15779627.0,12.003550183328516,1314580,50881.44
EST,Estonia,Europe,2016,17432910.0,13.248402173500018,1315850,52801.836
EST,Estonia,Europe,2017,18616038.0,14.130570884221552,1317430,58549.34
EST,Estonia,Europe,2018,17800688.0,13.465253424429564,1321972,57873.336
EST,Estonia,Europe,2019,12288094.0,9.2612980490224,1326822,46136.836
EST,Estonia,Europe,2020,9198245.0,6.917664090849268,1329675,42614.066
EST,Estonia,Europe,2021,10390915.0,7.802451661347851,1331750,44617.5
EST,Estonia,Europe,2022,11966227.0,8.863261271630916,1350093,45228.027
EST,Estonia,Europe,2023,8744257.0,6.395764320378586,1367195,39388.066
ETH,Ethiopia,Africa,2000,3462855.0,0.051368908946925,67411496,237.98022
ETH,Ethiopia,Africa,2001,4264586.0,0.061371751951678,69487767,244.97125
ETH,Ethiopia,Africa,2002,4431687.0,0.0618643787067591,71635521,246.01785
ETH,Ethiopia,Africa,2003,4870232.0,0.0659631081441135,73832664,256.37155
ETH,Ethiopia,Africa,2004,5158551.0,0.0678067838212418,76077211,264.8528
ETH,Ethiopia,Africa,2005,4956129.0,0.0632421669418063,78367476,297.26492
ETH,Ethiopia,Africa,2006,5318177.0,0.0658977284688847,80703495,313.91116
ETH,Ethiopia,Africa,2007,5839596.0,0.0702691922230977,83103218,342.7118
ETH,Ethiopia,Africa,2008,6417597.0,0.0750212961403222,85543670,353.99915
ETH,Ethiopia,Africa,2009,6453445.0,0.0733282352153945,88007641,354.18802
ETH,Ethiopia,Africa,2010,6344199.0,0.0700718229118793,90538518,360.90558
ETH,Ethiopia,Africa,2011,7354848.0,0.0789570565326065,93149977,383.1946
ETH,Ethiopia,Africa,2012,7988425.0,0.0833875520177602,95798771,408.92007
ETH,Ethiopia,Africa,2013,9743711.0,0.0989824718623007,98438752,466.4675
ETH,Ethiopia,Africa,2014,11543205.0,0.1141584808637123,101115615,521.37726
ETH,Ethiopia,Africa,2015,12563614.0,0.1209585052597,103867140,533.2451
ETH,Ethiopia,Africa,2016,14323219.0,0.1342153818745924,106718163,597.6683
ETH,Ethiopia,Africa,2017,14602656.0,0.1331551421518199,109666482,581.1099
ETH,Ethiopia,Africa,2018,16117197.0,0.1430552309551297,112664157,614.35406
ETH,Ethiopia,Africa,2019,17177142.0,0.1484148112419752,115737384,688.2325
ETH,Ethiopia,Africa,2020,16735016.0,0.1407277488702898,118917670,578.00854
ETH,Ethiopia,Africa,2021,17905590.0,0.1466005976751589,122138588,636.4998
ETH,Ethiopia,Africa,2022,16959748.0,0.1352621502766475,125384285,651.31836
ETH,Ethiopia,Africa,2023,17570662.0,0.1365329907264023,128691695,686.2303
FIN,Finland,Europe,2000,57017000.0,11.015229907207935,5176197,64459.617
FIN,Finland,Europe,2001,62520000.0,12.05095634708759,5187970,67320.78
FIN,Finland,Europe,2002,65049004.0,12.508105684247122,5200548,68465.33
FIN,Finland,Europe,2003,72658000.0,13.937959983564037,5212958,73427.625
FIN,Finland,Europe,2004,68946000.0,13.187463933206162,5228147,72581.77
FIN,Finland,Europe,2005,57064000.0,10.877459313414708,5246078,64841.484
FIN,Finland,Europe,2006,68374000.0,12.983437164372054,5266248,71739.484
FIN,Finland,Europe,2007,66764000.0,12.623860427343882,5288715,70316.68
FIN,Finland,Europe,2008,58625000.0,11.033468532924152,5313379,65748.95
FIN,Finland,Europe,2009,55921000.0,10.474345243379949,5338854,61902.734
FIN,Finland,Europe,2010,64092004.0,11.950001370412917,5363347,67269.82
FIN,Finland,Europe,2011,56646000.0,10.512902552894865,5388236,62751.04
FIN,Finland,Europe,2012,51154000.0,9.448505331938918,5413978,59016.145
FIN,Finland,Europe,2013,51719000.0,9.508817429197745,5439057,59927.203
FIN,Finland,Europe,2014,47622000.0,8.719285583242977,5461686,57865.88
FIN,Finland,Europe,2015,44192000.0,8.064647110554391,5479719,56196.72
FIN,Finland,Europe,2016,47252000.0,8.598357774078568,5495468,57126.125
FIN,Finland,Europe,2017,44657000.0,8.107075777748811,5508398,55383.605
FIN,Finland,Europe,2018,45736000.0,8.291921468237206,5515730,56535.566
FIN,Finland,Europe,2019,42444000.0,7.686687961832417,5521754,55954.652
FIN,Finland,Europe,2020,37720000.0,6.821450169415019,5529616,51709.22
FIN,Finland,Europe,2021,37820000.0,6.825397770718971,5541069,53364.996
FIN,Finland,Europe,2022,36337000.0,6.524518341622825,5569300,52294.41
FIN,Finland,Europe,2023,31799000.0,5.677191522865251,5601185,53786.12
FJI,Fiji,Oceania,2000,814852.0,0.9690086846082768,840913,8367.793
FJI,Fiji,Oceania,2001,1003936.06,1.181648976113634,849606,8554.315
FJI,Fiji,Oceania,2002,835392.0,0.9735856708820044,858057,6991.956
FJI,Fiji,Oceania,2003,992944.0,1.1461935110014232,866297,7978.8716
FJI,Fiji,Oceania,2004,1300581.0,1.4874509503424755,874369,10608.364
FJI,Fiji,Oceania,2005,1022256.0,1.1585160202360878,882384,8964.338
FJI,Fiji,Oceania,2006,1150496.0,1.2921549468198614,890370,9767.231
FJI,Fiji,Oceania,2007,1084544.0,1.2079439278359356,897843,8910.277
FJI,Fiji,Oceania,2008,791424.0,0.876047566811268,903403,6637.7036
FJI,Fiji,Oceania,2009,703488.0,0.77540870853394,907248,5664.729
FJI,Fiji,Oceania,2010,1029584.06,1.1308804110598654,910427,8167.1333
FJI,Fiji,Oceania,2011,930656.0,1.0193484930300518,912991,6010.7983
FJI,Fiji,Oceania,2012,908672.0,0.9931709876273336,914920,5984.5786
FJI,Fiji,Oceania,2013,1036911.94,1.1315564533114204,916359,6535.18
FJI,Fiji,Oceania,2014,1179808.0,1.2857695547788826,917589,7192.553
FJI,Fiji,Oceania,2015,1461936.0,1.5915086791097175,918585,8396.482
FJI,Fiji,Oceania,2016,1344688.0,1.462941989866912,919167,8567.062
FJI,Fiji,Oceania,2017,1454608.0,1.5832261238492666,918762,8747.131
FJI,Fiji,Oceania,2018,1480256.0,1.6139121333209767,917185,9598.905
FJI,Fiji,Oceania,2019,1509456.0,1.6498481811246182,914906,9839.549
FJI,Fiji,Oceania,2020,1370240.0,1.4975775188503242,914971,7372.4404
FJI,Fiji,Oceania,2021,1088327.0,1.187199335019057,916718,6450.6025
FJI,Fiji,Oceania,2022,1388656.0,1.510347737941416,919428,8510.406
FJI,Fiji,Oceania,2023,1382096.0,1.495532110588108,924150,10733.714
FRA,France,Europe,2000,407444640.0,6.849683701670554,59483716,51568.535
FRA,France,Europe,2001,411591650.0,6.870724479343848,59905131,51535.855
FRA,France,Europe,2002,407026600.0,6.746977862258492,60327247,51421.645
FRA,France,Europe,2003,412989100.0,6.79916845127598,60741119,51839.516
FRA,France,Europe,2004,414073000.0,6.7686366727037495,61175244,52065.848
FRA,France,Europe,2005,416342900.0,6.756068001004333,61625031,51656.055
FRA,France,Europe,2006,406669020.0,6.553910195178452,62049831,50851.95
FRA,France,Europe,2007,396461200.0,6.350243762705534,62432438,49681.234
FRA,France,Europe,2008,389794300.0,6.208874465442418,62780187,49461.57
FRA,France,Europe,2009,371404200.0,5.885359438637503,63106460,46510.01
FRA,France,Europe,2010,377079400.0,5.9459959279923424,63417366,47739.81
FRA,France,Europe,2011,355126820.0,5.572034834402405,63733776,46474.76
FRA,France,Europe,2012,358100260.0,5.590209818483786,64058465,45705.516
FRA,France,Europe,2013,360013340.0,5.591334039140621,64387736,45685.6
FRA,France,Europe,2014,327808770.0,5.067183913682723,64692495,43859.258
FRA,France,Europe,2015,332131000.0,5.116292991084817,64916337,44294.2
FRA,France,Europe,2016,335496400.0,5.154595506407415,65086853,43038.45
FRA,France,Europe,2017,338368030.0,5.182954678177262,65284775,42990.832
FRA,France,Europe,2018,323101730.0,4.931379933286158,65519537,43063.93
FRA,France,Europe,2019,316320800.0,4.812466130103609,65729460,41993.977
FRA,France,Europe,2020,281515500.0,4.271517090901058,65905273,36957.543
FRA,France,Europe,2021,307271840.0,4.649747992491989,66083547,39543.992
FRA,France,Europe,2022,295303800.0,4.455572284566573,66277412,34637.86
FRA,France,Europe,2023,270262660.0,4.067842075721143,66438828,35845.73
FRO,Faroe Islands,Europe,2000,688832.0,15.077199203274455,45687,66991.57
FRO,Faroe Islands,Europe,2001,762112.0,16.473823008084388,46262,73115.35
FRO,Faroe Islands,Europe,2002,729136.0,15.562537351660549,46852,69818.11
FRO,Faroe Islands,Europe,2003,732800.0,15.444275838813017,47448,69047.695
FRO,Faroe Islands,Europe,2004,747456.0,15.558710268312485,48041,69676.7
FRO,Faroe Islands,Europe,2005,721808.0,14.917703467945271,48386,67423.7
FRO,Faroe Islands,Europe,2006,677840.0,13.988773320125476,48456,66438.36
FRO,Faroe Islands,Europe,2007,692496.0,14.278856860076704,48498,69226.16
FRO,Faroe Islands,Europe,2008,633872.0,13.061984833498189,48528,64121.266
FRO,Faroe Islands,Europe,2009,575248.0,11.857849604221636,48512,59341.21
FRO,Faroe Islands,Europe,2010,626544.0,13.00126579651802,48191,63168.363
FRO,Faroe Islands,Europe,2011,564256.0,11.765873595095606,47957,59551.445
FRO,Faroe Islands,Europe,2012,593568.0,12.336956747656558,48113,60721.0
FRO,Faroe Islands,Europe,2013,648528.0,13.427914777315362,48297,66176.43
FRO,Faroe Islands,Europe,2014,597232.0,12.310254560445223,48515,59955.434
FRO,Faroe Islands,Europe,2015,608224.0,12.434050208520729,48916,63065.277
FRO,Faroe Islands,Europe,2016,626544.0,12.643661460225209,49554,63143.918
FRO,Faroe Islands,Europe,2017,703488.0,13.994748149916449,50268,70292.41
FRO,Faroe Islands,Europe,2018,725472.0,14.207669108143042,51062,71303.8
FRO,Faroe Islands,Europe,2019,740128.0,14.26945322742346,51868,65248.836
FRO,Faroe Islands,Europe,2020,758448.0,14.415052741613607,52615,68202.64
FRO,Faroe Islands,Europe,2021,784096.0,14.704373265321433,53324,69850.24
FRO,Faroe Islands,Europe,2022,722922.0,13.377782712485429,54039,64506.117
FRO,Faroe Islands,Europe,2023,713659.0,13.037725163506156,54738,65445.973
FSM,Micronesia (country),Oceania,2000,179536.0,1.602041635807151,112067,4693.6655
FSM,Micronesia (country),Oceania,2001,164880.0,1.467191087223478,112378,5317.8896
FSM,Micronesia (country),Oceania,2002,150224.0,1.3357518850476595,112464,4942.726
FSM,Micronesia (country),Oceania,2003,161216.0,1.435608826515165,112298,5338.6006
FSM,Micronesia (country),Oceania,2004,142896.0,1.276552408007933,111939,5153.893
FSM,Micronesia (country),Oceania,2005,113584.0,1.0194220068210376,111420,4418.712
FSM,Micronesia (country),Oceania,2006,113584.0,1.0256910392905842,110739,4578.7373
FSM,Micronesia (country),Oceania,2007,128240.01,1.1669215440052412,109896,5145.256
FSM,Micronesia (country),Oceania,2008,113584.0,1.0425619796781922,108947,4518.136
FSM,Micronesia (country),Oceania,2009,146560.0,1.3574392412566687,107968,6295.3696
FSM,Micronesia (country),Oceania,2010,102592.0,0.9538206937587742,107559,4416.757
FSM,Micronesia (country),Oceania,2011,117248.0,1.0885323826500295,107712,5094.9917
FSM,Micronesia (country),Oceania,2012,128240.01,1.188419857656522,107908,5662.862
FSM,Micronesia (country),Oceania,2013,135568.0,1.253715332044797,108133,5951.2266
FSM,Micronesia (country),Oceania,2014,139232.0,1.2843451068657927,108407,6217.404
FSM,Micronesia (country),Oceania,2015,142896.0,1.3142641662144638,108727,6516.4985
FSM,Micronesia (country),Oceania,2016,142896.0,1.3099149310648284,109088,6870.513
FSM,Micronesia (country),Oceania,2017,142896.0,1.3050458925065072,109495,6916.5264
FSM,Micronesia (country),Oceania,2018,142896.0,1.2999408687741645,109925,6183.7524
FSM,Micronesia (country),Oceania,2019,142896.0,1.295603528782425,110293,6184.936
FSM,Micronesia (country),Oceania,2020,142896.0,1.2881637068421528,110930,6090.1875
FSM,Micronesia (country),Oceania,2021,142896.0,1.2800286648452546,111635,5979.873
FSM,Micronesia (country),Oceania,2022,144721.0,1.29074579475928,112122,6059.8916
FSM,Micronesia (country),Oceania,2023,144037.0,1.278669460078476,112646,6079.9126
GAB,Gabon,Africa,2000,6128187.0,4.804243252862624,1275578,7757.7915
GAB,Gabon,Africa,2001,6480018.0,4.948112163006245,1309594,8111.225
GAB,Gabon,Africa,2002,6250311.0,4.646580807082078,1345142,7863.2065
GAB,Gabon,Africa,2003,6746069.0,4.880131283303698,1382354,7451.31
GAB,Gabon,Africa,2004,6386339.0,4.492296816308156,1421620,7436.644
GAB,Gabon,Africa,2005,6223081.0,4.252181922414918,1463503,7924.9673
GAB,Gabon,Africa,2006,5542535.0,3.6745974708586537,1508338,7758.772
GAB,Gabon,Africa,2007,5037635.0,3.237051178415696,1556242,7646.1675
GAB,Gabon,Africa,2008,5378889.0,3.3467827539133714,1607182,7469.989
GAB,Gabon,Africa,2009,5304448.0,3.192437018790094,1661567,7094.3774
GAB,Gabon,Africa,2010,5528293.0,3.2143424872505864,1719883,8195.28
GAB,Gabon,Africa,2011,5446851.0,3.0566165746439227,1781987,8191.3027
GAB,Gabon,Africa,2012,5016169.0,2.7160041215165145,1846893,10072.727
GAB,Gabon,Africa,2013,5190347.0,2.7131110821871336,1913061,9807.213
GAB,Gabon,Africa,2014,5663490.0,2.8626617468661544,1978400,10070.404
GAB,Gabon,Africa,2015,5772070.0,2.8280736309340075,2040990,9274.061
GAB,Gabon,Africa,2016,5613028.0,2.67247596783332,2100310,8849.8
GAB,Gabon,Africa,2017,5500517.0,2.550193286482186,2156902,9252.113
GAB,Gabon,Africa,2018,5563362.0,2.5147184855717075,2212320,7534.4546
GAB,Gabon,Africa,2019,5607272.0,2.472657230132058,2267711,7261.892
GAB,Gabon,Africa,2020,5636101.0,2.426699154115024,2322538,6859.322
GAB,Gabon,Africa,2021,5545125.0,2.33309098344826,2376729,6564.7666
GAB,Gabon,Africa,2022,5783253.0,2.379205183585313,2430750,6844.557
GAB,Gabon,Africa,2023,5320944.0,2.1414059135782098,2484790,6684.277
GBR,United Kingdom,Europe,2000,569033660.0,9.635275267171307,59057333,45177.81
GBR,United Kingdom,Europe,2001,577970560.0,9.748509544791412,59288095,45546.605
GBR,United Kingdom,Europe,2002,560273200.0,9.409909486549417,59540764,44315.223
GBR,United Kingdom,Europe,2003,571618750.0,9.555584605481894,59820385,44818.93
GBR,United Kingdom,Europe,2004,573429760.0,9.530166247066392,60169964,44837.89
GBR,United Kingdom,Europe,2005,570338370.0,9.41212890128404,60596107,44881.73
GBR,United Kingdom,Europe,2006,567845600.0,9.301153707436493,61051093,43949.188
GBR,United Kingdom,Europe,2007,559566460.0,9.093339543695976,61535859,42312.145
GBR,United Kingdom,Europe,2008,544932400.0,8.785363439064891,62027303,41152.676
GBR,United Kingdom,Europe,2009,494107700.0,7.904936247786661,62506222,38600.117
GBR,United Kingdom,Europe,2010,511904580.0,8.124633589286892,63006482,39123.223
GBR,United Kingdom,Europe,2011,469713300.0,7.395978399064011,63509285,36405.977
GBR,United Kingdom,Europe,2012,487476770.0,7.621529873255501,63960488,36828.24
GBR,United Kingdom,Europe,2013,477611260.0,7.417546426052269,64389386,36600.387
GBR,United Kingdom,Europe,2014,438807070.0,6.76483291363165,64865914,34023.996
GBR,United Kingdom,Europe,2015,422460800.0,6.461413059080522,65382107,33927.492
GBR,United Kingdom,Europe,2016,399430140.0,6.061766254775386,65893359,33180.453
GBR,United Kingdom,Europe,2017,387367140.0,5.837845174356219,66354473,32674.855
GBR,United Kingdom,Europe,2018,379729760.0,5.688624599720822,66752473,32206.328
GBR,United Kingdom,Europe,2019,364753280.0,5.435077830359686,67110958,30987.209
GBR,United Kingdom,Europe,2020,326263200.0,4.844160205820597,67351860,27432.844
GBR,United Kingdom,Europe,2021,342365570.0,5.059431092514912,67668788,27696.584
GBR,United Kingdom,Europe,2022,311118000.0,4.563231531440291,68179315,27354.86
GBR,United Kingdom,Europe,2023,307826140.0,4.481841166874494,68682965,25932.873
GEO,Georgia,Asia,2000,4497437.0,1.0390623610184089,4328361,6619.5894
GEO,Georgia,Asia,2001,3722914.0,0.8843780265348042,4209641,6177.1333
GEO,Georgia,Asia,2002,3346546.0,0.8107229567712424,4127854,7386.652
GEO,Georgia,Asia,2003,3730516.0,0.9131137056053756,4085489,6423.026
GEO,Georgia,Asia,2004,4277990.0,1.0547114994886684,4056076,7060.5864
GEO,Georgia,Asia,2005,5045534.0,1.2531954343309402,4026135,8406.679
GEO,Georgia,Asia,2006,6272766.0,1.5695318802257128,3996584,7841.375
GEO,Georgia,Asia,2007,6609306.0,1.6658229979292225,3967592,9815.2295
GEO,Georgia,Asia,2008,5746696.0,1.4581111501291997,3941192,9738.182
GEO,Georgia,Asia,2009,6170558.0,1.5745497182270185,3918935,9947.294
GEO,Georgia,Asia,2010,6289892.0,1.6144768440516928,3895932,10140.076
GEO,Georgia,Asia,2011,7814204.0,2.019840133335953,3868724,9922.715
GEO,Georgia,Asia,2012,8293624.0,2.160243466881711,3839208,10914.35
GEO,Georgia,Asia,2013,8028035.0,2.10757816487133,3809128,12308.174
GEO,Georgia,Asia,2014,9058119.0,2.3881644252543093,3792921,13072.275
GEO,Georgia,Asia,2015,9790616.0,2.5822063155895845,3791570,14169.743
GEO,Georgia,Asia,2016,10042935.0,2.6484107191313644,3792061,14855.349
GEO,Georgia,Asia,2017,10059788.0,2.652296156462405,3792860,14774.392
GEO,Georgia,Asia,2018,9888335.0,2.605703578056861,3794881,14901.221
GEO,Georgia,Asia,2019,10517087.0,2.7700440011146457,3796722,15727.646
GEO,Georgia,Asia,2020,10377979.0,2.734155408253593,3795680,14982.388
GEO,Georgia,Asia,2021,10749759.0,2.837508479721258,3788450,16341.953
GEO,Georgia,Asia,2022,11999864.0,3.1622011488406976,3794782,18080.918
GEO,Georgia,Asia,2023,11922203.0,3.131246694019741,3807494,17783.207
GHA,Ghana,Africa,2000,5312800.0,0.2705493203293666,19637085,1456.7996
GHA,Ghana,Africa,2001,5968656.0,0.2959604499869663,20167073,1417.9863
GHA,Ghana,Africa,2002,6483251.0,0.3127564474635821,20729392,1372.1799
GHA,Ghana,Africa,2003,6684573.0,0.313878199966098,21296710,1292.5305
GHA,Ghana,Africa,2004,6450628.0,0.2949762254017208,21868298,1432.9792
GHA,Ghana,Africa,2005,6113072.0,0.272303913423966,22449446,1418.505
GHA,Ghana,Africa,2006,8523184.0,0.3699185580440597,23040704,1338.3616
GHA,Ghana,Africa,2007,8981875.0,0.3799072458481591,23642284,1358.3431
GHA,Ghana,Africa,2008,8324322.5,0.3432718094824545,24249945,1428.3232
GHA,Ghana,Africa,2009,6867658.0,0.2762237052042727,24862667,1628.5824
GHA,Ghana,Africa,2010,8942513.0,0.3510309322865554,25475000,1644.7517
GHA,Ghana,Africa,2011,10328553.0,0.3958044445984112,26095091,2109.0232
GHA,Ghana,Africa,2012,12640586.0,0.4728232557511476,26734273,2108.6604
GHA,Ghana,Africa,2013,12609988.0,0.4604505635376191,27386193,2177.4734
GHA,Ghana,Africa,2014,13256576.0,0.4727469110883576,28041592,2158.4722
GHA,Ghana,Africa,2015,14568119.0,0.50766946457583,28696071,2515.0815
GHA,Ghana,Africa,2016,13913649.0,0.4739508166030447,29356736,2512.5312
GHA,Ghana,Africa,2017,12437270.0,0.4144601151865527,30008364,2457.8662
GHA,Ghana,Africa,2018,15189658.0,0.4957849820573366,30637592,2403.126
GHA,Ghana,Africa,2019,16415195.0,0.5251359586918853,31258943,2559.0237
GHA,Ghana,Africa,2020,19164054.0,0.6009838495610328,31887802,2952.8743
GHA,Ghana,Africa,2021,20556058.0,0.6321311128975725,32518662,3169.9604
GHA,Ghana,Africa,2022,20745210.0,0.6258141988066542,33149152,3061.5464
GHA,Ghana,Africa,2023,20135648.0,0.5959422889532459,33787916,3158.5186
GIN,Guinea,Africa,2000,1443616.0,0.1712710780858616,8428837,827.21655
GIN,Guinea,Africa,2001,1516896.0,0.177623251997696,8539963,868.49243
GIN,Guinea,Africa,2002,1579184.0,0.182057976922488,8674072,889.33453
GIN,Guinea,Africa,2003,1652464.0,0.1862814924037205,8870790,884.89343
GIN,Guinea,Africa,2004,1722080.0,0.190017923970762,9062724,912.3422
GIN,Guinea,Africa,2005,1784368.0,0.1929913591447141,9245844,917.8448
GIN,Guinea,Africa,2006,1846656.0,0.195596013800826,9441174,923.55316
GIN,Guinea,Africa,2007,1927264.0,0.1994626939941078,9662278,948.9217
GIN,Guinea,Africa,2008,1963904.0,0.1983967867039369,9898870,938.4709
GIN,Guinea,Africa,2009,2092144.0,0.2062538324884606,10143540,968.74414
GIN,Guinea,Africa,2010,2458544.0,0.2364873716945505,10396090,1101.5193
GIN,Guinea,Africa,2011,2557472.0,0.239984715879383,10656812,1108.6844
GIN,Guinea,Africa,2012,2392592.0,0.219070134540973,10921580,1037.6428
GIN,Guinea,Africa,2013,2077488.0,0.1856246773328577,11191874,892.73785
GIN,Guinea,Africa,2014,2370608.0,0.2066263682980123,11472921,911.53503
GIN,Guinea,Africa,2015,2454399.0,0.2085818763657278,11767077,1024.4916
GIN,Guinea,Africa,2016,2699814.0,0.2236235457359465,12073031,1114.532
GIN,Guinea,Africa,2017,4847472.0,0.3913775179505861,12385668,1077.2102
GIN,Guinea,Africa,2018,3770256.0,0.2967589511220032,12704776,1257.4487
GIN,Guinea,Africa,2019,4104165.0,0.3148730327843761,13034349,1416.3385
GIN,Guinea,Africa,2020,4430248.0,0.3313280012205351,13371185,1554.8408
GIN,Guinea,Africa,2021,4067529.2,0.2966722402477223,13710515,1529.5032
GIN,Guinea,Africa,2022,4052384.0,0.2883205114486263,14055136,1532.4482
GIN,Guinea,Africa,2023,3875027.0,0.2689969344281675,14405469,1484.0073
GMB,Gambia,Africa,2000,274800.0,0.1888536487308388,1455095,869.7758
GMB,Gambia,Africa,2001,300448.0,0.2009654700964466,1495023,922.14636
GMB,Gambia,Africa,2002,300448.0,0.1956423780686332,1535700,893.92395
GMB,Gambia,Africa,2003,300448.0,0.1904439538316919,1577619,870.17145
GMB,Gambia,Africa,2004,318768.0,0.1966115034210011,1621309,893.532
GMB,Gambia,Africa,2005,318768.0,0.1912185407025047,1667035,876.98395
GMB,Gambia,Africa,2006,348080.0,0.202928376333962,1715285,926.24524
GMB,Gambia,Africa,2007,348080.0,0.1971255729768974,1765778,932.29395
GMB,Gambia,Africa,2008,362736.0,0.1995402283675466,1817859,940.8304
GMB,Gambia,Africa,2009,373728.0,0.1997020457105483,1871428,980.9676
GMB,Gambia,Africa,2010,432352.0,0.2244079570899299,1926634,1039.4052
GMB,Gambia,Africa,2011,443344.0,0.2234838956842601,1983785,1061.075
GMB,Gambia,Africa,2012,450672.0,0.2205827721346563,2043097,1004.84424
GMB,Gambia,Africa,2013,428688.0,0.2037659976471427,2103825,971.19305
GMB,Gambia,Africa,2014,505631.97,0.2335984264518707,2164535,1043.8901
GMB,Gambia,Africa,2015,582576.0,0.2618872301115292,2224530,1039.6771
GMB,Gambia,Africa,2016,589904.0,0.2583021532331337,2283775,1020.9191
GMB,Gambia,Africa,2017,597232.0,0.2549885982825483,2342191,1012.60077
GMB,Gambia,Africa,2018,648528.0,0.2702613274613243,2399633,805.15027
GMB,Gambia,Africa,2019,710816.0,0.2893204175921415,2456847,804.54846
GMB,Gambia,Africa,2020,699824.0,0.278177747815358,2515744,707.1156
GMB,Gambia,Africa,2021,725472.0,0.2816256892914055,2576015,792.08984
GMB,Gambia,Africa,2022,807998.0,0.3064694030507435,2636472,796.3427
GMB,Gambia,Africa,2023,772635.0,0.2863895863588952,2697846,827.3441
GNB,Guinea-Bissau,Africa,2000,51296.0,0.0415437332506173,1234747,807.3022
GNB,Guinea-Bissau,Africa,2001,47632.0,0.037764780409758,1261281,804.84686
GNB,Guinea-Bissau,Africa,2002,62288.0,0.0483108498530617,1289317,804.3506
GNB,Guinea-Bissau,Africa,2003,73280.0,0.0555652865577957,1318809,914.2278
GNB,Guinea-Bissau,Africa,2004,43968.0,0.0325792901289226,1349569,924.36456
GNB,Guinea-Bissau,Africa,2005,91600.0,0.0663004219775765,1381590,914.5711
GNB,Guinea-Bissau,Africa,2006,117248.0,0.0828423354518252,1415315,913.12976
GNB,Guinea-Bissau,Africa,2007,84272.0,0.0580790068015677,1450989,946.34094
GNB,Guinea-Bissau,Africa,2008,117248.0,0.0787925747567804,1488059,898.6965
GNB,Guinea-Bissau,Africa,2009,98928.0,0.0648120001257874,1526384,907.719
GNB,Guinea-Bissau,Africa,2010,102592.0,0.0654974105437347,1566352,907.7422
GNB,Guinea-Bissau,Africa,2011,109920.0,0.0683546381905422,1608084,897.1478
GNB,Guinea-Bissau,Africa,2012,113584.0,0.0687793874986753,1651425,890.79926
GNB,Guinea-Bissau,Africa,2013,142896.0,0.0842557105626245,1695980,887.90247
GNB,Guinea-Bissau,Africa,2014,142896.0,0.082071027599381,1741126,908.4122
GNB,Guinea-Bissau,Africa,2015,153888.0,0.086141259171065,1786461,915.1728
GNB,Guinea-Bissau,Africa,2016,168544.0,0.0920051225559501,1831898,929.2111
GNB,Guinea-Bissau,Africa,2017,183200.0,0.0975987094808196,1877074,733.80505
GNB,Guinea-Bissau,Africa,2018,197856.0,0.1029338241682434,1922167,489.60825
GNB,Guinea-Bissau,Africa,2019,256480.02,0.130344818123051,1967704,600.0962
GNB,Guinea-Bissau,Africa,2020,311440.0,0.1546944531230209,2013259,697.8803
GNB,Guinea-Bissau,Africa,2021,340752.0,0.1655067098430621,2058841,738.1942
GNB,Guinea-Bissau,Africa,2022,344416.0,0.163576478187254,2105535,733.94556
GNB,Guinea-Bissau,Africa,2023,329342.0,0.1529445146453676,2153343,670.24255
GNQ,Equatorial Guinea,Africa,2000,2699265.0,3.838070375252209,703287,4588.026
GNQ,Equatorial Guinea,Africa,2001,3091017.0,4.122257400284862,749836,2431.702
GNQ,Equatorial Guinea,Africa,2002,2765123.0,3.465205371643976,797968,35377.777
GNQ,Equatorial Guinea,Africa,2003,3129772.0,3.6913478175232672,847867,36078.625
GNQ,Equatorial Guinea,Africa,2004,6137383.0,6.819890346295909,899924,6878.5938
GNQ,Equatorial Guinea,Africa,2005,6206022.0,6.55079008201653,947370,23845.182
GNQ,Equatorial Guinea,Africa,2006,6172399.0,6.2325493336187545,990349,27874.07
GNQ,Equatorial Guinea,Africa,2007,5711390.0,5.512642692989644,1036053,29474.863
GNQ,Equatorial Guinea,Africa,2008,5925540.0,5.463653647912752,1084538,27828.389
GNQ,Equatorial Guinea,Africa,2009,4883218.0,4.299807252551989,1135683,28164.0
GNQ,Equatorial Guinea,Africa,2010,6376580.0,5.362539809620241,1189097,25870.34
GNQ,Equatorial Guinea,Africa,2011,6066920.0,4.885416272427352,1241843,26635.107
GNQ,Equatorial Guinea,Africa,2012,6875031.0,5.315122324572763,1293485,24796.076
GNQ,Equatorial Guinea,Africa,2013,8168394.0,6.0676516468333554,1346220,24355.91
GNQ,Equatorial Guinea,Africa,2014,7641309.0,5.45874460380518,1399829,21868.37
GNQ,Equatorial Guinea,Africa,2015,7009905.0,4.82136630156301,1453925,18663.375
GNQ,Equatorial Guinea,Africa,2016,7537713.0,4.997847091086546,1508192,17766.676
GNQ,Equatorial Guinea,Africa,2017,6815631.0,4.362280234075631,1562401,23779.68
GNQ,Equatorial Guinea,Africa,2018,7034368.0,4.351805991617304,1616425,16651.627
GNQ,Equatorial Guinea,Africa,2019,5513671.0,3.3012356722373104,1670184,15984.577
GNQ,Equatorial Guinea,Africa,2020,6389506.0,3.722449269696862,1716479,17686.465
GNQ,Equatorial Guinea,Africa,2021,7087588.0,4.029795382750472,1758796,19906.076
GNQ,Equatorial Guinea,Africa,2022,7496825.0,4.15670713687291,1803549,20471.13
GNQ,Equatorial Guinea,Africa,2023,6913363.0,3.741896321410555,1847556,19511.662
GRC,Greece,Europe,2000,102972760.0,9.549867110441804,10782638,33845.367
GRC,Greece,Europe,2001,105361460.0,9.716853915175696,10843166,34167.504
GRC,Greece,Europe,2002,105000264.0,9.641643420416743,10890287,33950.277
GRC,Greece,Europe,2003,109066560.0,9.989182547330133,10918467,35472.293
GRC,Greece,Europe,2004,109484850.0,10.001019423023012,10947369,35379.344
GRC,Greece,Europe,2005,113888810.0,10.371121374987023,10981340,35321.29
GRC,Greece,Europe,2006,112419370.0,10.20499982434811,11016107,36060.062
GRC,Greece,Europe,2007,114545450.0,10.370104774357744,11045737,37232.4
GRC,Greece,Europe,2008,111080040.0,10.028103596736768,11076874,36245.88
GRC,Greece,Europe,2009,104319480.0,9.39132614162302,11108067,34405.72
GRC,Greece,Europe,2010,97354140.0,8.751196665140329,11124666,32367.1
GRC,Greece,Europe,2011,94505224.0,8.507210565137417,11108838,32165.217
GRC,Greece,Europe,2012,91392590.0,8.272101992968867,11048291,30048.53
GRC,Greece,Europe,2013,81713256.0,7.450467534452138,10967534,27706.56
GRC,Greece,Europe,2014,78635700.0,7.218808411032639,10893169,26389.102
GRC,Greece,Europe,2015,74926664.0,6.924253079826432,10820902,26518.014
GRC,Greece,Europe,2016,71359610.0,6.622390632978163,10775506,26212.955
GRC,Greece,Europe,2017,74841750.0,6.959736577712327,10753532,27875.854
GRC,Greece,Europe,2018,71778090.0,6.6889497808467295,10730846,27768.762
GRC,Greece,Europe,2019,65736330.0,6.132932148387925,10718581,27170.318
GRC,Greece,Europe,2020,55576930.0,5.194411446655271,10699370,23293.893
GRC,Greece,Europe,2021,57527910.0,5.437646231256665,10579561,25281.47
GRC,Greece,Europe,2022,57609050.0,5.5326919684175175,10412481,26794.645
GRC,Greece,Europe,2023,51988224.0,5.075532636721401,10242910,25947.395
GRD,Grenada,Americas,2000,186864.0,1.7388197197253086,107466,8029.1514
GRD,Grenada,Americas,2001,194192.0,1.7981073723587473,107998,8315.537
GRD,Grenada,Americas,2002,201520.0,1.8588005239175756,108414,8511.827
GRD,Grenada,Americas,2003,212512.0,1.951531291611185,108895,8964.266
GRD,Grenada,Americas,2004,205184.0,1.876602827928076,109338,8669.782
GRD,Grenada,Americas,2005,216176.0,1.9698206735675756,109744,9082.895
GRD,Grenada,Americas,2006,223504.0,2.029106029106029,110149,9363.215
GRD,Grenada,Americas,2007,238160.0,2.1546701407737125,110532,9904.05
GRD,Grenada,Americas,2008,260144.0,2.345520282027932,110911,10495.343
GRD,Grenada,Americas,2009,249152.0,2.239246490392393,111266,10157.667
GRD,Grenada,Americas,2010,256480.02,2.298208064516129,111600,10496.202
GRD,Grenada,Americas,2011,249152.0,2.222725772349745,112093,10426.515
GRD,Grenada,Americas,2012,267472.0,2.3713738563018656,112792,10542.418
GRD,Grenada,Americas,2013,300448.0,2.6471422655706216,113499,11826.311
GRD,Grenada,Americas,2014,241824.0,2.11851280793356,114148,9935.014
GRD,Grenada,Americas,2015,260144.0,2.268216337812034,114691,10308.972
GRD,Grenada,Americas,2016,274800.0,2.386514629126247,115147,10564.159
GRD,Grenada,Americas,2017,293120.0,2.538978587762456,115448,11447.519
GRD,Grenada,Americas,2018,307776.0,2.660052029765866,115703,12157.783
GRD,Grenada,Americas,2019,333424.0,2.874468727100306,115995,13225.631
GRD,Grenada,Americas,2020,289456.0,2.487739894974775,116353,11376.105
GRD,Grenada,Americas,2021,311440.0,2.668814698018784,116696,12173.642
GRD,Grenada,Americas,2022,342393.0,2.9282378899835795,116928,12408.829
GRD,Grenada,Americas,2023,362973.0,3.099842861290929,117094,13788.242
GRL,Greenland,Americas,2000,667204.0,11.866045386640108,56228,46938.58
GRL,Greenland,Americas,2001,617803.0,10.947548420250564,56433,43604.746
GRL,Greenland,Americas,2002,579401.0,10.233693060388225,56617,41181.516
GRL,Greenland,Americas,2003,649303.0,11.435216005353904,56781,45736.918
GRL,Greenland,Americas,2004,622602.0,10.937041070863929,56926,43469.78
GRL,Greenland,Americas,2005,626700.0,11.000719689655778,56969,53274.004
GRL,Greenland,Americas,2006,643700.0,11.312630709477864,56901,48684.645
GRL,Greenland,Americas,2007,635201.0,11.181738166071083,56807,55708.375
GRL,Greenland,Americas,2008,653603.0,11.530846991161372,56683,48979.246
GRL,Greenland,Americas,2009,577200.0,10.207438060374557,56547,52438.996
GRL,Greenland,Americas,2010,660705.0,11.666225235724124,56634,67521.34
GRL,Greenland,Americas,2011,705100.0,12.402159956378732,56853,65084.87
GRL,Greenland,Americas,2012,547020.0,9.631142489920242,56797,52684.74
GRL,Greenland,Americas,2013,562200.0,9.944810019104224,56532,52265.43
GRL,Greenland,Americas,2014,502506.97,8.942200729602277,56195,47838.49
GRL,Greenland,Americas,2015,547600.0,9.770196974022266,56048,51530.76
GRL,Greenland,Americas,2016,509199.97,9.079561534895332,56082,51527.22
GRL,Greenland,Americas,2017,535903.0,9.553659927978035,56094,51618.42
GRL,Greenland,Americas,2018,523740.0,9.335828877005348,56100,46662.223
GRL,Greenland,Americas,2019,526130.0,9.376927052700992,56109,48099.56
GRL,Greenland,Americas,2020,549509.0,9.79429640851974,56105,46130.312
GRL,Greenland,Americas,2021,546354.0,9.745010255952913,56065,45366.465
GRL,Greenland,Americas,2022,587201.0,10.483111365015889,56014,48011.98
GRL,Greenland,Americas,2023,608955.0,10.883719683294313,55951,48129.91
GTM,Guatemala,Americas,2000,9741985.0,0.832819694856856,11697592,3602.2375
GTM,Guatemala,Americas,2001,10147467.0,0.8477824703830753,11969423,3732.0986
GTM,Guatemala,Americas,2002,10693539.0,0.8731612830422792,12246923,3725.8135
GTM,Guatemala,Americas,2003,10411405.0,0.8311939563668489,12525843,3735.4343
GTM,Guatemala,Americas,2004,11055913.0,0.8632435334890921,12807409,3438.836
GTM,Guatemala,Americas,2005,12038359.0,0.919826780036763,13087637,3554.724
GTM,Guatemala,Americas,2006,12175961.0,0.9108660549072356,13367455,3682.2595
GTM,Guatemala,Americas,2007,12117008.0,0.8875601173802424,13652042,3958.8467
GTM,Guatemala,Americas,2008,10734758.0,0.7703355222310855,13935172,3529.4275
GTM,Guatemala,Americas,2009,11724694.0,0.8247757712048175,14215614,3721.821
GTM,Guatemala,Americas,2010,10817142.0,0.7460037221766057,14500118,3625.8813
GTM,Guatemala,Americas,2011,10979266.0,0.7422373380751364,14792123,3525.1406
GTM,Guatemala,Americas,2012,11346780.0,0.7519583470485941,15089639,3655.377
GTM,Guatemala,Americas,2013,12493455.0,0.8119308348246568,15387339,3848.1704
GTM,Guatemala,Americas,2014,13424808.0,0.8560797998944631,15681725,3989.3137
GTM,Guatemala,Americas,2015,15449177.0,0.9672817215651766,15971745,4535.1655
GTM,Guatemala,Americas,2016,16523710.0,1.0156710766111814,16268761,4867.9834
GTM,Guatemala,Americas,2017,16992724.0,1.0256746351244914,16567363,4950.349
GTM,Guatemala,Americas,2018,18338418.0,1.0886119937636267,16845688,5012.176
GTM,Guatemala,Americas,2019,19258856.0,1.1259984694631948,17103803,5315.9385
GTM,Guatemala,Americas,2020,17156898.0,0.988452544921797,17357331,5145.0933
GTM,Guatemala,Americas,2021,19984124.0,1.1355485636058944,17598652,5875.3677
GTM,Guatemala,Americas,2022,18913354.0,1.0596976884141458,17847877,5372.242
GTM,Guatemala,Americas,2023,19736068.0,1.0888960625916664,18124841,5310.5815
GUY,Guyana,Americas,2000,1747728.0,2.285101642705103,764836,8932.045
GUY,Guyana,Americas,2001,1740400.0,2.27656824734069,764484,8706.017
GUY,Guyana,Americas,2002,1711088.0,2.2406499252936856,763657,8808.692
GUY,Guyana,Americas,2003,1868640.0,2.448726063317464,763107,9105.077
GUY,Guyana,Americas,2004,1927264.0,2.5278112966013664,762424,8880.3955
GUY,Guyana,Americas,2005,1615824.0,2.1235080599588394,760922,8049.3306
GUY,Guyana,Americas,2006,1509568.0,1.988953537397757,758976,7209.875
GUY,Guyana,Americas,2007,1780704.0,2.3527086410683946,756874,8971.607
GUY,Guyana,Americas,2008,1703760.0,2.257790075455796,754614,8550.095
GUY,Guyana,Americas,2009,1905280.0,2.533290253783754,752097,8835.036
GUY,Guyana,Americas,2010,1883296.0,2.51354471551226,749259,9674.178
GUY,Guyana,Americas,2011,1956576.0,2.6221901171463,746161,10104.533
GUY,Guyana,Americas,2012,1956576.0,2.6217157803338087,746296,11371.488
GUY,Guyana,Americas,2013,1901616.0,2.5354203887896323,750020,11009.907
GUY,Guyana,Americas,2014,1974896.0,2.618423268202977,754231,10963.743
GUY,Guyana,Americas,2015,1963904.0,2.58822878214193,758783,11120.0
GUY,Guyana,Americas,2016,2209158.0,2.893260847642534,763553,12392.11
GUY,Guyana,Americas,2017,2158096.0,2.8082547043981454,768483,12176.143
GUY,Guyana,Americas,2018,2319312.0,2.9300409443089177,791563,12823.938
GUY,Guyana,Americas,2019,2645206.0,3.2751155177622486,807668,14371.433
GUY,Guyana,Americas,2020,3100269.0,3.839408980465296,807486,13916.222
GUY,Guyana,Americas,2021,2932778.0,3.596364858170117,815484,14537.152
GUY,Guyana,Americas,2022,4396635.0,5.351060929509103,821638,17358.39
GUY,Guyana,Americas,2023,4378933.0,5.299081389762536,826357,19893.844
HKG,Hong Kong,Asia,2000,39765444.0,5.931011318238868,6704665,29453.422
HKG,Hong Kong,Asia,2001,37288530.0,5.504457103177432,6774243,36818.906
HKG,Hong Kong,Asia,2002,39003280.0,5.717772214902134,6821412,35686.53
HKG,Hong Kong,Asia,2003,42733188.0,6.230321278641229,6858906,36653.867
HKG,Hong Kong,Asia,2004,41157750.0,5.975140835787301,6888164,40871.117
HKG,Hong Kong,Asia,2005,43334092.0,6.272591537100113,6908483,39095.484
HKG,Hong Kong,Asia,2006,41914810.0,6.047362831439619,6931089,41227.46
HKG,Hong Kong,Asia,2007,43572436.0,6.2502203305417146,6971344,43608.938
HKG,Hong Kong,Asia,2008,42794250.0,6.095448751539913,7020689,40288.324
HKG,Hong Kong,Asia,2009,41583064.0,5.886230576021054,7064464,43719.715
HKG,Hong Kong,Asia,2010,40062904.0,5.641380114435957,7101614,45224.332
HKG,Hong Kong,Asia,2011,43149716.0,6.040865640044077,7142969,46103.7
HKG,Hong Kong,Asia,2012,42738400.0,5.935015946960023,7201059,43948.504
HKG,Hong Kong,Asia,2013,44310496.0,6.099736107803473,7264330,44741.254
HKG,Hong Kong,Asia,2014,45491750.0,6.215142778839326,7319502,43335.48
HKG,Hong Kong,Asia,2015,42403520.0,5.756333715292291,7366411,44313.816
HKG,Hong Kong,Asia,2016,43365844.0,5.8539158850573285,7408006,45226.05
HKG,Hong Kong,Asia,2017,42431172.0,5.69936932572131,7444889,48263.875
HKG,Hong Kong,Asia,2018,42597024.0,5.701504579591738,7471190,48660.36
HKG,Hong Kong,Asia,2019,41896590.0,5.596795914193468,7485817,46020.95
HKG,Hong Kong,Asia,2020,33512996.0,4.4742219207929255,7490240,34450.656
HKG,Hong Kong,Asia,2021,33636996.0,4.494158408380724,7484604,32565.338
HKG,Hong Kong,Asia,2022,30763800.0,4.120567705517061,7465913,29119.748
HKG,Hong Kong,Asia,2023,32957054.0,4.428081977358333,7442738,33701.195
HND,Honduras,Americas,2000,5031508.0,0.7649248279929052,6577781,3028.2793
HND,Honduras,Americas,2001,5664895.0,0.8382512142660128,6757992,3388.7642
HND,Honduras,Americas,2002,5945282.0,0.856808879145382,6938866,3444.2815
HND,Honduras,Americas,2003,6686778.0,0.9392580331561928,7119213,3725.9846
HND,Honduras,Americas,2004,7194159.0,0.985635846429985,7299003,4040.9817
HND,Honduras,Americas,2005,6834857.0,0.9139510764523032,7478362,3841.4219
HND,Honduras,Americas,2006,7698208.0,1.005403801467761,7656832,3524.818
HND,Honduras,Americas,2007,8216418.5,1.048707332383214,7834806,4360.944
HND,Honduras,Americas,2008,8532908.0,1.0649375545235686,8012590,4195.4614
HND,Honduras,Americas,2009,8030408.0,0.9805252906505376,8189904,3863.5571
HND,Honduras,Americas,2010,8106538.0,0.9689999176416686,8365881,3909.1226
HND,Honduras,Americas,2011,8856650.0,1.0370071752679295,8540587,3926.3542
HND,Honduras,Americas,2012,9108358.0,1.0451260292359876,8715081,4155.432
HND,Honduras,Americas,2013,9328258.0,1.0493833243562245,8889276,4132.692
HND,Honduras,Americas,2014,9503222.0,1.048558847294096,9063127,4291.642
HND,Honduras,Americas,2015,10897808.0,1.1797604193257212,9237306,4682.7437
HND,Honduras,Americas,2016,9938747.0,1.0559228377944792,9412380,4362.3506
HND,Honduras,Americas,2017,10197924.0,1.0635972926564308,9588144,4448.154
HND,Honduras,Americas,2018,9876190.0,1.0113649385281973,9765209,4433.0596
HND,Honduras,Americas,2019,10962543.0,1.1024681411841564,9943637,4765.927
HND,Honduras,Americas,2020,9976783.0,0.9858833883188312,10119638,4248.167
HND,Honduras,Americas,2021,11059747.0,1.0748177748605643,10289881,4825.9023
HND,Honduras,Americas,2022,11742019.0,1.1221477119385923,10463880,4956.9873
HND,Honduras,Americas,2023,12404354.0,1.1652912445103751,10644853,5392.4785
HRV,Croatia,Europe,2000,19652682.0,4.542812067668261,4326105,19398.836
HRV,Croatia,Europe,2001,20775934.0,4.830400464627597,4301079,20367.414
HRV,Croatia,Europe,2002,21915520.0,5.089787385941187,4305783,20993.682
HRV,Croatia,Europe,2003,23226188.0,5.39305725543301,4306683,22279.12
HRV,Croatia,Europe,2004,22852690.0,5.302186749573671,4310050,22316.69
HRV,Croatia,Europe,2005,23295552.0,5.400056468022548,4313946,22289.098
HRV,Croatia,Europe,2006,23496198.0,5.444225198468327,4315802,22174.771
HRV,Croatia,Europe,2007,24801760.0,5.746523542044769,4315959,23123.592
HRV,Croatia,Europe,2008,23515656.0,5.45020749147958,4314635,22557.344
HRV,Croatia,Europe,2009,21752318.0,5.046312791190518,4310537,21599.883
HRV,Croatia,Europe,2010,20978134.0,4.877331411366727,4301150,21344.85
HRV,Croatia,Europe,2011,20614658.0,4.815578391745333,4280827,19911.203
HRV,Croatia,Europe,2012,19050020.0,4.472640966108217,4259233,18448.648
HRV,Croatia,Europe,2013,18401342.0,4.337480904100813,4242403,18919.61
HRV,Croatia,Europe,2014,17649938.0,4.182960242778443,4219485,18789.51
HRV,Croatia,Europe,2015,17793892.0,4.25311468325409,4183732,18814.0
HRV,Croatia,Europe,2016,18079278.0,4.370735884352673,4136438,19668.77
HRV,Croatia,Europe,2017,18713126.0,4.587452239386272,4079198,20531.055
HRV,Croatia,Europe,2018,17694512.0,4.396296226360716,4024868,20639.842
HRV,Croatia,Europe,2019,17820422.0,4.470374062610848,3986338,21144.66
HRV,Croatia,Europe,2020,16870106.0,4.266639790629942,3953956,20171.842
HRV,Croatia,Europe,2021,17402972.0,4.434322213663687,3924607,21329.17
HRV,Croatia,Europe,2022,17585164.0,4.500902091639406,3907031,20751.143
HRV,Croatia,Europe,2023,18467598.0,4.740115240592779,3896023,22409.102
HTI,Haiti,Americas,2000,1634144.0,0.1968101025743118,8303151,774.7331
HTI,Haiti,Americas,2001,1466420.0,0.17341939378071,8455917,832.12445
HTI,Haiti,Americas,2002,1777726.0,0.2065286591645011,8607648,908.486
HTI,Haiti,Americas,2003,1692084.0,0.1931621923642392,8759913,823.0751
HTI,Haiti,Americas,2004,1643023.0,0.1843966067459033,8910267,940.09143
HTI,Haiti,Americas,2005,1714766.0,0.1892411596868166,9061274,965.6786
HTI,Haiti,Americas,2006,1745753.0,0.1894146292400133,9216569,972.5549
HTI,Haiti,Americas,2007,1766459.0,0.1884564667726414,9373300,1059.4049
HTI,Haiti,Americas,2008,1753709.0,0.1840047332947076,9530782,1044.7327
HTI,Haiti,Americas,2009,1880965.0,0.1941223488931672,9689585,970.68097
HTI,Haiti,Americas,2010,2129435.0,0.2172161636608248,9803299,892.68665
HTI,Haiti,Americas,2011,2271659.0,0.2291155819562146,9914904,940.049
HTI,Haiti,Americas,2012,2262254.0,0.2246579614032892,10069770,1002.77094
HTI,Haiti,Americas,2013,2703215.0,0.2644412520977288,10222365,1055.1068
HTI,Haiti,Americas,2014,2698433.0,0.2601340313986728,10373241,1131.3077
HTI,Haiti,Americas,2015,2654465.0,0.2522476660962788,10523249,1275.7141
HTI,Haiti,Americas,2016,2976897.0,0.2789586843864505,10671462,1308.6068
HTI,Haiti,Americas,2017,3133482.0,0.2896609177557015,10817759,1271.8553
HTI,Haiti,Americas,2018,3400954.0,0.3102388506576085,10962373,1315.8416
HTI,Haiti,Americas,2019,3118826.0,0.2808446340058882,11105165,1203.6598
HTI,Haiti,Americas,2020,3265386.0,0.2904153970091728,11243846,1264.5736
HTI,Haiti,Americas,2021,3507210.0,0.3083372133259813,11374592,1322.3253
HTI,Haiti,Americas,2022,2870341.0,0.24951669489985,11503603,1068.5922
HTI,Haiti,Americas,2023,2864751.0,0.2461675724530269,11637402,612.09735
HUN,Hungary,Europe,2000,58244410.0,5.715504624949389,10190598,27759.346
HUN,Hungary,Europe,2001,59827756.0,5.884682069184149,10166693,28548.047
HUN,Hungary,Europe,2002,58841980.0,5.80383748578803,10138461,28548.742
HUN,Hungary,Europe,2003,61611250.0,6.094710934941937,10108970,28819.982
HUN,Hungary,Europe,2004,59984924.0,5.9474702422854815,10085788,28956.453
HUN,Hungary,Europe,2005,60142084.0,5.974951178273391,10065703,30923.053
HUN,Hungary,Europe,2006,59528564.0,5.923272025541232,10049946,30407.557
HUN,Hungary,Europe,2007,58448584.0,5.825004454816204,10034084,29991.752
HUN,Hungary,Europe,2008,57184428.0,5.708935709363198,10016653,29798.463
HUN,Hungary,Europe,2009,51457530.0,5.145042469634944,10001381,27852.602
HUN,Hungary,Europe,2010,51992716.0,5.210146217184508,9979128,28481.984
HUN,Hungary,Europe,2011,50156010.0,5.042490078342762,9946675,27520.873
HUN,Hungary,Europe,2012,46720180.0,4.711300351198256,9916621,25760.926
HUN,Hungary,Europe,2013,43486532.0,4.39731209673766,9889344,24522.523
HUN,Hungary,Europe,2014,43638876.0,4.424573725851664,9862843,24632.92
HUN,Hungary,Europe,2015,46566910.0,4.73278904172296,9839211,26016.703
HUN,Hungary,Europe,2016,47039120.0,4.794758773966215,9810529,26562.197
HUN,Hungary,Europe,2017,49423524.0,5.0506339514110925,9785608,28043.133
HUN,Hungary,Europe,2018,49366230.0,5.050566301034489,9774395,28262.955
HUN,Hungary,Europe,2019,49158950.0,5.031444126953129,9770346,28536.904
HUN,Hungary,Europe,2020,47105320.0,4.831582962705931,9749459,27983.818
HUN,Hungary,Europe,2021,48326284.0,4.9780635213901165,9707848,29299.83
HUN,Hungary,Europe,2022,45267340.0,4.674297843480401,9684308,27489.441
HUN,Hungary,Europe,2023,40343864.0,4.164972877102224,9686465,25942.113
IDN,Indonesia,Asia,2000,281054430.0,1.3007094866191915,216077789,5458.563
IDN,Indonesia,Asia,2001,316759360.0,1.4457434451506963,219097905,5784.6504
IDN,Indonesia,Asia,2002,308201300.0,1.38774092934907,222088499,5884.434
IDN,Indonesia,Asia,2003,339023900.0,1.5064514790966488,225048005,6308.9395
IDN,Indonesia,Asia,2004,342708600.0,1.5035916225838075,227926649,6171.5967
IDN,Indonesia,Asia,2005,347361280.0,1.504564475582554,230871648,6258.0186
IDN,Indonesia,Asia,2006,346365760.0,1.4805014625885309,233951650,6290.9043
IDN,Indonesia,Asia,2007,387577250.0,1.6349170149498822,237062338,6653.1465
IDN,Indonesia,Asia,2008,365384030.0,1.5214324698755903,240157902,6680.594
IDN,Indonesia,Asia,2009,398624420.0,1.63894573088275,243220024,6804.1006
IDN,Indonesia,Asia,2010,445370080.0,1.808203198138707,246305327,7215.14
IDN,Indonesia,Asia,2011,500457660.0,2.0060833038986017,249470029,7554.4854
IDN,Indonesia,Asia,2012,515769600.0,2.041047133140172,252698525,7851.9746
IDN,Indonesia,Asia,2013,493435140.0,1.9285924875830005,255852464,7288.545
IDN,Indonesia,Asia,2014,498028800.0,1.923801805870304,258877395,7358.5566
IDN,Indonesia,Asia,2015,551160060.0,2.1052774677745543,261799249,7439.3545
IDN,Indonesia,Asia,2016,547968900.0,2.0707184514875063,264627429,7300.6504
IDN,Indonesia,Asia,2017,570928200.0,2.1355352365846327,267346654,7808.801
IDN,Indonesia,Asia,2018,607378370.0,2.2499507847412503,269951847,8142.4785
IDN,Indonesia,Asia,2019,665049340.0,2.440643145649775,272489381,8520.321
IDN,Indonesia,Asia,2020,623304000.0,2.268086950363285,274814861,7969.3877
IDN,Indonesia,Asia,2021,632946050.0,2.287001358327217,276758056,8210.708
IDN,Indonesia,Asia,2022,758020500.0,2.718570696529222,278830527,10134.47
IDN,Indonesia,Asia,2023,762357570.0,2.7111824234133333,281190068,10187.83
IND,India,Asia,2000,987065100.0,0.9330219221842204,1057922731,3378.6865
IND,India,Asia,2001,1001198400.0,0.9288428610128078,1077898579,3340.6677
IND,India,Asia,2002,1032750340.0,0.9409165292016388,1097600380,3406.8403
IND,India,Asia,2003,1068397950.0,0.9566574856980148,1116803000,3470.717
IND,India,Asia,2004,1134611000.0,0.9987847541209044,1135991509,3660.6968
IND,India,Asia,2005,1195393300.0,1.03526267773876,1154676321,3827.949
IND,India,Asia,2006,1293321500.0,1.1026897263070183,1172878888,3951.1157
IND,India,Asia,2007,1393485200.0,1.170331112099957,1190676028,4222.6963
IND,India,Asia,2008,1490366500.0,1.233817618185728,1207930960,4425.3394
IND,India,Asia,2009,1613327600.0,1.3164381882698537,1225524764,4710.338
IND,India,Asia,2010,1678529500.0,1.3498627943068862,1243481565,4846.3823
IND,India,Asia,2011,1765694800.0,1.3999840326660964,1261224956,5012.311
IND,India,Asia,2012,1926986400.0,1.5070187123407726,1278674501,5236.0513
IND,India,Asia,2013,1995337200.0,1.5398146046384171,1295829507,5315.989
IND,India,Asia,2014,2148052000.0,1.636888933367297,1312277184,5609.425
IND,India,Asia,2015,2231817500.0,1.6805544702551247,1328024494,5732.7256
IND,India,Asia,2016,2352540200.0,1.7504744854395364,1343944296,5929.287
IND,India,Asia,2017,2425721900.0,1.7840684745790645,1359657398,6057.84
IND,India,Asia,2018,2595227100.0,1.8879059996044825,1374659067,6320.4097
IND,India,Asia,2019,2611174700.0,1.8798543752724608,1389030307,6374.3105
IND,India,Asia,2020,2422732000.0,1.727293196402526,1402617694,5952.1333
IND,India,Asia,2021,2675778000.0,1.892073701372408,1414203896,6421.473
IND,India,Asia,2022,2831131600.0,1.986169147607867,1425423209,6685.4126
IND,India,Asia,2023,3062756400.0,2.1297692450972523,1438069597,7156.851
IRL,Ireland,Europe,2000,45249516.0,11.899659942213056,3802589,45369.957
IRL,Ireland,Europe,2001,47607710.0,12.324085984373207,3862981,46698.934
IRL,Ireland,Europe,2002,46081388.0,11.730197297095716,3928441,45282.434
IRL,Ireland,Europe,2003,45683964.0,11.441199017765127,3992935,43978.758
IRL,Ireland,Europe,2004,46166736.0,11.354153129831143,4066066,44032.137
IRL,Ireland,Europe,2005,48152990.0,11.58837797569985,4155283,45540.83
IRL,Ireland,Europe,2006,47597384.0,11.150127144204134,4268775,44847.516
IRL,Ireland,Europe,2007,47658190.0,10.847386991472437,4393518,43583.34
IRL,Ireland,Europe,2008,47361076.0,10.55754802951053,4485992,42854.02
IRL,Ireland,Europe,2009,42177070.0,9.302910394265233,4533750,37863.15
IRL,Ireland,Europe,2010,41790900.0,9.16651239591111,4559084,38634.5
IRL,Ireland,Europe,2011,38054388.0,8.309538621579208,4579603,35228.043
IRL,Ireland,Europe,2012,38223920.0,8.309303966079256,4600135,34583.246
IRL,Ireland,Europe,2013,37278704.0,8.060807587801637,4624686,33761.39
IRL,Ireland,Europe,2014,36849876.0,7.910693232373799,4658236,33181.11
IRL,Ireland,Europe,2015,38715396.0,8.23294432723721,4702497,34333.402
IRL,Ireland,Europe,2016,40369024.0,8.49247355530844,4753506,35798.906
IRL,Ireland,Europe,2017,39040450.0,8.116082339034621,4810258,35105.85
IRL,Ireland,Europe,2018,38922364.0,7.988074438913926,4872559,35129.168
IRL,Ireland,Europe,2019,37199836.0,7.5402632576959165,4933493,34334.816
IRL,Ireland,Europe,2020,35052570.0,7.034992961508866,4982602,31262.725
IRL,Ireland,Europe,2021,37473684.0,7.452365629974219,5028428,32277.27
IRL,Ireland,Europe,2022,36675670.0,7.1772137655173225,5110015,32633.586
IRL,Ireland,Europe,2023,33567940.0,6.459560611311679,5196629,30540.422
IRN,Iran,Asia,2000,367213340.0,5.528767585362794,66418661,20914.26
IRN,Iran,Asia,2001,389912400.0,5.780590213737901,67452005,22002.145
IRN,Iran,Asia,2002,397031420.0,5.837725715005258,68011318,23686.29
IRN,Iran,Asia,2003,410966720.0,5.976016376948665,68769343,23817.643
IRN,Iran,Asia,2004,442119400.0,6.292948807620372,70256316,25754.51
IRN,Iran,Asia,2005,466795330.0,6.498752200642489,71828455,26636.312
IRN,Iran,Asia,2006,501014980.0,6.826491724039162,73392747,28420.826
IRN,Iran,Asia,2007,507771070.0,6.806341110036738,74602648,29769.873
IRN,Iran,Asia,2008,528528200.0,6.99905703829138,75514201,30584.305
IRN,Iran,Asia,2009,543405950.0,7.107263479655864,76457831,30956.031
IRN,Iran,Asia,2010,561496060.0,7.252517283748276,77420851,31514.592
IRN,Iran,Asia,2011,576365700.0,7.35314128585211,78383602,32340.842
IRN,Iran,Asia,2012,599278340.0,7.550383496616121,79370583,32154.738
IRN,Iran,Asia,2013,609996540.0,7.585635753686742,80414689,32959.098
IRN,Iran,Asia,2014,644227600.0,7.904434790562617,81502045,33909.3
IRN,Iran,Asia,2015,641958700.0,7.77007545386,82619365,33185.715
IRN,Iran,Asia,2016,644680500.0,7.69196213965432,83812230,34569.035
IRN,Iran,Asia,2017,696407500.0,8.190450768787958,85026761,35256.207
IRN,Iran,Asia,2018,664523260.0,7.71642708512073,86117999,36084.562
IRN,Iran,Asia,2019,727268540.0,8.35444874800706,87051649,37252.508
IRN,Iran,Asia,2020,745595800.0,8.49939003765561,87723448,38576.715
IRN,Iran,Asia,2021,779525250.0,8.812627119017712,88455490,37893.945
IRN,Iran,Asia,2022,767178500.0,8.569505197848802,89524247,38918.59
IRN,Iran,Asia,2023,789675840.0,8.715231211551984,90608708,39491.758
IRQ,Iraq,Asia,2000,83721656.0,3.427835339415314,24424060,12952.686
IRQ,Iraq,Asia,2001,96802000.0,3.841678188155954,25197842,14017.975
IRQ,Iraq,Asia,2002,97090500.0,3.7333083447644246,26006558,12834.803
IRQ,Iraq,Asia,2003,101424340.0,3.7841147110025646,26802660,11005.832
IRQ,Iraq,Asia,2004,113015840.0,4.098061794171531,27577876,11429.092
IRQ,Iraq,Asia,2005,114281864.0,4.022953978621805,28407450,10530.628
IRQ,Iraq,Asia,2006,98838120.0,3.4538835227961697,28616518,10148.762
IRQ,Iraq,Asia,2007,61361420.0,2.161252167277892,28391606,10348.668
IRQ,Iraq,Asia,2008,94335400.0,3.2561963080237155,28971042,11755.6045
IRQ,Iraq,Asia,2009,105211460.0,3.500257350679633,30058207,11125.309
IRQ,Iraq,Asia,2010,113983430.0,3.671511758904316,31045367,12772.435
IRQ,Iraq,Asia,2011,123525610.0,3.840800275485306,32161425,13161.981
IRQ,Iraq,Asia,2012,134039550.0,3.982771513746179,33654843,13320.374
IRQ,Iraq,Asia,2013,141704380.0,4.016337855348113,35281987,13848.323
IRQ,Iraq,Asia,2014,137512700.0,3.7623114031720553,36550058,13047.965
IRQ,Iraq,Asia,2015,142530000.0,3.7946743836316497,37560535,12703.511
IRQ,Iraq,Asia,2016,153132140.0,3.980598408697896,38469628,13376.791
IRQ,Iraq,Asia,2017,167472350.0,4.257335990891915,39337358,15090.873
IRQ,Iraq,Asia,2018,186156450.0,4.623209785199183,40265629,15410.099
IRQ,Iraq,Asia,2019,191777620.0,4.655681181366207,41192172,16304.499
IRQ,Iraq,Asia,2020,172098030.0,4.086227801568607,42116602,12694.774
IRQ,Iraq,Asia,2021,193115150.0,4.483625116806568,43071208,13442.319
IRQ,Iraq,Asia,2022,217643900.0,4.938533110405959,44070556,14124.616
IRQ,Iraq,Asia,2023,227909700.0,5.056338951532095,45074055,14983.002
ISL,Iceland,Europe,2000,2932741.0,10.425929546771515,281293,111424.94
ISL,Iceland,Europe,2001,2864992.0,10.050558132029272,285058,113721.586
ISL,Iceland,Europe,2002,2991995.0,10.402995038402832,287609,114977.97
ISL,Iceland,Europe,2003,2985437.0,10.308259902767803,289616,112919.55
ISL,Iceland,Europe,2004,3107170.0,10.634728858343715,292172,117286.33
ISL,Iceland,Europe,2005,2976360.0,10.026410467168825,296852,120029.2
ISL,Iceland,Europe,2006,3154382.0,10.380251609994636,303883,153218.83
ISL,Iceland,Europe,2007,3494320.0,11.211889803697597,311662,184248.58
ISL,Iceland,Europe,2008,3811488.0,12.003968266465945,317519,211079.11
ISL,Iceland,Europe,2009,3730449.0,11.70818124468409,318619,223935.23
ISL,Iceland,Europe,2010,3626637.0,11.398676150275174,318163,210081.47
ISL,Iceland,Europe,2011,3503479.0,10.977909312243254,319139,216089.42
ISL,Iceland,Europe,2012,3499153.0,10.905850379147951,320851,230007.89
ISL,Iceland,Europe,2013,3488797.0,10.77151572596954,323891,232280.77
ISL,Iceland,Europe,2014,3445281.0,10.519395939752746,327517,230205.44
ISL,Iceland,Europe,2015,3541014.0,10.6991557943208,330962,226416.12
ISL,Iceland,Europe,2016,3493663.0,10.41109929046312,335571,227933.03
ISL,Iceland,Europe,2017,3610949.0,10.511091963893264,343537,230728.02
ISL,Iceland,Europe,2018,3665355.0,10.387561639177012,352860,251017.61
ISL,Iceland,Europe,2019,3552640.0,9.849047292970234,360709,239145.2
ISL,Iceland,Europe,2020,3338906.0,9.10711733483168,366626,221610.64
ISL,Iceland,Europe,2021,3490635.0,9.367135653849353,372647,220229.38
ISL,Iceland,Europe,2022,3597685.0,9.458432360240607,380368,225474.33
ISL,Iceland,Europe,2023,3508235.0,9.052131417409994,387559,223971.5
ISR,Israel,Asia,2000,59519380.0,9.73940280737283,6111194,37195.754
ISR,Israel,Asia,2001,63023570.0,10.067699929248942,6259977,36289.86
ISR,Israel,Asia,2002,59304900.0,9.284213413437108,6387714,36276.062
ISR,Israel,Asia,2003,62414676.0,9.598092274106884,6502821,36715.496
ISR,Israel,Asia,2004,58679230.0,8.870519255688968,6615084,36797.184
ISR,Israel,Asia,2005,56527670.0,8.401588713316405,6728212,36351.062
ISR,Israel,Asia,2006,62148964.0,9.080756963478676,6844029,35931.184
ISR,Israel,Asia,2007,62799790.0,9.019775493015684,6962456,36630.95
ISR,Israel,Asia,2008,67980280.0,9.598181238273233,7082621,37045.754
ISR,Israel,Asia,2009,63860948.0,8.862072889398087,7206096,35365.527
ISR,Israel,Asia,2010,68286904.0,9.307533119296254,7336735,36099.96
ISR,Israel,Asia,2011,68594740.0,9.181438740049389,7471023,36092.746
ISR,Israel,Asia,2012,74781190.0,9.829566597671516,7607781,37067.938
ISR,Israel,Asia,2013,63095308.0,8.14199298033169,7749369,34361.727
ISR,Israel,Asia,2014,60278816.0,7.632961314131019,7897173,32807.12
ISR,Israel,Asia,2015,62935624.0,7.815258969545939,8052916,33889.08
ISR,Israel,Asia,2016,61164350.0,7.449976285035602,8210006,33826.426
ISR,Israel,Asia,2017,58849100.0,7.037854068671372,8361796,33825.812
ISR,Israel,Asia,2018,59985932.0,7.048820179676612,8510067,33823.867
ISR,Israel,Asia,2019,58950148.0,6.809168872277407,8657466,33978.363
ISR,Israel,Asia,2020,59285372.0,6.736683188680489,8800380,31612.973
ISR,Israel,Asia,2021,58950084.0,6.591812410369091,8942925,31675.225
ISR,Israel,Asia,2022,62267304.0,6.840198379834305,9103143,32385.121
ISR,Israel,Asia,2023,55381996.0,5.983160678157853,9256311,31485.44
ITA,Italy,Europe,2000,469598270.0,8.19941035965093,57272200,35174.75
ITA,Italy,Europe,2001,469679260.0,8.196021830964288,57305760,35053.33
ITA,Italy,Europe,2002,477136320.0,8.309492078771124,57420636,35323.816
ITA,Italy,Europe,2003,495093800.0,8.574582578775916,57739697,36496.332
ITA,Italy,Europe,2004,500687230.0,8.606313527111594,58176736,37000.043
ITA,Italy,Europe,2005,501365470.0,8.567465388063534,58519696,36935.016
ITA,Italy,Europe,2006,496074620.0,8.443186092133914,58754434,36736.434
ITA,Italy,Europe,2007,489793630.0,8.286317232737375,59108723,35963.184
ITA,Italy,Europe,2008,478131970.0,8.027508858169178,59561687,34923.297
ITA,Italy,Europe,2009,424032030.0,7.078524251195446,59904016,31853.35
ITA,Italy,Europe,2010,435672030.0,7.241381803521336,60164212,32944.996
ITA,Italy,Europe,2011,423897120.0,7.021898167638216,60367882,31978.25
ITA,Italy,Europe,2012,403443520.0,6.665015295666942,60531522,30559.484
ITA,Italy,Europe,2013,369460540.0,6.091294365021823,60653864,28696.967
ITA,Italy,Europe,2014,349388960.0,5.759395797542368,60664169,27644.438
ITA,Italy,Europe,2015,361243700.0,5.963546470431833,60575314,28394.059
ITA,Italy,Europe,2016,358133150.0,5.921699462035044,60478103,28390.072
ITA,Italy,Europe,2017,352666240.0,5.839781235127479,60390317,28746.031
ITA,Italy,Europe,2018,349048350.0,5.790690940446497,60277496,28662.682
ITA,Italy,Europe,2019,339637950.0,5.648381537005005,60130136,28458.92
ITA,Italy,Europe,2020,302600100.0,5.050678433908982,59912763,25651.572
ITA,Italy,Europe,2021,335930430.0,5.624210093151352,59729353,27758.664
ITA,Italy,Europe,2022,340114720.0,5.704794030289552,59619106,27597.16
ITA,Italy,Europe,2023,312290660.0,5.248630861339698,59499452,25929.031
JAM,Jamaica,Americas,2000,10313990.0,3.955013120118781,2607827,16599.863
JAM,Jamaica,Americas,2001,10576440.0,4.03002579627421,2624410,16758.637
JAM,Jamaica,Americas,2002,10202580.0,3.8637618525006983,2640582,16495.219
JAM,Jamaica,Americas,2003,10667060.0,4.015261445990388,2656629,17072.861
JAM,Jamaica,Americas,2004,10574223.0,3.957082613116326,2672227,16572.15
JAM,Jamaica,Americas,2005,10412875.0,3.8751781680417694,2687070,16972.453
JAM,Jamaica,Americas,2006,11573642.0,4.284989890680136,2700973,19292.854
JAM,Jamaica,Americas,2007,10749231.0,3.9609401254620815,2713808,19579.225
JAM,Jamaica,Americas,2008,10775971.0,3.9535663825614087,2725633,16516.637
JAM,Jamaica,Americas,2009,7937452.0,2.900054475683421,2737001,13012.702
JAM,Jamaica,Americas,2010,7677295.0,2.793193049629753,2748573,11906.095
JAM,Jamaica,Americas,2011,8226292.5,2.980008462256561,2760493,12538.882
JAM,Jamaica,Americas,2012,7887181.0,2.844860036242548,2772432,11726.472
JAM,Jamaica,Americas,2013,8466728.0,3.0415495409149518,2783689,12705.904
JAM,Jamaica,Americas,2014,7675470.0,2.7473659116973708,2793756,12441.397
JAM,Jamaica,Americas,2015,7966219.0,2.8425037180610704,2802536,12817.113
JAM,Jamaica,Americas,2016,8134120.0,2.894788070403453,2809919,13239.611
JAM,Jamaica,Americas,2017,7768234.0,2.758836053434857,2815765,11680.155
JAM,Jamaica,Americas,2018,8060650.0,2.8582821265748093,2820103,13204.306
JAM,Jamaica,Americas,2019,9439483.0,3.34345148807679,2823275,14605.562
JAM,Jamaica,Americas,2020,6865834.0,2.425451250465867,2830745,10215.15
JAM,Jamaica,Americas,2021,7312535.0,2.5769413746440755,2837680,11208.746
JAM,Jamaica,Americas,2022,7907611.0,2.7852036701125336,2839150,11773.948
JAM,Jamaica,Americas,2023,8068915.5,2.8413825342411485,2839785,12950.892
JOR,Jordan,Asia,2000,15400890.0,2.8589283907669376,5386945,12299.419
JOR,Jordan,Asia,2001,15857936.0,2.883837858480787,5498900,11567.2295
JOR,Jordan,Asia,2002,16707088.0,2.9748680440100803,5616077,11879.504
JOR,Jordan,Asia,2003,17273348.0,3.0083313058172845,5741837,12693.693
JOR,Jordan,Asia,2004,19003282.0,3.2307155343037635,5882066,13459.61
JOR,Jordan,Asia,2005,20790354.0,3.448050342336312,6029597,14255.92
JOR,Jordan,Asia,2006,20829494.0,3.24074564165133,6427377,13830.34
JOR,Jordan,Asia,2007,21700136.0,3.178466245852091,6827235,12519.004
JOR,Jordan,Asia,2008,20987296.0,3.0025285148201526,6989874,11778.231
JOR,Jordan,Asia,2009,21545008.0,3.016763227791233,7141763,11990.046
JOR,Jordan,Asia,2010,20838342.0,2.8557229870827183,7297046,12214.337
JOR,Jordan,Asia,2011,21409422.0,2.8620572798545965,7480431,12479.021
JOR,Jordan,Asia,2012,24069098.0,3.172357463616362,7587133,13055.925
JOR,Jordan,Asia,2013,24060996.0,3.01070595754755,7991812,12308.972
JOR,Jordan,Asia,2014,26164846.0,2.9760798661012102,8791715,11480.571
JOR,Jordan,Asia,2015,25799390.0,2.702998408545868,9544730,11395.704
JOR,Jordan,Asia,2016,24949460.0,2.4933579803023456,10006369,11480.458
JOR,Jordan,Asia,2017,26079932.0,2.5483050160994085,10234227,11529.927
JOR,Jordan,Asia,2018,25419166.0,2.429594038027931,10462310,10871.084
JOR,Jordan,Asia,2019,24569784.0,2.3022892002384205,10671893,10452.868
JOR,Jordan,Asia,2020,20621556.0,1.8979397770797717,10865232,9150.6455
JOR,Jordan,Asia,2021,21190126.0,1.9148241751846768,11066356,9497.252
JOR,Jordan,Asia,2022,22427682.0,1.9924614452621912,11256269,10170.104
JOR,Jordan,Asia,2023,23119264.0,2.021052484347709,11439220,9430.404
JPN,Japan,Asia,2000,1260203000.0,9.920687121434227,127027794,48701.67
JPN,Japan,Asia,2001,1245935200.0,9.790458825820595,127260144,48165.773
JPN,Japan,Asia,2002,1275420300.0,10.004504936317836,127484599,48037.723
JPN,Japan,Asia,2003,1283845000.0,10.055865825520913,127671254,47637.26
JPN,Japan,Asia,2004,1279121500.0,10.00754061887309,127815769,48350.074
JPN,Japan,Asia,2005,1286412300.0,10.056905640272944,127913331,49387.883
JPN,Japan,Asia,2006,1263440400.0,9.870840425185085,127997247,49235.27
JPN,Japan,Asia,2007,1298973600.0,10.14128423261431,128087683,48749.016
JPN,Japan,Asia,2008,1228686700.0,9.587430761723573,128155992,47738.574
JPN,Japan,Asia,2009,1160252800.0,9.050865397547412,128192471,43839.24
JPN,Japan,Asia,2010,1211090300.0,9.447967552403622,128185273,46598.44
JPN,Japan,Asia,2011,1261180500.0,9.845555414776197,128096430,43949.516
JPN,Japan,Asia,2012,1302112500.0,10.17845678425935,127928283,43233.996
JPN,Japan,Asia,2013,1311875600.0,10.271204136192734,127723642,42752.766
JPN,Japan,Asia,2014,1260272400.0,9.885528283870396,127486601,41481.746
JPN,Japan,Asia,2015,1219982500.0,9.585340246903678,127275868,40932.58
JPN,Japan,Asia,2016,1199932900.0,9.436405880939716,127159950,40416.85
JPN,Japan,Asia,2017,1184391700.0,9.321171265476549,127064686,40699.29
JPN,Japan,Asia,2018,1138549800.0,8.971074078274079,126913432,40498.77
JPN,Japan,Asia,2019,1102063000.0,8.698248115908912,126699421,39707.734
JPN,Japan,Asia,2020,1037284700.0,8.212569061159508,126304533,36730.36
JPN,Japan,Asia,2021,1058501800.0,8.422241739617,125679342,38572.348
JPN,Japan,Asia,2022,1029644900.0,8.237318344990426,124997585,38353.25
JPN,Japan,Asia,2023,986910140.0,7.935214483813491,124370947,37515.918
KAZ,Kazakhstan,Asia,2000,142196980.0,9.173342963612663,15501108,22902.184
KAZ,Kazakhstan,Asia,2001,138036500.0,8.862383671844654,15575550,25715.441
KAZ,Kazakhstan,Asia,2002,156768220.0,10.012864796368069,15656680,25988.018
KAZ,Kazakhstan,Asia,2003,175021970.0,11.114357013234647,15747377,28468.428
KAZ,Kazakhstan,Asia,2004,185475840.0,11.701824662508225,15850164,29997.346
KAZ,Kazakhstan,Asia,2005,198448540.0,12.42779769037278,15968118,30685.295
KAZ,Kazakhstan,Asia,2006,219633150.0,13.638660960158392,16103718,32852.992
KAZ,Kazakhstan,Asia,2007,225712400.0,13.883831987920193,16257212,36165.71
KAZ,Kazakhstan,Asia,2008,226102380.0,13.76446646330049,16426527,37861.305
KAZ,Kazakhstan,Asia,2009,223189230.0,13.429075266679588,16619851,33494.51
KAZ,Kazakhstan,Asia,2010,248092770.0,14.735142789535878,16836808,35455.15
KAZ,Kazakhstan,Asia,2011,238156960.0,13.955057765160616,17065996,39854.184
KAZ,Kazakhstan,Asia,2012,245262910.0,14.172037456124611,17306115,41404.152
KAZ,Kazakhstan,Asia,2013,253532740.0,14.4409598221787,17556502,40911.195
KAZ,Kazakhstan,Asia,2014,299137340.0,16.790107477512848,17816285,42374.95
KAZ,Kazakhstan,Asia,2015,303052300.0,16.757872559848597,18084175,34279.48
KAZ,Kazakhstan,Asia,2016,301738800.0,16.431353329412534,18363600,37641.227
KAZ,Kazakhstan,Asia,2017,317720420.0,17.03418375287792,18651931,39973.543
KAZ,Kazakhstan,Asia,2018,329572130.0,17.407538006282774,18932725,40736.55
KAZ,Kazakhstan,Asia,2019,296039600.0,15.411058954199673,19209556,40634.203
KAZ,Kazakhstan,Asia,2020,281789200.0,14.463993541563966,19482116,36779.426
KAZ,Kazakhstan,Asia,2021,244903710.0,12.404203041521235,19743607,40613.668
KAZ,Kazakhstan,Asia,2022,274345570.0,13.693580389777452,20034612,39827.613
KAZ,Kazakhstan,Asia,2023,286174900.0,14.076407558857651,20330109,40488.043
KEN,Kenya,Africa,2000,10384895.0,0.3389006057619951,30642893,1350.8173
KEN,Kenya,Africa,2001,9223600.0,0.2917091119090096,31619170,1260.5343
KEN,Kenya,Africa,2002,7819113.0,0.2396309766937342,32629809,1247.1029
KEN,Kenya,Africa,2003,6716151.0,0.1995751960947138,33652233,1111.7842
KEN,Kenya,Africa,2004,7621342.0,0.2195500977675715,34713453,1188.4789
KEN,Kenya,Africa,2005,8454166.0,0.2361730767699677,35796485,1259.569
KEN,Kenya,Africa,2006,9566836.0,0.2592356765565585,36904010,1350.3188
KEN,Kenya,Africa,2007,9734023.0,0.2559136714312838,38036354,1309.0212
KEN,Kenya,Africa,2008,10098609.0,0.2575758584406826,39206349,1288.5437
KEN,Kenya,Africa,2009,12184812.0,0.3015379265457126,40408887,1398.1256
KEN,Kenya,Africa,2010,11856819.0,0.2850294853885602,41598570,1447.064
KEN,Kenya,Africa,2011,12217645.0,0.2857362730052974,42758467,1465.1292
KEN,Kenya,Africa,2012,11245819.0,0.2562372537231216,43888306,1354.3319
KEN,Kenya,Africa,2013,12162930.0,0.2703666769407929,44986794,1423.8463
KEN,Kenya,Africa,2014,13214406.0,0.2869488057930695,46051441,1470.0199
KEN,Kenya,Africa,2015,15212208.0,0.3230555009067176,47088528,1671.8329
KEN,Kenya,Africa,2016,16288698.0,0.3383632168911457,48139683,1743.2766
KEN,Kenya,Africa,2017,16181103.0,0.3288992016444977,49197757,1727.4929
KEN,Kenya,Africa,2018,17002858.0,0.3386543925482744,50207109,1644.6803
KEN,Kenya,Africa,2019,18158882.0,0.3546460684818802,51202829,1678.614
KEN,Kenya,Africa,2020,19989572.0,0.3828149227171279,52217327,1565.2426
KEN,Kenya,Africa,2021,20589818.0,0.3868872656349544,53219167,1634.8809
KEN,Kenya,Africa,2022,20544366.0,0.3786808332260263,54252458,1609.9459
KEN,Kenya,Africa,2023,21185722.0,0.3828352395264338,55339007,1609.8734
KGZ,Kyrgyzstan,Asia,2000,4575258.0,0.910471926211158,5025150,8554.152
KGZ,Kyrgyzstan,Asia,2001,3856740.0,0.7604042618632639,5071960,8168.0117
KGZ,Kyrgyzstan,Asia,2002,4917247.0,0.9611033623832446,5116252,6944.132
KGZ,Kyrgyzstan,Asia,2003,5375527.0,1.041885505779523,5159422,6508.634
KGZ,Kyrgyzstan,Asia,2004,5808160.0,1.1162995228950414,5203048,6561.337
KGZ,Kyrgyzstan,Asia,2005,5519072.0,1.0519857950413785,5246337,6315.1167
KGZ,Kyrgyzstan,Asia,2006,5457268.0,1.0330939179558882,5282451,6649.0864
KGZ,Kyrgyzstan,Asia,2007,6522285.0,1.2275218241660293,5313376,7616.677
KGZ,Kyrgyzstan,Asia,2008,7480887.0,1.4002517533827603,5342530,7964.552
KGZ,Kyrgyzstan,Asia,2009,6709287.0,1.242917903309977,5398013,8012.048
KGZ,Kyrgyzstan,Asia,2010,6355656.0,1.1573070432937471,5491763,7097.546
KGZ,Kyrgyzstan,Asia,2011,7620172.0,1.3620737515901673,5594537,7469.3306
KGZ,Kyrgyzstan,Asia,2012,10086689.0,1.7706752946228057,5696521,9026.362
KGZ,Kyrgyzstan,Asia,2013,9733813.0,1.6790269736190713,5797294,8369.903
KGZ,Kyrgyzstan,Asia,2014,10236388.0,1.7354745976906651,5898322,8409.271
KGZ,Kyrgyzstan,Asia,2015,10264781.0,1.7102620913860933,6001876,7766.9336
KGZ,Kyrgyzstan,Asia,2016,9621676.0,1.5751393968365186,6108460,7790.0654
KGZ,Kyrgyzstan,Asia,2017,9364119.0,1.5054495487888713,6220148,7503.813
KGZ,Kyrgyzstan,Asia,2018,11174909.0,1.7621222779325465,6341733,8185.475
KGZ,Kyrgyzstan,Asia,2019,9046661.0,1.3930721973207416,6494036,7083.414
KGZ,Kyrgyzstan,Asia,2020,8348490.5,1.2527478026807048,6664143,6305.9175
KGZ,Kyrgyzstan,Asia,2021,10338292.0,1.515771243766754,6820483,6376.3755
KGZ,Kyrgyzstan,Asia,2022,11512894.0,1.655152137959272,6955792,7590.5044
KGZ,Kyrgyzstan,Asia,2023,11144427.0,1.5755129374711865,7073523,8018.535
KHM,Cambodia,Asia,2000,1996880.0,0.1602331118634754,12462343,711.5704
KHM,Cambodia,Asia,2001,2235040.0,0.1765645591423808,12658486,744.97473
KHM,Cambodia,Asia,2002,2154432.0,0.1675916195788973,12855249,732.30475
KHM,Cambodia,Asia,2003,2253360.0,0.1726583381458721,13050977,782.7031
KHM,Cambodia,Asia,2004,2238704.0,0.1690259308282225,13244737,797.8928
KHM,Cambodia,Asia,2005,2209392.0,0.1643990346748985,13439203,890.31775
KHM,Cambodia,Asia,2006,2846928.0,0.2087338749553487,13639032,949.56067
KHM,Cambodia,Asia,2007,3489462.0,0.2520964619200156,13841773,1099.2015
KHM,Cambodia,Asia,2008,3936332.0,0.2800966223381413,14053479,1137.1718
KHM,Cambodia,Asia,2009,4579380.0,0.3207563253411001,14276819,1385.5447
KHM,Cambodia,Asia,2010,5067388.0,0.3494574411081373,14500730,1574.4983
KHM,Cambodia,Asia,2011,5271034.0,0.3580236272334475,14722587,1602.2502
KHM,Cambodia,Asia,2012,5572352.0,0.372855031317978,14945090,1703.96
KHM,Cambodia,Asia,2013,5625738.0,0.3708411419485953,15170210,1725.2976
KHM,Cambodia,Asia,2014,6702344.0,0.4353084162906625,15396771,1792.5469
KHM,Cambodia,Asia,2015,8186074.5,0.5239673517416635,15623253,2045.9786
KHM,Cambodia,Asia,2016,10643550.0,0.6713986587355346,15852802,2504.2217
KHM,Cambodia,Asia,2017,12087146.0,0.7519980559153293,16073374,2612.837
KHM,Cambodia,Asia,2018,13937509.0,0.8564005136372055,16274522,3033.558
KHM,Cambodia,Asia,2019,18626280.0,1.13014594414702,16481305,3629.5684
KHM,Cambodia,Asia,2020,20990796.0,1.255018748635316,16725484,3623.1885
KHM,Cambodia,Asia,2021,20775382.0,1.2239309417543889,16974309,3779.0012
KHM,Cambodia,Asia,2022,20865134.0,1.2129678187432524,17201721,3667.3208
KHM,Cambodia,Asia,2023,21411502.0,1.228859305996298,17423884,4316.096
KIR,Kiribati,Oceania,2000,36640.0,0.4133947107139633,88632,1640.8224
KIR,Kiribati,Oceania,2001,32976.0,0.3649806308799114,90350,1373.4691
KIR,Kiribati,Oceania,2002,40304.0,0.4367529610645745,92281,1970.8567
KIR,Kiribati,Oceania,2003,40304.0,0.4279055940714945,94189,2007.5004
KIR,Kiribati,Oceania,2004,43968.0,0.4575424575424575,96096,2107.5488
KIR,Kiribati,Oceania,2005,47632.0,0.4858177367535315,98045,2698.8474
KIR,Kiribati,Oceania,2006,51296.0,0.5128164114048066,100028,2943.564
KIR,Kiribati,Oceania,2007,51296.0,0.5025029143523281,102081,2632.721
KIR,Kiribati,Oceania,2008,47632.0,0.4569674293663356,104235,2887.03
KIR,Kiribati,Oceania,2009,47632.0,0.4473370335934785,106479,2466.2083
KIR,Kiribati,Oceania,2010,58624.0,0.539234894266766,108717,2402.1426
KIR,Kiribati,Oceania,2011,54960.0,0.4966564250858485,110660,2178.5393
KIR,Kiribati,Oceania,2012,54960.0,0.4894338916940504,112293,2119.3635
KIR,Kiribati,Oceania,2013,54960.0,0.4827531687264486,113847,2114.5674
KIR,Kiribati,Oceania,2014,54960.0,0.4765083796460868,115339,2094.6328
KIR,Kiribati,Oceania,2015,58624.0,0.5018061048054372,116826,2193.6045
KIR,Kiribati,Oceania,2016,54960.0,0.4638444399432854,118488,2312.025
KIR,Kiribati,Oceania,2017,69616.0,0.5787443469007715,120288,2577.6243
KIR,Kiribati,Oceania,2018,69616.0,0.5701696192371639,122097,2569.6995
KIR,Kiribati,Oceania,2019,69616.0,0.5617455296623846,123928,2550.4968
KIR,Kiribati,Oceania,2020,69616.0,0.5520260090397272,126110,2468.371
KIR,Kiribati,Oceania,2021,69616.0,0.5422355845996869,128387,2424.5933
KIR,Kiribati,Oceania,2022,69616.0,0.5335254400956446,130483,2414.8672
KIR,Kiribati,Oceania,2023,69287.0,0.5227629394899653,132540,2421.104
KNA,Saint Kitts and Nevis,Americas,2000,172208.0,3.803852270719208,45272,17035.725
KNA,Saint Kitts and Nevis,Americas,2001,175872.0,3.8412580539478,45785,17412.256
KNA,Saint Kitts and Nevis,Americas,2002,194192.0,4.217164697706741,46048,18940.201
KNA,Saint Kitts and Nevis,Americas,2003,194192.0,4.203290043290044,46200,18908.277
KNA,Saint Kitts and Nevis,Americas,2004,208848.0,4.507154110106394,46337,20389.607
KNA,Saint Kitts and Nevis,Americas,2005,194192.0,4.179857508771175,46459,18946.154
KNA,Saint Kitts and Nevis,Americas,2006,201520.0,4.325206043956044,46592,19577.293
KNA,Saint Kitts and Nevis,Americas,2007,216176.0,4.625668678050242,46734,20636.025
KNA,Saint Kitts and Nevis,Americas,2008,216176.0,4.613526260750795,46857,20558.516
KNA,Saint Kitts and Nevis,Americas,2009,219840.0,4.683325877164952,46941,20999.95
KNA,Saint Kitts and Nevis,Americas,2010,219840.0,4.690320240660537,46871,21180.273
KNA,Saint Kitts and Nevis,Americas,2011,227168.0,4.841912313234009,46917,21975.393
KNA,Saint Kitts and Nevis,Americas,2012,223504.0,4.749744984699082,47056,21692.805
KNA,Saint Kitts and Nevis,Americas,2013,223504.0,4.746113989637306,47092,21595.963
KNA,Saint Kitts and Nevis,Americas,2014,227168.0,4.821871285447444,47112,21861.322
KNA,Saint Kitts and Nevis,Americas,2015,230832.0,4.900059437887408,47108,22399.078
KNA,Saint Kitts and Nevis,Americas,2016,238160.0,5.056582942313001,47099,23007.656
KNA,Saint Kitts and Nevis,Americas,2017,241824.0,5.136994158258099,47075,23117.53
KNA,Saint Kitts and Nevis,Americas,2018,249152.0,5.297499574757612,47032,23590.61
KNA,Saint Kitts and Nevis,Americas,2019,260144.0,5.537806539509536,46976,23980.764
KNA,Saint Kitts and Nevis,Americas,2020,241824.0,5.1566018423746165,46896,22395.14
KNA,Saint Kitts and Nevis,Americas,2021,234496.0,5.012097636044971,46786,22304.87
KNA,Saint Kitts and Nevis,Americas,2022,250654.02,5.36364846357956,46732,24238.496
KNA,Saint Kitts and Nevis,Americas,2023,250147.02,5.346964068144411,46783,24521.63
KOR,South Korea,Asia,2000,439980670.0,9.407998561368291,46766660,48622.305
KOR,South Korea,Asia,2001,455630660.0,9.685312096576556,47043467,49626.344
KOR,South Korea,Asia,2002,476064900.0,10.06498472127958,47299118,51623.883
KOR,South Korea,Asia,2003,485212800.0,10.211962505996633,47514158,53052.18
KOR,South Korea,Asia,2004,491389440.0,10.302296937447489,47697076,54334.062
KOR,South Korea,Asia,2005,498688300.0,10.421549553384224,47851646,55948.54
KOR,South Korea,Asia,2006,503478180.0,10.487704607111892,48006518,56891.87
KOR,South Korea,Asia,2007,521708740.0,10.828747953272234,48178122,58211.574
KOR,South Korea,Asia,2008,532650750.0,11.015084119534327,48356485,59158.684
KOR,South Korea,Asia,2009,537819840.0,11.078403903541108,48546690,59263.266
KOR,South Korea,Asia,2010,594339140.0,12.186740153837262,48769329,63584.418
KOR,South Korea,Asia,2011,623442800.0,12.690265602011412,49127640,66282.95
KOR,South Korea,Asia,2012,627943040.0,12.66024913920642,49599580,66348.22
KOR,South Korea,Asia,2013,634580700.0,12.673574940372871,50071168,65630.78
KOR,South Korea,Asia,2014,629366460.0,12.45307139201554,50539055,65765.28
KOR,South Korea,Asia,2015,634177300.0,12.438773574619397,50983909,66288.89
KOR,South Korea,Asia,2016,637914050.0,12.435496304366524,51297836,68139.57
KOR,South Korea,Asia,2017,654537300.0,12.712851900627172,51486268,68494.03
KOR,South Korea,Asia,2018,670168700.0,12.9774805989997,51640894,69689.93
KOR,South Korea,Asia,2019,646102200.0,12.480763154826382,51767844,68649.26
KOR,South Korea,Asia,2020,597634300.0,11.524330996119998,51858481,65886.35
KOR,South Korea,Asia,2021,616075000.0,11.882237216920151,51848401,69393.805
KOR,South Korea,Asia,2022,606877250.0,11.719733002539565,51782515,70405.78
KOR,South Korea,Asia,2023,589178500.0,11.385368116373993,51748744,69195.65
KWT,Kuwait,Asia,2000,54979880.0,28.12682987221142,1954713,111608.15
KWT,Kuwait,Asia,2001,59119360.0,29.440050355380908,2008127,109465.54
KWT,Kuwait,Asia,2002,60113544.0,29.181572857640088,2059983,113044.56
KWT,Kuwait,Asia,2003,62490804.0,29.618095006080896,2109886,131814.34
KWT,Kuwait,Asia,2004,65855196.0,30.52626465411627,2157329,143647.47
KWT,Kuwait,Asia,2005,74615270.0,33.35808747955223,2236797,152611.67
KWT,Kuwait,Asia,2006,76221900.0,32.23266311194334,2364741,138972.2
KWT,Kuwait,Asia,2007,77294950.0,30.820709839745764,2507890,127467.93
KWT,Kuwait,Asia,2008,84442376.0,31.847825685204946,2651433,130237.98
KWT,Kuwait,Asia,2009,88832100.0,31.776944928060885,2795489,125251.414
KWT,Kuwait,Asia,2010,89721000.0,30.482364796318784,2943374,137626.34
KWT,Kuwait,Asia,2011,87150870.0,27.818709371603493,3132815,130830.06
KWT,Kuwait,Asia,2012,101200580.0,30.3265873045602,3337025,126676.29
KWT,Kuwait,Asia,2013,83046690.0,23.675168305654186,3507755,127839.21
KWT,Kuwait,Asia,2014,74993736.0,20.45784554345896,3665769,119294.82
KWT,Kuwait,Asia,2015,93317470.0,24.336503267078974,3834465,122228.836
KWT,Kuwait,Asia,2016,104018830.0,25.978884488818117,4003976,116386.04
KWT,Kuwait,Asia,2017,100010360.0,24.07170120678193,4154686,112380.73
KWT,Kuwait,Asia,2018,102453010.0,23.69738415858485,4323389,111640.98
KWT,Kuwait,Asia,2019,104654216.0,23.5590906399778,4442201,99708.766
KWT,Kuwait,Asia,2020,90102610.0,20.47718643881362,4400146,95383.5
KWT,Kuwait,Asia,2021,87868850.0,20.149949045438994,4360748,105732.08
KWT,Kuwait,Asia,2022,115848890.0,25.24208227712128,4589514,105168.47
KWT,Kuwait,Asia,2023,123168720.0,25.454493600764323,4838781,103686.46
LAO,Laos,Asia,2000,960400.0,0.1768297431899651,5431213,927.38556
LAO,Laos,Asia,2001,1059169.0,0.1918269754075039,5521481,972.8856
LAO,Laos,Asia,2002,1165768.0,0.2077688950483417,5610888,1003.4978
LAO,Laos,Asia,2003,1220964.0,0.2142815022401062,5697944,1075.6674
LAO,Laos,Asia,2004,1282484.0,0.2218206051687526,5781627,1096.164
LAO,Laos,Asia,2005,1337012.0,0.227788557552554,5869531,1243.3053
LAO,Laos,Asia,2006,1757335.0,0.2946966888074672,5963199,1515.7966
LAO,Laos,Asia,2007,1835724.0,0.3031129726264015,6056237,1579.5715
LAO,Laos,Asia,2008,2131341.0,0.3466173381120167,6148974,1728.9297
LAO,Laos,Asia,2009,2667456.0,0.4273639866644215,6241649,1952.9684
LAO,Laos,Asia,2010,3000849.0,0.4737535833265711,6334198,2160.704
LAO,Laos,Asia,2011,3096824.0,0.4818765529226065,6426592,2263.1633
LAO,Laos,Asia,2012,3328366.0,0.5105653782393291,6518981,2548.289
LAO,Laos,Asia,2013,4198311.0,0.6350123310017493,6611385,2815.8206
LAO,Laos,Asia,2014,4383017.0,0.6538722723726237,6703170,2958.908
LAO,Laos,Asia,2015,9184793.0,1.3503777834986144,6801647,5482.171
LAO,Laos,Asia,2016,16406527.0,2.374728896479852,6908800,8507.049
LAO,Laos,Asia,2017,19624934.0,2.796311563588695,7018150,9871.347
LAO,Laos,Asia,2018,20481498.0,2.8733690299006334,7128043,10029.2
LAO,Laos,Asia,2019,18339868.0,2.5339586757276376,7237635,10095.788
LAO,Laos,Asia,2020,18293558.0,2.4900936958843447,7346534,9092.153
LAO,Laos,Asia,2021,21836638.0,2.929837041632632,7453192,9377.449
LAO,Laos,Asia,2022,22548782.0,2.9830345463320054,7559008,8549.83
LAO,Laos,Asia,2023,24157068.0,3.1516066338412743,7665001,10151.002
LBN,Lebanon,Asia,2000,15466264.0,3.572425851947581,4329345,13793.698
LBN,Lebanon,Asia,2001,16406607.0,3.727145386232335,4401923,14536.152
LBN,Lebanon,Asia,2002,16243744.0,3.63923508543174,4463505,14182.44
LBN,Lebanon,Asia,2003,18529028.0,4.094348640695541,4525513,13828.311
LBN,Lebanon,Asia,2004,17208414.0,3.7415411308496864,4599285,13763.996
LBN,Lebanon,Asia,2005,16650190.0,3.564507755659528,4671105,12968.104
LBN,Lebanon,Asia,2006,14792376.0,3.1134332643113893,4751146,11933.208
LBN,Lebanon,Asia,2007,13746087.0,2.837685655534061,4844119,10372.43
LBN,Lebanon,Asia,2008,17417774.0,3.536346081574967,4925359,13316.851
LBN,Lebanon,Asia,2009,20957556.0,4.197980287623228,4992295,16190.095
LBN,Lebanon,Asia,2010,19996596.0,3.9665633201025927,5041290,15401.946
LBN,Lebanon,Asia,2011,20264128.0,3.976463191456545,5096018,15405.057
LBN,Lebanon,Asia,2012,22332032.0,4.265304134542917,5235742,16755.264
LBN,Lebanon,Asia,2013,22163742.0,3.858965731518788,5743441,15143.684
LBN,Lebanon,Asia,2014,23992028.0,3.780062149115337,6346993,14433.08
LBN,Lebanon,Asia,2015,25731236.0,3.975489419031684,6472470,15547.409
LBN,Lebanon,Asia,2016,26437870.0,4.181182183755621,6323061,16396.982
LBN,Lebanon,Asia,2017,27820720.0,4.516256071910182,6160129,17961.676
LBN,Lebanon,Asia,2018,25812102.0,4.31343321992206,5984120,17403.566
LBN,Lebanon,Asia,2019,25141072.0,4.338706323351685,5794601,18132.562
LBN,Lebanon,Asia,2020,23693950.0,4.155083824354658,5702400,17467.385
LBN,Lebanon,Asia,2021,19474380.0,3.4057258939069057,5718129,14462.999
LBN,Lebanon,Asia,2022,15360705.0,2.673988404892896,5744492,11560.575
LBN,Lebanon,Asia,2023,15558805.0,2.694868133577345,5773494,12173.08
LBR,Liberia,Africa,2000,402433.0,0.137437472614653,2928117,645.7846
LBR,Liberia,Africa,2001,413754.0,0.1372162304586907,3015343,668.8408
LBR,Liberia,Africa,2002,432027.0,0.1395980280425863,3094793,642.84454
LBR,Liberia,Africa,2003,460659.0,0.1476691711005554,3119534,698.4344
LBR,Liberia,Africa,2004,542808.0,0.1719437434211422,3156893,748.6736
LBR,Liberia,Africa,2005,650572.0,0.1970823528271295,3301016,838.0918
LBR,Liberia,Africa,2006,669070.0,0.191667105917511,3490792,811.78455
LBR,Liberia,Africa,2007,628785.0,0.1713754241561167,3669050,720.87555
LBR,Liberia,Africa,2008,530796.0,0.1389152490208076,3821006,613.2719
LBR,Liberia,Africa,2009,521983.03,0.1323810288267793,3943035,542.47174
LBR,Liberia,Africa,2010,709268.0,0.1747440252856872,4058897,829.7134
LBR,Liberia,Africa,2011,822404.0,0.1948281249518795,4221177,888.3236
LBR,Liberia,Africa,2012,915015.0,0.209239738159626,4373046,951.0447
LBR,Liberia,Africa,2013,874265.0,0.1955742480391459,4470246,822.9725
LBR,Liberia,Africa,2014,733526.0,0.1607094539599618,4564299,1061.386
LBR,Liberia,Africa,2015,698691.0,0.1499518396647148,4659436,1043.5267
LBR,Liberia,Africa,2016,646650.0,0.1359763327793907,4755607,1175.4808
LBR,Liberia,Africa,2017,667364.0,0.1376312738880168,4848927,995.341
LBR,Liberia,Africa,2018,608632.0,0.123087053524481,4944728,440.8255
LBR,Liberia,Africa,2019,931662.0,0.1847172691420755,5043719,718.29877
LBR,Liberia,Africa,2020,776749.0,0.1508405719423552,5149470,548.4269
LBR,Liberia,Africa,2021,782557.0,0.1487941327854305,5259327,508.53143
LBR,Liberia,Africa,2022,863766.0,0.1607515832458172,5373297,579.3807
LBR,Liberia,Africa,2023,834001.0,0.1518288159460116,5493035,568.06604
LBY,Libya,Africa,2000,53238540.0,10.03550222242329,5305020,40140.523
LBY,Libya,Africa,2001,53113610.0,9.829229894891204,5403639,39725.164
LBY,Libya,Africa,2002,52524996.0,9.535415288471524,5508412,40171.86
LBY,Libya,Africa,2003,55480620.0,9.873041718829665,5619405,38797.04
LBY,Libya,Africa,2004,56853804.0,9.910548510850148,5736696,38933.094
LBY,Libya,Africa,2005,55985500.0,9.555807825946404,5858793,39424.71
LBY,Libya,Africa,2006,51450012.0,8.60337593382977,5980212,35416.367
LBY,Libya,Africa,2007,44391884.0,7.27213520912276,6104381,34466.79
LBY,Libya,Africa,2008,49699240.0,7.9704552995758275,6235433,35030.727
LBY,Libya,Africa,2009,51626750.0,8.108885167785013,6366689,39264.84
LBY,Libya,Africa,2010,59147924.0,9.102709717095088,6497837,40569.05
LBY,Libya,Africa,2011,53542210.0,8.440869843501948,6343210,27274.67
LBY,Libya,Africa,2012,61606492.0,9.969773731022812,6179327,34885.81
LBY,Libya,Africa,2013,51343916.0,8.143835108006236,6304636,36775.57
LBY,Libya,Africa,2014,68348400.0,10.634142698443815,6427260,35231.008
LBY,Libya,Africa,2015,60866180.0,9.318403355876804,6531825,27587.34
LBY,Libya,Africa,2016,57378880.0,8.651651882577694,6632130,26594.12
LBY,Libya,Africa,2017,67092250.0,9.956155209904002,6738771,41165.113
LBY,Libya,Africa,2018,62644524.0,9.146443788328265,6849058,38953.395
LBY,Libya,Africa,2019,73778310.0,10.613995891262316,6951040,32845.668
LBY,Libya,Africa,2020,36110628.0,5.125416956276313,7045403,25645.621
LBY,Libya,Africa,2021,56312464.0,7.892228632245946,7135179,30892.902
LBY,Libya,Africa,2022,58974004.0,8.163843315793175,7223804,31237.596
LBY,Libya,Africa,2023,64219084.0,8.790320489910629,7305659,30564.959
LCA,Saint Lucia,Americas,2000,340752.0,2.148174298971152,158624,9235.667
LCA,Saint Lucia,Americas,2001,359072.0,2.240740856303082,160247,9914.066
LCA,Saint Lucia,Americas,2002,355408.0,2.19855865887229,161655,8880.034
LCA,Saint Lucia,Americas,2003,377392.0,2.3155014265116423,162985,9746.063
LCA,Saint Lucia,Americas,2004,399376.0,2.431512937595129,164250,9705.3545
LCA,Saint Lucia,Americas,2005,392048.0,2.3694427656231114,165460,9938.069
LCA,Saint Lucia,Americas,2006,414032.0,2.4843360914933066,166657,9953.0205
LCA,Saint Lucia,Americas,2007,421360.0,2.511593529082174,167766,10222.272
LCA,Saint Lucia,Americas,2008,425024.0,2.517676049663539,168816,10440.874
LCA,Saint Lucia,Americas,2009,425024.0,2.501907228631976,169880,10121.01
LCA,Saint Lucia,Americas,2010,483648.0,2.829658146161092,170921,10513.959
LCA,Saint Lucia,Americas,2011,483648.0,2.8149510517187197,171814,10616.009
LCA,Saint Lucia,Americas,2012,487312.0,2.823442162287436,172595,10518.801
LCA,Saint Lucia,Americas,2013,487312.0,2.8106586688199333,173380,10444.183
LCA,Saint Lucia,Americas,2014,487312.0,2.7983117517011684,174145,10499.429
LCA,Saint Lucia,Americas,2015,479984.0,2.744035810861027,174919,10514.652
LCA,Saint Lucia,Americas,2016,472656.0,2.690881349949616,175651,10583.137
LCA,Saint Lucia,Americas,2017,494640.0,2.804844855743059,176352,11427.596
LCA,Saint Lucia,Americas,2018,509296.0,2.8768584210764154,177032,14370.854
LCA,Saint Lucia,Americas,2019,501968.03,2.825203489517377,177675,14145.36
LCA,Saint Lucia,Americas,2020,487312.0,2.7336994631467344,178261,13442.011
LCA,Saint Lucia,Americas,2021,505631.97,2.8320374705948246,178540,13946.938
LCA,Saint Lucia,Americas,2022,518094.0,2.897714688412363,178794,14172.194
LCA,Saint Lucia,Americas,2023,517045.97,2.883836723538828,179291,14475.0
LKA,Sri Lanka,Asia,2000,9990373.0,0.5178222154126334,19293056,2450.0278
LKA,Sri Lanka,Asia,2001,10157687.0,0.5182397916038383,19600361,2346.0134
LKA,Sri Lanka,Asia,2002,10786742.0,0.5446267876752963,19805750,2439.579
LKA,Sri Lanka,Asia,2003,10761433.0,0.5393790779159143,19951521,2443.153
LKA,Sri Lanka,Asia,2004,11908245.0,0.5928154810667353,20087608,2384.9563
LKA,Sri Lanka,Asia,2005,11669749.0,0.5772379544245252,20216531,2736.6914
LKA,Sri Lanka,Asia,2006,11502950.0,0.565188427752263,20352416,2837.533
LKA,Sri Lanka,Asia,2007,11843646.0,0.5779489771549128,20492546,2937.357
LKA,Sri Lanka,Asia,2008,11648252.0,0.5646439056303058,20629377,2717.7405
LKA,Sri Lanka,Asia,2009,12572465.0,0.605713995821441,20756438,2768.3955
LKA,Sri Lanka,Asia,2010,12696774.0,0.608109490585127,20879092,2848.836
LKA,Sri Lanka,Asia,2011,14476176.0,0.6890446376119553,21009054,3205.0903
LKA,Sri Lanka,Asia,2012,15389400.0,0.7269622972450739,21169461,3397.5146
LKA,Sri Lanka,Asia,2013,14143107.0,0.6621667788997234,21358829,3128.6572
LKA,Sri Lanka,Asia,2014,17076016.0,0.7924841607737044,21547454,3600.087
LKA,Sri Lanka,Asia,2015,19178976.0,0.882604604929366,21729975,3704.7266
LKA,Sri Lanka,Asia,2016,22339186.0,1.0195530844818137,21910763,4246.068
LKA,Sri Lanka,Asia,2017,22167978.0,1.0036424633362044,22087525,4484.0176
LKA,Sri Lanka,Asia,2018,20136762.0,0.904896285086547,22253116,4515.116
LKA,Sri Lanka,Asia,2019,21105576.0,0.9417695735473184,22410552,4618.1973
LKA,Sri Lanka,Asia,2020,20412408.0,0.9047328121930652,22561808,4115.97
LKA,Sri Lanka,Asia,2021,20823088.0,0.9173014175050924,22700377,4227.3237
LKA,Sri Lanka,Asia,2022,18376960.0,0.8047728560126981,22834965,3526.4526
LKA,Sri Lanka,Asia,2023,19166020.0,0.8343348954786157,22971615,3765.3594
LSO,Lesotho,Africa,2000,1850320.0,0.9233506943144908,2003919,946.31213
LSO,Lesotho,Africa,2001,1872304.0,0.935750095334054,2000859,961.3757
LSO,Lesotho,Africa,2002,1905280.0,0.9551779077007608,1994686,977.27966
LSO,Lesotho,Africa,2003,1930928.0,0.9727302953059354,1985060,995.6603
LSO,Lesotho,Africa,2004,1978560.0,1.0037694114543434,1971130,1040.304
LSO,Lesotho,Africa,2005,2011535.9,1.0299301103897434,1953080,1129.9818
LSO,Lesotho,Africa,2006,2033520.0,1.045476091813851,1945066,1175.1132
LSO,Lesotho,Africa,2007,2073823.9,1.061717384103502,1953273,1495.3372
LSO,Lesotho,Africa,2008,2121456.0,1.0787720812164672,1966547,1270.8457
LSO,Lesotho,Africa,2009,2216720.0,1.1190559366424284,1980884,1469.4915
LSO,Lesotho,Africa,2010,2275344.0,1.1398057163009152,1996256,1557.5778
LSO,Lesotho,Africa,2011,2758992.0,1.3698964506222644,2014015,1505.8662
LSO,Lesotho,Africa,2012,2791968.0,1.372404039986964,2034363,1613.9104
LSO,Lesotho,Africa,2013,2125120.0,1.0333628493724074,2056509,1610.6417
LSO,Lesotho,Africa,2014,2242368.0,1.0780143753326177,2080091,1641.573
LSO,Lesotho,Africa,2015,2044512.0,0.9714427443702266,2104614,1577.3296
LSO,Lesotho,Africa,2016,2026192.0,0.9510745278874064,2130424,1737.0465
LSO,Lesotho,Africa,2017,2286336.0,1.0599035657314833,2157117,1842.3643
LSO,Lesotho,Africa,2018,2165424.0,0.9916711355639808,2183611,1771.3413
LSO,Lesotho,Africa,2019,2187408.0,0.9900398929308858,2209414,1821.1028
LSO,Lesotho,Africa,2020,1985888.0,0.888251562019871,2235727,1613.1987
LSO,Lesotho,Africa,2021,3096080.0,1.369008586592641,2261549,1755.9045
LSO,Lesotho,Africa,2022,2551344.0,1.1160188127265855,2286112,2108.4802
LSO,Lesotho,Africa,2023,2493633.0,1.078805490517747,2311476,1843.9155
LTU,Lithuania,Europe,2000,11843035.0,3.383327953011219,3500410,22699.54
LTU,Lithuania,Europe,2001,12593737.0,3.6261756379484296,3473008,26523.688
LTU,Lithuania,Europe,2002,12666029.0,3.677654308835729,3444051,29193.023
LTU,Lithuania,Europe,2003,12659431.0,3.706708037652008,3415276,30873.51
LTU,Lithuania,Europe,2004,13254143.0,3.925172868327478,3376703,31561.943
LTU,Lithuania,Europe,2005,13862545.0,4.172619936284414,3322264,29020.904
LTU,Lithuania,Europe,2006,14195265.0,4.341313208202681,3269809,27994.572
LTU,Lithuania,Europe,2007,15473504.0,4.788515611605947,3231378,31329.229
LTU,Lithuania,Europe,2008,14918791.0,4.664334831335615,3198482,31312.592
LTU,Lithuania,Europe,2009,12829125.0,4.05567208460905,3163255,29327.494
LTU,Lithuania,Europe,2010,13801892.0,4.455498736006245,3097721,20924.342
LTU,Lithuania,Europe,2011,13959649.0,4.609210662732671,3028642,22119.473
LTU,Lithuania,Europe,2012,14054137.0,4.703000735526886,2988334,22392.352
LTU,Lithuania,Europe,2013,13148174.0,4.444414623106932,2958359,20734.879
LTU,Lithuania,Europe,2014,12845803.0,4.379493387872715,2933171,20197.334
LTU,Lithuania,Europe,2015,13045220.0,4.489417782750258,2905771,21320.408
LTU,Lithuania,Europe,2016,13101518.0,4.566406504597769,2869109,21915.375
LTU,Lithuania,Europe,2017,13277398.0,4.692792642181841,2829317,23217.373
LTU,Lithuania,Europe,2018,13414424.0,4.786617591173548,2802485,24316.043
LTU,Lithuania,Europe,2019,13647340.0,4.882669655752995,2795057,24093.863
LTU,Lithuania,Europe,2020,13499604.0,4.828588658707488,2795766,23956.45
LTU,Lithuania,Europe,2021,13778095.0,4.930450636788824,2794490,23942.94
LTU,Lithuania,Europe,2022,12895064.0,4.577712631832677,2816923,21734.512
LTU,Lithuania,Europe,2023,12507402.0,4.382251662868627,2854104,21925.158
LUX,Luxembourg,Europe,2000,8702319.0,19.95294881024987,436142,84629.28
LUX,Luxembourg,Europe,2001,9205365.0,20.83821538684426,441754,89614.82
LUX,Luxembourg,Europe,2002,9978491.0,22.353651051094104,446392,97088.04
LUX,Luxembourg,Europe,2003,10450939.0,23.129478028970112,451845,100687.37
LUX,Luxembourg,Europe,2004,11815994.0,25.781944338377283,458305,112339.24
LUX,Luxembourg,Europe,2005,12075892.0,25.949068373699152,465369,112259.24
LUX,Luxembourg,Europe,2006,11905623.0,25.17742334557774,472869,108415.46
LUX,Luxembourg,Europe,2007,11302203.0,23.53267593492922,480277,103578.83
LUX,Luxembourg,Europe,2008,11166763.0,22.836149653881943,488995,100950.76
LUX,Luxembourg,Europe,2009,10619787.0,21.31648387381673,498196,94822.82
LUX,Luxembourg,Europe,2010,11190507.0,22.053823474926,507418,98095.85
LUX,Luxembourg,Europe,2011,11089509.0,21.384250929937927,518583,93617.63
LUX,Luxembourg,Europe,2012,10857971.0,20.450043412668965,530951,89584.29
LUX,Luxembourg,Europe,2013,10323408.0,18.999274879545347,543358,83188.19
LUX,Luxembourg,Europe,2014,9806854.0,17.62919007343358,556285,78687.9
LUX,Luxembourg,Europe,2015,9333977.0,16.388624152825088,569540,74618.11
LUX,Luxembourg,Europe,2016,9077205.0,15.556184887688492,583511,71814.64
LUX,Luxembourg,Europe,2017,9251006.0,15.508655403298542,596506,73116.7
LUX,Luxembourg,Europe,2018,9556162.0,15.7145544630979,608109,75033.84
LUX,Luxembourg,Europe,2019,9749969.0,15.721521783648598,620167,74810.23
LUX,Luxembourg,Europe,2020,8069083.0,12.795942575051896,630597,62636.277
LUX,Luxembourg,Europe,2021,8409505.0,13.134187444164704,640276,65877.04
LUX,Luxembourg,Europe,2022,7274379.0,11.134566020985282,653315,57774.023
LUX,Luxembourg,Europe,2023,6840733.0,10.285254420005383,665101,54551.355
LVA,Latvia,Europe,2000,7081630.0,2.990149135251993,2368320,13965.743
LVA,Latvia,Europe,2001,7496506.0,3.205965533064848,2338299,15282.454
LVA,Latvia,Europe,2002,7520418.0,3.2536794386676577,2311358,16122.266
LVA,Latvia,Europe,2003,7726040.0,3.37531558775229,2288983,16335.281
LVA,Latvia,Europe,2004,7731198.0,3.414570137785043,2264179,17781.133
LVA,Latvia,Europe,2005,7810764.0,3.4872798172326207,2239787,18390.398
LVA,Latvia,Europe,2006,8310115.0,3.74491615514644,2219039,18890.049
LVA,Latvia,Europe,2007,8637233.0,3.924634242316567,2200774,19573.543
LVA,Latvia,Europe,2008,8198058.0,3.764531549196174,2177710,19432.994
LVA,Latvia,Europe,2009,7456196.0,3.4808790108886654,2142044,18670.227
LVA,Latvia,Europe,2010,8554521.0,4.077787374978191,2097834,20867.256
LVA,Latvia,Europe,2011,7808430.0,3.7906104061283337,2059940,19134.35
LVA,Latvia,Europe,2012,7519718.0,3.6958487476156714,2034639,19465.988
LVA,Latvia,Europe,2013,7368746.0,3.6605719611088703,2013004,19508.863
LVA,Latvia,Europe,2014,7172200.0,3.5966147030844677,1994153,18717.838
LVA,Latvia,Europe,2015,7262421.0,3.6718319771633583,1977874,19504.727
LVA,Latvia,Europe,2016,7210682.0,3.6791765546877513,1959863,20624.166
LVA,Latvia,Europe,2017,7215320.0,3.714261152198678,1942599,21433.805
LVA,Latvia,Europe,2018,7843189.0,4.068917807039479,1927586,20567.398
LVA,Latvia,Europe,2019,7633452.0,3.987663162975698,1914267,21631.914
LVA,Latvia,Europe,2020,6999268.0,3.681656960979297,1901119,19236.107
LVA,Latvia,Europe,2021,7218349.0,3.828158568683698,1885593,20324.766
LVA,Latvia,Europe,2022,6607997.0,3.5129132047426475,1881059,17831.693
LVA,Latvia,Europe,2023,6589883.0,3.5007896838024246,1882399,17946.95
MAC,Macao,Asia,2000,1527888.0,3.493784814642044,437316,15780.08
MAC,Macao,Asia,2001,1560864.0,3.506606068911599,445121,16362.185
MAC,Macao,Asia,2002,1388656.0,3.045124620087451,456026,17263.035
MAC,Macao,Asia,2003,1421632.0,3.030797634427858,469062,17705.162
MAC,Macao,Asia,2004,1582848.0,3.2824936904952,482209,20296.918
MAC,Macao,Asia,2005,1681776.0,3.3946743746669465,495416,20307.605
MAC,Macao,Asia,2006,1454608.0,2.8591691040035223,508752,21026.564
MAC,Macao,Asia,2007,1363008.0,2.6097215866554597,522281,20978.555
MAC,Macao,Asia,2008,1128512.0,2.105688189799136,535935,18332.191
MAC,Macao,Asia,2009,1894288.0,3.4473440923616723,549492,19031.008
MAC,Macao,Asia,2010,1234768.0,2.193937907887045,562809,19226.94
MAC,Macao,Asia,2011,1293392.0,2.2468609070884087,575644,18956.566
MAC,Macao,Asia,2012,1132176.0,1.9272721082645328,587450,18773.168
MAC,Macao,Asia,2013,989280.0,1.6522366522366525,598752,18736.98
MAC,Macao,Asia,2014,1293392.0,2.119244709228783,610308,19851.902
MAC,Macao,Asia,2015,1773376.0,2.850239076801916,622185,20828.768
MAC,Macao,Asia,2016,1780704.0,2.8072777491380494,634317,20759.72
MAC,Macao,Asia,2017,1927264.0,2.9808060529759124,646558,24844.086
MAC,Macao,Asia,2018,1242096.0,1.88545744614642,658777,20693.555
MAC,Macao,Asia,2019,1212784.0,1.807476206515227,670982,21195.812
MAC,Macao,Asia,2020,1033247.94,1.5126552954386745,683069,18887.785
MAC,Macao,Asia,2021,1029584.06,1.4826873981140662,694404,17717.014
MAC,Macao,Asia,2022,1048775.0,1.4889758078255435,704360,17630.773
MAC,Macao,Asia,2023,1042865.06,1.4607671770908623,713916,18437.537
MAR,Morocco,Africa,2000,33199036.0,1.168016157369275,28423439,4078.7817
MAR,Morocco,Africa,2001,36808930.0,1.277438216662457,28814646,4332.3696
MAR,Morocco,Africa,2002,37309516.0,1.2778042825047864,29198146,4387.4043
MAR,Morocco,Africa,2003,36570124.0,1.2366714274579016,29571415,4305.685
MAR,Morocco,Africa,2004,42225556.0,1.4097261174423774,29953021,4847.401
MAR,Morocco,Africa,2005,44660772.0,1.4711298071736596,30358145,5242.4697
MAR,Morocco,Africa,2006,46249416.0,1.503010853110308,30771179,5281.35
MAR,Morocco,Africa,2007,48912716.0,1.5683954976882923,31186468,5164.738
MAR,Morocco,Africa,2008,51372324.0,1.6253582895486722,31606769,5629.592
MAR,Morocco,Africa,2009,50859732.0,1.5878393716243993,32030779,5322.5103
MAR,Morocco,Africa,2010,54365200.0,1.674475157228065,32467009,5779.07
MAR,Morocco,Africa,2011,54867636.0,1.6670716080186347,32912585,6076.7983
MAR,Morocco,Africa,2012,56953540.0,1.7074837343427178,33355246,6125.346
MAR,Morocco,Africa,2013,56606420.0,1.6753621220441015,33787573,6128.8066
MAR,Morocco,Africa,2014,57174916.0,1.671547348464472,34204784,6166.929
MAR,Morocco,Africa,2015,58498840.0,1.69034711749648,34607590,6166.0645
MAR,Morocco,Africa,2016,58457476.0,1.669094877236426,35023459,6153.4116
MAR,Morocco,Africa,2017,61103764.0,1.723835780761344,35446395,6378.668
MAR,Morocco,Africa,2018,62314932.0,1.7387095226084104,35839760,6449.333
MAR,Morocco,Africa,2019,68743490.0,1.8984194458316108,36210907,6945.425
MAR,Morocco,Africa,2020,64541824.0,1.764199022704004,36584208,6315.675
MAR,Morocco,Africa,2021,70275310.0,1.9016741775812995,36954443,6937.147
MAR,Morocco,Africa,2022,69779460.0,1.8693062468101267,37329068,6838.2817
MAR,Morocco,Africa,2023,68961176.0,1.828601836058883,37712516,6816.1904
MDA,Moldova,Europe,2000,3572952.0,0.8436784307039792,4234969,7592.8037
MDA,Moldova,Europe,2001,3786589.0,0.903770351062314,4189769,7669.3545
MDA,Moldova,Europe,2002,4051736.0,0.9779863898485543,4142937,8401.969
MDA,Moldova,Europe,2003,4404268.0,1.0754135475304352,4095418,9454.323
MDA,Moldova,Europe,2004,4613424.0,1.1400538516588443,4046672,8927.952
MDA,Moldova,Europe,2005,4937548.0,1.2378939535704652,3988668,9927.586
MDA,Moldova,Europe,2006,5029747.0,1.282666806075505,3921320,10696.137
MDA,Moldova,Europe,2007,4978554.0,1.2926618575026152,3851397,9459.463
MDA,Moldova,Europe,2008,5190380.0,1.3732969652359053,3779503,9947.718
MDA,Moldova,Europe,2009,4539512.0,1.224838730218347,3706212,9140.857
MDA,Moldova,Europe,2010,4830905.0,1.3300986511526738,3631990,8803.365
MDA,Moldova,Europe,2011,4944974.0,1.3901005206790136,3557278,9124.393
MDA,Moldova,Europe,2012,4765682.0,1.3684150680419878,3482629,12861.652
MDA,Moldova,Europe,2013,4899358.0,1.437292537039335,3408741,12900.738
MDA,Moldova,Europe,2014,4755152.0,1.422541855946439,3342715,12572.957
MDA,Moldova,Europe,2015,4785084.0,1.455685866983373,3287168,11441.152
MDA,Moldova,Europe,2016,4907333.0,1.5156390238056852,3237798,11629.28
MDA,Moldova,Europe,2017,5090404.0,1.5939890402379835,3193500,11930.71
MDA,Moldova,Europe,2018,5351240.0,1.6967707629481965,3153779,12904.734
MDA,Moldova,Europe,2019,5378353.0,1.7279510345339415,3112561,13260.26
MDA,Moldova,Europe,2020,5113134.0,1.665985367212586,3069135,13000.607
MDA,Moldova,Europe,2021,5760043.0,1.904914709403462,3023780,14503.401
MDA,Moldova,Europe,2022,5173479.0,1.701810139915118,3039986,12621.712
MDA,Moldova,Europe,2023,5329303.0,1.7375865320409825,3067072,10312.887
MDG,Madagascar,Africa,2000,1955170.0,0.1183779501700619,16516336,516.6823
MDG,Madagascar,Africa,2001,1746684.0,0.1025474590899876,17032933,490.90063
MDG,Madagascar,Africa,2002,1232145.0,0.0702080323465954,17549915,355.05792
MDG,Madagascar,Africa,2003,1699386.0,0.0940349250160193,18071860,450.40002
MDG,Madagascar,Africa,2004,1804376.0,0.0969750205921488,18606606,479.4927
MDG,Madagascar,Africa,2005,1741218.0,0.090879136955667,19159711,448.10397
MDG,Madagascar,Africa,2006,1674711.0,0.0848775089813367,19730916,429.44547
MDG,Madagascar,Africa,2007,1727691.0,0.0850300636018542,20318590,441.54108
MDG,Madagascar,Africa,2008,1787286.0,0.0854186339200993,20923842,460.26605
MDG,Madagascar,Africa,2009,1699051.0,0.0788522373383885,21547277,384.63342
MDG,Madagascar,Africa,2010,1871714.0,0.084374749107923,22183343,400.65176
MDG,Madagascar,Africa,2011,2329853.0,0.1020866647781632,22822305,445.29364
MDG,Madagascar,Africa,2012,2660200.0,0.113381197628005,23462444,518.1018
MDG,Madagascar,Africa,2013,3060920.0,0.1269601883755183,24109290,526.93835
MDG,Madagascar,Africa,2014,2971004.0,0.1199709776422209,24764356,556.57306
MDG,Madagascar,Africa,2015,3121228.0,0.1227539410044629,25426703,597.4213
MDG,Madagascar,Africa,2016,3256796.0,0.12478169498409,26099950,616.7082
MDG,Madagascar,Africa,2017,3803787.0,0.1419939220659824,26788379,552.9473
MDG,Madagascar,Africa,2018,3604454.0,0.1310952237376127,27494930,462.9019
MDG,Madagascar,Africa,2019,4146515.0,0.1469376257793397,28219559,551.20087
MDG,Madagascar,Africa,2020,3788076.0,0.1308328233212081,28953560,409.26163
MDG,Madagascar,Africa,2021,4246076.0,0.1430084388624775,29691087,527.3159
MDG,Madagascar,Africa,2022,4209640.0,0.1383054802467278,30437261,544.34326
MDG,Madagascar,Africa,2023,4446771.0,0.1425432741449631,31195937,518.01715
MDV,Maldives,Asia,2000,450672.0,1.5979859941494547,282025,10147.516
MDV,Maldives,Asia,2001,461664.0,1.6098306006736918,286778,8367.658
MDV,Maldives,Asia,2002,589904.0,2.0227753565293125,291631,9838.454
MDV,Maldives,Asia,2003,509296.0,1.7177104658731792,296497,8413.009
MDV,Maldives,Asia,2004,663184.0,2.2002282559651776,301416,10825.335
MDV,Maldives,Asia,2005,600896.0,1.9609632247600584,306429,9640.38
MDV,Maldives,Asia,2006,743792.0,2.3697756367366964,313866,11927.223
MDV,Maldives,Asia,2007,780432.0,2.405110804988767,324489,11941.918
MDV,Maldives,Asia,2008,839056.0,2.4958682602668825,336178,12532.423
MDV,Maldives,Asia,2009,883024.0,2.535370762772696,348282,12852.759
MDV,Maldives,Asia,2010,930656.0,2.5794092050487527,360802,12540.963
MDV,Maldives,Asia,2011,985616.0,2.637572487910876,373683,13086.583
MDV,Maldives,Asia,2012,1110192.0,2.870040664803617,386821,16100.758
MDV,Maldives,Asia,2013,1095536.0,2.7383128747716063,400077,16418.617
MDV,Maldives,Asia,2014,1319040.0,3.188990941026007,413623,21282.586
MDV,Maldives,Asia,2015,1282400.0,2.9951070264967945,428165,15375.3955
MDV,Maldives,Asia,2016,1432624.0,3.2316090553916395,443316,15741.273
MDV,Maldives,Asia,2017,1513232.0,3.3018588382642697,458297,15783.8125
MDV,Maldives,Asia,2018,1736736.0,3.6709236407908583,473106,12040.488
MDV,Maldives,Asia,2019,1993216.0,4.086661458942012,487737,12777.098
MDV,Maldives,Asia,2020,1678112.0,3.34200710178899,502127,10117.3125
MDV,Maldives,Asia,2021,1996880.0,3.868700391155507,516163,12536.174
MDV,Maldives,Asia,2022,2215800.0,4.227690053346969,524116,14143.395
MDV,Maldives,Asia,2023,2205334.0,4.1925784539808255,526009,14354.3
MEX,Mexico,Americas,2000,391435260.0,3.968903069167075,98625553,16736.297
MEX,Mexico,Americas,2001,407484670.0,4.070812484120112,100099101,16307.347
MEX,Mexico,Americas,2002,410301060.0,4.040439266598848,101548627,16615.45
MEX,Mexico,Americas,2003,435968700.0,4.23358883678622,102978517,16498.715
MEX,Mexico,Americas,2004,438588450.0,4.201274973973393,104394131,17134.89
MEX,Mexico,Americas,2005,463435520.0,4.379821687441472,105811504,17721.885
MEX,Mexico,Americas,2006,474522560.0,4.4243015432218415,107253666,18032.59
MEX,Mexico,Americas,2007,473595230.0,4.353923547936243,108774356,18180.15
MEX,Mexico,Americas,2008,472981280.0,4.285248830511121,110374286,18325.873
MEX,Mexico,Americas,2009,460290180.0,4.109744024360061,111999720,17967.81
MEX,Mexico,Americas,2010,456408960.0,4.016839485651161,113623898,18115.555
MEX,Mexico,Americas,2011,483301600.0,4.193742704957519,115243503,18641.135
MEX,Mexico,Americas,2012,501492300.0,4.292929232401853,116818208,18357.195
MEX,Mexico,Americas,2013,495411550.0,4.18621427110549,118343572,18340.729
MEX,Mexico,Americas,2014,484044500.0,4.04096898703682,119784265,17874.97
MEX,Mexico,Americas,2015,479433730.0,3.959895784593521,121072310,18056.396
MEX,Mexico,Americas,2016,478827740.0,3.9167482690415247,122251344,18242.656
MEX,Mexico,Americas,2017,464406620.0,3.763423211523444,123400052,18402.977
MEX,Mexico,Americas,2018,468420600.0,3.760188154622958,124573713,18000.162
MEX,Mexico,Americas,2019,468235840.0,3.723161199315748,125762978,17304.479
MEX,Mexico,Americas,2020,428936830.0,3.382807835323502,126799053,15656.81
MEX,Mexico,Americas,2021,446837570.0,3.500540873482766,127648151,16187.255
MEX,Mexico,Americas,2022,453799100.0,3.528404521355349,128613116,16740.793
MEX,Mexico,Americas,2023,458253860.0,3.532100386711827,129739761,17012.234
MKD,North Macedonia,Europe,2000,8467603.0,4.115973525874782,2057254,13881.63
MKD,North Macedonia,Europe,2001,8291524.0,4.012739679620577,2066300,13459.57
MKD,North Macedonia,Europe,2002,7837296.0,3.777953243267476,2074482,12971.4
MKD,North Macedonia,Europe,2003,8533328.0,4.099768571122461,2081417,14108.098
MKD,North Macedonia,Europe,2004,8229344.5,3.943937235122912,2086581,13796.956
MKD,North Macedonia,Europe,2005,8595744.0,4.113172065006898,2089809,14261.52
MKD,North Macedonia,Europe,2006,8650704.0,4.140614350153549,2089232,14425.969
MKD,North Macedonia,Europe,2007,9013295.0,4.329210479295591,2081972,14905.178
MKD,North Macedonia,Europe,2008,8936496.0,4.3154029023047205,2070837,14620.076
MKD,North Macedonia,Europe,2009,8247513.0,4.002479373736109,2060601,14006.871
MKD,North Macedonia,Europe,2010,8181847.5,3.988207466695264,2051510,14419.6875
MKD,North Macedonia,Europe,2011,8822912.0,4.324013634280758,2040445,15324.37
MKD,North Macedonia,Europe,2012,8456512.0,4.171342206928665,2027288,14569.306
MKD,North Macedonia,Europe,2013,7452442.0,3.701642096479377,2013280,13595.529
MKD,North Macedonia,Europe,2014,7166784.0,3.587262656406262,1997842,12891.493
MKD,North Macedonia,Europe,2015,6719776.0,3.393199034925867,1980366,13165.649
MKD,North Macedonia,Europe,2016,6606192.0,3.368327021090437,1961268,13858.904
MKD,North Macedonia,Europe,2017,7090023.0,3.652999649127688,1940877,14095.319
MKD,North Macedonia,Europe,2018,6653824.0,3.4660207425002474,1919730,14206.065
MKD,North Macedonia,Europe,2019,7624613.0,4.017938569056456,1897643,15250.652
MKD,North Macedonia,Europe,2020,6979920.0,3.728547916930419,1872021,13564.127
MKD,North Macedonia,Europe,2021,6518256.0,3.5212707625536908,1851109,14257.845
MKD,North Macedonia,Europe,2022,7352171.0,3.995232676678426,1840236,15339.659
MKD,North Macedonia,Europe,2023,7338385.0,4.006106015940605,1831800,15892.66
MLI,Mali,Africa,2000,1066224.0,0.0922395672883397,11559291,354.2473
MLI,Mali,Africa,2001,1161488.0,0.0975043824958055,11912162,347.35654
MLI,Mali,Africa,2002,1209120.0,0.0983980291097424,12288051,325.8642
MLI,Mali,Africa,2003,1245760.0,0.0982077108535933,12684951,300.45764
MLI,Mali,Africa,2004,1414304.0,0.107942238129383,13102415,306.4724
MLI,Mali,Africa,2005,1458272.0,0.1077117892421754,13538648,316.04974
MLI,Mali,Africa,2006,1535216.0,0.1097355473778931,13990143,364.02505
MLI,Mali,Africa,2007,1784368.0,0.1234192589510309,14457776,425.29068
MLI,Mali,Africa,2008,1956576.0,0.1309553593766753,14940786,488.06387
MLI,Mali,Africa,2009,1886960.0,0.1222477794097982,15435536,602.17523
MLI,Mali,Africa,2010,2088480.0,0.1309785934965636,15945201,600.64734
MLI,Mali,Africa,2011,2279008.0,0.1383812330690032,16469054,673.2307
MLI,Mali,Africa,2012,2436560.0,0.1436901808151765,16957039,654.48083
MLI,Mali,Africa,2013,2743394.0,0.1571279419098435,17459619,692.09766
MLI,Mali,Africa,2014,3139313.0,0.1742101268532813,18020267,720.2155
MLI,Mali,Africa,2015,3399103.0,0.1828160586267256,18593022,838.4048
MLI,Mali,Africa,2016,4286165.0,0.2233389841583409,19191298,1012.1127
MLI,Mali,Africa,2017,4766551.0,0.240576750152526,19813016,1082.1774
MLI,Mali,Africa,2018,5198325.0,0.2542959160956169,20442031,1088.2587
MLI,Mali,Africa,2019,5594037.0,0.2655178215911456,21068405,1148.2313
MLI,Mali,Africa,2020,6330056.0,0.2915217609858635,21713837,1222.0535
MLI,Mali,Africa,2021,7393170.0,0.3302197449536566,22388637,1387.1483
MLI,Mali,Africa,2022,7019715.0,0.304244104521888,23072641,1269.189
MLI,Mali,Africa,2023,6743016.0,0.2836879599716102,23769130,1184.5524
MLT,Malta,Europe,2000,2468170.0,6.171890824070717,399905,46297.684
MLT,Malta,Europe,2001,2736578.0,6.794090191366178,402788,50635.2
MLT,Malta,Europe,2002,2747250.0,6.773783135381968,405571,49065.758
MLT,Malta,Europe,2003,2960865.0,7.252826796264905,408236,56651.1
MLT,Malta,Europe,2004,2849102.0,6.935496592015579,410800,59101.79
MLT,Malta,Europe,2005,2649810.0,6.410975409122141,413324,50114.06
MLT,Malta,Europe,2006,2655351.0,6.39130560362776,415463,50950.824
MLT,Malta,Europe,2007,2727800.0,6.538335238889648,417201,55272.4
MLT,Malta,Europe,2008,2721287.0,6.495198928799028,418969,57001.21
MLT,Malta,Europe,2009,2560864.0,6.085703422053232,420800,60474.445
MLT,Malta,Europe,2010,2619259.0,6.197170735400587,422654,71871.52
MLT,Malta,Europe,2011,2608196.0,6.142206836459548,424635,67998.92
MLT,Malta,Europe,2012,2749059.0,6.443872241078628,426616,64478.266
MLT,Malta,Europe,2013,2429647.0,5.670690407672182,428457,60896.258
MLT,Malta,Europe,2014,2417320.0,5.563529070597062,434494,61302.926
MLT,Malta,Europe,2015,1697468.0,3.814723424528853,444978,65432.043
MLT,Malta,Europe,2016,1375879.0,3.022076718298351,455276,71012.43
MLT,Malta,Europe,2017,1537206.0,3.2853161559471857,467902,78640.64
MLT,Malta,Europe,2018,1547703.0,3.1940378900445765,484560,79115.16
MLT,Malta,Europe,2019,1649196.0,3.272103917129779,504017,79261.164
MLT,Malta,Europe,2020,1600889.0,3.089254976727671,518212,71572.87
MLT,Malta,Europe,2021,1611409.0,3.0729619381253777,524383,67572.73
MLT,Malta,Europe,2022,1774245.0,3.3590782932028764,528194,71854.42
MLT,Malta,Europe,2023,1768002.0,3.3173009809292937,532964,75718.19
MMR,Myanmar,Asia,2000,10219368.0,0.2256386886092886,45290850,978.6195
MMR,Myanmar,Asia,2001,8855704.0,0.1934778989555427,45771140,889.02985
MMR,Myanmar,Asia,2002,9328067.0,0.2017635975748397,46232656,1016.454
MMR,Myanmar,Asia,2003,9997118.0,0.2142215502107251,46667191,1146.0956
MMR,Myanmar,Asia,2004,12565488.0,0.266960143580525,47068779,1195.2069
MMR,Myanmar,Asia,2005,11547761.0,0.2434266385504626,47438362,1532.5985
MMR,Myanmar,Asia,2006,12817119.0,0.2682239443428659,47785141,1418.0597
MMR,Myanmar,Asia,2007,12844723.0,0.2669030744011533,48125047,1519.3099
MMR,Myanmar,Asia,2008,9772056.0,0.2019404105615965,48390790,1358.9896
MMR,Myanmar,Asia,2009,10210863.0,0.20983902370997,48660458,1190.1335
MMR,Myanmar,Asia,2010,13125187.0,0.2677277728124474,49024376,1228.7148
MMR,Myanmar,Asia,2011,15122017.0,0.3059909054716401,49419825,1239.8591
MMR,Myanmar,Asia,2012,11825691.0,0.2372852295355153,49837451,1518.6677
MMR,Myanmar,Asia,2013,12714823.0,0.2529675808231232,50262658,1748.0399
MMR,Myanmar,Asia,2014,15849346.0,0.3127236522657566,50681635,2079.9575
MMR,Myanmar,Asia,2015,21879816.0,0.4282681262877023,51089060,1894.9663
MMR,Myanmar,Asia,2016,21144082.0,0.4105989740774671,51495701,2201.666
MMR,Myanmar,Asia,2017,23633410.0,0.4554087634634275,51894939,2868.1602
MMR,Myanmar,Asia,2018,34016840.0,0.6507628808784776,52272250,2971.1077
MMR,Myanmar,Asia,2019,33616924.0,0.6386106663666707,52640718,2882.8687
MMR,Myanmar,Asia,2020,34587800.0,0.652396587667713,53016525,2963.4949
MMR,Myanmar,Asia,2021,29284832.0,0.5485375747022647,53387103,2759.1848
MMR,Myanmar,Asia,2022,31638664.0,0.5885519468600721,53756791,2493.025
MMR,Myanmar,Asia,2023,31792970.0,0.5873034961521267,54133800,2383.6958
MNE,Montenegro,Europe,2006,2062832.1,3.2543148817749845,633876,19364.283
MNE,Montenegro,Europe,2007,2055504.1,3.245252672927179,633388,18849.15
MNE,Montenegro,Europe,2008,2605104.0,4.116431094010476,632855,20630.123
MNE,Montenegro,Europe,2009,1681776.0,2.659165619144748,632445,15405.96
MNE,Montenegro,Europe,2010,2421904.0,3.831593069319462,632088,18621.549
MNE,Montenegro,Europe,2011,2407248.0,3.8047887666768343,632689,18448.959
MNE,Montenegro,Europe,2012,2213056.0,3.4931259924299103,633546,17150.955
MNE,Montenegro,Europe,2013,2150768.0,3.3966699252525667,633199,15910.187
MNE,Montenegro,Europe,2014,2106800.0,3.336833619216411,631377,15636.253
MNE,Montenegro,Europe,2015,2238704.0,3.5639923902920505,628145,17168.646
MNE,Montenegro,Europe,2016,2015199.9,3.228214357801251,624246,16356.96
MNE,Montenegro,Europe,2017,2103136.0,3.3915421730268083,620112,17004.28
MNE,Montenegro,Europe,2018,2403584.0,3.903202024040351,615798,18089.064
MNE,Montenegro,Europe,2019,2476864.0,4.049340249905587,611671,18501.799
MNE,Montenegro,Europe,2020,2403584.0,3.953692341602872,607934,16963.93
MNE,Montenegro,Europe,2021,2410912.0,3.992541243413143,603854,18418.84
MNE,Montenegro,Europe,2022,2495184.0,4.0595266566772255,614649,18458.855
MNE,Montenegro,Europe,2023,2406849.0,3.798970251896842,633553,18402.727
MNG,Mongolia,Asia,2000,7431864.0,3.0270114394778065,2455182,6921.8765
MNG,Mongolia,Asia,2001,7803958.0,3.149673245876021,2477704,6804.768
MNG,Mongolia,Asia,2002,8196567.5,3.2785299555133167,2500074,7188.687
MNG,Mongolia,Asia,2003,7934596.0,3.1463905474205225,2521809,7071.1685
MNG,Mongolia,Asia,2004,8501100.0,3.34320302689829,2542801,7747.934
MNG,Mongolia,Asia,2005,8515106.0,3.321715989211482,2563466,7940.0825
MNG,Mongolia,Asia,2006,9281176.0,3.5907288913752566,2584761,8309.95
MNG,Mongolia,Asia,2007,11957832.0,4.585100476384752,2607976,9135.48
MNG,Mongolia,Asia,2008,11917791.0,4.523857713487277,2634431,9536.326
MNG,Mongolia,Asia,2009,13030046.0,4.888712217197626,2665333,9992.191
MNG,Mongolia,Asia,2010,13772353.0,5.097588257044815,2701739,12244.189
MNG,Mongolia,Asia,2011,21367836.0,7.78375649273655,2745183,12809.284
MNG,Mongolia,Asia,2012,34996204.0,12.518929422424836,2795463,14956.306
MNG,Mongolia,Asia,2013,43478044.0,15.245360001991664,2851887,16651.838
MNG,Mongolia,Asia,2014,29629786.0,10.171427727931052,2913041,16812.264
MNG,Mongolia,Asia,2015,23278636.0,7.820734762112099,2976528,15730.632
MNG,Mongolia,Asia,2016,25629114.0,8.428370025799005,3040815,15564.2
MNG,Mongolia,Asia,2017,34138988.0,10.9970709042186,3104371,16759.918
MNG,Mongolia,Asia,2018,45319308.0,14.306628691857911,3167714,17967.139
MNG,Mongolia,Asia,2019,47118988.0,14.578362547406996,3232118,19338.586
MNG,Mongolia,Asia,2020,42477500.0,12.908010426688335,3290786,18992.549
MNG,Mongolia,Asia,2021,35971700.0,10.771014912823878,3339676,18217.95
MNG,Mongolia,Asia,2022,40443170.0,11.944179219525015,3386015,15611.406
MNG,Mongolia,Asia,2023,44183664.0,12.874260548995933,3431938,21177.12
MOZ,Mozambique,Africa,2000,1321945.0,0.0729161817336593,18129652,563.9375
MOZ,Mozambique,Africa,2001,1553994.0,0.0838286878089475,18537735,738.62933
MOZ,Mozambique,Africa,2002,1537057.0,0.0810755141088844,18958338,687.18384
MOZ,Mozambique,Africa,2003,1855517.0,0.0956823102072004,19392477,886.25354
MOZ,Mozambique,Africa,2004,1863973.0,0.0939487745958833,19840312,899.9577
MOZ,Mozambique,Africa,2005,1769698.0,0.0871575901334955,20304577,924.56476
MOZ,Mozambique,Africa,2006,1915622.0,0.0921544181657382,20787088,977.4089
MOZ,Mozambique,Africa,2007,2188943.0,0.1028269552498027,21287638,1094.6104
MOZ,Mozambique,Africa,2008,2179852.0,0.0999059674356847,21819037,1012.97614
MOZ,Mozambique,Africa,2009,2439006.0,0.1089243087778173,22391751,1037.6294
MOZ,Mozambique,Africa,2010,2637635.0,0.1146836020712689,22999234,1031.4454
MOZ,Mozambique,Africa,2011,3106628.0,0.1313637823430079,23649045,1287.5807
MOZ,Mozambique,Africa,2012,3051742.0,0.1253907853565859,24337849,1601.8507
MOZ,Mozambique,Africa,2013,3578664.0,0.1428516399323269,25051613,1768.0999
MOZ,Mozambique,Africa,2014,8118426.5,0.3148083447980809,25788473,1905.264
MOZ,Mozambique,Africa,2015,6730549.0,0.2535278173796357,26547576,1990.9137
MOZ,Mozambique,Africa,2016,8547749.0,0.3126793555733604,27337107,2136.813
MOZ,Mozambique,Africa,2017,6905362.0,0.2451631282481746,28166397,2194.4648
MOZ,Mozambique,Africa,2018,7010116.0,0.2415728066163801,29018647,1625.5104
MOZ,Mozambique,Africa,2019,7097435.0,0.2374964939875944,29884378,1650.032
MOZ,Mozambique,Africa,2020,6340353.0,0.2059647179991609,30783685,1478.2959
MOZ,Mozambique,Africa,2021,7722039.0,0.2435375360975871,31707798,1655.6117
MOZ,Mozambique,Africa,2022,9295686.0,0.2846526553790237,32656242,1721.4897
MOZ,Mozambique,Africa,2023,9093456.0,0.2703556394241348,33635163,1684.5072
MRT,Mauritania,Africa,2000,1113856.0,0.4262013813158851,2613450,1906.4406
MRT,Mauritania,Africa,2001,1172480.0,0.4376940725692352,2678766,1940.3823
MRT,Mauritania,Africa,2002,1249424.0,0.4562174407255522,2738659,2040.2915
MRT,Mauritania,Africa,2003,1286064.0,0.4589725379632768,2802050,2085.049
MRT,Mauritania,Africa,2004,1384992.0,0.482799177737705,2868671,2190.6438
MRT,Mauritania,Africa,2005,1433674.0,0.4878001810102549,2939060,2229.57
MRT,Mauritania,Africa,2006,1550078.0,0.5143508273497432,3013659,2115.7986
MRT,Mauritania,Africa,2007,1757602.0,0.568239594059614,3093065,2330.3518
MRT,Mauritania,Africa,2008,1830772.0,0.5751219812545315,3183276,2789.6924
MRT,Mauritania,Africa,2009,2012298.1,0.612673552438244,3284454,2656.9438
MRT,Mauritania,Africa,2010,2093519.9,0.6173812020638354,3390968,2552.8572
MRT,Mauritania,Africa,2011,2226577.0,0.6356539729640149,3502813,2658.1934
MRT,Mauritania,Africa,2012,2447571.0,0.6763048713261961,3619035,2852.7375
MRT,Mauritania,Africa,2013,2168855.0,0.5807891870121608,3734324,2473.5334
MRT,Mauritania,Africa,2014,2562746.0,0.6659058529389679,3848511,2886.7866
MRT,Mauritania,Africa,2015,3002486.0,0.7570643065145152,3965959,2800.819
MRT,Mauritania,Africa,2016,2623861.0,0.6420559112526014,4086655,2542.3948
MRT,Mauritania,Africa,2017,3581137.0,0.8505045476859253,4210603,3739.2468
MRT,Mauritania,Africa,2018,4444432.0,1.0246092097512844,4337685,3996.467
MRT,Mauritania,Africa,2019,4613280.0,1.0325817632910252,4467714,4034.8708
MRT,Mauritania,Africa,2020,4781520.0,1.039430138587207,4600136,4025.4543
MRT,Mauritania,Africa,2021,4499685.0,0.9503283508705828,4734874,3711.9766
MRT,Mauritania,Africa,2022,5267432.0,1.0803561539767874,4875644,4159.3027
MRT,Mauritania,Africa,2023,5036898.0,1.0028782811230077,5022442,3811.7117
MSR,Montserrat,Americas,2000,25648.0,5.075796556501088,5053,23018.78
MSR,Montserrat,Americas,2001,25648.0,5.55632582322357,4616,25197.982
MSR,Montserrat,Americas,2002,43968.0,9.770666666666669,4500,37255.918
MSR,Montserrat,Americas,2003,36640.0,8.115171650055371,4515,37132.14
MSR,Montserrat,Americas,2004,47632.0,10.48931953314248,4541,36919.54
MSR,Montserrat,Americas,2005,40304.0,8.811543506777438,4574,36653.176
MSR,Montserrat,Americas,2006,40304.0,8.750325662179765,4606,36398.527
MSR,Montserrat,Americas,2007,40304.0,8.669391266939126,4649,40085.457
MSR,Montserrat,Americas,2008,43968.0,9.354893617021276,4700,50905.336
MSR,Montserrat,Americas,2009,43968.0,9.238915738600546,4759,42509.035
MSR,Montserrat,Americas,2010,58624.0,12.165179497821123,4819,56092.406
MSR,Montserrat,Americas,2011,36640.0,7.560874948411061,4846,38559.43
MSR,Montserrat,Americas,2012,40304.0,8.358357527996683,4822,37594.273
MSR,Montserrat,Americas,2013,51296.0,10.744868035190615,4774,47845.586
MSR,Montserrat,Americas,2014,43968.0,9.279864921907976,4738,45017.266
MSR,Montserrat,Americas,2015,51296.0,10.93032175580652,4693,51149.113
MSR,Montserrat,Americas,2016,29312.0,6.283386923901394,4665,29353.95
MSR,Montserrat,Americas,2017,25648.0,5.546712802768166,4624,26601.775
MSR,Montserrat,Americas,2018,29312.0,6.379107725788901,4595,27406.453
MSR,Montserrat,Americas,2019,25648.0,5.619631901840491,4564,23059.762
MSR,Montserrat,Americas,2020,21984.0,4.850838481906443,4532,22780.908
MSR,Montserrat,Americas,2021,21984.0,4.8799112097669255,4505,23226.729
MSR,Montserrat,Americas,2022,25648.0,5.73011617515639,4476,26739.414
MSR,Montserrat,Americas,2023,25596.0,5.764864864864865,4440,23651.912
MUS,Mauritius,Africa,2000,2689376.0,2.210509011763623,1216632,13104.263
MUS,Mauritius,Africa,2001,2861584.0,2.3344490609043675,1225807,13332.863
MUS,Mauritius,Africa,2002,2883568.0,2.3365945757602766,1234090,12971.968
MUS,Mauritius,Africa,2003,3059440.0,2.4631308097454783,1242094,13112.625
MUS,Mauritius,Africa,2004,3088752.0,2.4713990009593543,1249799,13432.692
MUS,Mauritius,Africa,2005,3293936.0,2.6200260098710246,1257215,14340.227
MUS,Mauritius,Africa,2006,3627360.0,2.870235047891849,1263785,14961.199
MUS,Mauritius,Africa,2007,3685984.0,2.9034423980049184,1269522,15454.462
MUS,Mauritius,Africa,2008,3766592.0,2.95503575533388,1274635,15743.598
MUS,Mauritius,Africa,2009,3707968.0,2.8991693354683745,1278976,15110.805
MUS,Mauritius,Africa,2010,3913152.0,3.050691114905162,1282710,16275.126
MUS,Mauritius,Africa,2011,3916816.0,3.04509628616076,1286270,16704.727
MUS,Mauritius,Africa,2012,3964448.0,3.0751845755499256,1289174,16781.137
MUS,Mauritius,Africa,2013,4067040.0,3.150331374110371,1290988,16960.322
MUS,Mauritius,Africa,2014,4206272.0,3.255613364024625,1292006,17446.719
MUS,Mauritius,Africa,2015,4209936.0,3.257750817738839,1292283,18058.996
MUS,Mauritius,Africa,2016,4341840.0,3.361059353293488,1291807,18795.404
MUS,Mauritius,Africa,2017,4539696.0,3.517360965835925,1290654,20664.514
MUS,Mauritius,Africa,2018,4455424.0,3.4569363363531123,1288836,19499.125
MUS,Mauritius,Africa,2019,4525040.0,3.517957752227567,1286269,20152.344
MUS,Mauritius,Africa,2020,3799568.0,2.9609384436629105,1283231,17047.527
MUS,Mauritius,Africa,2021,3968112.0,3.100988724848159,1279628,16870.012
MUS,Mauritius,Africa,2022,4316741.0,3.382670628633043,1276134,16850.51
MUS,Mauritius,Africa,2023,4587621.0,3.6021148076580314,1273591,17726.076
MWI,Malawi,Africa,2000,853982.0,0.0754671261715877,11315947,430.20172
MWI,Malawi,Africa,2001,777288.0,0.0670477165772582,11593057,401.72867
MWI,Malawi,Africa,2002,856235.0,0.0720709657038883,11880443,379.28214
MWI,Malawi,Africa,2003,914835.0,0.0750998947180475,12181575,393.57727
MWI,Malawi,Africa,2004,901678.0,0.0721299929860129,12500736,404.19977
MWI,Malawi,Africa,2005,845319.0,0.0658346387556294,12840034,367.8602
MWI,Malawi,Africa,2006,851328.0,0.0645009027026072,13198699,373.2348
MWI,Malawi,Africa,2007,919179.0,0.0677044571056832,13576344,358.31165
MWI,Malawi,Africa,2008,998705.0,0.0714564500267057,13976415,402.03653
MWI,Malawi,Africa,2009,1017604.94,0.0706876858703392,14395788,356.4677
MWI,Malawi,Africa,2010,972162.0,0.0655693676429703,14826466,420.6762
MWI,Malawi,Africa,2011,1033844.0,0.0677263176623479,15265026,407.03745
MWI,Malawi,Africa,2012,1040751.0,0.0662494604405962,15709577,394.27286
MWI,Malawi,Africa,2013,1120229.0,0.0693133123158932,16161816,391.17166
MWI,Malawi,Africa,2014,1015111.0,0.0610720406431801,16621534,388.7584
MWI,Malawi,Africa,2015,1049909.0,0.0614499812034552,17085587,361.83582
MWI,Malawi,Africa,2016,1172440.0,0.0667762441648957,17557741,385.01498
MWI,Malawi,Africa,2017,1193033.0,0.0661336981284736,18039714,402.65982
MWI,Malawi,Africa,2018,1690049.0,0.0912155200488598,18528086,368.75854
MWI,Malawi,Africa,2019,1695354.0,0.0891084019403599,19025748,419.86392
MWI,Malawi,Africa,2020,1868050.0,0.0956312581956943,19533885,402.50174
MWI,Malawi,Africa,2021,1682495.0,0.0839264150958455,20047264,391.59543
MWI,Malawi,Africa,2022,1801388.0,0.0875789566210963,20568731,392.59195
MWI,Malawi,Africa,2023,1852568.0,0.0877807934618621,21104480,382.16806
MYS,Malaysia,Asia,2000,122881384.0,5.350155132287932,22967817,26013.688
MYS,Malaysia,Asia,2001,130890050.0,5.563507333315339,23526535,26096.805
MYS,Malaysia,Asia,2002,132035230.0,5.478077211732222,24102477,26915.031
MYS,Malaysia,Asia,2003,153384340.0,6.2150243577652216,24679604,28542.492
MYS,Malaysia,Asia,2004,169674400.0,6.7179762038483695,25256773,30132.916
MYS,Malaysia,Asia,2005,169978320.0,6.579107701150426,25836075,31885.23
MYS,Malaysia,Asia,2006,170166450.0,6.441329251304484,26417909,31496.188
MYS,Malaysia,Asia,2007,175454450.0,6.498702163014726,26998383,32928.758
MYS,Malaysia,Asia,2008,192847060.0,6.994802186082203,27570052,33310.15
MYS,Malaysia,Asia,2009,192122740.0,6.831084432699009,28124779,31661.45
MYS,Malaysia,Asia,2010,199346400.0,6.956588013053705,28655772,32156.709
MYS,Malaysia,Asia,2011,203452770.0,6.9766316711653245,29162034,32045.32
MYS,Malaysia,Asia,2012,212993630.0,7.1804879742613945,29662835,34455.16
MYS,Malaysia,Asia,2013,241671090.0,8.00917795224799,30174269,35326.73
MYS,Malaysia,Asia,2014,245053380.0,7.983200359471989,30696133,34995.742
MYS,Malaysia,Asia,2015,235941760.0,7.554295171011907,31232796,34912.59
MYS,Malaysia,Asia,2016,237293890.0,7.46449163458394,31789692,35800.918
MYS,Malaysia,Asia,2017,244457090.0,7.555315700427147,32355642,35334.004
MYS,Malaysia,Asia,2018,262647070.0,7.980534328333085,32910963,35408.363
MYS,Malaysia,Asia,2019,277672900.0,8.303468928030277,33440590,35753.344
MYS,Malaysia,Asia,2020,262158820.0,7.73568221051242,33889554,33895.184
MYS,Malaysia,Asia,2021,273332160.0,7.972957789074536,34282404,34878.023
MYS,Malaysia,Asia,2022,281883800.0,8.124507464859846,34695494,37321.54
MYS,Malaysia,Asia,2023,276296770.0,7.86581021425687,35126295,36245.953
NAM,Namibia,Africa,2000,1718416.0,0.9448854919858136,1818650,5556.6836
NAM,Namibia,Africa,2001,2231376.0,1.2015644091006263,1857059,6452.129
NAM,Namibia,Africa,2002,1971232.0,1.0429931385372089,1889976,5751.0547
NAM,Namibia,Africa,2003,2092144.0,1.0910966487593805,1917469,6010.2515
NAM,Namibia,Africa,2004,2238704.0,1.1527310568476077,1942087,6295.2373
NAM,Namibia,Africa,2005,2531824.0,1.2874242149191923,1966581,6712.8003
NAM,Namibia,Africa,2006,2524496.0,1.2673872553203238,1991890,6620.7944
NAM,Namibia,Africa,2007,2326640.0,1.152596815526747,2018607,6833.5107
NAM,Namibia,Africa,2008,2857920.0,1.3961102244732566,2047059,7235.0747
NAM,Namibia,Africa,2009,2660064.0,1.2804775199768943,2077400,7396.02
NAM,Namibia,Africa,2010,2788304.0,1.3215869637859243,2109815,7701.005
NAM,Namibia,Africa,2011,2785549.0,1.2978189291400068,2146331,7822.1074
NAM,Namibia,Africa,2012,3194064.0,1.455382529198198,2194656,7876.9204
NAM,Namibia,Africa,2013,3003744.0,1.3335126892060174,2252505,8094.9346
NAM,Namibia,Africa,2014,3099139.0,1.340375141156927,2312143,8291.814
NAM,Namibia,Africa,2015,3393660.0,1.4293277401176343,2374305,8520.548
NAM,Namibia,Africa,2016,3582204.0,1.468586461486238,2439219,8412.105
NAM,Namibia,Africa,2017,3589609.0,1.4319178540114423,2506854,8261.7
NAM,Namibia,Africa,2018,3635037.0,1.410390299717498,2577327,8095.821
NAM,Namibia,Africa,2019,3730077.0,1.4073112270557355,2650499,7681.0674
NAM,Namibia,Africa,2020,3440421.0,1.2608001436549934,2728760,6990.977
NAM,Namibia,Africa,2021,3607799.0,1.2836620706537365,2810552,6798.687
NAM,Namibia,Africa,2022,3413848.0,1.1813980014313064,2889668,6222.074
NAM,Namibia,Africa,2023,3442664.0,1.1618445804430626,2963102,6295.449
NCL,New Caledonia,Oceania,2000,2224040.0,9.96835641611761,223110,40982.81
NCL,New Caledonia,Oceania,2001,1876642.0,8.241223640180227,227714,38821.22
NCL,New Caledonia,Oceania,2002,2392238.0,10.300759131756507,232239,41888.996
NCL,New Caledonia,Oceania,2003,2725557.0,11.515594632505788,236684,44709.664
NCL,New Caledonia,Oceania,2004,2514913.0,10.44117244099392,240865,42506.266
NCL,New Caledonia,Oceania,2005,2806102.0,11.482018568605229,244391,46059.676
NCL,New Caledonia,Oceania,2006,2710306.0,10.948209907213288,247557,45058.117
NCL,New Caledonia,Oceania,2007,2926788.0,11.673066645395446,250730,47088.543
NCL,New Caledonia,Oceania,2008,2847959.0,11.21990221840516,253831,46293.13
NCL,New Caledonia,Oceania,2009,3035808.0,11.800498326602169,257261,46386.137
NCL,New Caledonia,Oceania,2010,3657625.0,13.98281596452328,261580,54476.797
NCL,New Caledonia,Oceania,2011,3694428.0,13.86016882386044,266550,52115.16
NCL,New Caledonia,Oceania,2012,3705562.0,13.641444558975117,271640,54380.004
NCL,New Caledonia,Oceania,2013,3970129.0,14.341293636573807,276832,57012.297
NCL,New Caledonia,Oceania,2014,5009068.0,17.811096137366526,281233,66096.52
NCL,New Caledonia,Oceania,2015,4876909.0,17.22200092520985,283179,66969.8
NCL,New Caledonia,Oceania,2016,5481737.0,19.34057198904852,283432,72312.38
NCL,New Caledonia,Oceania,2017,5583765.0,19.692069235489537,283554,69077.99
NCL,New Caledonia,Oceania,2018,5913008.0,20.85341966700876,283551,77017.23
NCL,New Caledonia,Oceania,2019,5672867.0,20.00192866410922,283616,72879.4
NCL,New Caledonia,Oceania,2020,5109173.0,17.978208010922387,284187,67648.06
NCL,New Caledonia,Oceania,2021,4536780.0,15.905857439863688,285227,59830.67
NCL,New Caledonia,Oceania,2022,5115597.0,17.816309685508305,287130,63128.047
NCL,New Caledonia,Oceania,2023,5068005.0,17.483174013985145,289879,63397.098
NER,Niger,Africa,2000,683499.0,0.0593849465586829,11509634,288.23282
NER,Niger,Africa,2001,646167.0,0.0542056941870945,11920648,272.5111
NER,Niger,Africa,2002,684661.0,0.0554419534947749,12349150,279.74094
NER,Niger,Africa,2003,743704.0,0.0581155911875763,12796979,296.8414
NER,Niger,Africa,2004,795380.0,0.0599569887869168,13265843,314.17807
NER,Niger,Africa,2005,691319.0,0.0502551142060244,13756192,285.699
NER,Niger,Africa,2006,670964.0,0.0470238705553312,14268583,274.10272
NER,Niger,Africa,2007,705882.0,0.0476831182460703,14803604,287.41928
NER,Niger,Africa,2008,792046.0,0.0515590465541386,15361921,307.89026
NER,Niger,Africa,2009,952182.0,0.0597216212349563,15943673,349.23425
NER,Niger,Africa,2010,1159981.0,0.0700944290150248,16548833,416.40424
NER,Niger,Africa,2011,1313027.0,0.0764441742528041,17176286,402.53995
NER,Niger,Africa,2012,1851814.0,0.10382003019605,17836770,514.32916
NER,Niger,Africa,2013,2078361.0,0.1122231282146841,18519899,557.45984
NER,Niger,Africa,2014,2256260.0,0.1174162024117818,19215917,509.82996
NER,Niger,Africa,2015,2198770.0,0.1102720951422242,19939496,518.8658
NER,Niger,Africa,2016,2141519.0,0.1035262522166216,20685758,466.9426
NER,Niger,Africa,2017,2242503.0,0.1046165629653943,21435449,438.04407
NER,Niger,Africa,2018,1803409.0,0.081278302929763,22188074,381.82718
NER,Niger,Africa,2019,2513365.0,0.1095254810217901,22947765,535.503
NER,Niger,Africa,2020,3040036.0,0.1281762942859136,23717615,522.7427
NER,Niger,Africa,2021,2588205.0,0.1056317722387162,24502145,459.1946
NER,Niger,Africa,2022,3200732.0,0.1264512793113205,25311978,534.41766
NER,Niger,Africa,2023,3133399.0,0.1197788765178166,26159863,565.49994
NGA,Nigeria,Africa,2000,96831040.0,0.7661744914188666,126382490,1704.0754
NGA,Nigeria,Africa,2001,100218150.0,0.7717245352422268,129862594,1880.8776
NGA,Nigeria,Africa,2002,89906310.0,0.6735968095779193,133471995,1880.1866
NGA,Nigeria,Africa,2003,100029690.0,0.7290653126325275,137202646,1946.9711
NGA,Nigeria,Africa,2004,94961840.0,0.6732158610014835,141057045,1961.0071
NGA,Nigeria,Africa,2005,101666030.0,0.7010616033170562,145017256,2102.179
NGA,Nigeria,Africa,2006,90097150.0,0.6043651773088109,149077335,1838.13
NGA,Nigeria,Africa,2007,82170030.0,0.5361225431754653,153267254,1643.4609
NGA,Nigeria,Africa,2008,86488856.0,0.5488045199196467,157595014,1969.0131
NGA,Nigeria,Africa,2009,77031380.0,0.4753571974127949,162049466,1211.6249
NGA,Nigeria,Africa,2010,112049800.0,0.6723947319011898,166642888,1445.2784
NGA,Nigeria,Africa,2011,126115480.0,0.7358838422322862,171379602,2022.9473
NGA,Nigeria,Africa,2012,110124550.0,0.6249952220658103,176200627,1987.3389
NGA,Nigeria,Africa,2013,117400790.0,0.6484460266764702,181049440,2503.9155
NGA,Nigeria,Africa,2014,123971240.0,0.6668816352667107,185896917,2658.4219
NGA,Nigeria,Africa,2015,110524590.0,0.5796585645509149,190671883,2458.8655
NGA,Nigeria,Africa,2016,116396000.0,0.5955474706582762,195443698,2421.6807
NGA,Nigeria,Africa,2017,112540370.0,0.5619864973874755,200254580,2284.907
NGA,Nigeria,Africa,2018,106785730.0,0.5210616779787943,204938752,2383.9285
NGA,Nigeria,Africa,2019,127859300.0,0.6103487658201597,209485637,2446.2432
NGA,Nigeria,Africa,2020,124899300.0,0.5836519936091384,213996185,2256.092
NGA,Nigeria,Africa,2021,147776620.0,0.6762325668331703,218529286,2388.635
NGA,Nigeria,Africa,2022,131440936.0,0.589022641028399,223150906,2363.2092
NGA,Nigeria,Africa,2023,129376100.0,0.5677304974669255,227882949,2194.584
NIC,Nicaragua,Americas,2000,3709726.0,0.7386014037250559,5022636,3181.092
NIC,Nicaragua,Americas,2001,3909472.0,0.768397195895222,5087827,3275.757
NIC,Nicaragua,Americas,2002,3975589.0,0.7719719203077954,5149914,3245.8179
NIC,Nicaragua,Americas,2003,4310426.0,0.8271830388584083,5210970,3403.2148
NIC,Nicaragua,Americas,2004,4362256.0,0.8272959006119772,5272909,3533.9648
NIC,Nicaragua,Americas,2005,4253188.0,0.7961628630495677,5342108,3518.621
NIC,Nicaragua,Americas,2006,4406583.0,0.8131941846776912,5418857,3523.339
NIC,Nicaragua,Americas,2007,4539816.0,0.8258344585935469,5497247,3652.4143
NIC,Nicaragua,Americas,2008,4353261.0,0.7806303736848834,5576597,3468.9956
NIC,Nicaragua,Americas,2009,4432131.0,0.78353241044712,5656602,3474.4766
NIC,Nicaragua,Americas,2010,4453063.0,0.7761396132184832,5737451,3465.2234
NIC,Nicaragua,Americas,2011,4788554.0,0.822909783743088,5819051,3623.9148
NIC,Nicaragua,Americas,2012,4533836.0,0.7682788000589702,5901290,3512.634
NIC,Nicaragua,Americas,2013,4585682.0,0.7663428173022996,5983852,3574.803
NIC,Nicaragua,Americas,2014,4719788.0,0.7780093045520698,6066493,3700.0437
NIC,Nicaragua,Americas,2015,5408233.0,0.8794708506513707,6149417,4094.406
NIC,Nicaragua,Americas,2016,5378534.0,0.862959081381573,6232664,4045.3796
NIC,Nicaragua,Americas,2017,5440822.0,0.8614027185498956,6316235,3990.2522
NIC,Nicaragua,Americas,2018,5177981.0,0.809050176607333,6400074,3713.1807
NIC,Nicaragua,Americas,2019,5208109.0,0.8032668276868312,6483660,3813.5183
NIC,Nicaragua,Americas,2020,4641018.0,0.7069046849122815,6565267,3477.782
NIC,Nicaragua,Americas,2021,5132574.0,0.772426029892795,6644745,3787.6953
NIC,Nicaragua,Americas,2022,5131236.0,0.7623672084558696,6730662,3819.9983
NIC,Nicaragua,Americas,2023,5428299.0,0.7955161330080123,6823619,3861.8176
NIU,Niue,Oceania,2000,7328.0,3.5435203094777563,2068,13725.301
NIU,Niue,Oceania,2001,7328.0,3.6512207274539112,2007,14493.465
NIU,Niue,Oceania,2002,7328.0,3.729262086513995,1965,14281.594
NIU,Niue,Oceania,2003,3664.0,1.900414937759336,1928,13664.849
NIU,Niue,Oceania,2004,3664.0,1.9375991538868325,1891,13904.587
NIU,Niue,Oceania,2005,3664.0,1.981611681990265,1849,14701.655
NIU,Niue,Oceania,2006,3664.0,2.0154015401540155,1818,14805.982
NIU,Niue,Oceania,2007,3664.0,2.0243093922651934,1810,13725.276
NIU,Niue,Oceania,2008,7328.0,4.0598337950138506,1805,21767.549
NIU,Niue,Oceania,2009,3664.0,2.034425319267074,1801,14357.932
NIU,Niue,Oceania,2010,3664.0,2.051511758118701,1786,13489.117
NIU,Niue,Oceania,2011,3664.0,2.063063063063063,1776,15083.333
NIU,Niue,Oceania,2012,3664.0,2.0538116591928253,1784,14796.282
NIU,Niue,Oceania,2013,7328.0,4.103023516237402,1786,15888.222
NIU,Niue,Oceania,2014,7328.0,4.089285714285714,1792,16357.539
NIU,Niue,Oceania,2015,7328.0,4.064337215751525,1803,17585.445
NIU,Niue,Oceania,2016,7328.0,4.057585825027686,1806,16896.666
NIU,Niue,Oceania,2017,7328.0,4.064337215751525,1803,16501.904
NIU,Niue,Oceania,2018,7328.0,4.0598337950138506,1805,17009.488
NIU,Niue,Oceania,2019,7328.0,4.039691289966924,1814,18138.418
NIU,Niue,Oceania,2020,7328.0,4.021953896816685,1822,17978.35
NIU,Niue,Oceania,2021,7328.0,3.991285403050109,1836,18198.82
NIU,Niue,Oceania,2022,7328.0,3.9739696312364425,1844,18580.77
NIU,Niue,Oceania,2023,7293.0,3.9614340032590976,1841,18197.238
NLD,Netherlands,Europe,2000,172153890.0,10.72025001685996,16058757,65113.324
NLD,Netherlands,Europe,2001,177464220.0,10.966289010397212,16182705,66822.95
NLD,Netherlands,Europe,2002,176738240.0,10.850785176380736,16288060,66957.53
NLD,Netherlands,Europe,2003,180168660.0,11.008102077153946,16366914,67875.5
NLD,Netherlands,Europe,2004,182090420.0,11.08579542057678,16425562,69312.58
NLD,Netherlands,Europe,2005,178129760.0,10.818227240409415,16465707,69322.14
NLD,Netherlands,Europe,2006,173279360.0,10.505694516095726,16493851,68752.016
NLD,Netherlands,Europe,2007,173028180.0,10.466663359820366,16531360,69078.984
NLD,Netherlands,Europe,2008,175903660.0,10.59835602975166,16597259,67989.39
NLD,Netherlands,Europe,2009,170433400.0,10.215289387267482,16684148,66130.336
NLD,Netherlands,Europe,2010,182478750.0,10.880461852772653,16771232,69379.74
NLD,Netherlands,Europe,2011,169346110.0,10.049581447720117,16851061,65650.78
NLD,Netherlands,Europe,2012,165751870.0,9.798994879809516,16915191,64249.574
NLD,Netherlands,Europe,2013,164925380.0,9.720324067814673,16967066,62021.58
NLD,Netherlands,Europe,2014,157502820.0,9.248504631656273,17030085,59062.555
NLD,Netherlands,Europe,2015,163958100.0,9.584029254191265,17107429,59199.55
NLD,Netherlands,Europe,2016,164811760.0,9.57946532379276,17204693,59783.69
NLD,Netherlands,Europe,2017,162295740.0,9.372926120691806,17315376,59583.65
NLD,Netherlands,Europe,2018,158264260.0,9.08453423498898,17421285,57608.97
NLD,Netherlands,Europe,2019,152727100.0,8.708599085217653,17537505,56731.285
NLD,Netherlands,Europe,2020,136974140.0,7.766412734513401,17636732,53907.52
NLD,Netherlands,Europe,2021,139885680.0,7.889521851108523,17730565,54596.01
NLD,Netherlands,Europe,2022,127503144.0,7.12132182325248,17904421,49639.33
NLD,Netherlands,Europe,2023,117016380.0,6.467664050890407,18092526,47535.254
NOR,Norway,Europe,2000,42131000.0,9.38149095586061,4490864,68543.02
NOR,Norway,Europe,2001,43519000.0,9.641642573083868,4513650,64598.457
NOR,Norway,Europe,2002,42571000.0,9.380971772686566,4538016,65704.98
NOR,Norway,Europe,2003,43919000.0,9.621514476634216,4564666,62169.29
NOR,Norway,Europe,2004,44257000.0,9.63839625902082,4591739,62344.344
NOR,Norway,Europe,2005,43279000.0,9.361426915156864,4623120,67066.805
NOR,Norway,Europe,2006,43859000.0,9.410819083928354,4660487,63386.21
NOR,Norway,Europe,2007,45605000.0,9.68461145924935,4709017,66398.29
NOR,Norway,Europe,2008,44692000.0,9.373131461042004,4768097,65430.89
NOR,Norway,Europe,2009,43098000.0,8.925522276010252,4828625,60768.516
NOR,Norway,Europe,2010,45659000.0,9.33882302890476,4889160,60114.35
NOR,Norway,Europe,2011,44775000.0,9.04003235231232,4952969,60187.496
NOR,Norway,Europe,2012,44258000.0,8.819052405193393,5018453,63575.4
NOR,Norway,Europe,2013,44539000.0,8.767302228330557,5080126,59767.38
NOR,Norway,Europe,2014,44975000.0,8.754433422217517,5137397,60101.13
NOR,Norway,Europe,2015,45523000.0,8.77166783852177,5189777,59631.395
NOR,Norway,Europe,2016,44708000.0,8.538621467562674,5235974,60130.453
NOR,Norway,Europe,2017,44197000.0,8.375709022520626,5276807,61783.05
NOR,Norway,Europe,2018,44472000.0,8.372380407138813,5311751,59811.516
NOR,Norway,Europe,2019,42866000.0,8.015733021824389,5347733,57209.87
NOR,Norway,Europe,2020,41275000.0,7.67296708199525,5379275,58326.98
NOR,Norway,Europe,2021,41058000.0,7.591970683876465,5408082,58745.582
NOR,Norway,Europe,2022,40833000.0,7.482962529660262,5456796,55920.33
NOR,Norway,Europe,2023,38869000.0,7.042548268606477,5519167,56344.117
NPL,Nepal,Asia,2000,3037431.0,0.1237418730296841,24546509,468.38828
NPL,Nepal,Asia,2001,3236078.0,0.1297193963703896,24946755,478.17096
NPL,Nepal,Asia,2002,2596383.0,0.102506381127174,25328989,477.54047
NPL,Nepal,Asia,2003,2810383.0,0.1094012627000086,25688762,498.73526
NPL,Nepal,Asia,2004,2582410.0,0.0992598893969908,26016652,483.3191
NPL,Nepal,Asia,2005,2986772.0,0.1135246323166927,26309462,495.1146
NPL,Nepal,Asia,2006,2456469.0,0.0924686331070116,26565430,468.01636
NPL,Nepal,Asia,2007,2570341.0,0.0959494257572783,26788498,456.07898
NPL,Nepal,Asia,2008,3355316.0,0.124316840481428,26990036,521.3953
NPL,Nepal,Asia,2009,4126129.2,0.1518464610228485,27173035,602.94196
NPL,Nepal,Asia,2010,4827968.0,0.1765772783987099,27341955,646.76184
NPL,Nepal,Asia,2011,5216765.0,0.189945755063655,27464499,682.32996
NPL,Nepal,Asia,2012,5470253.0,0.1986660500435156,27534916,731.91705
NPL,Nepal,Asia,2013,6217840.0,0.2253657367197249,27589997,785.8249
NPL,Nepal,Asia,2014,7587670.0,0.2741965786598785,27672373,848.1533
NPL,Nepal,Asia,2015,6904651.0,0.2481577979523952,27823631,757.9389
NPL,Nepal,Asia,2016,10088048.0,0.3608613140519077,27955471,1162.2872
NPL,Nepal,Asia,2017,12421580.0,0.4434495587452731,28011258,1333.339
NPL,Nepal,Asia,2018,14038992.0,0.4999696577825224,28079688,1495.165
NPL,Nepal,Asia,2019,12750490.0,0.448738663449293,28414066,1280.682
NPL,Nepal,Asia,2020,15630800.0,0.5396149631748035,28966580,1574.5149
NPL,Nepal,Asia,2021,15486231.0,0.5254019539802794,29475016,1633.55
NPL,Nepal,Asia,2022,17608968.0,0.5925865800046339,29715435,1820.385
NPL,Nepal,Asia,2023,18347820.0,0.6178837684167237,29694614,1679.4807
NRU,Nauru,Oceania,2000,87936.0,8.632178266417984,10187,44937.637
NRU,Nauru,Oceania,2001,80608.0,7.944022863900661,10147,40890.367
NRU,Nauru,Oceania,2002,76944.0,7.614448292924295,10105,38541.9
NRU,Nauru,Oceania,2003,65952.0,6.538964901844141,10086,34617.867
NRU,Nauru,Oceania,2004,62288.0,6.17691392304641,10084,32495.346
NRU,Nauru,Oceania,2005,62288.0,6.184887300168802,10071,31884.871
NRU,Nauru,Oceania,2006,43968.0,4.370142132988769,10061,23238.6
NRU,Nauru,Oceania,2007,40304.0,4.013543118900618,10042,22675.703
NRU,Nauru,Oceania,2008,40304.0,4.017543859649122,10032,23086.703
NRU,Nauru,Oceania,2009,40304.0,4.013942834379046,10041,22420.668
NRU,Nauru,Oceania,2010,43968.0,4.36753749875832,10067,23571.98
NRU,Nauru,Oceania,2011,40304.0,3.984183471727956,10116,23058.318
NRU,Nauru,Oceania,2012,40304.0,3.917193118864807,10289,24056.672
NRU,Nauru,Oceania,2013,47632.0,4.519593889363318,10539,27437.01
NRU,Nauru,Oceania,2014,51296.0,4.764629388816645,10766,29001.47
NRU,Nauru,Oceania,2015,54960.0,5.007744874715262,10975,30294.217
NRU,Nauru,Oceania,2016,51296.0,4.591067752617918,11173,32657.586
NRU,Nauru,Oceania,2017,54960.0,4.841864152938067,11351,25127.229
NRU,Nauru,Oceania,2018,54960.0,4.779546047482389,11499,28063.158
NRU,Nauru,Oceania,2019,51296.0,4.418640709794126,11609,27454.725
NRU,Nauru,Oceania,2020,54960.0,4.7115302186026575,11665,26711.46
NRU,Nauru,Oceania,2021,54960.0,4.686620619084165,11727,27542.607
NRU,Nauru,Oceania,2022,58984.0,4.989341904923025,11822,27801.133
NRU,Nauru,Oceania,2023,58705.0,4.933193277310925,11900,28723.691
NZL,New Zealand,Oceania,2000,32221126.0,8.35268728341321,3857576,52402.355
NZL,New Zealand,Oceania,2001,34356280.0,8.827947642238234,3891763,52759.11
NZL,New Zealand,Oceania,2002,34519210.0,8.73657214822344,3951116,52463.992
NZL,New Zealand,Oceania,2003,36219564.0,9.00405187211706,4022585,50347.992
NZL,New Zealand,Oceania,2004,35805760.0,8.767515068884931,4083912,49628.86
NZL,New Zealand,Oceania,2005,37401250.0,9.045037946777294,4135002,50009.836
NZL,New Zealand,Oceania,2006,37304428.0,8.92035783366727,4181943,50170.324
NZL,New Zealand,Oceania,2007,36382660.0,8.614807956867546,4223270,49758.516
NZL,New Zealand,Oceania,2008,37485452.0,8.795646178310248,4261819,51177.094
NZL,New Zealand,Oceania,2009,34594220.0,8.037122842624498,4304304,50808.47
NZL,New Zealand,Oceania,2010,34786920.0,8.001102175232061,4347766,53158.395
NZL,New Zealand,Oceania,2011,34241144.0,7.812798460492039,4382699,53368.938
NZL,New Zealand,Oceania,2012,35918250.0,8.141622628285539,4411682,54717.812
NZL,New Zealand,Oceania,2013,35219212.0,7.907575838200463,4453857,55302.973
NZL,New Zealand,Oceania,2014,35399336.0,7.826558442936686,4522976,57237.086
NZL,New Zealand,Oceania,2015,35805096.0,7.760039965019772,4614035,57347.39
NZL,New Zealand,Oceania,2016,34134956.0,7.240007567710649,4714768,56963.152
NZL,New Zealand,Oceania,2017,35661264.0,7.409749396862375,4812749,57168.207
NZL,New Zealand,Oceania,2018,35686796.0,7.281771288187331,4900840,55542.43
NZL,New Zealand,Oceania,2019,36710612.0,7.357706021353226,4989410,55911.137
NZL,New Zealand,Oceania,2020,34108960.0,6.7277448546764775,5069895,50745.734
NZL,New Zealand,Oceania,2021,34596516.0,6.773412032905652,5107694,49861.99
NZL,New Zealand,Oceania,2022,31965866.0,6.229061110179002,5131731,48439.96
NZL,New Zealand,Oceania,2023,31559814.0,6.101064850873901,5172837,48819.773
OMN,Oman,Asia,2000,23984356.0,10.509594726701572,2282139,48620.9
OMN,Oman,Asia,2001,22511740.0,9.744401298056507,2310223,53324.785
OMN,Oman,Asia,2002,26978980.0,11.543567704856867,2337144,56120.254
OMN,Oman,Asia,2003,34563364.0,14.621943217724334,2363801,57588.85
OMN,Oman,Asia,2004,29247372.0,12.161969576126632,2404822,58819.91
OMN,Oman,Asia,2005,31835340.0,12.942205245287438,2459808,63469.54
OMN,Oman,Asia,2006,40449716.0,16.084703558223854,2514794,67833.375
OMN,Oman,Asia,2007,45308412.0,17.628531909305785,2570175,66942.75
OMN,Oman,Asia,2008,47435624.0,18.060146139249568,2626536,76528.73
OMN,Oman,Asia,2009,44503908.0,16.577080566849123,2684665,74281.89
OMN,Oman,Asia,2010,51429150.0,18.650981885437638,2757450,85979.016
OMN,Oman,Asia,2011,57305132.0,18.62514292623219,3076762,84460.266
OMN,Oman,Asia,2012,63104910.0,17.790544060732362,3547104,79910.39
OMN,Oman,Asia,2013,65586984.0,17.10705219077627,3833915,82844.25
OMN,Oman,Asia,2014,66190040.0,16.537405645150812,4002444,78943.37
OMN,Oman,Asia,2015,67883224.0,16.220998456832163,4184898,80627.58
OMN,Oman,Asia,2016,66239816.0,15.08577232809824,4390880,77309.945
OMN,Oman,Asia,2017,66343720.0,14.621537414513211,4537397,77413.75
OMN,Oman,Asia,2018,70677940.0,15.371860671379276,4597878,82195.9
OMN,Oman,Asia,2019,72034904.0,15.68961293312842,4591248,81419.91
OMN,Oman,Asia,2020,71845150.0,15.88615107301224,4522502,79887.9
OMN,Oman,Asia,2021,75041400.0,16.67427705225435,4500429,87932.914
OMN,Oman,Asia,2022,77993790.0,16.488375087125803,4730229,89266.09
OMN,Oman,Asia,2023,79810640.0,15.806381401498475,5049267,85724.37
OWID_KOS,Kosovo,Europe,2008,7358432.0,4.086063277510036,1800861,13495.893
OWID_KOS,Kosovo,Europe,2009,8109154.5,4.518420193370658,1794688,15199.542
OWID_KOS,Kosovo,Europe,2010,8354617.0,4.670629756098652,1788756,15077.887
OWID_KOS,Kosovo,Europe,2011,8294393.5,4.62869953330145,1791949,15186.068
OWID_KOS,Kosovo,Europe,2012,7847680.0,4.344043690196386,1806538,14999.254
OWID_KOS,Kosovo,Europe,2013,7965702.0,4.383573147491348,1817171,14216.857
OWID_KOS,Kosovo,Europe,2014,7129107.0,3.940947482646327,1808983,13214.047
OWID_KOS,Kosovo,Europe,2015,8290589.5,4.660202898338916,1779019,15408.185
OWID_KOS,Kosovo,Europe,2016,8793503.0,4.991303039849242,1761765,16056.002
OWID_KOS,Kosovo,Europe,2017,8022662.0,4.537383951926476,1768125,14364.315
OWID_KOS,Kosovo,Europe,2018,8044655.0,4.550792873192333,1767748,14571.582
OWID_KOS,Kosovo,Europe,2019,8385858.5,4.7781362674980965,1755048,16139.251
OWID_KOS,Kosovo,Europe,2020,8451526.0,4.8255471439346405,1751413,16199.065
OWID_KOS,Kosovo,Europe,2021,8815831.0,5.062353821444097,1741449,17771.857
OWID_KOS,Kosovo,Europe,2022,8569356.0,4.988128874530691,1717950,17638.7
OWID_KOS,Kosovo,Europe,2023,8220213.0,4.835308484099483,1700039,15811.639
PAK,Pakistan,Asia,2000,103939720.0,0.6711021945087964,154879124,2901.7805
PAK,Pakistan,Asia,2001,105400680.0,0.6617698109466443,159270910,2888.184
PAK,Pakistan,Asia,2002,110566250.0,0.6773956701767535,163222552,2911.4275
PAK,Pakistan,Asia,2003,113141820.0,0.6770489542083744,167110250,3038.6846
PAK,Pakistan,Asia,2004,124636830.0,0.7276533442759674,171285999,3328.0093
PAK,Pakistan,Asia,2005,129947430.0,0.7406386495791254,175453212,3333.3657
PAK,Pakistan,Asia,2006,137911580.0,0.7675284692142577,179682690,3475.912
PAK,Pakistan,Asia,2007,148349010.0,0.8040891754993439,184493231,3576.7861
PAK,Pakistan,Asia,2008,147901400.0,0.780485979269391,189499112,3534.4348
PAK,Pakistan,Asia,2009,148354980.0,0.7632350273143824,194376535,3574.008
PAK,Pakistan,Asia,2010,147503980.0,0.7403367034759171,199239048,3500.5625
PAK,Pakistan,Asia,2011,149488300.0,0.7336990634160406,203746069,3440.4883
PAK,Pakistan,Asia,2012,150555070.0,0.724982671667792,207667129,3414.254
PAK,Pakistan,Asia,2013,148183040.0,0.7020431447876386,211073979,3422.073
PAK,Pakistan,Asia,2014,150809500.0,0.7038468580974363,214264649,3416.5312
PAK,Pakistan,Asia,2015,144895550.0,0.6668275600553956,217290884,3562.3457
PAK,Pakistan,Asia,2016,176740980.0,0.802861328487919,220138863,3828.255
PAK,Pakistan,Asia,2017,211980740.0,0.94941983699363,223273974,4038.7275
PAK,Pakistan,Asia,2018,203499680.0,0.8967552668579757,226928893,4043.9607
PAK,Pakistan,Asia,2019,190825870.0,0.826798610341689,230800908,3962.8977
PAK,Pakistan,Asia,2020,215509550.0,0.9170551052716652,235001745,3819.5557
PAK,Pakistan,Asia,2021,243552350.0,1.0170142907398037,239477805,4222.3413
PAK,Pakistan,Asia,2022,211969710.0,0.869795362521515,243700667,3836.618
PAK,Pakistan,Asia,2023,186860880.0,0.7549797123894775,247504505,3450.4475
PAN,Panama,Americas,2000,5635844.0,1.8721395599752324,3010376,20032.027
PAN,Panama,Americas,2001,6909412.0,2.2509564121066803,3069545,20579.553
PAN,Panama,Americas,2002,5710004.0,1.8246654329678784,3129343,19399.074
PAN,Panama,Americas,2003,5928724.0,1.8586431242207613,3189813,19575.773
PAN,Panama,Americas,2004,5504644.0,1.693133338951844,3251158,19062.01
PAN,Panama,Americas,2005,6741980.0,2.0349928041571688,3313024,18729.88
PAN,Panama,Americas,2006,7281958.0,2.1576018422387517,3375024,20216.604
PAN,Panama,Americas,2007,7133544.0,2.075218837000253,3437490,18597.8
PAN,Panama,Americas,2008,6809098.0,1.945097561992844,3500646,21616.078
PAN,Panama,Americas,2009,8051362.0,2.2588375042749336,3564383,20571.918
PAN,Panama,Americas,2010,9059720.0,2.4967969184274543,3628537,23041.707
PAN,Panama,Americas,2011,9899392.0,2.68021331476382,3693509,22911.555
PAN,Panama,Americas,2012,9540322.0,2.537818470172728,3759261,24667.205
PAN,Panama,Americas,2013,10273632.0,2.685683050338363,3825333,23914.467
PAN,Panama,Americas,2014,10688621.0,2.7462349374373733,3892100,24101.709
PAN,Panama,Americas,2015,10652060.0,2.689891046390006,3960034,25493.6
PAN,Panama,Americas,2016,10333790.0,2.5647982110082066,4029085,26459.42
PAN,Panama,Americas,2017,9567928.0,2.334378867076032,4098704,27922.566
PAN,Panama,Americas,2018,9121047.0,2.1884245152188413,4167860,26785.832
PAN,Panama,Americas,2019,12448774.0,2.939707624959324,4234698,29523.986
PAN,Panama,Americas,2020,6557340.0,1.527357545248853,4293258,19829.697
PAN,Panama,Americas,2021,10144616.0,2.3345589944332064,4345410,21343.16
PAN,Panama,Americas,2022,11707350.0,2.660292789338241,4400775,23285.066
PAN,Panama,Americas,2023,13002121.0,2.91608582479695,4458758,23370.957
PER,Peru,Americas,2000,28677526.0,1.0781702519045555,26598328,4348.9785
PER,Peru,Americas,2001,25260150.0,0.9367889986170762,26964610,4150.382
PER,Peru,Americas,2002,25591744.0,0.9378315053339334,27288211,4211.655
PER,Peru,Americas,2003,24914172.0,0.9033261017708716,27580485,4076.1177
PER,Peru,Americas,2004,28503630.0,1.0233891841180174,27852190,4466.1665
PER,Peru,Americas,2005,30321106.0,1.0789977999140603,28101175,4632.2866
PER,Peru,Americas,2006,28299266.0,0.9991095337716256,28324488,4567.6025
PER,Peru,Americas,2007,34566920.0,1.2115691221639675,28530704,5064.2646
PER,Peru,Americas,2008,35572416.0,1.2386353609755312,28719038,5573.6016
PER,Peru,Americas,2009,39423844.0,1.364297018298104,28896819,5629.7427
PER,Peru,Americas,2010,42505100.0,1.4613583618054873,29086021,6517.6055
PER,Peru,Americas,2011,42326790.0,1.4443990620692686,29304083,7184.42
PER,Peru,Americas,2012,45508680.0,1.5400377260965998,29550367,7381.7354
PER,Peru,Americas,2013,42717744.0,1.43262042394121,29817908,7497.98
PER,Peru,Americas,2014,49388020.0,1.639935814476276,30115825,7633.6763
PER,Peru,Americas,2015,49204056.0,1.6154936446400008,30457598,7877.141
PER,Peru,Americas,2016,52697668.0,1.707277246264777,30866497,8300.878
PER,Peru,Americas,2017,54726350.0,1.747070413165815,31324639,8079.1016
PER,Peru,Americas,2018,56013570.0,1.7560439519098463,31897590,8276.188
PER,Peru,Americas,2019,58668280.0,1.807998212103299,32449302,8349.961
PER,Peru,Americas,2020,47236736.0,1.4384525858108894,32838577,7121.196
PER,Peru,Americas,2021,59961856.0,1.8084831581773888,33155883,8186.0664
PER,Peru,Americas,2022,64784804.0,1.9352938076743795,33475436,8492.352
PER,Peru,Americas,2023,66064750.0,1.9519440863478448,33845616,8591.456
PHL,Philippines,Asia,2000,71466690.0,0.8975363276349465,79625401,4718.639
PHL,Philippines,Asia,2001,69798890.0,0.8574645465940377,81401488,4447.9233
PHL,Philippines,Asia,2002,69491704.0,0.8365551151165631,83068889,4364.1562
PHL,Philippines,Asia,2003,69500720.0,0.8202432908452497,84731836,4340.979
PHL,Philippines,Asia,2004,71998710.0,0.8333713565827273,86394510,4369.251
PHL,Philippines,Asia,2005,72333944.0,0.8218275960613006,88015959,4266.212
PHL,Philippines,Asia,2006,65645516.0,0.7333957687737116,89508992,4054.8396
PHL,Philippines,Asia,2007,70009960.0,0.7687051510631108,91075180,4122.649
PHL,Philippines,Asia,2008,76605016.0,0.8263836805044831,92699091,4184.8633
PHL,Philippines,Asia,2009,75580700.0,0.80077656171809,94384256,4124.711
PHL,Philippines,Asia,2010,82245890.0,0.8537299435969271,96337127,4151.092
PHL,Philippines,Asia,2011,82980290.0,0.8445950189180277,98248614,4109.0586
PHL,Philippines,Asia,2012,87476270.0,0.8732300851452607,100175511,4159.187
PHL,Philippines,Asia,2013,94825430.0,0.9289658658783728,102076334,4295.096
PHL,Philippines,Asia,2014,100073816.0,0.9644076972469324,103767127,4481.233
PHL,Philippines,Asia,2015,111046296.0,1.0544406545563023,105312988,4837.8667
PHL,Philippines,Asia,2016,120215624.0,1.126292330943265,106735721,5149.9873
PHL,Philippines,Asia,2017,133575610.0,1.2354420250794094,108119691,5442.0664
PHL,Philippines,Asia,2018,139856770.0,1.2776358393223557,109465284,5523.4155
PHL,Philippines,Asia,2019,142601220.0,1.2869602038939056,110804685,5650.8535
PHL,Philippines,Asia,2020,131457416.0,1.172875860525135,112081270,5128.443
PHL,Philippines,Asia,2021,140269500.0,1.2402150797198894,113100947,5301.3315
PHL,Philippines,Asia,2022,150963020.0,1.3246513429204785,113964343,5521.928
PHL,Philippines,Asia,2023,160980460.0,1.4011557142858262,114891199,6022.1016
PNG,Papua New Guinea,Oceania,2000,2937897.0,0.5305871266164692,5537068,2395.11
PNG,Papua New Guinea,Oceania,2001,3335971.0,0.58235203137187,5728444,2688.359
PNG,Papua New Guinea,Oceania,2002,3666106.0,0.6188554712095354,5924010,2743.2876
PNG,Papua New Guinea,Oceania,2003,4053443.0,0.6618941362719332,6124005,3039.9468
PNG,Papua New Guinea,Oceania,2004,4687092.0,0.7406859815405776,6328042,3341.1992
PNG,Papua New Guinea,Oceania,2005,4983829.0,0.7625308201389096,6535905,3044.3965
PNG,Papua New Guinea,Oceania,2006,5050944.0,0.7485403967322908,6747724,3042.3242
PNG,Papua New Guinea,Oceania,2007,6581091.0,0.9451037452790344,6963353,3176.21
PNG,Papua New Guinea,Oceania,2008,5544582.0,0.7719031680626012,7183002,2705.3557
PNG,Papua New Guinea,Oceania,2009,5264624.0,0.71081688076407,7406442,2919.8728
PNG,Papua New Guinea,Oceania,2010,4714717.0,0.6176330879420828,7633524,2536.6453
PNG,Papua New Guinea,Oceania,2011,5298421.0,0.6741552003861897,7859349,2569.3591
PNG,Papua New Guinea,Oceania,2012,4372445.0,0.5410507046059864,8081396,2409.8506
PNG,Papua New Guinea,Oceania,2013,4531958.0,0.5458414732556879,8302700,2406.3684
PNG,Papua New Guinea,Oceania,2014,6124890.0,0.7185936664069906,8523440,2494.8643
PNG,Papua New Guinea,Oceania,2015,6316259.0,0.722415711234053,8743247,2863.9734
PNG,Papua New Guinea,Oceania,2016,7024071.0,0.7837862989871249,8961717,2987.7195
PNG,Papua New Guinea,Oceania,2017,6550140.0,0.7136226119619986,9178717,2848.7712
PNG,Papua New Guinea,Oceania,2018,7595904.0,0.8085464310143426,9394518,3249.43
PNG,Papua New Guinea,Oceania,2019,7582732.0,0.7891269593321437,9609014,3148.9868
PNG,Papua New Guinea,Oceania,2020,7910788.0,0.805928598578834,9815743,2866.8633
PNG,Papua New Guinea,Oceania,2021,7873085.0,0.7862943375634107,10012898,2756.844
PNG,Papua New Guinea,Oceania,2022,8436025.0,0.8268037494596046,10203177,3436.5632
PNG,Papua New Guinea,Oceania,2023,8357750.0,0.804431299723821,10389638,2873.5806
POL,Poland,Europe,2000,317306200.0,8.293835573596656,38258077,26542.246
POL,Poland,Europe,2001,313267100.0,8.190555065514458,38247359,26289.254
POL,Poland,Europe,2002,305852400.0,8.000448450586743,38229407,25927.719
POL,Poland,Europe,2003,318732700.0,8.343017648606109,38203527,26868.266
POL,Poland,Europe,2004,323620770.0,8.478946575794403,38167568,27041.645
POL,Poland,Europe,2005,322576860.0,8.461170657293627,38124377,27733.936
POL,Poland,Europe,2006,336387230.0,8.835747334157247,38071169,29045.484
POL,Poland,Europe,2007,335734660.0,8.830377465582968,38020420,28904.936
POL,Poland,Europe,2008,329428450.0,8.670104739190032,37995902,29435.55
POL,Poland,Europe,2009,315886300.0,8.312326409506325,38002153,28370.928
POL,Poland,Europe,2010,334027520.0,8.768195262435663,38095356,30137.281
POL,Poland,Europe,2011,333406080.0,8.72593332545379,38208644,30142.316
POL,Poland,Europe,2012,325777700.0,8.51753903034645,38247867,29138.188
POL,Poland,Europe,2013,321757150.0,8.40991412616452,38259267,29152.465
POL,Poland,Europe,2014,309415360.0,8.086095551318508,38265113,27985.643
POL,Poland,Europe,2015,312548860.0,8.1677284099012,38266314,28219.496
POL,Poland,Europe,2016,323300480.0,8.449371015433604,38263260,29376.773
POL,Poland,Europe,2017,336505100.0,8.796377379939504,38254964,30791.908
POL,Poland,Europe,2018,335718620.0,8.779006968162763,38241070,31281.102
POL,Poland,Europe,2019,317444060.0,8.30442691658877,38225884,30265.96
POL,Poland,Europe,2020,302102430.0,7.914447890486509,38171005,28963.285
POL,Poland,Europe,2021,330693730.0,8.693246475981015,38040303,31215.29
POL,Poland,Europe,2022,314891970.0,8.203359352201003,38385734,29660.32
POL,Poland,Europe,2023,283243460.0,7.307086086839803,38762847,27638.25
PRK,North Korea,Asia,2000,69165050.0,2.9225604645061383,23665909,12859.471
PRK,North Korea,Asia,2001,71668020.0,3.009318690237109,23815364,12439.381
PRK,North Korea,Asia,2002,68641730.0,2.86676418597998,23943975,12044.455
PRK,North Korea,Asia,2003,70142750.0,2.9116495537513685,24090382,11869.311
PRK,North Korea,Asia,2004,71721960.0,2.9570034911642358,24254946,12253.705
PRK,North Korea,Asia,2005,75010104.0,3.074633940353742,24396434,12027.47
PRK,North Korea,Asia,2006,76170210.0,3.105881267832162,24524508,11465.782
PRK,North Korea,Asia,2007,63478052.0,2.57555234065979,24646384,10165.035
PRK,North Korea,Asia,2008,70325970.0,2.839775857654993,24764620,10972.214
PRK,North Korea,Asia,2009,67660150.0,2.719641078917732,24878338,9381.8125
PRK,North Korea,Asia,2010,65355172.0,2.6155400730860534,24987257,8815.287
PRK,North Korea,Asia,2011,47866716.0,1.9072017924065847,25097877,6270.305
PRK,North Korea,Asia,2012,46754656.0,1.8544797607558732,25211737,5935.9785
PRK,North Korea,Asia,2013,36144310.0,1.4269674800753716,25329456,5513.8105
PRK,North Korea,Asia,2014,39824550.0,1.5647376713682146,25451263,5388.6553
PRK,North Korea,Asia,2015,31277754.0,1.2229646079203984,25575355,4766.5405
PRK,North Korea,Asia,2016,34236420.0,1.3322432493168328,25698325,4822.999
PRK,North Korea,Asia,2017,69707920.0,2.7000039895095265,25817710,8832.858
PRK,North Korea,Asia,2018,62608284.0,2.4144041724639087,25931153,8003.1733
PRK,North Korea,Asia,2019,69512190.0,2.6696816104597527,26037633,8788.403
PRK,North Korea,Asia,2020,65576750.0,2.509028435228352,26136312,8332.383
PRK,North Korea,Asia,2021,53969788.0,2.0573611466374,26232530,7039.4976
PRK,North Korea,Asia,2022,56289484.0,2.1379399011190885,26328843,6909.168
PRK,North Korea,Asia,2023,62024996.0,2.347813454029942,26418196,7003.885
PRT,Portugal,Europe,2000,65503640.0,6.369969025194113,10283196,26441.314
PRT,Portugal,Europe,2001,65187332.0,6.295659718751452,10354329,26232.467
PRT,Portugal,Europe,2002,69582590.0,6.682251925349405,10413045,27050.602
PRT,Portugal,Europe,2003,64482050.0,6.168024934557691,10454246,26283.82
PRT,Portugal,Europe,2004,67302350.0,6.421130755035641,10481386,26618.404
PRT,Portugal,Europe,2005,69639784.0,6.630470381157067,10502993,27266.895
PRT,Portugal,Europe,2006,64856124.0,6.16261554525731,10524123,25718.0
PRT,Portugal,Europe,2007,62380100.0,5.914587351526365,10546822,25875.422
PRT,Portugal,Europe,2008,60009650.0,5.680534028215976,10564086,24971.963
PRT,Portugal,Europe,2009,57147000.0,5.403325275983534,10576265,24632.508
PRT,Portugal,Europe,2010,52889936.0,4.999682473931715,10578659,24555.998
PRT,Portugal,Europe,2011,51783668.0,4.90512671627017,10557050,24060.223
PRT,Portugal,Europe,2012,49931980.0,4.749476251420244,10513155,22516.06
PRT,Portugal,Europe,2013,48146200.0,4.603641112545486,10458287,23461.992
PRT,Portugal,Europe,2014,47942332.0,4.607091750948929,10406203,23487.838
PRT,Portugal,Europe,2015,52233050.0,5.036810056137433,10370264,24576.812
PRT,Portugal,Europe,2016,50310916.0,4.862660233625742,10346377,25321.121
PRT,Portugal,Europe,2017,55165156.0,5.339852972237102,10330838,26249.594
PRT,Portugal,Europe,2018,51340276.0,4.972252866850583,10325355,25421.045
PRT,Portugal,Europe,2019,47583050.0,4.600410626557421,10343218,24667.18
PRT,Portugal,Europe,2020,41738144.0,4.024691917540482,10370519,21582.066
PRT,Portugal,Europe,2021,40299850.0,3.878357883686748,10390957,21455.732
PRT,Portugal,Europe,2022,40722496.0,3.909206750379233,10417074,21686.705
PRT,Portugal,Europe,2023,37622040.0,3.606844579984057,10430735,20941.672
PRY,Paraguay,Americas,2000,3592481.0,0.7042872056264856,5100875,3894.2317
PRY,Paraguay,Americas,2001,3687271.0,0.7107731957769258,5187690,3921.1033
PRY,Paraguay,Americas,2002,3853273.0,0.7323756674638029,5261334,4077.2712
PRY,Paraguay,Americas,2003,4025905.2,0.7558345663339302,5326437,4163.8096
PRY,Paraguay,Americas,2004,4057538.0,0.7530441163724827,5388181,4196.2305
PRY,Paraguay,Americas,2005,3772472.0,0.6924380976854316,5448100,4012.839
PRY,Paraguay,Americas,2006,3900522.0,0.7085230270955625,5505145,4308.261
PRY,Paraguay,Americas,2007,4041216.8,0.7269179594505507,5559385,4481.345
PRY,Paraguay,Americas,2008,4269575.0,0.7605801078349865,5613577,4646.6665
PRY,Paraguay,Americas,2009,4524971.0,0.797879935668424,5671243,4823.377
PRY,Paraguay,Americas,2010,5010840.0,0.8732770265736698,5737973,5318.6177
PRY,Paraguay,Americas,2011,5191523.0,0.8928377582622598,5814632,5436.1074
PRY,Paraguay,Americas,2012,5159120.0,0.8748703368537044,5897011,5757.4795
PRY,Paraguay,Americas,2013,5169061.0,0.8640379095711169,5982447,5759.684
PRY,Paraguay,Americas,2014,5451217.0,0.8980855936560876,6069819,5999.3345
PRY,Paraguay,Americas,2015,6045473.0,0.9815504068285236,6159106,6838.798
PRY,Paraguay,Americas,2016,7186516.0,1.1500028243936076,6249129,7659.0054
PRY,Paraguay,Americas,2017,7939465.0,1.2525466747062233,6338658,7744.288
PRY,Paraguay,Americas,2018,8503592.0,1.3230257669452352,6427382,8063.859
PRY,Paraguay,Americas,2019,8268412.5,1.2691231959679874,6515059,7898.018
PRY,Paraguay,Americas,2020,7443761.0,1.1272036562306122,6603741,7560.656
PRY,Paraguay,Americas,2021,8186967.0,1.224826695375232,6684184,8164.098
PRY,Paraguay,Americas,2022,7533381.0,1.1143296462075063,6760460,7732.6597
PRY,Paraguay,Americas,2023,7645687.0,1.1171127166996633,6844150,6629.5996
PSE,Palestine,Asia,2000,1659792.0,0.5266171711403008,3151800,1828.8981
PSE,Palestine,Asia,2001,1344688.0,0.4147345422334735,3242286,2412.219
PSE,Palestine,Asia,2002,1154160.0,0.347390672137863,3322369,2179.7395
PSE,Palestine,Asia,2003,1275072.0,0.3752340666219158,3398071,2286.1047
PSE,Palestine,Asia,2004,2191072.0,0.6304920208403714,3475178,3399.8564
PSE,Palestine,Asia,2005,2737008.0,0.7693830841911213,3557406,4070.336
PSE,Palestine,Asia,2006,2268016.0,0.6222102243672046,3645096,3507.4995
PSE,Palestine,Asia,2007,2326640.0,0.6226466496855242,3736694,3523.8645
PSE,Palestine,Asia,2008,2051840.1,0.5358629410669361,3829039,3298.3606
PSE,Palestine,Asia,2009,2088480.0,0.5326063533393093,3921245,3303.4807
PSE,Palestine,Asia,2010,2033520.0,0.5062388627300831,4016918,3223.226
PSE,Palestine,Asia,2011,2246032.0,0.5456948545061217,4115912,3497.7622
PSE,Palestine,Asia,2012,2194736.0,0.520657279000066,4215318,3416.7866
PSE,Palestine,Asia,2013,2436560.0,0.5646376593964261,4315263,3544.6206
PSE,Palestine,Asia,2014,2835936.0,0.6422120855900525,4415887,3736.3213
PSE,Palestine,Asia,2015,3000816.0,0.6636677043607035,4521564,4048.837
PSE,Palestine,Asia,2016,3235312.0,0.6983577547901967,4632743,4137.109
PSE,Palestine,Asia,2017,3264624.0,0.6883403226020701,4742747,4055.8464
PSE,Palestine,Asia,2018,2956848.0,0.6095848486978809,4850593,3805.8127
PSE,Palestine,Asia,2019,3264624.0,0.6584859774741603,4957773,4149.3994
PSE,Palestine,Asia,2020,3326912.0,0.6562355267341685,5069692,4169.636
PSE,Palestine,Asia,2021,3634688.0,0.7009544791750436,5185341,4366.5103
PSE,Palestine,Asia,2022,4702034.0,0.8862942799938326,5305274,5117.871
PSE,Palestine,Asia,2023,4755358.0,0.8791239223685716,5409201,4955.524
PYF,French Polynesia,Oceania,2000,685168.0,2.8507568255764606,240346,13868.741
PYF,French Polynesia,Oceania,2001,769440.0,3.1520603669702223,244107,15148.185
PYF,French Polynesia,Oceania,2002,806080.0,3.2531428456121234,247785,15723.746
PYF,French Polynesia,Oceania,2003,835392.0,3.3196582555136103,251650,16663.97
PYF,French Polynesia,Oceania,2004,842720.0,3.2962141569175047,255663,16134.95
PYF,French Polynesia,Oceania,2005,831728.0,3.204907578308936,259517,16605.646
PYF,French Polynesia,Oceania,2006,839056.0,3.1874909776092752,263234,16040.549
PYF,French Polynesia,Oceania,2007,857376.0,3.217798594847775,266448,16722.227
PYF,French Polynesia,Oceania,2008,868368.0,3.235470770147919,268390,17011.865
PYF,French Polynesia,Oceania,2009,861040.0,3.1950247500872004,269494,16860.293
PYF,French Polynesia,Oceania,2010,923328.0,3.4122768764551537,270590,17059.22
PYF,French Polynesia,Oceania,2011,883024.0,3.249589672253012,271734,16200.954
PYF,French Polynesia,Oceania,2012,875696.0,3.20659704421953,273092,15657.83
PYF,French Polynesia,Oceania,2013,883024.0,3.2140818822433173,274736,15599.588
PYF,French Polynesia,Oceania,2014,850048.0,3.0755270613008383,276391,15258.123
PYF,French Polynesia,Oceania,2015,846384.0,3.045894406517992,277877,15853.955
PYF,French Polynesia,Oceania,2016,868368.0,3.110423382763808,279180,15581.958
PYF,French Polynesia,Oceania,2017,875696.0,3.12641380098252,280096,15126.788
PYF,French Polynesia,Oceania,2018,879360.0,3.142557974147944,279823,13918.949
PYF,French Polynesia,Oceania,2019,890352.0,3.190768348623853,279040,14102.941
PYF,French Polynesia,Oceania,2020,831728.0,2.9787764399143324,279218,13222.443
PYF,French Polynesia,Oceania,2021,868368.0,3.103442360475755,279808,13841.908
PYF,French Polynesia,Oceania,2022,886688.0,3.1623607287045097,280388,18995.113
PYF,French Polynesia,Oceania,2023,882500.0,3.1391729657625613,281125,19590.139
QAT,Qatar,Asia,2000,40406484.0,62.6463915112257,644993,209063.48
QAT,Qatar,Asia,2001,45914396.0,67.72694097065497,677934,191210.3
QAT,Qatar,Asia,2002,45174640.0,63.5175579817636,711215,227637.84
QAT,Qatar,Asia,2003,46630932.0,62.61791080852435,744690,219715.36
QAT,Qatar,Asia,2004,47439570.0,61.34366340333695,773341,255475.86
QAT,Qatar,Asia,2005,47681828.0,57.76681661071529,825419,270980.62
QAT,Qatar,Asia,2006,59752804.0,61.42093517851324,972841,252214.66
QAT,Qatar,Asia,2007,59529844.0,49.25516692440268,1208601,231557.1
QAT,Qatar,Asia,2008,61870850.0,43.3590503328096,1426942,202220.7
QAT,Qatar,Asia,2009,65305370.0,41.17479754762139,1586052,181811.38
QAT,Qatar,Asia,2010,73651180.0,43.09006703572001,1709238,196225.34
QAT,Qatar,Asia,2011,81809440.0,45.17462561293458,1810960,217095.31
QAT,Qatar,Asia,2012,93738040.0,49.151569747504354,1907122,235142.61
QAT,Qatar,Asia,2013,91433490.0,44.98240720242048,2032650,237969.36
QAT,Qatar,Asia,2014,91641640.0,41.31020051587241,2218378,233118.03
QAT,Qatar,Asia,2015,93310370.0,38.44140911450394,2427340,245282.55
QAT,Qatar,Asia,2016,91378344.0,35.15387272821001,2599382,225623.38
QAT,Qatar,Asia,2017,105656584.0,39.03497226897835,2706716,208383.89
QAT,Qatar,Asia,2018,102621410.0,37.16626514227436,2761144,207637.58
QAT,Qatar,Asia,2019,101429576.0,36.2516877674078,2797927,208364.12
QAT,Qatar,Asia,2020,101329230.0,36.14544254693004,2803375,183714.94
QAT,Qatar,Asia,2021,104385690.0,37.08210834291301,2814988,194003.69
QAT,Qatar,Asia,2022,109594410.0,37.889610456959566,2892466,196577.86
QAT,Qatar,Asia,2023,119544360.0,40.12786472092447,2979086,204881.44
ROU,Romania,Europe,2000,93206264.0,4.22775777338056,22046264,17962.22
ROU,Romania,Europe,2001,98928060.0,4.513158718308957,21919916,18727.932
ROU,Romania,Europe,2002,99068890.0,4.55070275544074,21770020,19171.316
ROU,Romania,Europe,2003,103707360.0,4.802723492792814,21593448,19988.17
ROU,Romania,Europe,2004,103232620.0,4.823229594245538,21403215,20085.041
ROU,Romania,Europe,2005,101336590.0,4.777009526292232,21213395,20008.088
ROU,Romania,Europe,2006,104290000.0,4.957754738461205,21035732,20702.152
ROU,Romania,Europe,2007,108496600.0,5.1985092603923375,20870714,20351.963
ROU,Romania,Europe,2008,106997310.0,5.164275635420968,20718745,20394.992
ROU,Romania,Europe,2009,87805750.0,4.267195550432664,20576922,17910.203
ROU,Romania,Europe,2010,84487900.0,4.13496096307,20432575,17856.018
ROU,Romania,Europe,2011,92390700.0,4.555303175341259,20282009,18956.057
ROU,Romania,Europe,2012,89847710.0,4.457074107529393,20158451,18467.145
ROU,Romania,Europe,2013,78795464.0,3.9274189146910015,20062913,16963.969
ROU,Romania,Europe,2014,79335350.0,3.973088883067404,19968179,17135.658
ROU,Romania,Europe,2015,78045990.0,3.927629173301539,19871018,17253.637
ROU,Romania,Europe,2016,76586910.0,3.872514549567026,19777049,17289.984
ROU,Romania,Europe,2017,79432344.0,4.034268379364435,19689405,17976.148
ROU,Romania,Europe,2018,79874424.0,4.075667799476617,19597874,18130.752
ROU,Romania,Europe,2019,76690350.0,3.9325274893646873,19501542,17956.227
ROU,Romania,Europe,2020,73946380.0,3.813149714267917,19392467,17350.008
ROU,Romania,Europe,2021,77501260.0,4.026424553122197,19248159,18421.07
ROU,Romania,Europe,2022,73186024.0,3.81837947080928,19166776,17179.89
ROU,Romania,Europe,2023,67866024.0,3.549760069863287,19118482,16790.314
RUS,Russia,Europe,2000,1480576400.0,10.091321989977711,146717784,47155.816
RUS,Russia,Europe,2001,1518081400.0,10.389471362355543,146117290,48049.445
RUS,Russia,Europe,2002,1508329900.0,10.335309353049594,145939502,48108.12
RUS,Russia,Europe,2003,1539006300.0,10.556016517251743,145794230,49331.008
RUS,Russia,Europe,2004,1545353200.0,10.644387872714583,145180091,49764.496
RUS,Russia,Europe,2005,1563980400.0,10.816066840700564,144597886,49983.047
RUS,Russia,Europe,2006,1623428500.0,11.265754951800153,144102948,52513.875
RUS,Russia,Europe,2007,1624315400.0,11.290963650733564,143859767,52891.105
RUS,Russia,Europe,2008,1652731400.0,11.492318257501989,143811837,53362.64
RUS,Russia,Europe,2009,1545236500.0,10.740570416191026,143869128,50536.273
RUS,Russia,Europe,2010,1633147500.0,11.346465670752332,143934468,52696.27
RUS,Russia,Europe,2011,1684989000.0,11.697758412303497,144043751,54593.598
RUS,Russia,Europe,2012,1700104100.0,11.782466026559865,144291025,54874.16
RUS,Russia,Europe,2013,1637547000.0,11.324346566786607,144604105,53904.45
RUS,Russia,Europe,2014,1637311200.0,11.297595175688686,144925639,54115.184
RUS,Russia,Europe,2015,1635243500.0,11.253667151312072,145307612,53237.926
RUS,Russia,Europe,2016,1629328400.0,11.176727173827654,145778668,53980.617
RUS,Russia,Europe,2017,1661012200.0,11.362258580969808,146186798,54225.34
RUS,Russia,Europe,2018,1709909600.0,11.677305846570691,146430146,56141.51
RUS,Russia,Europe,2019,1704458600.0,11.631904534746536,146533063,55671.926
RUS,Russia,Europe,2020,1631901600.0,11.149054874454722,146371295,53552.72
RUS,Russia,Europe,2021,1674524300.0,11.48222883963246,145836172,55508.6
RUS,Russia,Europe,2022,1675460900.0,11.508876064605325,145579889,57837.67
RUS,Russia,Europe,2023,1733134600.0,11.916450893438196,145440502,58726.14
RWA,Rwanda,Africa,2000,515133.03,0.0627145171328337,8213936,325.9538
RWA,Rwanda,Africa,2001,518995.0,0.0626269217992176,8287091,322.99686
RWA,Rwanda,Africa,2002,511542.97,0.060896631443236,8400185,324.63733
RWA,Rwanda,Africa,2003,505436.0,0.0588614395127076,8586878,311.86325
RWA,Rwanda,Africa,2004,515760.0,0.058497088925987,8816849,299.31223
RWA,Rwanda,Africa,2005,513908.03,0.0567569952814789,9054532,289.5822
RWA,Rwanda,Africa,2006,514105.97,0.0552846643240407,9299251,284.86237
RWA,Rwanda,Africa,2007,542177.0,0.0567728174208424,9549940,281.71756
RWA,Rwanda,Africa,2008,531483.0,0.0542093504583922,9804268,284.9128
RWA,Rwanda,Africa,2009,554835.0,0.0551501833220382,10060438,284.67303
RWA,Rwanda,Africa,2010,580977.0,0.0563095344248058,10317560,305.0113
RWA,Rwanda,Africa,2011,643356.0,0.0608446848807167,10573742,331.09988
RWA,Rwanda,Africa,2012,718466.0,0.0663409389409176,10829904,359.02377
RWA,Rwanda,Africa,2013,778846.0,0.0702084313651253,11093340,366.9607
RWA,Rwanda,Africa,2014,829804.0,0.073015545073639,11364758,370.45035
RWA,Rwanda,Africa,2015,966782.0,0.0830566873304234,11640026,390.74545
RWA,Rwanda,Africa,2016,1051997.0,0.0882608313002661,11919183,387.80502
RWA,Rwanda,Africa,2017,1169724.0,0.095862814006354,12202062,403.9657
RWA,Rwanda,Africa,2018,1313075.0,0.1051469410634208,12488000,391.707
RWA,Rwanda,Africa,2019,1413492.0,0.1106356226648785,12776102,430.31583
RWA,Rwanda,Africa,2020,1394311.0,0.1067142421328046,13065838,440.12512
RWA,Rwanda,Africa,2021,1699049.0,0.1272194625937645,13355260,488.13574
RWA,Rwanda,Africa,2022,1957226.0,0.1433757538353347,13651025,498.15335
RWA,Rwanda,Africa,2023,2016015.0,0.1444708804123237,13954473,563.4707
SAU,Saudi Arabia,Asia,2000,309639140.0,19.139834981823476,16177733,82513.39
SAU,Saudi Arabia,Asia,2001,324373630.0,19.03444170243005,17041405,83463.33
SAU,Saudi Arabia,Asia,2002,346930500.0,19.36978742954922,17910909,82708.41
SAU,Saudi Arabia,Asia,2003,351227680.0,18.695478855839568,18786771,83526.375
SAU,Saudi Arabia,Asia,2004,407702300.0,20.727653991568463,19669486,86552.73
SAU,Saudi Arabia,Asia,2005,412234430.0,20.050423917720167,20559886,88089.3
SAU,Saudi Arabia,Asia,2006,444977280.0,20.73602480173833,21459141,88548.27
SAU,Saudi Arabia,Asia,2007,423314080.0,18.92472087635755,22368313,86911.2
SAU,Saudi Arabia,Asia,2008,469430400.0,20.157709476739065,23287884,91397.87
SAU,Saudi Arabia,Asia,2009,503969660.0,20.8100098539677,24217656,91054.94
SAU,Saudi Arabia,Asia,2010,555639740.0,22.086766322427668,25157134,97431.59
SAU,Saudi Arabia,Asia,2011,540235840.0,20.69422250428988,26105636,97958.99
SAU,Saudi Arabia,Asia,2012,605712260.0,22.38202110843857,27062447,100292.695
SAU,Saudi Arabia,Asia,2013,583177900.0,20.807847481832138,28026825,97447.6
SAU,Saudi Arabia,Asia,2014,585109100.0,20.177479048905468,28998127,101097.52
SAU,Saudi Arabia,Asia,2015,624547000.0,20.83563525589906,29974944,101970.09
SAU,Saudi Arabia,Asia,2016,641174200.0,20.87304808638013,30717804,103515.445
SAU,Saudi Arabia,Asia,2017,644486500.0,20.936850278080986,30782400,103361.12
SAU,Saudi Arabia,Asia,2018,652204160.0,21.478728932364795,30365119,102137.164
SAU,Saudi Arabia,Asia,2019,708334700.0,23.24481146454205,30472809,97414.62
SAU,Saudi Arabia,Asia,2020,653564700.0,21.088714650214,30991206,93147.79
SAU,Saudi Arabia,Asia,2021,695394500.0,22.196954747795083,31328374,95144.71
SAU,Saudi Arabia,Asia,2022,666993540.0,20.729953808429315,32175351,97206.19
SAU,Saudi Arabia,Asia,2023,677441900.0,20.365440547970227,33264289,95412.35
SDN,Sudan,Africa,2000,5291619.0,0.1902314030381984,27816748,1034.2551
SDN,Sudan,Africa,2001,6017579.0,0.2110189252122277,28516774,1082.4165
SDN,Sudan,Africa,2002,7633643.0,0.2611691825932349,29228728,1266.9915
SDN,Sudan,Africa,2003,8515383.0,0.2848331608355595,29896038,1296.3258
SDN,Sudan,Africa,2004,10866064.0,0.3556040076525427,30556641,1402.6357
SDN,Sudan,Africa,2005,10558223.0,0.3377286173407987,31262447,1593.2152
SDN,Sudan,Africa,2006,11544718.0,0.3608577126882296,31992438,1865.1566
SDN,Sudan,Africa,2007,13563847.0,0.4139845396211998,32764139,1933.7859
SDN,Sudan,Africa,2008,14178917.0,0.4216906208009878,33623980,2060.7393
SDN,Sudan,Africa,2009,14805259.0,0.4282799669091895,34569114,2072.4907
SDN,Sudan,Africa,2010,15070048.0,0.4255344358056805,35414403,2158.8325
SDN,Sudan,Africa,2011,14711459.0,0.4070594935232217,36140808,2017.89
SDN,Sudan,Africa,2012,15763022.0,0.4269140451762341,36923175,1899.2319
SDN,Sudan,Africa,2013,17374260.0,0.4598086077296867,37785852,1888.2422
SDN,Sudan,Africa,2014,13094856.0,0.3372935300439498,38823324,1871.9601
SDN,Sudan,Africa,2015,14246501.0,0.3559451048313414,40024433,1915.481
SDN,Sudan,Africa,2016,19737254.0,0.478364170221289,41259892,2243.9683
SDN,Sudan,Africa,2017,20306166.0,0.4753949092143848,42714311,2182.0051
SDN,Sudan,Africa,2018,20515954.0,0.4638407661556094,44230597,2160.1746
SDN,Sudan,Africa,2019,22007006.0,0.4831588547151358,45548179,2116.5122
SDN,Sudan,Africa,2020,19799938.0,0.4231729190198164,46789237,1715.8545
SDN,Sudan,Africa,2021,19208158.0,0.3996127483074121,48066930,1703.644
SDN,Sudan,Africa,2022,17528614.0,0.3549499199568178,49383344,1854.0256
SDN,Sudan,Africa,2023,17715522.0,0.3540074096573333,50042800,1347.1267
SEN,Senegal,Africa,2000,3902052.0,0.3914475763177171,9968262,1996.683
SEN,Senegal,Africa,2001,4258100.0,0.4169318122957922,10212941,2123.8513
SEN,Senegal,Africa,2002,4436925.0,0.423928285065013,10466216,2114.22
SEN,Senegal,Africa,2003,4927512.0,0.4596055507343597,10721176,2055.5518
SEN,Senegal,Africa,2004,5238223.0,0.4772559153571007,10975711,2135.9048
SEN,Senegal,Africa,2005,5538919.0,0.4929849415329466,11235473,2171.303
SEN,Senegal,Africa,2006,4429718.0,0.3851897210579322,11500094,2088.5112
SEN,Senegal,Africa,2007,5195955.0,0.4414444670624862,11770348,2212.3674
SEN,Senegal,Africa,2008,4740295.0,0.3934193340953906,12048963,2208.4417
SEN,Senegal,Africa,2009,5257668.0,0.4261572342286334,12337390,2062.0852
SEN,Senegal,Africa,2010,6862391.0,0.5431075568691119,12635418,2088.487
SEN,Senegal,Africa,2011,7818837.0,0.6033564417726132,12958902,2137.0337
SEN,Senegal,Africa,2012,7362129.0,0.5531069120699382,13310499,2036.7338
SEN,Senegal,Africa,2013,7852669.0,0.572733637291965,13710857,2060.0261
SEN,Senegal,Africa,2014,8724360.0,0.6164709230847175,14152103,2220.1155
SEN,Senegal,Africa,2015,9845416.0,0.6746515446948899,14593335,2501.007
SEN,Senegal,Africa,2016,10012805.0,0.665987806591991,15034517,2342.3403
SEN,Senegal,Africa,2017,10757183.0,0.6951329437716999,15475001,2407.79
SEN,Senegal,Africa,2018,11330392.0,0.7119542278909887,15914495,2492.8872
SEN,Senegal,Africa,2019,12711456.0,0.7773199731962341,16352926,2556.1016
SEN,Senegal,Africa,2020,10819990.0,0.644460667820304,16789217,2295.8994
SEN,Senegal,Africa,2021,12319014.0,0.7153539200641826,17220866,2586.9448
SEN,Senegal,Africa,2022,14132717.0,0.800670655124647,17651099,2651.3901
SEN,Senegal,Africa,2023,14081857.0,0.7789683382830206,18077573,2745.6868
SGP,Singapore,Asia,2000,37368720.0,9.260568921239347,4035251,109776.26
SGP,Singapore,Asia,2001,38525220.0,9.359484510961527,4116169,121628.62
SGP,Singapore,Asia,2002,40208400.0,9.696018566166806,4146898,116270.91
SGP,Singapore,Asia,2003,39534044.0,9.553345008181012,4138241,109755.26
SGP,Singapore,Asia,2004,41000000.0,9.8256145143019,4172767,123046.195
SGP,Singapore,Asia,2005,39600000.0,9.277561444516316,4268363,127033.5
SGP,Singapore,Asia,2006,40600000.0,9.212482505359578,4407064,135860.94
SGP,Singapore,Asia,2007,41100000.0,8.941554864597448,4596516,141064.86
SGP,Singapore,Asia,2008,40200000.0,8.363253114063538,4806742,143655.48
SGP,Singapore,Asia,2009,40800000.0,8.211611621362588,4968574,149321.42
SGP,Singapore,Asia,2010,44400000.0,8.745287589964192,5077020,160692.52
SGP,Singapore,Asia,2011,47000000.0,9.069433654391284,5182242,163588.22
SGP,Singapore,Asia,2012,46100000.0,8.709048815068732,5293345,161276.17
SGP,Singapore,Asia,2013,47000000.0,8.726993463481897,5385589,158428.22
SGP,Singapore,Asia,2014,47600000.0,8.72130466320465,5457899,159504.17
SGP,Singapore,Asia,2015,49400000.0,8.940621423864545,5525343,169083.08
SGP,Singapore,Asia,2016,49100000.0,8.802539147096704,5577936,173873.66
SGP,Singapore,Asia,2017,50100000.0,8.939904037892346,5604087,180222.98
SGP,Singapore,Asia,2018,50300000.0,8.927357576699846,5634366,180349.83
SGP,Singapore,Asia,2019,49000000.0,8.64264294137713,5669562,175112.84
SGP,Singapore,Asia,2020,46700000.0,8.30938528164101,5620151,165443.92
SGP,Singapore,Asia,2021,50100000.0,9.03306371771694,5546291,167633.16
SGP,Singapore,Asia,2022,48933884.0,8.661036112574267,5649888,161799.95
SGP,Singapore,Asia,2023,51067616.0,8.821351604016657,5789092,167261.97
SHN,Saint Helena,Africa,2000,10992.0,1.818362282878412,6045,8510.754
SHN,Saint Helena,Africa,2001,10992.0,1.8433674325004192,5963,8615.149
SHN,Saint Helena,Africa,2002,10992.0,1.8697057322673925,5879,9111.901
SHN,Saint Helena,Africa,2003,10992.0,1.9033766233766236,5775,9177.48
SHN,Saint Helena,Africa,2004,7328.0,1.290595280028179,5678,6092.892
SHN,Saint Helena,Africa,2005,10992.0,1.9734290843806104,5570,7752.106
SHN,Saint Helena,Africa,2006,10992.0,2.014293567894448,5457,7287.683
SHN,Saint Helena,Africa,2007,10992.0,2.0561167227833894,5346,9425.131
SHN,Saint Helena,Africa,2008,10992.0,2.0759206798866856,5295,7744.4204
SHN,Saint Helena,Africa,2009,10992.0,2.0661654135338345,5320,7248.1343
SHN,Saint Helena,Africa,2010,10992.0,2.0538116591928253,5352,8168.3145
SHN,Saint Helena,Africa,2011,10992.0,2.041225626740947,5385,7942.397
SHN,Saint Helena,Africa,2012,10992.0,2.0250552689756818,5428,8728.501
SHN,Saint Helena,Africa,2013,10992.0,2.0124496521420725,5462,8320.795
SHN,Saint Helena,Africa,2014,10992.0,2.001092299290005,5493,7854.3477
SHN,Saint Helena,Africa,2015,10992.0,1.9880629408572976,5529,7102.826
SHN,Saint Helena,Africa,2016,14656.0,2.6435786435786435,5544,7136.4707
SHN,Saint Helena,Africa,2017,10992.0,1.9884225759768448,5528,7652.6836
SHN,Saint Helena,Africa,2018,10992.0,1.996005084437988,5507,9256.192
SHN,Saint Helena,Africa,2019,14656.0,2.672014585232452,5485,10433.01
SHN,Saint Helena,Africa,2020,10992.0,2.016510731975784,5451,8166.849
SHN,Saint Helena,Africa,2021,7328.0,1.3532779316712835,5415,6934.6626
SHN,Saint Helena,Africa,2022,10992.0,2.04730862357981,5369,8174.766
SHN,Saint Helena,Africa,2023,10970.0,2.063581640331076,5316,8330.702
SLB,Solomon Islands,Oceania,2000,227168.0,0.5157271255740883,440481,2397.984
SLB,Solomon Islands,Oceania,2001,238160.0,0.5302613679122405,449137,2459.8313
SLB,Solomon Islands,Oceania,2002,245488.0,0.5363794474693888,457676,2494.55
SLB,Solomon Islands,Oceania,2003,256480.02,0.5501926789713492,466164,2559.692
SLB,Solomon Islands,Oceania,2004,274800.0,0.5789919472080705,474618,2673.966
SLB,Solomon Islands,Oceania,2005,282128.0,0.5840071208263471,483090,2692.527
SLB,Solomon Islands,Oceania,2006,293120.0,0.596254693837698,491602,2744.8518
SLB,Solomon Islands,Oceania,2007,300448.0,0.6006941667599687,500168,2875.8772
SLB,Solomon Islands,Oceania,2008,311440.0,0.612104512167798,508802,2868.956
SLB,Solomon Islands,Oceania,2009,322432.0,0.6222754028756152,518150,2915.573
SLB,Solomon Islands,Oceania,2010,333424.0,0.625589144726967,532976,2920.381
SLB,Solomon Islands,Oceania,2011,348080.0,0.629487230494902,552958,2919.1504
SLB,Solomon Islands,Oceania,2012,344416.0,0.6004222285368613,573623,2822.114
SLB,Solomon Islands,Oceania,2013,377392.0,0.6343234412187874,594952,2709.936
SLB,Solomon Islands,Oceania,2014,329760.0,0.534530688992811,616915,2459.1924
SLB,Solomon Islands,Oceania,2015,296784.0,0.4641434543330471,639423,2167.244
SLB,Solomon Islands,Oceania,2016,293120.0,0.4425207620318635,662387,2009.2228
SLB,Solomon Islands,Oceania,2017,289456.0,0.4221462875377182,685677,1927.0525
SLB,Solomon Islands,Oceania,2018,293120.0,0.413363812897594,709109,1908.369
SLB,Solomon Islands,Oceania,2019,296784.0,0.4075829904580886,728156,1829.2687
SLB,Solomon Islands,Oceania,2020,293120.0,0.3937112578155955,744505,1751.7308
SLB,Solomon Islands,Oceania,2021,289456.0,0.3795676336294279,762594,1691.5748
SLB,Solomon Islands,Oceania,2022,283097.0,0.3624453477578978,781075,1602.0515
SLB,Solomon Islands,Oceania,2023,281760.0,0.3521938366078593,800014,1597.4872
SLE,Sierra Leone,Africa,2000,271136.0,0.0612928566342233,4423615,417.36618
SLE,Sierra Leone,Africa,2001,373728.0,0.0796400378032759,4692715,495.19138
SLE,Sierra Leone,Africa,2002,501968.03,0.1009704501818891,4971435,470.08942
SLE,Sierra Leone,Africa,2003,538608.0,0.1040248481657636,5177686,463.9062
SLE,Sierra Leone,Africa,2004,520288.0,0.0971463193989971,5355715,447.60278
SLE,Sierra Leone,Africa,2005,432352.0,0.0785850645990417,5501707,393.41092
SLE,Sierra Leone,Africa,2006,575248.0,0.1022760568829314,5624464,471.7315
SLE,Sierra Leone,Africa,2007,487312.0,0.0847594503242364,5749353,431.1645
SLE,Sierra Leone,Africa,2008,505631.97,0.0857769807190425,5894728,413.68042
SLE,Sierra Leone,Africa,2009,501968.03,0.0828924418580649,6055655,404.41083
SLE,Sierra Leone,Africa,2010,545936.0,0.0877327661639654,6222715,437.28287
SLE,Sierra Leone,Africa,2011,714480.0,0.1118602066802374,6387258,541.1786
SLE,Sierra Leone,Africa,2012,831728.0,0.1269604788708057,6551078,601.1914
SLE,Sierra Leone,Africa,2013,1051568.0,0.1566218457781934,6714057,690.48145
SLE,Sierra Leone,Africa,2014,1128512.0,0.1641141384608337,6876385,738.86584
SLE,Sierra Leone,Africa,2015,1084145.0,0.1540490731294208,7037660,585.5656
SLE,Sierra Leone,Africa,2016,1139504.0,0.1581471739220042,7205339,585.5203
SLE,Sierra Leone,Africa,2017,1095536.0,0.1484606941037767,7379300,565.92645
SLE,Sierra Leone,Africa,2018,1036911.94,0.137256285203866,7554568,607.2314
SLE,Sierra Leone,Africa,2019,1117520.0,0.1445319279864935,7731994,646.6211
SLE,Sierra Leone,Africa,2020,1187136.0,0.1500319049834333,7912557,663.2057
SLE,Sierra Leone,Africa,2021,1483613.0,0.1832842203626292,8094603,799.51337
SLE,Sierra Leone,Africa,2022,1443616.0,0.1744169763975464,8276809,766.9488
SLE,Sierra Leone,Africa,2023,1380435.0,0.1631618990929993,8460523,797.8383
SLV,El Salvador,Americas,2000,5647693.0,0.9502520710917371,5943363,4442.162
SLV,El Salvador,Americas,2001,5829352.0,0.9767586038875627,5968058,4427.5874
SLV,El Salvador,Americas,2002,6035627.0,1.0081845726534917,5986629,4612.663
SLV,El Salvador,Americas,2003,6396045.0,1.0662568263879038,5998597,4833.146
SLV,El Salvador,Americas,2004,6215984.0,1.0351910920045104,6004673,4849.7026
SLV,El Salvador,Americas,2005,6261618.0,1.042632830151544,6005583,4925.6006
SLV,El Salvador,Americas,2006,6689381.0,1.1144657208436537,6002321,5134.85
SLV,El Salvador,Americas,2007,6818928.0,1.134630987284145,6009820,5342.9463
SLV,El Salvador,Americas,2008,6374697.0,1.0572860672761126,6029302,5063.3213
SLV,El Salvador,Americas,2009,6282822.0,1.038777610310627,6048284,5005.6143
SLV,El Salvador,Americas,2010,6286846.0,1.0360223939245776,6068253,5024.517
SLV,El Salvador,Americas,2011,6466690.0,1.061831541143306,6090128,5032.2246
SLV,El Salvador,Americas,2012,6436425.0,1.0527394852810208,6113977,5140.093
SLV,El Salvador,Americas,2013,6058055.0,0.9868395439207212,6138845,4971.9756
SLV,El Salvador,Americas,2014,6120198.0,0.993062740063528,6162952,5116.3447
SLV,El Salvador,Americas,2015,6637128.0,1.073330665017162,6183675,5442.877
SLV,El Salvador,Americas,2016,6572031.0,1.0598668754136558,6200808,5503.3955
SLV,El Salvador,Americas,2017,5941629.0,0.9562392633633204,6213538,5317.5786
SLV,El Salvador,Americas,2018,6452162.0,1.037357935613073,6219803,5810.0845
SLV,El Salvador,Americas,2019,7634155.0,1.2268992767323292,6222316,6477.0215
SLV,El Salvador,Americas,2020,6134854.0,0.9839887506638272,6234679,5385.433
SLV,El Salvador,Americas,2021,6976691.0,1.1152391868000473,6255780,6263.1826
SLV,El Salvador,Americas,2022,7912706.0,1.2599216345164796,6280316,6872.5845
SLV,El Salvador,Americas,2023,8669882.0,1.374071597553517,6309629,7717.7236
SOM,Somalia,Africa,2000,509296.0,0.0576210521123321,8838714,335.59055
SOM,Somalia,Africa,2001,542272.0,0.0589522525152212,9198495,327.8165
SOM,Somalia,Africa,2002,575248.0,0.0602349574647052,9550069,341.33844
SOM,Somalia,Africa,2003,604560.0,0.0610102106525466,9909161,328.9689
SOM,Somalia,Africa,2004,626544.0,0.0609419257910781,10281001,317.29498
SOM,Somalia,Africa,2005,648528.0,0.0609276346235905,10644234,309.43265
SOM,Somalia,Africa,2006,670512.0,0.0610916931180004,10975502,302.38345
SOM,Somalia,Africa,2007,692496.0,0.061160613467901,11322581,297.32495
SOM,Somalia,Africa,2008,721808.0,0.0618882303060338,11663090,285.58847
SOM,Somalia,Africa,2009,743792.0,0.0621837013912895,11961205,277.73074
SOM,Somalia,Africa,2010,776768.0,0.0633488126216128,12261761,277.69427
SOM,Somalia,Africa,2011,809744.0,0.0655725332337179,12348829,275.73633
SOM,Somalia,Africa,2012,831728.0,0.0667456159589598,12461163,273.57166
SOM,Somalia,Africa,2013,857376.0,0.0666202575542563,12869599,264.88943
SOM,Somalia,Africa,2014,886688.0,0.0664708721775641,13339497,255.56593
SOM,Somalia,Africa,2015,923328.0,0.0668740546893384,13806969,256.09003
SOM,Somalia,Africa,2016,956304.0,0.0666472410366874,14348741,251.34724
SOM,Somalia,Africa,2017,992944.0,0.0665662418388067,14916630,241.23174
SOM,Somalia,Africa,2018,1033247.94,0.0668661171672731,15452489,326.76312
SOM,Somalia,Africa,2019,1069888.0,0.0667388228372221,16030969,326.20074
SOM,Somalia,Africa,2020,1139504.0,0.0684337465167675,16651200,341.1231
SOM,Somalia,Africa,2021,1154160.0,0.0668247890230313,17271435,336.73923
SOM,Somalia,Africa,2022,1271408.0,0.0714198123289683,17801895,359.70557
SOM,Somalia,Africa,2023,1296419.0,0.0706163567178408,18358622,360.80646
SPM,Saint Pierre and Miquelon,Americas,2000,54960.0,8.700332436283047,6317,44541.04
SPM,Saint Pierre and Miquelon,Americas,2001,54960.0,8.725194475313542,6299,44668.32
SPM,Saint Pierre and Miquelon,Americas,2002,58624.0,9.345448748605133,6273,48913.797
SPM,Saint Pierre and Miquelon,Americas,2003,62288.0,9.991658646134104,6234,55412.055
SPM,Saint Pierre and Miquelon,Americas,2004,58624.0,9.469229526732354,6191,53739.86
SPM,Saint Pierre and Miquelon,Americas,2005,62288.0,10.146277895422708,6139,56269.547
SPM,Saint Pierre and Miquelon,Americas,2006,62288.0,10.22120118148999,6094,56685.06
SPM,Saint Pierre and Miquelon,Americas,2007,62288.0,10.254856766545933,6074,58968.39
SPM,Saint Pierre and Miquelon,Americas,2008,62288.0,10.273461982516906,6063,59075.375
SPM,Saint Pierre and Miquelon,Americas,2009,62288.0,10.288734720845722,6054,59163.195
SPM,Saint Pierre and Miquelon,Americas,2010,62288.0,10.300644947908054,6047,61668.473
SPM,Saint Pierre and Miquelon,Americas,2011,65952.0,10.926441351888668,6036,62202.832
SPM,Saint Pierre and Miquelon,Americas,2012,65952.0,10.95730187738827,6019,61532.176
SPM,Saint Pierre and Miquelon,Americas,2013,65952.0,10.993832305384233,5999,63223.348
SPM,Saint Pierre and Miquelon,Americas,2014,65952.0,11.02139037433155,5984,66678.836
SPM,Saint Pierre and Miquelon,Americas,2015,65952.0,11.04538603249037,5971,66824.01
SPM,Saint Pierre and Miquelon,Americas,2016,65952.0,11.071344636562028,5957,68195.56
SPM,Saint Pierre and Miquelon,Americas,2017,65952.0,11.091826437941473,5946,67104.97
SPM,Saint Pierre and Miquelon,Americas,2018,58624.0,9.882670262980444,5932,48226.645
SPM,Saint Pierre and Miquelon,Americas,2019,65952.0,11.180200033904052,5899,51840.15
SPM,Saint Pierre and Miquelon,Americas,2020,62288.0,10.643882433356117,5852,49131.094
SPM,Saint Pierre and Miquelon,Americas,2021,54960.0,9.472595656670114,5802,44315.492
SPM,Saint Pierre and Miquelon,Americas,2022,53383.0,9.267881944444444,5760,43032.6
SPM,Saint Pierre and Miquelon,Americas,2023,53275.0,9.335027159628526,5707,52049.77
SRB,Serbia,Europe,2006,53721016.0,7.1519359586335165,7511395,24499.482
SRB,Serbia,Europe,2007,52159944.0,6.970462632881269,7482996,24744.312
SRB,Serbia,Europe,2008,51736810.0,6.940546276403437,7454285,24936.412
SRB,Serbia,Europe,2009,45919810.0,6.184198015823101,7425346,23584.72
SRB,Serbia,Europe,2010,45694396.0,6.178364904097854,7395872,24182.895
SRB,Serbia,Europe,2011,48956180.0,6.647267333599643,7364858,25392.164
SRB,Serbia,Europe,2012,43763544.0,5.97485195144488,7324624,23840.121
SRB,Serbia,Europe,2013,44576068.0,6.126298362754207,7276183,23679.709
SRB,Serbia,Europe,2014,37331040.0,5.165350966342028,7227203,20779.764
SRB,Serbia,Europe,2015,43896996.0,6.116124307656811,7177257,23759.521
SRB,Serbia,Europe,2016,45192630.0,6.341861300240258,7126083,24436.857
SRB,Serbia,Europe,2017,45672508.0,6.456840715645011,7073507,25638.635
SRB,Serbia,Europe,2018,44478060.0,6.335893347221245,7020014,25794.066
SRB,Serbia,Europe,2019,44444510.0,6.380063320440042,6966155,25990.816
SRB,Serbia,Europe,2020,45356156.0,6.565920275212969,6907814,25791.172
SRB,Serbia,Europe,2021,43886132.0,6.420391755952699,6835429,27267.758
SRB,Serbia,Europe,2022,44462404.0,6.547047030612343,6791215,26256.807
SRB,Serbia,Europe,2023,42907320.0,6.3348630869526446,6773204,25981.281
SSD,South Sudan,Africa,2012,1330032.0,0.123652073748785,10756245,554.3917
SSD,South Sudan,Africa,2013,1443616.0,0.1292835214592505,11166280,564.8888
SSD,South Sudan,Africa,2014,1498576.0,0.1333837587675236,11235071,580.8493
SSD,South Sudan,Africa,2015,1912608.0,0.1721896123265135,11107569,720.0971
SSD,South Sudan,Africa,2016,1703760.0,0.1573169907446906,10830108,713.2761
SSD,South Sudan,Africa,2017,1454608.0,0.1417864053064825,10259150,659.6572
SSD,South Sudan,Africa,2018,1736736.0,0.1715636586567417,10122983,776.8172
SSD,South Sudan,Africa,2019,1769712.0,0.1697828977197612,10423382,711.7973
SSD,South Sudan,Africa,2020,1707424.0,0.1595951421469479,10698471,627.951
SSD,South Sudan,Africa,2021,1740400.0,0.1601724900527214,10865786,668.252
SSD,South Sudan,Africa,2022,1634144.0,0.1482731196991246,11021175,618.115
SSD,South Sudan,Africa,2023,1666291.0,0.1451047035844007,11483370,620.0977
STP,Sao Tome and Principe,Africa,2000,51296.0,0.3561504974692596,144029,1889.7021
STP,Sao Tome and Principe,Africa,2001,51296.0,0.3504160233902149,146386,1808.9791
STP,Sao Tome and Principe,Africa,2002,54960.0,0.3665661766667556,149932,1980.8828
STP,Sao Tome and Principe,Africa,2003,62288.0,0.4049303099646349,153824,2147.572
STP,Sao Tome and Principe,Africa,2004,73280.0,0.4646179012306541,157721,2394.5562
STP,Sao Tome and Principe,Africa,2005,76944.0,0.4759913393133312,161650,2497.804
STP,Sao Tome and Principe,Africa,2006,80608.0,0.4866134221948554,165651,2549.8406
STP,Sao Tome and Principe,Africa,2007,80608.0,0.4749777560412235,169709,2571.557
STP,Sao Tome and Principe,Africa,2008,84272.0,0.4848568535395379,173808,2740.118
STP,Sao Tome and Principe,Africa,2009,91600.0,0.5149944340121215,177866,2863.8398
STP,Sao Tome and Principe,Africa,2010,106256.0,0.5844342995434795,181810,3044.8926
STP,Sao Tome and Principe,Africa,2011,98928.0,0.5328306358225837,185665,3077.946
STP,Sao Tome and Principe,Africa,2012,109920.0,0.5801997339695543,189452,3192.3015
STP,Sao Tome and Principe,Africa,2013,109920.0,0.5690678097723108,193158,3131.0527
STP,Sao Tome and Principe,Africa,2014,128240.01,0.6516922959650371,196780,3083.5852
STP,Sao Tome and Principe,Africa,2015,135568.0,0.6767977314935,200308,3139.2756
STP,Sao Tome and Principe,Africa,2016,146560.0,0.7194823811253694,203702,3200.858
STP,Sao Tome and Principe,Africa,2017,139232.0,0.672663851661465,206986,3200.026
STP,Sao Tome and Principe,Africa,2018,139232.0,0.6623849893909552,210198,2999.5603
STP,Sao Tome and Principe,Africa,2019,146560.0,0.686769288442164,213405,3108.311
STP,Sao Tome and Principe,Africa,2020,142896.0,0.6571441710738101,217450,2926.469
STP,Sao Tome and Principe,Africa,2021,142896.0,0.6437481698389458,221975,2968.9106
STP,Sao Tome and Principe,Africa,2022,135568.0,0.5990287787268076,226313,2571.2017
STP,Sao Tome and Principe,Africa,2023,139838.0,0.6056686965636126,230882,2879.2422
SUR,Suriname,Americas,2000,2192817.0,4.600505195668912,476647,14581.739
SUR,Suriname,Americas,2001,2363459.0,4.857427358261777,486566,13946.476
SUR,Suriname,Americas,2002,1560797.0,3.143181369646734,496566,15486.879
SUR,Suriname,Americas,2003,1538688.0,3.0383574140882783,506421,13100.263
SUR,Suriname,Americas,2004,1553159.0,3.022133450600084,513928,15016.2295
SUR,Suriname,Americas,2005,1585950.0,3.053891523739652,519321,14968.09
SUR,Suriname,Americas,2006,1740003.0,3.3142724898714864,525003,16295.912
SUR,Suriname,Americas,2007,1757999.0,3.3105704805414424,531026,14876.507
SUR,Suriname,Americas,2008,1940942.0,3.612721776745364,537252,17964.354
SUR,Suriname,Americas,2009,1989071.0,3.659205636704809,543580,18152.479
SUR,Suriname,Americas,2010,2375395.0,4.3194418936193815,549931,21007.29
SUR,Suriname,Americas,2011,2757942.0,4.957839501401275,556279,16731.12
SUR,Suriname,Americas,2012,2493797.0,4.432313735248116,562640,18948.658
SUR,Suriname,Americas,2013,3151425.0,5.538298911820943,569024,17473.527
SUR,Suriname,Americas,2014,3200926.0,5.563151308700337,575380,17378.723
SUR,Suriname,Americas,2015,2713620.0,4.665511300921198,581634,16460.896
SUR,Suriname,Americas,2016,2913528.0,4.956960690071712,587765,15591.238
SUR,Suriname,Americas,2017,2430184.0,4.093148285387051,593720,17317.955
SUR,Suriname,Americas,2018,2093096.0,3.491292185902365,599519,14142.294
SUR,Suriname,Americas,2019,2632313.0,4.345335510144789,605779,16713.479
SUR,Suriname,Americas,2020,2921822.0,4.771723935197283,612320,15335.727
SUR,Suriname,Americas,2021,2646994.0,4.2838203283676295,617905,17477.805
SUR,Suriname,Americas,2022,2827580.0,4.537398984550012,623172,18310.578
SUR,Suriname,Americas,2023,2868587.0,4.561334855587287,628892,15601.472
SVK,Slovakia,Europe,2000,41187040.0,7.655582220152004,5380001,38217.324
SVK,Slovakia,Europe,2001,43272724.0,8.044096047933623,5379439,40934.473
SVK,Slovakia,Europe,2002,42033700.0,7.816318731945065,5377685,41581.305
SVK,Slovakia,Europe,2003,42359228.0,7.879031962556431,5376197,40944.324
SVK,Slovakia,Europe,2004,42856560.0,7.971774009037882,5376038,39970.918
SVK,Slovakia,Europe,2005,42857268.0,7.970928620303506,5376697,40988.562
SVK,Slovakia,Europe,2006,42639350.0,7.930177295355437,5376847,40593.008
SVK,Slovakia,Europe,2007,41031852.0,7.631003425148592,5376993,37970.355
SVK,Slovakia,Europe,2008,41425300.0,7.70111953110607,5379127,39227.902
SVK,Slovakia,Europe,2009,37681124.0,6.997327056229868,5385074,35163.78
SVK,Slovakia,Europe,2010,38464356.0,7.133786374527366,5391857,37349.246
SVK,Slovakia,Europe,2011,38045108.0,7.047863648447001,5398105,36346.555
SVK,Slovakia,Europe,2012,35961410.0,6.653511263993612,5404877,34788.89
SVK,Slovakia,Europe,2013,35621708.0,6.583905654679062,5410422,35410.52
SVK,Slovakia,Europe,2014,33708172.0,6.224688924106383,5415238,33120.13
SVK,Slovakia,Europe,2015,34527856.0,6.370126403110689,5420278,33592.082
SVK,Slovakia,Europe,2016,34977550.0,6.444787445308519,5427262,33845.383
SVK,Slovakia,Europe,2017,36183944.0,6.656719592060051,5435702,35601.188
SVK,Slovakia,Europe,2018,36184068.0,6.647537334916462,5443229,35171.54
SVK,Slovakia,Europe,2019,33853190.0,6.210879959314773,5450627,33781.227
SVK,Slovakia,Europe,2020,31176160.0,5.715123735386876,5455028,33052.49
SVK,Slovakia,Europe,2021,35251324.0,6.476729662822176,5442766,35848.926
SVK,Slovakia,Europe,2022,31589464.0,5.771667919743404,5473195,33089.15
SVK,Slovakia,Europe,2023,30766244.0,5.575557483367787,5518057,33616.72
SVN,Slovenia,Europe,2000,15059753.0,7.579839008826681,1986817,36336.996
SVN,Slovenia,Europe,2001,16309183.0,8.196870960413815,1989684,38183.387
SVN,Slovenia,Europe,2002,16570911.0,8.320522341407864,1991571,38509.516
SVN,Slovenia,Europe,2003,16278082.0,8.169681390053395,1992499,38086.293
SVN,Slovenia,Europe,2004,16710709.0,8.382396109850378,1993548,39560.27
SVN,Slovenia,Europe,2005,16941976.0,8.484074685201923,1996915,40314.324
SVN,Slovenia,Europe,2006,17184160.0,8.578714363022412,2003116,40362.766
SVN,Slovenia,Europe,2007,17349082.0,8.613561292827429,2014159,40313.715
SVN,Slovenia,Europe,2008,18284604.0,9.02903278372813,2025090,43666.234
SVN,Slovenia,Europe,2009,16209410.0,7.962925118269217,2035610,39266.613
SVN,Slovenia,Europe,2010,16465506.0,8.053124041688125,2044611,39401.684
SVN,Slovenia,Europe,2011,16364208.0,7.987196438899748,2048805,39046.566
SVN,Slovenia,Europe,2012,15765101.0,7.677851306322145,2053322,37376.78
SVN,Slovenia,Europe,2013,15136785.0,7.360631320351751,2056452,36261.99
SVN,Slovenia,Europe,2014,13568340.0,6.5917085884876325,2058395,36292.61
SVN,Slovenia,Europe,2015,13658673.0,6.630597598189467,2059946,34113.125
SVN,Slovenia,Europe,2016,14468012.0,7.018608416986881,2061379,36111.664
SVN,Slovenia,Europe,2017,14637193.0,7.0971305414539305,2062410,37219.074
SVN,Slovenia,Europe,2018,14563352.0,7.037189946865982,2069484,37327.215
SVN,Slovenia,Europe,2019,14053007.0,6.745104485950626,2083438,36181.887
SVN,Slovenia,Europe,2020,12872991.0,6.1229368428112165,2102421,34229.527
SVN,Slovenia,Europe,2021,13076158.0,6.18698317242293,2113495,33728.027
SVN,Slovenia,Europe,2022,12727840.0,6.017234051505485,2115231,31870.459
SVN,Slovenia,Europe,2023,12012164.0,5.6704106979154965,2118394,31684.88
SWE,Sweden,Europe,2000,54892390.0,6.187080419188289,8872099,55761.74
SWE,Sweden,Europe,2001,55782308.0,6.270480567822592,8896018,61804.523
SWE,Sweden,Europe,2002,56633796.0,6.345491367270417,8925045,60608.508
SWE,Sweden,Europe,2003,57220990.0,6.387387572426163,8958434,59443.074
SWE,Sweden,Europe,2004,56427524.0,6.27404352217999,8993805,64523.63
SWE,Sweden,Europe,2005,53787480.0,5.956682622405374,9029771,62647.54
SWE,Sweden,Europe,2006,53650844.0,5.908274625939968,9080628,60010.14
SWE,Sweden,Europe,2007,52878800.0,5.780190374584075,9148280,59743.59
SWE,Sweden,Europe,2008,50765440.0,5.506070942394947,9219903,58365.05
SWE,Sweden,Europe,2009,47143308.0,5.069860877895474,9298738,51501.96
SWE,Sweden,Europe,2010,53028584.0,5.65443174056011,9378234,55513.22
SWE,Sweden,Europe,2011,49113770.0,5.197629698739468,9449263,53746.69
SWE,Sweden,Europe,2012,46606916.0,4.8959534226512655,9519477,55314.88
SWE,Sweden,Europe,2013,45105884.0,4.698226156227411,9600620,53385.98
SWE,Sweden,Europe,2014,43384748.0,4.474297468823087,9696438,51987.9
SWE,Sweden,Europe,2015,43310144.0,4.419635607307039,9799483,49844.44
SWE,Sweden,Europe,2016,43308376.0,4.364320228359955,9923281,50875.37
SWE,Sweden,Europe,2017,42355424.0,4.21117485780281,10057864,51520.035
SWE,Sweden,Europe,2018,41856004.0,4.113450478605263,10175400,50567.062
SWE,Sweden,Europe,2019,40772480.0,3.9665341001953474,10279120,51171.383
SWE,Sweden,Europe,2020,36622220.0,3.53712041764466,10353682,44647.773
SWE,Sweden,Europe,2021,38567984.0,3.70271580607546,10416134,47527.09
SWE,Sweden,Europe,2022,36342156.0,3.465337571461196,10487335,45876.816
SWE,Sweden,Europe,2023,36708596.0,3.4789954369490648,10551493,43731.336
SWZ,Eswatini,Africa,2000,1205456.0,1.1575029670798174,1041428,6508.233
SWZ,Eswatini,Africa,2001,1099200.0,1.045795411515547,1051066,6569.6787
SWZ,Eswatini,Africa,2002,1080880.0,1.0202216986830976,1059456,6589.4956
SWZ,Eswatini,Africa,2003,1003936.06,0.9411553511464266,1066706,6225.074
SWZ,Eswatini,Africa,2004,1003936.06,0.9354865119226218,1073170,5916.6973
SWZ,Eswatini,Africa,2005,1014928.0,0.9405999136254868,1079022,5940.479
SWZ,Eswatini,Africa,2006,1014928.0,0.935898830919496,1084442,6252.654
SWZ,Eswatini,Africa,2007,1044240.0,0.9573920912283984,1090713,6405.87
SWZ,Eswatini,Africa,2008,1018592.0,0.9275966261663348,1098098,6189.895
SWZ,Eswatini,Africa,2009,1055232.0,0.95482455902233,1105158,5810.702
SWZ,Eswatini,Africa,2010,996608.0,0.8965115850208384,1111651,5578.974
SWZ,Eswatini,Africa,2011,959968.0,0.8587666447494957,1117845,5094.8467
SWZ,Eswatini,Africa,2012,1110192.0,0.9878295532401434,1123870,4890.275
SWZ,Eswatini,Africa,2013,1315376.0,1.164049557522124,1130000,4697.8066
SWZ,Eswatini,Africa,2014,762112.0,0.6706931677674568,1136305,4833.4243
SWZ,Eswatini,Africa,2015,850048.0,0.7438148723073235,1142822,4938.754
SWZ,Eswatini,Africa,2016,1022256.0,0.8892925370329774,1149516,5110.4253
SWZ,Eswatini,Africa,2017,970960.0,0.8383367956083502,1158198,5259.7417
SWZ,Eswatini,Africa,2018,1014928.0,0.8682516448761392,1168933,5461.989
SWZ,Eswatini,Africa,2019,1099200.0,0.9316162168346916,1179885,5847.509
SWZ,Eswatini,Africa,2020,989280.0,0.8294221511250622,1192734,5737.607
SWZ,Eswatini,Africa,2021,989280.0,0.8198919607027362,1206598,5519.3306
SWZ,Eswatini,Africa,2022,1028234.94,0.8435615925888552,1218921,5125.024
SWZ,Eswatini,Africa,2023,1029613.0,0.8367388401691336,1230507,5585.262
SYC,Seychelles,Africa,2000,318768.0,3.824955902998596,83339,45128.4
SYC,Seychelles,Africa,2001,340752.0,4.026801857694898,84621,47809.285
SYC,Seychelles,Africa,2002,348080.0,4.0531917371154425,85878,41022.24
SYC,Seychelles,Africa,2003,340752.0,3.914170189303437,87056,40367.582
SYC,Seychelles,Africa,2004,377392.0,4.28003402324922,88175,55627.305
SYC,Seychelles,Africa,2005,381056.0,4.267717946420572,89288,50038.867
SYC,Seychelles,Africa,2006,384720.0,4.25617594672036,90391,52513.86
SYC,Seychelles,Africa,2007,403040.0,4.405627275012844,91483,42657.594
SYC,Seychelles,Africa,2008,414032.0,4.472975162862051,92563,45958.117
SYC,Seychelles,Africa,2009,443344.0,4.734355644782367,93644,49517.035
SYC,Seychelles,Africa,2010,439680.0,4.628551577484656,94993,44144.305
SYC,Seychelles,Africa,2011,403040.0,4.153296029513299,97041,37104.098
SYC,Seychelles,Africa,2012,417696.0,4.195209159845327,99565,41611.43
SYC,Seychelles,Africa,2013,414032.0,4.054843890782309,102108,36527.234
SYC,Seychelles,Africa,2014,458000.0,4.375949475937055,104663,41677.82
SYC,Seychelles,Africa,2015,498304.0,4.646321109215176,107247,42146.875
SYC,Seychelles,Africa,2016,553264.0,5.037182708765796,109836,45840.832
SYC,Seychelles,Africa,2017,575248.0,5.115907615414032,112443,46686.66
SYC,Seychelles,Africa,2018,597232.0,5.190929397755817,115053,36782.39
SYC,Seychelles,Africa,2019,589904.0,5.013547279495504,117662,32611.264
SYC,Seychelles,Africa,2020,597232.0,4.964563296453004,120299,29880.9
SYC,Seychelles,Africa,2021,611888.0,4.97469918699187,123000,27693.805
SYC,Seychelles,Africa,2022,628936.0,5.01012482773454,125533,28729.107
SYC,Seychelles,Africa,2023,641309.0,5.011753581169263,127961,31019.922
SYR,Syria,Asia,2000,54526780.0,3.2772665081689474,16637884,12708.573
SYR,Syria,Asia,2001,51342884.0,3.0110767267106384,17051337,12221.478
SYR,Syria,Asia,2002,40726880.0,2.331468912177377,17468335,13060.471
SYR,Syria,Asia,2003,55377304.0,3.095555068485922,17889297,12345.578
SYR,Syria,Asia,2004,51691510.0,2.818991716093017,18336879,13289.391
SYR,Syria,Asia,2005,51161764.0,2.71933208363178,18814092,14674.131
SYR,Syria,Asia,2006,54039970.0,2.751944083561372,19637016,14710.876
SYR,Syria,Asia,2007,66972530.0,3.20686141863853,20884136,14325.909
SYR,Syria,Asia,2008,68084080.0,3.146713762248593,21636566,14093.719
SYR,Syria,Asia,2009,63261240.0,2.8785240695817453,21976971,13056.144
SYR,Syria,Asia,2010,62057320.0,2.7602601624193697,22482417,13154.189
SYR,Syria,Asia,2011,59078228.0,2.5823043727749466,22878104,11615.845
SYR,Syria,Asia,2012,46338510.0,2.0359838544891704,22759763,8972.617
SYR,Syria,Asia,2013,34256524.0,1.5810517793460364,21666921,6875.813
SYR,Syria,Asia,2014,34869310.0,1.719931590056675,20273661,6556.0454
SYR,Syria,Asia,2015,31115404.0,1.6018543482071588,19424615,6244.624
SYR,Syria,Asia,2016,29162014.0,1.5193427472935972,19193835,6111.2734
SYR,Syria,Asia,2017,34473470.0,1.7931890746010686,19224671,6155.3125
SYR,Syria,Asia,2018,31771348.0,1.6228211791806135,19577849,6711.9897
SYR,Syria,Asia,2019,33491608.0,1.6454933432696903,20353536,5817.771
SYR,Syria,Asia,2020,32344418.0,1.5365934594621584,21049431,5133.1445
SYR,Syria,Asia,2021,32508500.0,1.503016551467839,21628837,5400.5156
SYR,Syria,Asia,2022,31423332.0,1.3989446255637812,22462170,4847.5273
SYR,Syria,Asia,2023,31673644.0,1.3424094125174195,23594623,4905.252
TCA,Turks and Caicos Islands,Americas,2000,106256.0,5.665777967366962,18754,15414.862
TCA,Turks and Caicos Islands,Americas,2001,113584.0,5.794215171147274,19603,15656.771
TCA,Turks and Caicos Islands,Americas,2002,150224.0,7.285707357291818,20619,19821.516
TCA,Turks and Caicos Islands,Americas,2003,153888.0,7.07563566140972,21749,19323.348
TCA,Turks and Caicos Islands,Americas,2004,161216.0,7.045845898343604,22881,18923.941
TCA,Turks and Caicos Islands,Americas,2005,186864.0,7.782433051518054,24011,21215.703
TCA,Turks and Caicos Islands,Americas,2006,216176.0,8.596834486598267,25146,23296.818
TCA,Turks and Caicos Islands,Americas,2007,252815.98,9.61643134271586,26290,26158.38
TCA,Turks and Caicos Islands,Americas,2008,263808.0,9.609791636310652,27452,26674.824
TCA,Turks and Caicos Islands,Americas,2009,274800.0,9.605033205173015,28610,25817.717
TCA,Turks and Caicos Islands,Americas,2010,282128.0,9.479151967207606,29763,25673.332
TCA,Turks and Caicos Islands,Americas,2011,282128.0,9.13922902494331,30870,24752.686
TCA,Turks and Caicos Islands,Americas,2012,282128.0,8.77481960686738,32152,23765.719
TCA,Turks and Caicos Islands,Americas,2013,285792.0,8.486770601336303,33675,22879.973
TCA,Turks and Caicos Islands,Americas,2014,307776.0,8.77429654759529,35077,23599.273
TCA,Turks and Caicos Islands,Americas,2015,315104.0,8.601878139331731,36632,23289.197
TCA,Turks and Caicos Islands,Americas,2016,326096.0,8.504929320327578,38342,23014.893
TCA,Turks and Caicos Islands,Americas,2017,351744.0,8.808795171671132,39931,23919.867
TCA,Turks and Caicos Islands,Americas,2018,359072.0,8.635690235690236,41580,44844.117
TCA,Turks and Caicos Islands,Americas,2019,362736.0,8.39841633673682,43191,43592.02
TCA,Turks and Caicos Islands,Americas,2020,359072.0,8.086296588222048,44405,41699.66
TCA,Turks and Caicos Islands,Americas,2021,366400.0,8.09509080464849,45262,41892.797
TCA,Turks and Caicos Islands,Americas,2022,365566.0,7.969783513920077,45869,41151.16
TCA,Turks and Caicos Islands,Americas,2023,364827.0,7.893100538716168,46221,41046.25
TCD,Chad,Africa,2000,487512.0,0.057272877219842,8512092,121.25253
TCD,Chad,Africa,2001,505594.0,0.0574269643242108,8804122,112.51884
TCD,Chad,Africa,2002,531213.0,0.0582713511503428,9116195,107.270004
TCD,Chad,Africa,2003,882414.0,0.0930048282905574,9487830,101.881256
TCD,Chad,Africa,2004,906195.0,0.0913499709073636,9920036,102.66212
TCD,Chad,Africa,2005,929366.0,0.0899842700889438,10328094,106.128426
TCD,Chad,Africa,2006,957287.0,0.0894123772022521,10706426,103.92452
TCD,Chad,Africa,2007,1088955.0,0.0982663528871603,11081667,110.805
TCD,Chad,Africa,2008,872463.0,0.0760230279814076,11476299,112.19914
TCD,Chad,Africa,2009,1219710.0,0.1025504733451249,11893753,118.031296
TCD,Chad,Africa,2010,1236006.0,0.1003856218599188,12312580,126.46681
TCD,Chad,Africa,2011,1276613.0,0.1000872285104732,12755004,174.73138
TCD,Chad,Africa,2012,1746611.0,0.1322087810723876,13211006,292.12543
TCD,Chad,Africa,2013,2082161.0,0.1520815631724039,13691081,292.35577
TCD,Chad,Africa,2014,2182780.0,0.1538395396893861,14188680,293.20334
TCD,Chad,Africa,2015,2351874.0,0.1605634933606305,14647626,287.97665
TCD,Chad,Africa,2016,2381583.0,0.1575678355016046,15114652,275.6423
TCD,Chad,Africa,2017,2340762.0,0.1498302860263579,15622756,410.6641
TCD,Chad,Africa,2018,2383510.0,0.1475260629831829,16156535,425.1015
TCD,Chad,Africa,2019,2299785.0,0.1378336387832515,16685223,421.2947
TCD,Chad,Africa,2020,2356446.0,0.1368063255260502,17224686,429.6828
TCD,Chad,Africa,2021,2670142.0,0.1497700786963449,17828274,462.58588
TCD,Chad,Africa,2022,2800401.0,0.1517395066430442,18455319,448.06906
TCD,Chad,Africa,2023,2848394.0,0.1474394607402269,19319075,391.97833
TGO,Togo,Africa,2000,1331372.0,0.2783130537922257,4783721,940.30396
TGO,Togo,Africa,2001,1158913.0,0.2363134375379144,4904135,818.32495
TGO,Togo,Africa,2002,1322471.0,0.2630669042045478,5027128,873.4262
TGO,Togo,Africa,2003,1804731.0,0.3501535569747889,5154113,1056.5308
TGO,Togo,Africa,2004,1743929.0,0.3302070315754394,5281320,1023.54834
TGO,Togo,Africa,2005,1721591.0,0.3180386063496104,5413151,974.1872
TGO,Togo,Africa,2006,1500506.0,0.2694071576015695,5569659,825.43085
TGO,Togo,Africa,2007,1516752.0,0.2638546791066858,5748437,970.2562
TGO,Togo,Africa,2008,1522778.0,0.2565266317842908,5936140,1128.0261
TGO,Togo,Africa,2009,2535654.0,0.4135829653638982,6130944,1947.0193
TGO,Togo,Africa,2010,2595698.0,0.4103357192800078,6325791,1801.3816
TGO,Togo,Africa,2011,2503920.0,0.3851842690271956,6500577,1629.7235
TGO,Togo,Africa,2012,2215629.0,0.332991068603889,6653719,1436.722
TGO,Togo,Africa,2013,1635224.0,0.2405147575671242,6798851,1387.0251
TGO,Togo,Africa,2014,1490602.0,0.2148569969039935,6937647,1259.8407
TGO,Togo,Africa,2015,1798361.0,0.2543111079686064,7071500,864.3005
TGO,Togo,Africa,2016,2292640.0,0.3183831760632689,7200883,1201.594
TGO,Togo,Africa,2017,1911982.0,0.261043564239371,7324379,1114.258
TGO,Togo,Africa,2018,2033828.0,0.2726967145579935,7458205,1325.8478
TGO,Togo,Africa,2019,2363701.0,0.3102004011592779,7619916,1233.354
TGO,Togo,Africa,2020,2751282.0,0.3532693259346553,7788058,1275.3624
TGO,Togo,Africa,2021,2620181.0,0.3301562400574079,7936185,1462.0034
TGO,Togo,Africa,2022,2738667.0,0.3394221512090797,8068616,1460.611
TGO,Togo,Africa,2023,2671013.0,0.3247885145806959,8223853,1597.1461
THA,Thailand,Asia,2000,167352160.0,2.6560540148868834,63007815,11587.268
THA,Thailand,Asia,2001,172266830.0,2.7064218821417128,63651137,12099.617
THA,Thailand,Asia,2002,184665470.0,2.873435810573149,64266433,12972.459
THA,Thailand,Asia,2003,191087740.0,2.9457861640727185,64868164,13840.49
THA,Thailand,Asia,2004,207330690.0,3.167673024262388,65452049,14947.546
THA,Thailand,Asia,2005,214325150.0,3.246494125830283,66017415,15302.928
THA,Thailand,Asia,2006,215824660.0,3.2421836511214117,66567685,15442.189
THA,Thailand,Asia,2007,224082560.0,3.339412600338456,67102388,15851.195
THA,Thailand,Asia,2008,224248750.0,3.3163161371216003,67619835,15758.036
THA,Thailand,Asia,2009,228836220.0,3.3592572237224023,68121077,16088.86
THA,Thailand,Asia,2010,241018980.0,3.5144493664085314,68579443,17050.422
THA,Thailand,Asia,2011,244878160.0,3.5485879359971824,69007212,17356.479
THA,Thailand,Asia,2012,262347660.0,3.778260789479062,69436091,18384.273
THA,Thailand,Asia,2013,263753500.0,3.77626282566488,69845112,18610.441
THA,Thailand,Asia,2014,272487650.0,3.8806859574980543,70216362,19130.68
THA,Thailand,Asia,2015,277098720.0,3.928205677659933,70540787,19631.684
THA,Thailand,Asia,2016,284045470.0,4.008553929034692,70859835,19970.396
THA,Thailand,Asia,2017,283347620.0,3.981828152409333,71160183,20240.24
THA,Thailand,Asia,2018,288304900.0,4.039236897862184,71376081,20811.98
THA,Thailand,Asia,2019,281877440.0,3.941114615723015,71522264,20691.436
THA,Thailand,Asia,2020,271923300.0,3.795612329861844,71641484,19215.852
THA,Thailand,Asia,2021,267141810.0,3.724407143061687,71727338,19234.855
THA,Thailand,Asia,2022,272573380.0,3.7997094903917694,71735321,19237.67
THA,Thailand,Asia,2023,264733680.0,3.692115564943986,71702436,19346.57
TJK,Tajikistan,Asia,2000,2236463.0,0.355856259378873,6284737,5018.302
TJK,Tajikistan,Asia,2001,2287397.0,0.3569943452670797,6407376,5201.65
TJK,Tajikistan,Asia,2002,1872401.0,0.2866647968040046,6531674,5083.2173
TJK,Tajikistan,Asia,2003,2071703.9,0.3111332229493547,6658575,5249.3726
TJK,Tajikistan,Asia,2004,2561510.0,0.3772165898074605,6790555,5403.8467
TJK,Tajikistan,Asia,2005,2440518.0,0.3524355201551774,6924722,5358.0234
TJK,Tajikistan,Asia,2006,2656229.0,0.3763661579643746,7057566,5168.557
TJK,Tajikistan,Asia,2007,3228767.0,0.4487839911687837,7194479,4449.1196
TJK,Tajikistan,Asia,2008,2897018.0,0.3947750477556285,7338402,4006.238
TJK,Tajikistan,Asia,2009,2444954.0,0.3264189947654491,7490232,3501.6765
TJK,Tajikistan,Asia,2010,2534786.0,0.3312517380749761,7652144,3551.2854
TJK,Tajikistan,Asia,2011,2342442.0,0.2993617207264912,7824788,3452.9734
TJK,Tajikistan,Asia,2012,2934480.0,0.366165228802732,8014087,3733.2595
TJK,Tajikistan,Asia,2013,2908285.0,0.3539466354815229,8216733,3851.428
TJK,Tajikistan,Asia,2014,4606222.0,0.5466963082212112,8425559,4155.9307
TJK,Tajikistan,Asia,2015,5306567.0,0.613913216106871,8643839,3965.9856
TJK,Tajikistan,Asia,2016,6015884.0,0.6785630293550718,8865623,4194.635
TJK,Tajikistan,Asia,2017,6879488.0,0.757157375646906,9085942,4154.551
TJK,Tajikistan,Asia,2018,8080877.5,0.8682258474355469,9307345,4368.4062
TJK,Tajikistan,Asia,2019,8714168.0,0.9143961628420656,9529970,4632.589
TJK,Tajikistan,Asia,2020,9423311.0,0.9665616404521672,9749312,4753.302
TJK,Tajikistan,Asia,2021,9384338.0,0.9415491979862972,9966912,4666.238
TJK,Tajikistan,Asia,2022,10520923.0,1.0332633486502167,10182228,4824.579
TJK,Tajikistan,Asia,2023,10264285.0,0.9879187361228172,10389807,4818.661
TKM,Turkmenistan,Asia,2000,39361496.0,8.589196484585967,4582675,26013.479
TKM,Turkmenistan,Asia,2001,34034184.0,7.2793916092172335,4675416,32667.56
TKM,Turkmenistan,Asia,2002,30130800.0,6.317427522915006,4769473,27000.611
TKM,Turkmenistan,Asia,2003,40567560.0,8.340591269793133,4863871,36297.03
TKM,Turkmenistan,Asia,2004,49355104.0,9.954457068254698,4958091,36028.375
TKM,Turkmenistan,Asia,2005,47928664.0,9.486579075502844,5052260,35543.6
TKM,Turkmenistan,Asia,2006,49499596.0,9.61698182453314,5147103,35213.75
TKM,Turkmenistan,Asia,2007,49182930.0,9.378811822243394,5244047,33545.586
TKM,Turkmenistan,Asia,2008,59438420.0,11.1203092665658,5345033,27123.143
TKM,Turkmenistan,Asia,2009,52462364.0,9.623301942531702,5451597,42906.047
TKM,Turkmenistan,Asia,2010,59184068.0,10.636283516007962,5564356,45394.965
TKM,Turkmenistan,Asia,2011,65155076.0,11.464075547562706,5683413,49243.555
TKM,Turkmenistan,Asia,2012,66938636.0,11.524159910531855,5808548,52423.375
TKM,Turkmenistan,Asia,2013,64339644.0,10.83277895149434,5939348,45506.625
TKM,Turkmenistan,Asia,2014,62799344.0,10.336853935765328,6075286,46090.68
TKM,Turkmenistan,Asia,2015,63091676.0,10.150254200080989,6215773,53356.105
TKM,Turkmenistan,Asia,2016,62090924.0,9.762660963978062,6360041,50928.246
TKM,Turkmenistan,Asia,2017,62956572.0,9.675110360815514,6507065,49795.176
TKM,Turkmenistan,Asia,2018,61301660.0,9.210645053739578,6655523,53657.133
TKM,Turkmenistan,Asia,2019,62254216.0,9.149726269017831,6803943,51969.2
TKM,Turkmenistan,Asia,2020,62904970.0,9.051185518096265,6949915,59630.875
TKM,Turkmenistan,Asia,2021,91693640.0,12.929088688420062,7092042,60552.074
TKM,Turkmenistan,Asia,2022,102062830.0,14.116189365241365,7230197,63096.504
TKM,Turkmenistan,Asia,2023,95420770.0,12.956967382571133,7364437,58384.38
TLS,East Timor,Asia,2003,248530.0,0.2710617357199883,916876,762.5035
TLS,East Timor,Asia,2004,496998.0,0.5349350594835112,929081,814.81036
TLS,East Timor,Asia,2005,321145.0,0.3386498086068901,948310,801.06744
TLS,East Timor,Asia,2006,316708.0,0.3242932183778581,976610,793.59314
TLS,East Timor,Asia,2007,288067.0,0.2866629249933824,1004898,798.30585
TLS,East Timor,Asia,2008,285133.0,0.2761763255849543,1032431,853.9648
TLS,East Timor,Asia,2009,321783.0,0.3039177999646764,1058783,931.79987
TLS,East Timor,Asia,2010,313134.0,0.2886857787677194,1084688,946.71533
TLS,East Timor,Asia,2011,433890.0,0.3908172493181482,1110212,959.7205
TLS,East Timor,Asia,2012,591295.0,0.5210147934911811,1134891,1111.0767
TLS,East Timor,Asia,2013,619966.0,0.5350544620379616,1158697,1638.827
TLS,East Timor,Asia,2014,627080.0,0.5305635863214975,1181913,1843.6886
TLS,East Timor,Asia,2015,590431.0,0.4899301570863962,1205133,1772.9237
TLS,East Timor,Asia,2016,642966.0,0.5234541004987324,1228314,1701.149
TLS,East Timor,Asia,2017,692847.0,0.5535199419035225,1251711,1702.6866
TLS,East Timor,Asia,2018,617024.0,0.4835755296787835,1275962,1759.182
TLS,East Timor,Asia,2019,675431.0,0.5191845011245663,1300946,2086.2754
TLS,East Timor,Asia,2020,646107.0,0.4872414409400543,1326051,1961.2268
TLS,East Timor,Asia,2021,620168.0,0.45933538842581,1350142,1886.5198
TLS,East Timor,Asia,2022,669585.0,0.4889983853051817,1369299,1976.4607
TLS,East Timor,Asia,2023,636717.0,0.4599585925512825,1384292,1940.1028
TON,Tonga,Oceania,2000,98928.0,0.9633185646818248,102695,4266.688
TON,Tonga,Oceania,2001,91600.0,0.8866947388800155,103305,3820.2944
TON,Tonga,Oceania,2002,95264.0,0.916987525026952,103888,4119.104
TON,Tonga,Oceania,2003,117248.0,1.1221944659794605,104481,5046.3364
TON,Tonga,Oceania,2004,113584.0,1.0808465286236295,105088,4646.535
TON,Tonga,Oceania,2005,113584.0,1.0747511449225997,105684,4920.173
TON,Tonga,Oceania,2006,128240.01,1.206783072666704,106266,5504.1255
TON,Tonga,Oceania,2007,113584.0,1.0640785430562842,106744,4691.0767
TON,Tonga,Oceania,2008,106256.0,0.9927127321648792,107036,5052.0527
TON,Tonga,Oceania,2009,120912.0,1.127710573685634,107219,5474.113
TON,Tonga,Oceania,2010,117248.0,1.0915421496066655,107415,5198.566
TON,Tonga,Oceania,2011,106256.0,0.9876561570493754,107584,4840.9224
TON,Tonga,Oceania,2012,106256.0,0.9886486285310208,107476,6298.845
TON,Tonga,Oceania,2013,109920.0,1.0263976170244553,107093,7561.438
TON,Tonga,Oceania,2014,106256.0,0.9965205810910932,106627,7695.9297
TON,Tonga,Oceania,2015,106256.0,1.0013759306380172,106110,7712.7065
TON,Tonga,Oceania,2016,139232.0,1.3192844147968463,105536,9022.435
TON,Tonga,Oceania,2017,142896.0,1.3560969128714186,105373,10073.823
TON,Tonga,Oceania,2018,131904.0,1.2492092054171795,105590,8662.943
TON,Tonga,Oceania,2019,161216.0,1.5253955037468776,105688,8386.997
TON,Tonga,Oceania,2020,139232.0,1.3169758136983192,105721,7536.788
TON,Tonga,Oceania,2021,139232.0,1.3196845617227784,105504,7579.0283
TON,Tonga,Oceania,2022,146560.0,1.3951053277869263,105053,7193.5723
TON,Tonga,Oceania,2023,145868.0,1.3943582537543135,104613,8104.585
TTO,Trinidad and Tobago,Americas,2000,24350034.0,18.45005648664437,1319781,90186.5
TTO,Trinidad and Tobago,Americas,2001,26739746.0,20.17221684509265,1325573,95787.3
TTO,Trinidad and Tobago,Americas,2002,28682532.0,21.533157609850324,1332017,106064.53
TTO,Trinidad and Tobago,Americas,2003,32369930.0,24.17979738824756,1338718,115617.05
TTO,Trinidad and Tobago,Americas,2004,32688362.0,24.296642004599423,1345386,126170.49
TTO,Trinidad and Tobago,Americas,2005,38204892.0,28.25722020058578,1352040,138474.27
TTO,Trinidad and Tobago,Americas,2006,42707896.0,31.43277206400796,1358706,159663.47
TTO,Trinidad and Tobago,Americas,2007,45563610.0,33.37061962924634,1365381,162128.4
TTO,Trinidad and Tobago,Americas,2008,44442504.0,32.39037089403757,1372090,158920.5
TTO,Trinidad and Tobago,Americas,2009,44417492.0,32.208620969706814,1379056,156978.36
TTO,Trinidad and Tobago,Americas,2010,47092348.0,33.96106463242172,1386657,168400.3
TTO,Trinidad and Tobago,Americas,2011,47043404.0,33.72311199363436,1394990,165257.02
TTO,Trinidad and Tobago,Americas,2012,46159084.0,32.8811965117886,1403814,160914.61
TTO,Trinidad and Tobago,Americas,2013,45799308.0,32.42066232591328,1412658,161800.11
TTO,Trinidad and Tobago,Americas,2014,46865816.0,32.97773680895904,1421135,161014.8
TTO,Trinidad and Tobago,Americas,2015,45533676.0,31.8597779161623,1429190,155070.69
TTO,Trinidad and Tobago,Americas,2016,39867356.0,27.742864280589632,1437031,136211.08
TTO,Trinidad and Tobago,Americas,2017,40296896.0,27.882011949365687,1445265,143265.48
TTO,Trinidad and Tobago,Americas,2018,40307356.0,27.410236637058134,1470522,131945.17
TTO,Trinidad and Tobago,Americas,2019,40754536.0,27.446017167509147,1484898,131452.1
TTO,Trinidad and Tobago,Americas,2020,35043070.0,23.66134693111397,1481026,114324.0
TTO,Trinidad and Tobago,Americas,2021,36388812.0,24.459531563505102,1487715,116362.484
TTO,Trinidad and Tobago,Americas,2022,37492890.0,25.063382273018064,1495923,115678.7
TTO,Trinidad and Tobago,Americas,2023,35535900.0,23.644288719827436,1502938,109061.51
TUN,Tunisia,Africa,2000,19435988.0,1.9903847847503413,9764940,9104.677
TUN,Tunisia,Africa,2001,20260558.0,2.0528082017662377,9869679,10003.666
TUN,Tunisia,Africa,2002,20380038.0,2.043824407530205,9971521,9796.658
TUN,Tunisia,Africa,2003,21041520.0,2.089185492965494,10071638,9540.336
TUN,Tunisia,Africa,2004,22144166.0,2.178221099981606,10166170,9638.208
TUN,Tunisia,Africa,2005,22515908.0,2.19550144634953,10255474,10374.793
TUN,Tunisia,Africa,2006,22914928.0,2.21477134866516,10346408,9707.503
TUN,Tunisia,Africa,2007,24725204.0,2.3679278432018527,10441705,8575.337
TUN,Tunisia,Africa,2008,25453210.0,2.4143115237677253,10542637,9829.796
TUN,Tunisia,Africa,2009,25353396.0,2.3804481252937606,10650682,8095.1562
TUN,Tunisia,Africa,2010,27899698.0,2.5914675332974677,10765984,8215.607
TUN,Tunisia,Africa,2011,26429208.0,2.427807133924996,10886041,7754.171
TUN,Tunisia,Africa,2012,28194274.0,2.5608694700439587,11009649,8405.116
TUN,Tunisia,Africa,2013,28773252.0,2.582560754449746,11141365,8780.315
TUN,Tunisia,Africa,2014,29874574.0,2.6497953087088817,11274295,9543.288
TUN,Tunisia,Africa,2015,31380538.0,2.752130759927629,11402270,9753.874
TUN,Tunisia,Africa,2016,30971484.0,2.686473624551509,11528676,9623.3955
TUN,Tunisia,Africa,2017,31676916.0,2.718930957836674,11650504,10090.97
TUN,Tunisia,Africa,2018,31121710.0,2.645163428885178,11765515,10192.369
TUN,Tunisia,Africa,2019,30578564.0,2.5750187535515536,11875084,10254.706
TUN,Tunisia,Africa,2020,28844812.0,2.408942064586625,11974058,9408.244
TUN,Tunisia,Africa,2021,31526714.0,2.616623390635861,12048625,10218.422
TUN,Tunisia,Africa,2022,30784934.0,2.5401498002613674,12119338,10186.194
TUN,Tunisia,Africa,2023,31737824.0,2.601368443122597,12200434,10008.584
TUR,Turkey,Asia,2000,232933970.0,3.560268442080259,65425957,12281.969
TUR,Turkey,Asia,2001,216872480.0,3.2737877692886834,66245125,11147.023
TUR,Turkey,Asia,2002,224319760.0,3.345619709300654,67048792,11859.91
TUR,Turkey,Asia,2003,239848560.0,3.5359343233664893,67831735,12424.821
TUR,Turkey,Asia,2004,247843060.0,3.613261257358864,68592621,12941.354
TUR,Turkey,Asia,2005,267710690.0,3.861422192557786,69329557,13312.747
TUR,Turkey,Asia,2006,285429400.0,4.074922831066975,70045351,14616.346
TUR,Turkey,Asia,2007,316497400.0,4.473423989534618,70750593,15670.638
TUR,Turkey,Asia,2008,312628200.0,4.368613252363747,71562343,15596.073
TUR,Turkey,Asia,2009,318567940.0,4.39617217981806,72464846,15576.431
TUR,Turkey,Asia,2010,318710340.0,4.345254158854121,73346766,15827.088
TUR,Turkey,Asia,2011,344214820.0,4.638063443685521,74215203,16731.314
TUR,Turkey,Asia,2012,358644600.0,4.769387943667474,75197196,17508.084
TUR,Turkey,Asia,2013,350633570.0,4.58926250466081,76403032,17100.605
TUR,Turkey,Asia,2014,367271650.0,4.706429407066883,78036154,17781.723
TUR,Turkey,Asia,2015,387703900.0,4.845437352374682,80014222,18502.758
TUR,Turkey,Asia,2016,405552260.0,4.966832752235715,81652087,19157.629
TUR,Turkey,Asia,2017,430621660.0,5.182988131710653,83083667,20477.71
TUR,Turkey,Asia,2018,423818300.0,5.0205940899853,84415966,20121.527
TUR,Turkey,Asia,2019,406567740.0,4.7631072872537406,85357670,20143.916
TUR,Turkey,Asia,2020,416328060.0,4.835868074655427,86091691,19873.26
TUR,Turkey,Asia,2021,457377280.0,5.276237683543229,86686254,21536.602
TUR,Turkey,Asia,2022,443602700.0,5.095457169135377,87058469,21370.1
TUR,Turkey,Asia,2023,486944580.0,5.579715583622975,87270502,21214.111
TUV,Tuvalu,Oceania,2000,7328.0,0.7660464143842777,9566,0.0
TUV,Tuvalu,Oceania,2001,7328.0,0.7626977518734388,9608,0.0
TUV,Tuvalu,Oceania,2002,10992.0,1.1396578538102644,9645,0.0
TUV,Tuvalu,Oceania,2003,10992.0,1.1314462171899125,9715,0.0
TUV,Tuvalu,Oceania,2004,10992.0,1.1171867059660534,9839,0.0
TUV,Tuvalu,Oceania,2005,10992.0,1.1031714171015656,9964,0.0
TUV,Tuvalu,Oceania,2006,10992.0,1.0906925977376465,10078,0.0
TUV,Tuvalu,Oceania,2007,10992.0,1.0772246177969425,10204,0.0
TUV,Tuvalu,Oceania,2008,7328.0,0.708430007733952,10344,0.0
TUV,Tuvalu,Oceania,2009,10992.0,1.048955052963069,10479,0.0
TUV,Tuvalu,Oceania,2010,10992.0,1.0335684062059238,10635,0.0
TUV,Tuvalu,Oceania,2011,10992.0,1.017400962606442,10804,0.0
TUV,Tuvalu,Oceania,2012,10992.0,1.0029197080291972,10960,0.0
TUV,Tuvalu,Oceania,2013,7328.0,0.6644903881030105,11028,0.0
TUV,Tuvalu,Oceania,2014,7328.0,0.6657581539020623,11007,0.0
TUV,Tuvalu,Oceania,2015,7328.0,0.6670914883932635,10985,0.0
TUV,Tuvalu,Oceania,2016,7328.0,0.6691626335494475,10951,0.0
TUV,Tuvalu,Oceania,2017,7328.0,0.6727873668747705,10892,0.0
TUV,Tuvalu,Oceania,2018,10992.0,1.020139211136891,10775,0.0
TUV,Tuvalu,Oceania,2019,10992.0,1.0366877298877677,10603,0.0
TUV,Tuvalu,Oceania,2020,10992.0,1.0545908087882567,10423,0.0
TUV,Tuvalu,Oceania,2021,10992.0,1.076169962796162,10214,0.0
TUV,Tuvalu,Oceania,2022,10992.0,1.097882540950859,10012,0.0
TUV,Tuvalu,Oceania,2023,10940.0,1.112127681203619,9837,0.0
TWN,Taiwan,Asia,2000,226934000.0,10.161433327454109,22332873,45647.188
TWN,Taiwan,Asia,2001,231430990.0,10.310450465364957,22446254,46829.164
TWN,Taiwan,Asia,2002,238567000.0,10.571545987401548,22566898,48716.293
TWN,Taiwan,Asia,2003,249129000.0,10.992215452346947,22664130,50694.848
TWN,Taiwan,Asia,2004,259367000.0,11.403036882306742,22745432,52642.15
TWN,Taiwan,Asia,2005,266888000.0,11.692827825292095,22824932,53099.344
TWN,Taiwan,Asia,2006,276552000.0,12.068788849610756,22914644,54318.84
TWN,Taiwan,Asia,2007,280080000.0,12.17372807078357,23006921,56352.46
TWN,Taiwan,Asia,2008,266975000.0,11.56424879618758,23086238,54119.594
TWN,Taiwan,Asia,2009,253028000.0,10.923162844220167,23164353,52426.863
TWN,Taiwan,Asia,2010,270717980.0,11.656795074795095,23224049,55985.22
TWN,Taiwan,Asia,2011,276771000.0,11.892324685200643,23273078,55696.375
TWN,Taiwan,Asia,2012,273282020.0,11.705750583087962,23345963,54939.125
TWN,Taiwan,Asia,2013,274576000.0,11.725563664144696,23416870,55897.68
TWN,Taiwan,Asia,2014,276959000.0,11.799140716465532,23472811,57129.28
TWN,Taiwan,Asia,2015,276264000.0,11.741295731357468,23529260,56836.375
TWN,Taiwan,Asia,2016,280197000.0,11.879731062395118,23586140,56760.07
TWN,Taiwan,Asia,2017,285736000.0,12.09057692755242,23632950,56551.645
TWN,Taiwan,Asia,2018,284151000.0,12.010114581542284,23659308,56773.023
TWN,Taiwan,Asia,2019,274704000.0,11.603548631994483,23674137,55566.133
TWN,Taiwan,Asia,2020,272464200.0,11.514131428196407,23663461,53982.605
TWN,Taiwan,Asia,2021,283820930.0,12.047582744617296,23558330,57429.69
TWN,Taiwan,Asia,2022,273988830.0,11.69887182838234,23420107,54993.316
TWN,Taiwan,Asia,2023,267126800.0,11.456239603948084,23317145,52355.598
TZA,Tanzania,Africa,2000,2571821.0,0.0750674355056672,34260142,390.5872
TZA,Tanzania,Africa,2001,3040810.0,0.0863908126479847,35198303,428.2784
TZA,Tanzania,Africa,2002,3485616.0,0.0964975209503112,36121301,469.11624
TZA,Tanzania,Africa,2003,3687241.0,0.0994145386753763,37089555,473.16513
TZA,Tanzania,Africa,2004,4221283.0,0.1107667277902671,38109666,591.4024
TZA,Tanzania,Africa,2005,5355817.0,0.1366904613008961,39182083,653.0874
TZA,Tanzania,Africa,2006,5876241.0,0.1458308867871616,40294900,670.7109
TZA,Tanzania,Africa,2007,5706146.0,0.1377115009667553,41435508,663.8476
TZA,Tanzania,Africa,2008,5988669.0,0.1406757478988848,42570728,675.0532
TZA,Tanzania,Africa,2009,5807482.0,0.1330954147542138,43633975,649.77454
TZA,Tanzania,Africa,2010,7194109.0,0.1607317145700913,44758491,742.12964
TZA,Tanzania,Africa,2011,8440309.0,0.1833678978580872,46029371,763.38446
TZA,Tanzania,Africa,2012,10367499.0,0.2188424427348851,47374261,917.588
TZA,Tanzania,Africa,2013,11251474.0,0.2304490234276351,48824134,934.0022
TZA,Tanzania,Africa,2014,10997434.0,0.2184132089316256,50351506,919.42584
TZA,Tanzania,Africa,2015,12782672.0,0.2457215801369901,52020958,938.6186
TZA,Tanzania,Africa,2016,13529452.0,0.251364613994215,53824012,995.27344
TZA,Tanzania,Africa,2017,13513487.0,0.242817353881078,55652888,866.5156
TZA,Tanzania,Africa,2018,14233063.0,0.2478024582493966,57437134,981.38293
TZA,Tanzania,Africa,2019,16190849.0,0.2736101287828356,59174889,1016.6044
TZA,Tanzania,Africa,2020,15952437.0,0.2616320099307227,60972803,939.81476
TZA,Tanzania,Africa,2021,17677692.0,0.2813556683777807,62830410,1055.4796
TZA,Tanzania,Africa,2022,19702384.0,0.3044634410077342,64711822,1165.2318
TZA,Tanzania,Africa,2023,20309608.0,0.3048684711836016,66617607,1169.3898
UGA,Uganda,Africa,2000,1360870.0,0.0567025433749227,24000158,302.7364
UGA,Uganda,Africa,2001,1417088.0,0.0572660809697758,24745678,299.81622
UGA,Uganda,Africa,2002,1442557.0,0.0564980312438021,25532872,294.33344
UGA,Uganda,Africa,2003,1512745.0,0.0574050501583857,26352124,302.17783
UGA,Uganda,Africa,2004,1607486.0,0.0591977473505048,27154513,313.06656
UGA,Uganda,Africa,2005,2017941.0,0.0721639412419577,27963287,365.94373
UGA,Uganda,Africa,2006,2387050.0,0.0829009371916133,28794005,387.97705
UGA,Uganda,Africa,2007,2706326.0,0.0912651710491434,29653437,455.04968
UGA,Uganda,Africa,2008,2779614.0,0.0910168706824629,30539547,451.65173
UGA,Uganda,Africa,2009,2996134.0,0.0952631075744232,31451147,465.5516
UGA,Uganda,Africa,2010,3569619.0,0.1102047152214605,32390801,514.9903
UGA,Uganda,Africa,2011,3827733.0,0.1147589768961293,33354541,526.2999
UGA,Uganda,Africa,2012,3626987.0,0.1056277760517704,34337436,522.5766
UGA,Uganda,Africa,2013,3754530.0,0.106249106815651,35337050,540.98206
UGA,Uganda,Africa,2014,4089666.0,0.1123672234363208,36395542,617.8431
UGA,Uganda,Africa,2015,4528549.0,0.1206601323412976,37531444,612.3559
UGA,Uganda,Africa,2016,4817419.0,0.1241629939705127,38799153,617.13995
UGA,Uganda,Africa,2017,5406202.0,0.1345583375960963,40177384,645.04865
UGA,Uganda,Africa,2018,5548649.0,0.133490605109643,41565839,671.42224
UGA,Uganda,Africa,2019,5761237.0,0.1339833899989292,42999636,663.33685
UGA,Uganda,Africa,2020,5571384.0,0.1253203196930221,44457148,613.9017
UGA,Uganda,Africa,2021,6232327.0,0.1357482164759412,45910931,656.0937
UGA,Uganda,Africa,2022,6128251.0,0.1295265049029734,47312718,663.2023
UGA,Uganda,Africa,2023,6235861.0,0.1281606242737111,48656606,640.63715
UKR,Ukraine,Europe,2000,285663500.0,5.7643823168529496,49556654,31848.24
UKR,Ukraine,Europe,2001,303876030.0,6.188057373824028,49106854,31678.709
UKR,Ukraine,Europe,2002,295900900.0,6.078829794926914,48677280,31896.072
UKR,Ukraine,Europe,2003,307245380.0,6.359195575431822,48315133,33001.086
UKR,Ukraine,Europe,2004,310625760.0,6.474134725283309,47979502,33071.68
UKR,Ukraine,Europe,2005,313512500.0,6.588396000315894,47585558,33780.527
UKR,Ukraine,Europe,2006,333054200.0,7.04448860481353,47278691,34426.543
UKR,Ukraine,Europe,2007,336828770.0,7.157006291295618,47062802,34603.668
UKR,Ukraine,Europe,2008,325983400.0,6.9626055721451525,46819168,33556.31
UKR,Ukraine,Europe,2009,277593340.0,5.953906606058618,46623731,28700.387
UKR,Ukraine,Europe,2010,294365800.0,6.33644349512077,46455997,30914.201
UKR,Ukraine,Europe,2011,308376420.0,6.659268209664822,46307854,32172.525
UKR,Ukraine,Europe,2012,304429900.0,6.587958537418624,46210051,31586.428
UKR,Ukraine,Europe,2013,297540220.0,6.45049034443347,46126760,29878.098
UKR,Ukraine,Europe,2014,257703060.0,5.605606357678379,45972379,26739.113
UKR,Ukraine,Europe,2015,223849810.0,4.889161938616274,45784904,22511.785
UKR,Ukraine,Europe,2016,234105650.0,5.132001607038419,45616831,23455.365
UKR,Ukraine,Europe,2017,223287760.0,4.914331767094916,45436037,21897.066
UKR,Ukraine,Europe,2018,231899980.0,5.129520174378042,45208903,22671.338
UKR,Ukraine,Europe,2019,222187900.0,4.942181886602067,44957451,21769.682
UKR,Ukraine,Europe,2020,207100640.0,4.635197021450846,44680008,21232.518
UKR,Ukraine,Europe,2021,210636080.0,4.7549105455648055,44298642,22036.459
UKR,Ukraine,Europe,2022,143039870.0,3.4846324742316264,41048768,15984.226
UKR,Ukraine,Europe,2023,139325380.0,3.692417688329949,37732833,16641.146
URY,Uruguay,Americas,2000,5276982.0,1.6156275220346996,3266212,10486.714
URY,Uruguay,Americas,2001,5040513.0,1.5394371913994531,3274257,10399.644
URY,Uruguay,Americas,2002,4569193.0,1.3935275833000902,3278868,8588.449
URY,Uruguay,Americas,2003,4537120.0,1.3827674610537404,3281188,9268.076
URY,Uruguay,Americas,2004,5574142.0,1.6977994046583822,3283157,11003.951
URY,Uruguay,Americas,2005,5737104.0,1.7460423352048344,3285776,10970.989
URY,Uruguay,Americas,2006,6610993.0,2.0097209065915025,3289508,11458.0625
URY,Uruguay,Americas,2007,5959754.0,1.808641475135464,3295155,11381.613
URY,Uruguay,Americas,2008,8217578.0,2.488528198307544,3302184,14413.735
URY,Uruguay,Americas,2009,7990301.0,2.4139203943816683,3310093,14728.558
URY,Uruguay,Americas,2010,6321844.0,1.9049840880786093,3318581,13576.0625
URY,Uruguay,Americas,2011,7686493.0,2.3104562933652435,3326829,14446.414
URY,Uruguay,Americas,2012,8604564.0,2.57976510205954,3335406,15106.379
URY,Uruguay,Americas,2013,7490970.0,2.2392286572196807,3345335,14380.91
URY,Uruguay,Americas,2014,6683819.0,1.99139926997926,3356343,13823.321
URY,Uruguay,Americas,2015,6738132.0,2.000619948444517,3368022,14522.445
URY,Uruguay,Americas,2016,6520387.0,1.929520172794256,3379279,14546.091
URY,Uruguay,Americas,2017,6151027.0,1.8152954571478823,3388444,13547.438
URY,Uruguay,Americas,2018,6570397.0,1.9355791568690643,3394538,13806.079
URY,Uruguay,Americas,2019,6408476.0,1.8863960560531208,3397206,14435.28
URY,Uruguay,Americas,2020,6476821.0,1.9055268572854216,3398966,13378.593
URY,Uruguay,Americas,2021,7829208.0,2.304950138266838,3396693,14784.176
URY,Uruguay,Americas,2022,7500855.0,2.212045841341255,3390913,14808.726
URY,Uruguay,Americas,2023,7626940.0,2.2511077798271177,3388083,15388.066
USA,United States,Americas,2000,6023158000.0,21.397860282892115,281484126,93272.01
USA,United States,Americas,2001,5903562000.0,20.76674265030185,284279634,90610.81
USA,United States,Americas,2002,5947819500.0,20.718021761793448,287084335,90823.234
USA,United States,Americas,2003,6006440000.0,20.718428310439947,289908091,90189.17
USA,United States,Americas,2004,6111545000.0,20.873743359694952,292786248,91201.57
USA,United States,Americas,2005,6126903300.0,20.718829895099656,295716666,90348.94
USA,United States,Americas,2006,6045326300.0,20.236742512494757,298730208,88619.46
USA,United States,Americas,2007,6121542700.0,20.280469969438503,301844223,89215.78
USA,United States,Americas,2008,5919221000.0,19.409170384036543,304970325,86038.24
USA,United States,Americas,2009,5486104000.0,17.810669818738347,308023452,80790.055
USA,United States,Americas,2010,5669250000.0,18.22542031185119,311062785,82758.3
USA,United States,Americas,2011,5538973000.0,17.634140422595845,314105075,80796.16
USA,United States,Americas,2012,5331467300.0,16.812391190815553,317115349,78021.15
USA,United States,Americas,2013,5473436000.0,17.09856968503201,320110752,79363.71
USA,United States,Americas,2014,5531385300.0,17.11891693721528,323115377,79442.87
USA,United States,Americas,2015,5368496600.0,16.461393556934425,326126496,77959.28
USA,United States,Americas,2016,5245361700.0,15.93465852815472,329179423,76891.07
USA,United States,Americas,2017,5195417600.0,15.639207610506194,332204657,76127.68
USA,United States,Americas,2018,5361236500.0,16.000992751992403,335056492,78242.54
USA,United States,Americas,2019,5235912000.0,15.500491223736953,337790069,76923.016
USA,United States,Americas,2020,4689954000.0,13.816895805289525,339436156,70529.56
USA,United States,Americas,2021,5020111000.0,14.758024982243873,340161438,74114.03
USA,United States,Americas,2022,5055403000.0,14.802047213794422,341534041,75007.14
USA,United States,Americas,2023,4918406700.0,14.319450718916444,343477330,73724.625
UZB,Uzbekistan,Asia,2000,123478480.0,4.981571830324961,24787052,23411.2
UZB,Uzbekistan,Asia,2001,126222536.0,5.030732647200676,25090289,23152.8
UZB,Uzbekistan,Asia,2002,132576550.0,5.219551884022618,25399987,23375.727
UZB,Uzbekistan,Asia,2003,130295820.0,5.0676557637527,25711261,21522.656
UZB,Uzbekistan,Asia,2004,129099224.0,4.959755967782522,26029350,21034.354
UZB,Uzbekistan,Asia,2005,121601640.0,4.613641389905982,26356977,20610.271
UZB,Uzbekistan,Asia,2006,124898800.0,4.678024825306492,26699046,18997.611
UZB,Uzbekistan,Asia,2007,123822700.0,4.573151150429718,27076013,19796.848
UZB,Uzbekistan,Asia,2008,128386856.0,4.669499301321924,27494780,18468.623
UZB,Uzbekistan,Asia,2009,109229760.0,3.909533559731007,27939333,18227.662
UZB,Uzbekistan,Asia,2010,107668240.0,3.793070612191594,28385509,17792.572
UZB,Uzbekistan,Asia,2011,116754600.0,4.050716933036637,28823194,18488.58
UZB,Uzbekistan,Asia,2012,118860370.0,4.061948728702175,29261908,17447.246
UZB,Uzbekistan,Asia,2013,112394720.0,3.78127015938096,29724065,17314.732
UZB,Uzbekistan,Asia,2014,107495624.0,3.5567496721205054,30222994,15920.115
UZB,Uzbekistan,Asia,2015,103373576.0,3.3618134809943454,30749349,15075.383
UZB,Uzbekistan,Asia,2016,109837336.0,3.510911403115242,31284565,15675.543
UZB,Uzbekistan,Asia,2017,108882870.0,3.4219265667880987,31819172,16130.45
UZB,Uzbekistan,Asia,2018,102330270.0,3.160928066789465,32373489,16746.898
UZB,Uzbekistan,Asia,2019,107947210.0,3.274630438013997,32964700,16850.295
UZB,Uzbekistan,Asia,2020,108138824.0,3.2197231895209404,33586373,15781.138
UZB,Uzbekistan,Asia,2021,123161640.0,3.5966222804921526,34243696,16968.162
UZB,Uzbekistan,Asia,2022,119105480.0,3.40895962165781,34938953,16087.517
UZB,Uzbekistan,Asia,2023,122872020.0,3.4463970652561624,35652311,16181.724
VCT,Saint Vincent and the Grenadines,Americas,2000,142896.0,1.2583193173712806,113561,5735.5107
VCT,Saint Vincent and the Grenadines,Americas,2001,175872.0,1.5494511303367222,113506,6808.6406
VCT,Saint Vincent and the Grenadines,Americas,2002,186864.0,1.6483394345697526,113365,7353.3613
VCT,Saint Vincent and the Grenadines,Americas,2003,201520.0,1.7810144146214284,113149,7758.977
VCT,Saint Vincent and the Grenadines,Americas,2004,219840.0,1.9479690933579077,112856,8534.022
VCT,Saint Vincent and the Grenadines,Americas,2005,219840.0,1.9547414751255947,112465,8616.67
VCT,Saint Vincent and the Grenadines,Americas,2006,219840.0,1.9623840681264335,112027,8634.947
VCT,Saint Vincent and the Grenadines,Americas,2007,238160.0,2.1351215663773937,111544,8854.484
VCT,Saint Vincent and the Grenadines,Americas,2008,219840.0,1.979702288220303,111047,8889.091
VCT,Saint Vincent and the Grenadines,Americas,2009,278464.0,2.519557369187756,110521,12161.639
VCT,Saint Vincent and the Grenadines,Americas,2010,223504.0,2.032334915525488,109974,8881.534
VCT,Saint Vincent and the Grenadines,Americas,2011,216176.0,1.9766108606800956,109367,8266.168
VCT,Saint Vincent and the Grenadines,Americas,2012,230832.0,2.122534550771013,108753,10181.51
VCT,Saint Vincent and the Grenadines,Americas,2013,216176.0,1.998742557047228,108156,8331.03
VCT,Saint Vincent and the Grenadines,Americas,2014,256480.02,2.3846406024824507,107555,8823.8125
VCT,Saint Vincent and the Grenadines,Americas,2015,234496.0,2.1920635662537977,106975,9015.487
VCT,Saint Vincent and the Grenadines,Americas,2016,241824.0,2.2735298265406856,106365,9070.232
VCT,Saint Vincent and the Grenadines,Americas,2017,212512.0,2.0110150084221283,105674,10490.862
VCT,Saint Vincent and the Grenadines,Americas,2018,241824.0,2.30442447517129,104939,10144.432
VCT,Saint Vincent and the Grenadines,Americas,2019,219840.0,2.1101331311250395,104183,9379.387
VCT,Saint Vincent and the Grenadines,Americas,2020,238160.0,2.3001738458566736,103540,10105.646
VCT,Saint Vincent and the Grenadines,Americas,2021,234496.0,2.280024891101432,102848,10010.844
VCT,Saint Vincent and the Grenadines,Americas,2022,246698.0,2.417114919216562,102063,10512.446
VCT,Saint Vincent and the Grenadines,Americas,2023,246199.0,2.4296513406558704,101331,11156.717
VEN,Venezuela,Americas,2000,142902340.0,5.826397322722532,24526707,26457.656
VEN,Venezuela,Americas,2001,130617784.0,5.228908290950649,24979934,28017.682
VEN,Venezuela,Americas,2002,164232910.0,6.456794107362754,25435674,27583.533
VEN,Venezuela,Americas,2003,154364060.0,5.961680333962725,25892710,23906.21
VEN,Venezuela,Americas,2004,142842060.0,5.422835556174113,26340843,26008.367
VEN,Venezuela,Americas,2005,148408260.0,5.54055793075711,26785797,26340.021
VEN,Venezuela,Americas,2006,155841230.0,5.724260745512226,27224691,28787.357
VEN,Venezuela,Americas,2007,154167490.0,5.57580500300025,27649369,29798.4
VEN,Venezuela,Americas,2008,155758300.0,5.552149388953911,28053694,30061.484
VEN,Venezuela,Americas,2009,152175700.0,5.351083623294448,28438296,30131.799
VEN,Venezuela,Americas,2010,189581660.0,6.57970344809467,28813101,28490.139
VEN,Venezuela,Americas,2011,168712510.0,5.780751695550008,29185220,29592.82
VEN,Venezuela,Americas,2012,175845070.0,5.949992808038512,29553829,30874.855
VEN,Venezuela,Americas,2013,198452160.0,6.63449004661811,29912195,29962.137
VEN,Venezuela,Americas,2014,175991600.0,5.817119542223726,30254080,28944.182
VEN,Venezuela,Americas,2015,166328370.0,5.440195724676627,30573968,27560.371
VEN,Venezuela,Americas,2016,152733440.0,4.964403399771024,30765719,25360.771
VEN,Venezuela,Americas,2017,139093300.0,4.5506884908264205,30565331,24643.828
VEN,Venezuela,Americas,2018,111239580.0,3.7319211740391904,29807591,20889.986
VEN,Venezuela,Americas,2019,105430480.0,3.6433108798865,28938096,19099.799
VEN,Venezuela,Americas,2020,80901150.0,2.84421749622417,28444080,14585.901
VEN,Venezuela,Americas,2021,94902500.0,3.360828363935897,28237830,17431.803
VEN,Venezuela,Americas,2022,108423500.0,3.843031310194958,28213015,18757.299
VEN,Venezuela,Americas,2023,119587760.0,4.2255873416713365,28300861,20375.049
VGB,British Virgin Islands,Americas,2000,117248.0,5.785453468864107,20266,21586.766
VGB,British Virgin Islands,Americas,2001,128240.01,6.157983673469388,20825,21500.305
VGB,British Virgin Islands,Americas,2002,139232.0,6.489792113358814,21454,22075.652
VGB,British Virgin Islands,Americas,2003,146560.0,6.615211013315279,22155,22837.088
VGB,British Virgin Islands,Americas,2004,153888.0,6.718533071381795,22905,23218.637
VGB,British Virgin Islands,Americas,2005,164880.0,6.959017431308825,23693,23091.428
VGB,British Virgin Islands,Americas,2006,179536.0,7.322321464986337,24519,24307.912
VGB,British Virgin Islands,Americas,2007,183200.0,7.215154976172659,25391,24333.58
VGB,British Virgin Islands,Americas,2008,190528.0,7.242207693477269,26308,25234.713
VGB,British Virgin Islands,Americas,2009,194192.0,7.128928046989721,27240,25544.244
VGB,British Virgin Islands,Americas,2010,212512.0,7.672467326160733,27698,25813.229
VGB,British Virgin Islands,Americas,2011,208848.0,7.268576201580065,28733,25476.943
VGB,British Virgin Islands,Americas,2012,208848.0,6.877012743257928,30369,24020.611
VGB,British Virgin Islands,Americas,2013,212512.0,6.698143537050462,31727,22992.465
VGB,British Virgin Islands,Americas,2014,216176.0,6.553170850006063,32988,22467.686
VGB,British Virgin Islands,Americas,2015,223504.0,6.47406077108015,34523,21548.275
VGB,British Virgin Islands,Americas,2016,227168.0,6.700330344502124,33904,22235.967
VGB,British Virgin Islands,Americas,2017,179536.0,5.486370859308153,32724,21665.006
VGB,British Virgin Islands,Americas,2018,157552.0,4.542759933106511,34682,19300.41
VGB,British Virgin Islands,Americas,2019,183200.0,5.029788869670264,36423,20971.912
VGB,British Virgin Islands,Americas,2020,179536.0,4.8313016334329,37161,20171.9
VGB,British Virgin Islands,Americas,2021,183200.0,4.842333412629186,37833,20222.768
VGB,British Virgin Islands,Americas,2022,185761.0,4.844338392531164,38346,20253.197
VGB,British Virgin Islands,Americas,2023,185385.0,4.752364838883334,39009,20204.906
VNM,Vietnam,Asia,2000,53935468.0,0.6990623534100934,77154016,2406.5215
VNM,Vietnam,Asia,2001,60983388.0,0.7821455806029027,77969357,2651.7825
VNM,Vietnam,Asia,2002,69530950.0,0.882683563078647,78772227,2917.733
VNM,Vietnam,Asia,2003,77261060.0,0.97105821194162,79563778,3133.5542
VNM,Vietnam,Asia,2004,88939180.0,1.107048948357906,80338977,4041.5945
VNM,Vietnam,Asia,2005,95842056.0,1.1819466601529451,81088309,4180.972
VNM,Vietnam,Asia,2006,99655920.0,1.2128327337946725,82167901,3682.9705
VNM,Vietnam,Asia,2007,101432630.0,1.212824798865582,83633374,3937.3733
VNM,Vietnam,Asia,2008,114299576.0,1.3419256497876408,85175789,4815.756
VNM,Vietnam,Asia,2009,124493390.0,1.439895406921185,86460023,4788.0347
VNM,Vietnam,Asia,2010,139563840.0,1.595833329331282,87455148,5597.1875
VNM,Vietnam,Asia,2011,152563940.0,1.7245037389940117,88468315,5919.414
VNM,Vietnam,Asia,2012,144287540.0,1.6119647832923911,89510355,5858.189
VNM,Vietnam,Asia,2013,151459360.0,1.6722333119138029,90573103,6072.122
VNM,Vietnam,Asia,2014,180047520.0,1.9638780639292184,91679582,6685.5044
VNM,Vietnam,Asia,2015,213391310.0,2.2988992607391245,92823254,7391.6045
VNM,Vietnam,Asia,2016,221027000.0,2.351348187180409,94000115,7932.8394
VNM,Vietnam,Asia,2017,227694370.0,2.392326114829996,95176978,8107.2754
VNM,Vietnam,Asia,2018,255468420.0,2.654567091587412,96237319,9469.361
VNM,Vietnam,Asia,2019,339312350.0,3.491809796671691,97173778,10763.351
VNM,Vietnam,Asia,2020,362598880.0,3.697000941973464,98079196,10760.092
VNM,Vietnam,Asia,2021,314196600.0,3.175784901659928,98935101,10092.321
VNM,Vietnam,Asia,2022,322653150.0,3.2368682445268018,99680656,10616.69
VNM,Vietnam,Asia,2023,347398800.0,3.461795935512677,100352189,11659.87
VUT,Vanuatu,Oceania,2000,84272.0,0.4523699608137849,186290,2050.1506
VUT,Vanuatu,Oceania,2001,80608.0,0.4219275884991651,191047,2226.5974
VUT,Vanuatu,Oceania,2002,76944.0,0.3928299748303731,195871,2072.4795
VUT,Vanuatu,Oceania,2003,76944.0,0.3832635983263598,200760,2372.7124
VUT,Vanuatu,Oceania,2004,73280.0,0.356212327435349,205720,1863.606
VUT,Vanuatu,Oceania,2005,73280.0,0.3476742641337559,210772,1818.9603
VUT,Vanuatu,Oceania,2006,73280.0,0.3393550956520128,215939,1646.7811
VUT,Vanuatu,Oceania,2007,76944.0,0.3477050580457407,221291,2605.2793
VUT,Vanuatu,Oceania,2008,87936.0,0.3875403247130995,226908,2505.3093
VUT,Vanuatu,Oceania,2009,120912.0,0.5195153390048982,232740,2822.868
VUT,Vanuatu,Oceania,2010,124576.0,0.5228661607682493,238256,2811.1926
VUT,Vanuatu,Oceania,2011,131904.0,0.5417380268848339,243483,3195.2383
VUT,Vanuatu,Oceania,2012,117248.0,0.4710760404027417,248894,2610.5874
VUT,Vanuatu,Oceania,2013,109920.0,0.4319141829898426,254495,2464.2986
VUT,Vanuatu,Oceania,2014,157552.0,0.605394106368181,260247,2750.5144
VUT,Vanuatu,Oceania,2015,131904.0,0.4956654078124119,266115,2523.6882
VUT,Vanuatu,Oceania,2016,150224.0,0.5520972300319371,272097,2495.0405
VUT,Vanuatu,Oceania,2017,139232.0,0.4999030583301618,278518,2717.1228
VUT,Vanuatu,Oceania,2018,175872.0,0.616504190722571,285273,3390.2366
VUT,Vanuatu,Oceania,2019,164880.0,0.5646672032055343,291995,3189.9355
VUT,Vanuatu,Oceania,2020,205184.0,0.6865394975022334,298867,3630.9739
VUT,Vanuatu,Oceania,2021,216176.0,0.7067300462269764,305882,3738.69
VUT,Vanuatu,Oceania,2022,189353.0,0.6048437844381765,313061,3666.6138
VUT,Vanuatu,Oceania,2023,188458.0,0.5881556197764198,320422,3999.6335
WSM,Samoa,Oceania,2000,142896.0,0.7864608272104351,181695,4732.4062
WSM,Samoa,Oceania,2001,153888.0,0.8401192308952143,183174,4890.3843
WSM,Samoa,Oceania,2002,161216.0,0.8738847150399497,184482,5018.4624
WSM,Samoa,Oceania,2003,161216.0,0.8693373308815996,185447,5131.687
WSM,Samoa,Oceania,2004,168544.0,0.9048613534480444,186265,5160.1953
WSM,Samoa,Oceania,2005,172208.0,0.9209328691448344,186993,5212.2495
WSM,Samoa,Oceania,2006,168544.0,0.8978287272804756,187724,5378.08
WSM,Samoa,Oceania,2007,179536.0,0.951103482618692,188766,5733.315
WSM,Samoa,Oceania,2008,161216.0,0.8479830841008431,190117,5845.448
WSM,Samoa,Oceania,2009,168544.0,0.8799874693259542,191530,6106.59
WSM,Samoa,Oceania,2010,186864.0,0.9680317040951124,193035,6052.4414
WSM,Samoa,Oceania,2011,190528.0,0.9784415024187834,194726,6054.305
WSM,Samoa,Oceania,2012,190528.0,0.9695193315625033,196518,5970.8022
WSM,Samoa,Oceania,2013,190528.0,0.9608843880494644,198284,5777.3794
WSM,Samoa,Oceania,2014,201520.0,1.007343127502487,200051,5826.4546
WSM,Samoa,Oceania,2015,227168.0,1.1257420934220046,201794,6696.7646
WSM,Samoa,Oceania,2016,238160.0,1.1702676540103878,203509,7039.8496
WSM,Samoa,Oceania,2017,234496.0,1.1415274823169752,205423,6688.36
WSM,Samoa,Oceania,2018,234496.0,1.129584045858523,207595,6772.3584
WSM,Samoa,Oceania,2019,260144.0,1.2399973307148917,209794,7204.653
WSM,Samoa,Oceania,2020,234496.0,1.106337606212581,211957,6182.257
WSM,Samoa,Oceania,2021,267472.0,1.251085166891184,213792,6107.9785
WSM,Samoa,Oceania,2022,235959.0,1.096107214196126,215270,6267.296
WSM,Samoa,Oceania,2023,234845.0,1.083868317695329,216673,6540.6587
YEM,Yemen,Asia,2000,15831746.0,0.8067485661409145,19624139,3064.4592
YEM,Yemen,Asia,2001,17194192.0,0.8500972948578538,20226146,3199.4548
YEM,Yemen,Asia,2002,16707197.0,0.8018777646866162,20835092,3133.1646
YEM,Yemen,Asia,2003,18609224.0,0.8673049632465945,21456379,3488.2104
YEM,Yemen,Asia,2004,20108794.0,0.9100994557134026,22095161,3576.4956
YEM,Yemen,Asia,2005,21797008.0,0.956425167754991,22790082,3654.4463
YEM,Yemen,Asia,2006,23906082.0,1.0154181970166194,23543090,3534.5298
YEM,Yemen,Asia,2007,23676344.0,0.9736103452203688,24318090,3633.2524
YEM,Yemen,Asia,2008,24537038.0,0.9771063893468052,25111941,3694.5332
YEM,Yemen,Asia,2009,26896530.0,1.037365679971203,25927723,3964.0942
YEM,Yemen,Asia,2010,25817588.0,0.9649853633328042,26754383,3727.731
YEM,Yemen,Asia,2011,22625090.0,0.8202577814328601,27582902,3038.0076
YEM,Yemen,Asia,2012,20467492.0,0.7198333102093276,28433655,2553.6023
YEM,Yemen,Asia,2013,27281024.0,0.9306814683132424,29312955,3495.7808
YEM,Yemen,Asia,2014,26592206.0,0.8797701446266466,30226311,3208.7632
YEM,Yemen,Asia,2015,14122821.0,0.4532446379385365,31159378,1674.8418
YEM,Yemen,Asia,2016,10043701.0,0.3127999565729545,32109023,1297.8339
YEM,Yemen,Asia,2017,9213895.0,0.2784417648307966,33090923,1624.4481
YEM,Yemen,Asia,2018,11503876.0,0.3375037380614173,34085181,1845.472
YEM,Yemen,Asia,2019,11787783.0,0.3357250815518235,35111416,1910.9924
YEM,Yemen,Asia,2020,10757014.0,0.2976907041058156,36134867,1708.1807
YEM,Yemen,Asia,2021,10607956.0,0.2856189866762821,37140234,1630.4496
YEM,Yemen,Asia,2022,10403769.0,0.2721869609085951,38222878,1655.0284
YEM,Yemen,Asia,2023,10141169.0,0.2574501914152543,39390800,1484.1034
ZAF,South Africa,Africa,2000,378332500.0,8.02236612328976,47159715,25140.973
ZAF,South Africa,Africa,2001,371602000.0,7.812212739535481,47566805,25025.352
ZAF,South Africa,Africa,2002,356501150.0,7.424104550713593,48019414,24152.277
ZAF,South Africa,Africa,2003,404406050.0,8.338208727602817,48500351,24806.967
ZAF,South Africa,Africa,2004,449321630.0,9.171435120680314,48991420,26133.139
ZAF,South Africa,Africa,2005,416204860.0,8.409870987983219,49490041,26785.201
ZAF,South Africa,Africa,2006,446744320.0,8.935195379056207,49998271,27919.186
ZAF,South Africa,Africa,2007,465033730.0,9.203381057154294,50528575,28456.82
ZAF,South Africa,Africa,2008,494672540.0,9.677716120024035,51114595,28716.367
ZAF,South Africa,Africa,2009,474512260.0,9.173126900716545,51728518,26849.484
ZAF,South Africa,Africa,2010,467352500.0,8.928474712702286,52344047,27430.426
ZAF,South Africa,Africa,2011,474272770.0,8.94935131120902,52995212,26253.617
ZAF,South Africa,Africa,2012,461438400.0,8.579701565023761,53782570,26910.973
ZAF,South Africa,Africa,2013,456188000.0,8.343052367161972,54678789,26462.594
ZAF,South Africa,Africa,2014,481637860.0,8.663355448095542,55594840,25336.709
ZAF,South Africa,Africa,2015,457473250.0,8.06496354529097,56723536,24872.076
ZAF,South Africa,Africa,2016,457049760.0,7.982070414454881,57259550,24942.203
ZAF,South Africa,Africa,2017,440010270.0,7.634407283137837,57635158,23707.145
ZAF,South Africa,Africa,2018,453765980.0,7.7417291771155,58613001,24080.229
ZAF,South Africa,Africa,2019,470727420.0,7.89971752645001,59587880,24898.31
ZAF,South Africa,Africa,2020,435297660.0,7.18759241505295,60562374,21991.455
ZAF,South Africa,Africa,2021,439464400.0,7.145460284753481,61502602,21842.574
ZAF,South Africa,Africa,2022,428782180.0,6.87388684454753,62378417,20717.15
ZAF,South Africa,Africa,2023,436604200.0,6.906940674569696,63212386,21318.16
ZMB,Zambia,Africa,2000,1784113.0,0.1780972610995032,10017633,1376.6178
ZMB,Zambia,Africa,2001,1885603.0,0.1826216980497978,10325186,1418.7946
ZMB,Zambia,Africa,2002,1960891.0,0.184156582179395,10647955,1460.2954
ZMB,Zambia,Africa,2003,2074413.0,0.1888645111386026,10983604,1498.4042
ZMB,Zambia,Africa,2004,2104131.0,0.1855789115045676,11338201,1505.3655
ZMB,Zambia,Africa,2005,2242543.0,0.1913625425906825,11718819,1537.1642
ZMB,Zambia,Africa,2006,2231118.0,0.1839405551396753,12129560,1506.22
ZMB,Zambia,Africa,2007,2297559.0,0.1828525264397167,12565093,1315.9636
ZMB,Zambia,Africa,2008,2553028.0,0.1960651168655852,13021327,1383.14
ZMB,Zambia,Africa,2009,2939884.0,0.2179242342422145,13490395,1346.4528
ZMB,Zambia,Africa,2010,3120844.0,0.223466645739042,13965592,1352.3245
ZMB,Zambia,Africa,2011,3379164.0,0.234049850822106,14437796,1502.844
ZMB,Zambia,Africa,2012,4176835.0,0.2800682811583577,14913631,1610.5361
ZMB,Zambia,Africa,2013,4426548.0,0.2874568478472628,15399000,1627.4725
ZMB,Zambia,Africa,2014,5283261.0,0.3323783981700274,15895320,1736.2487
ZMB,Zambia,Africa,2015,5522488.0,0.3367557179385297,16399092,1731.9987
ZMB,Zambia,Africa,2016,5977866.0,0.3534181587458943,16914428,1727.7833
ZMB,Zambia,Africa,2017,7458888.0,0.4276559674813753,17441328,1958.4329
ZMB,Zambia,Africa,2018,8657801.0,0.4816961278819671,17973574,2070.4695
ZMB,Zambia,Africa,2019,8846335.0,0.4778228329629527,18513839,1962.2683
ZMB,Zambia,Africa,2020,9990585.0,0.5241816712535561,19059394,2019.7283
ZMB,Zambia,Africa,2021,9349845.0,0.4769450626695797,19603610,2106.3325
ZMB,Zambia,Africa,2022,10938910.0,0.5427948832266863,20152935,1986.8015
ZMB,Zambia,Africa,2023,11830727.0,0.5708717351267738,20723967,2458.7996
ZWE,Zimbabwe,Africa,2000,13814538.0,1.1616611258525125,11892055,4353.1133
ZWE,Zimbabwe,Africa,2001,12508722.0,1.044839818294567,11971904,4088.3774
ZWE,Zimbabwe,Africa,2002,11895839.0,0.9841307594579298,12087661,3903.6702
ZWE,Zimbabwe,Africa,2003,10609583.0,0.8673399265748684,12232324,3491.0627
ZWE,Zimbabwe,Africa,2004,9428642.0,0.7624710888434252,12365901,3125.5068
ZWE,Zimbabwe,Africa,2005,10698489.0,0.8570149733650991,12483433,3325.6575
ZWE,Zimbabwe,Africa,2006,10365461.0,0.8202831936394754,12636442,3268.9485
ZWE,Zimbabwe,Africa,2007,9835161.0,0.7681281924439292,12804062,3140.0872
ZWE,Zimbabwe,Africa,2008,7720094.0,0.595725153046256,12959154,2401.123
ZWE,Zimbabwe,Africa,2009,8249769.0,0.6277029742008375,13142791,2379.0295
ZWE,Zimbabwe,Africa,2010,8754012.0,0.6554096188454639,13356551,2653.3333
ZWE,Zimbabwe,Africa,2011,10363199.0,0.7622565715324299,13595421,2995.4365
ZWE,Zimbabwe,Africa,2012,11257433.0,0.8147000333697909,13817887,3245.7412
ZWE,Zimbabwe,Africa,2013,11671374.0,0.8328479669092155,14013811,3313.1604
ZWE,Zimbabwe,Africa,2014,11946148.0,0.8408417970761225,14207367,3144.6667
ZWE,Zimbabwe,Africa,2015,12016794.0,0.8345570750429474,14399008,3187.191
ZWE,Zimbabwe,Africa,2016,10588242.0,0.7252073022898096,14600297,2865.785
ZWE,Zimbabwe,Africa,2017,9830570.0,0.6636678898691131,14812484,2598.589
ZWE,Zimbabwe,Africa,2018,11209238.0,0.7455698599557005,15034457,2852.8955
ZWE,Zimbabwe,Africa,2019,10266795.0,0.6722900626446456,15271377,2556.0027
ZWE,Zimbabwe,Africa,2020,8490839.0,0.5468474781841332,15526887,2136.0334
ZWE,Zimbabwe,Africa,2021,10222778.0,0.6471251270793216,15797220,2334.0188
ZWE,Zimbabwe,Africa,2022,12231845.0,0.7612047150732703,16069061,3578.9443
ZWE,Zimbabwe,Africa,2023,13443295.0,0.8226813339763852,16340829,3283.9172
